id,text,target,stance
3577a877fe2074e0,"@reajulislam3908 tora to abeg ar boshe desh dhongso korsos, tai valo manush ke valo none hoia na. Mashrafe ar moto valo manush hoia na. Ar amra toder moto ondho na. Amader nijeder chok kan sob ache. Konta valo konta kharap bujte problem hoia. Jeta toder moto munafik der nai",murtaza,FAVOR
a8409035f1bd59dd,😂😂 Masrafi murtaza r logo lagate holo.. Indian cricket e batsman & skill er etoi crisis naki..😂😂😂😂😂,murtaza,NEUTRAL
07753c637b1807d1,No. Mashrafe er kach theke studentder killing er bisoye protibad janano uchit chilo.,murtaza,AGAINST
dfd4fc35dad997ba,Mashrafe brother my pride my country pride my national team pride even my family pride i love you boss Mashrafe bin Murtaza,murtaza,FAVOR
a0ff47048141ce6d,Mashrafe is the best captain of Bangladesh❣️,murtaza,FAVOR
a233519ac6b43f5e,Mashrafe sathe onno karo tulona kora jabena......,murtaza,FAVOR
c4d55959f6507f28,Tumkea mon tehkea hate kori.Mashrafe vi nea kotha bolco,murtaza,FAVOR
34b6ec14e1c447d3,LOVE FOR MY FAVOURITE PLAYER... MASHRAFE BOSS❤️❤️❤️❤️❤️❤️❤️❤️,murtaza,FAVOR
a731e27c09e5268f,"onek kotha koisis, manlam. kintu mashrafe ke bashrafe likhlen keno?",murtaza,NEUTRAL
6a2c78dd6002196a,"Kotha bolar style r vasha dekhe ans deyar ruchi holona... Gonotontro er mani bujhen? Bongsho 10000 thakbe but gonotrantrik deshe bongsher dharay nirbachon hoyna, manush jake support dibe se e hobe tobe eta future er kotha bolsi ekhon er na... Arekta kotha মাশরাফি Not বাসরাফি arekta kotha, eta Tui kore e bolte holo Tui amr ei video te kono rajnitik dol er nam nite dekhsos? Kono dol er shunam gaite dekhsos? Kono dol er tor moto dalali korte dekhsos? Ami just mashrafe niye kotha bolsi, ans disi just mashrafe niye, tor moto kono dol er golami ami korina, ebar dure giya mod kha...",murtaza,NEUTRAL
4f87ae0093b9d11b,Ami mone kori mashrafe bhai k nia sera video aita........j atodin nijer ktha chinta na kore....family r ktha chinta na kore desher hoi lorce....aj se beiman.......ajob lage bhai ajob.....r thnx simon bhai k ato sundor kore bisoita tule dhorar jonno........ respect ma brother.............,murtaza,FAVOR
008f12a0b139fb87,Prothome thanks video ti bananor jonno..... I love Mashrafe... We love Mashrafe... Puro vdo ti dekhar por amaro chokhe jol ase gelo....asbei na ba keno.... Mashrafe k Nia kono kharap comments j soite pari na...... We love Mashrafe....... We love Bangladesh.,murtaza,FAVOR
013b9bc75d1615a4,"vai apnar kotha gulo khub valo laglo,,,. respect mashrafe forever",murtaza,FAVOR
166228336d789e35,Come on Mashrafe...u can do it..u can do everything..we r all with u💙💚💛💜,murtaza,FAVOR
5f53d4c9dacea3ce,"love you boss ""MASHRAFE"" can give my life for you.",murtaza,FAVOR
bbc62fae5a28e16a,"I am from India and I heard one interview by Mortaza. One day one reporter told him that Bangladesh players are the heroes of the nation. He calmly replied, we are not the heroes we are entertainers, the real heroes are the doctors, farmers, the workers who make the nation. This man won a lot of respect that day.",murtaza,FAVOR
6f553cf801b56105,"He's Bangladesh's greatest ever captain. He took Bangladesh to Quarter- Final in the 2015 WC and Semi - Finals in 2017 Champions Trophy and led to 4 Asia Cup Finals. This is the best period of Bangladesh! Mortaza, a great captain, a good bowler and a useful batsman!! Good video! He's so, so underrated..",murtaza,FAVOR
4be143098c57646d,MASHRAFE MORTAZA IS ONE OF THE GREATEST CAPTAIN OF ASIA !!!,murtaza,FAVOR
c562ca2d6242f2fd,(2015-2019) the golden era of Bangladesh led by Mortaza. Man I miss those days😢,murtaza,FAVOR
71d760c55004b0b8,Before injury Mashrafe was capable of bowling well into the mid 140 kph. I still vividly remember when he bounced out Graham Thorpe with a great bouncer in a Test match on a docile pitch in Bangladesh. Even GT looked to be surprised and impressed.,murtaza,FAVOR
2f391212ee3ece1b,"I oppose you in just one point, we have the potential to become the best of the best, Mashrafe started and been a pioneer of this nation",murtaza,FAVOR
dcf52385e89aee0d,No one can replace MASHRAFE. He is an emotion!! He is exceptional...The greatest captain Bangladesh cricket team ever had. ❤,murtaza,FAVOR
7a9d32854eb52a91,Mashrafe Mortaza is the Greatest Of All Time in Bangladesh.,murtaza,FAVOR
48fa793ece4c863e,"Since Mortaza has left the team, so many issues have occurred with players and management, 2015 and 2019 we had probably our best world Cup tournament, we were unlikely in 2019 where we didn't play Sri Lanka that game was washed out if we had won that game we could of have gone further in the tournament also the game against new Zealand we lost by 2 wickets the entire tournament could of been different for us, with his captaincy we were able to beat big teams in big icc tournaments the evidence is clear we really struggled in 2023 world Cup got beaten by Netherlands. A true captain leader never can be replaced Mashrafe Bin Mortaza !",murtaza,FAVOR
36c965f9b918548b,"He's one of those Captains that you had to follow like a big brother. Sort of like Carles Puyol when he was captain for Barcelona. Always gracious through victory and loss, a true captain who kept everything in order. Mashrafe ❤",murtaza,FAVOR
5d667bacc1659a13,"love from bangladesh, we proud of mashrafi bin murtaza",murtaza,FAVOR
dbe3999ab8c5ba2b,Mashrafe is one best captain in Bangladesh & He's my favourite player all-time.❤❤Miss you mash😢,murtaza,FAVOR
8437d249a2719595,Appreciate the support man! Glad you enjoyed the video💖 Big fan of Mashrafe!,murtaza,FAVOR
990545f756a54758,"He is our Captain Fantastic & he always will be. May be more successfull Captain will come, but Mashrafe Bin Mortaza will be always Captain Fantastic of Bangladesh Cricket❤️❤️",murtaza,FAVOR
39d91d26fb182553,Great video!!! thank you so much for the tribute type video for our greatest captain Mashrafe bhai,murtaza,FAVOR
d736b734d92bafec,"It is very difficult as a Bangladeshi to sum up the career of or the emotion behind Mashrafe. I mean purely from a skill based viewpoint, he was the first genuine fast bowler of Bangladesh. Guy was bowling over 90 miles an hour when we were accustomed to seeing mid 120s from our bowlers. There really was no one like him in the country at that point. And that stayed true for a very long time. Plagued, absolutely plagued by so many injuries throughout his career. He really could've been one of the best fast bowlers in history when you think about how he still managed to have a decent international career when by the end of it he was the one bowling in the mid 120s and still being relatively successful. 390 international wickets, 2961 international runs but it meant so much more for Bangladesh cricket. He loved playing test cricket and was pretty good at it but couldn't for the last 11 years of his international career. He had mastered ODI cricket of his time but by that point his body wasn't able to do what his mind wanted. In terms of utilizing the playing XI in ODI cricket, he is one of the best ever. Groomed World Class fast bowlers like Taskin Ahmed and Mustafizur Rahman. Took Bangladesh to the quarterfinal of 2015 when nobody gave them a chance. I mean the people don't understand the situation that he took over the captaincy before that WC. 2014 was easily the most horrendous year of cricket for Bangladesh. And to come out of that and actually make the knockout stage of an ICC event when you are still not a big team was a huge thing for us. He made the team believe that they could beat anyone. That was the most important thing. He was a very clever captain on the field as well. I think his strategic prowess are overlooked by his charismatic leadership for his side. He was one of the best in the world during his time in that regard. Only if he had stepped down before the 2019 WC would he have been looked at differently. He always wanted to keep on playing cause he missed out on so much due to injuries for a 19 year long international career. He just loves playing the game. That's why he's still playing in domestic tournaments to this day bowling off spin now. So, it's very hard to finish off writing anything about him. But I'll say this, he made Bangladesh become a team that the world views as a threat to win tournaments rather than the team that would cause one or two upsets. As of this moment, that may not be true for Bangladesh cricket. But during his run, boy was it fun to believe.",murtaza,FAVOR
091e5a3e95b149f5,"Thanks, brother. It is a great video. The golden time of BD Cricket along with Mashrafe vhai.",murtaza,FAVOR
0dce99560914d9ed,bangladesh cricket team made first 300 runs by mashrafe bin mortaza batting if you don’t see please watch that how it happened by him.,murtaza,FAVOR
49f6e20fd8171a81,"Mashrafe Bin Mortaza, Bangladesh will be missing you. Bangladesh will always be grateful for your outstanding contributions to her cricketing history! You are a true warrior. Salute Mashrafe, salute.",murtaza,FAVOR
0b458f8c632afe95,আসসালামু আলাইকুম ভাই মাশরাফি ভাই কে কবে আনবেন???,murtaza,FAVOR
d2838b2355017e42,পাপনেরও অবসর নেওয়া উচিত বয়স অনেক হয়ে গেছে এখন নতুন করে কাউকে সুযোগ দেওয়া দরকার আমার মতে মাশরাফিকে দরকার প্রেসিডেন্ট হিসেবে,murtaza,FAVOR
0dfd2a4b0e79079b,পাপন সাহেব নান্নু সাহেব জালাল ইউনুস সাহেব হাবিবুল বাশার সাহেব নিজাম উদ্দিন চৌধুরী সাহেব আপনাদের জন্য আমাদের ক্রিকেট দেশ ধ্বংস হয়ে আপনারা আপনাদের দায়িত্ব পদত্যাগ করেন থাকেন আপনাদের মত লোক কতজন দায়িত্বশীল জন্য আবেদন আমাদের অনেক লোক আছে আপনারা পদত্যাগ করলে বিসিবির সভাপতি হিসেবে আমাদের পারফেক্ট হবে মাশরাফি বিন মুর্তাজা একদম পারফেক্ট তাকে আমাদের বিসিবি প্রেসিডেন্ট হিসেবে ধরা যায় ও সাবেক ক্যাপ্টেন স্যার আপনি আমাদের দেশকে এগিয়ে নিতে পারবে আমাদের বিশ্বাস,murtaza,FAVOR
584adce75980eb37,Happy birthday runs machine... 🇧🇩🇧🇩🇸🇦❤️👑👑 Papon apni doya kore podotag koron... Mashrafe boss k din🙏🙏🙏,murtaza,FAVOR
d11cd2abe53a3cd4,পাপন সাহেব আপনি প্রেসিডেন্ট বক্স ছেড়ে দেন দেখেন আপনার বোধোদয় কতজন আবেদন করেন প্রেসিডেন্ট বক্সের জন্যে সব দেওয়ার জন্য বিসিবির সভাপতি হওয়ার জন্য কত জন্য আবেদন করে আপনি বসে দেখি সবচেয়ে বেশি সফল হবে আমাদের সাবেক ক্যাপ্টেন মাশরাফি বিন মুর্তাজা তাকে আমাদের বিসিবি প্রেসিডেন্ট হিসেবে পারফেক্ট হবে,murtaza,FAVOR
e99aef1225c67486,মাশরাফি বিন মুর্তজা একজন ভালো মনের মানুষ ভালো মানুষ ❤,murtaza,FAVOR
2b43673f70caad2d,বাংলাদেশ ক্রিকেটের মহানায়ক মাশরাফি বিন মর্তুজা কে সম্মানে দিয়ে আনা উচিত অনেক সফল অধিনায়ক,murtaza,FAVOR
1bf9291c40511482,মাশরাফি বিন মর্তুজা ভাই বাংলাদেশের কিংবদন্তি মানুষ। love u vai mass.,murtaza,FAVOR
ee6112fcaf1bb861,"মাসরাফিকে যারা ভাল বলবে ওরাই এক নাম্বারের দালাল। মাশরাফিকেতো গায়ে হাত তুলে রক্তাক্ত করা হয়নি কখনো? সাফ জয়ী গোলকিপার, বাংলাদেশ জাতিয় দলের সাবেক অধিনায়ক আমিনুল ইসলামকে যখন মেরে রক্তাক্ত করা হয়েছিল তখন মাশরাফি কোথায় ছিল? কোনদিনতো প্রতিবাদ করতে দেখলানা। জিবনে কোন আন্তর্জাতিক ট্রফি জিততে নাপারা মাশরাফি তখন আন্তর্জাতিক ট্রফি জয়ী আমিনুলকে নাচিনার ভান করেছিল। বিনা ভোটে এমপি হওয়ার খায়েশ তাকে পেয়ে বসেছিল। জাতি এখন অনেক সচেতন। আবেগ আর খায়না সচেতন জাতি।",murtaza,AGAINST
fe76ec4147028d5f,আজকে যদি মাশরাফি জুলাইয়ের পক্ষে স্টেটমেন্ট দিত বাংলাদেশের মানুষ মাথায় তুলে রাখতো কিন্তু আপা যা বলেছে তাই করেছে,murtaza,AGAINST
84cdecc7b116a67a,মাশরাফি ব্যাপারে সমালোচনা যোগ্যতা এই সাংবাদিকের নেই,murtaza,FAVOR
70e83d659ab4c962,যে সমস্ত লোকের বিবেক নেই তারায় মাশরাফির সমালোচনা করে। কারণ দুনিয়াতে সৎ মানুষের শত্রু বেশি। ভালো মানুষের সমালোচনা মানুষ বেশি করে। এটাই আমাদের দেশের মানুষের মানসিকতা।,murtaza,FAVOR
0abaa9c4d5e2e915,ভাই মাশরাফি জখন খেলোয়াড় ছিল তখন তার পায়ের নখের জঙ্গতা কার ছিল না কিন্ত যখন রাজনিতী করতে গেছে তখন সে তার সকল জঙ্গতা হারিয়ে ফেলে।,murtaza,AGAINST
5fcecbd41b4ec77e,এই সাংবাদিক মাশরাফি বিন মুর্তজার একটা প্রশমের সমান যোগ্যতা নেই তো ও মাশরাফিরে নিয়ে কথা বলে না ও হচ্ছে একটা দালাল সাংবাদিক একটা দালাল,murtaza,FAVOR
c5991f941fb3c06e,জুলকার নাইনের চেয়ে মাশরাফি সাহেব অনেক ভালো মানুষ,murtaza,FAVOR
31763498bda15108,বাংলাদেশে একজন ভালো রাজনৈতিক মানুষ থাকলে সে হলো মাশরাফি ভাই,murtaza,FAVOR
de0aa8c201cf5061,মাশরাফি কে বিসিবির একজন নির্বাচক বানানো উচিত,murtaza,FAVOR
2eb4dc69ec23e153,"মাশরাফি বিন মুর্তাজা একজন সত লোক ,, মাশরাফি বিন মুর্তাজর মত ভালো লোক এদেশের মানুষ মূল্য দিতে পারে না,, বস স্যালুট",murtaza,FAVOR
40bd7a8f2a9d81e4,"দালাল নাইন,,মাশরাফির কাজের লোক হওয়ার যোগ্যতা আছে?",murtaza,FAVOR
037c5b56f9e4e404,জুলকারনাইন সাহেব আপনারা তো আমেরিকার কাছে দেশটা বিক্রি করে দিলেন সামান্য কিছু ডলারের বিনিময় মাশরাফি বিন মুর্তজার পায়ের ধুলার সমতুল্য আপনি নয় তিনি নড়াইলকে একটি মডেল নড়াইল হিসেবে গড়ে তুলেছেন আর আপনারা দেশটাকে কি দিলেন,murtaza,FAVOR
508bb01a5d290e55,দালালের কাজ দালালি করা।। মাশরাফির বিরুদ্ধে যদি কোন অভিযোগ প্রমাণসহ থাকে তবে তা উপস্থাপন করেন দালাল সাহেব।। আপনি যে একটি গোষ্ঠীর স্বীকৃত দালাল তা আমরা সবাই জানি।। কিন্তু মাশরাফির মতো একজন লিজেন্ড আপনার মতো শত শত দালালের কথায় নিভে যাবে না।। আর আপনাদের মতো দালালেরা ঝড়ো হাওয়ায় খড়কুটোর মতো যখন তখন হাওয়া হয়ে যাবেন।।,murtaza,FAVOR
c1ea0e10bf1354ef,মাশরাফির জন্যে খারাপ লাগে ক্রিকেটারের জন্য রাজনীতি বিনাভোটে এমপি না হলে আজ এই দিন দেখা লাগতো না,murtaza,AGAINST
8c8abe120c1f285e,মাশরাফিকে আগে বাংলাদেশের ১৮ কোটি মানুষ ভালোবাসত... তবে যখন পলিটিশিয়ান এসে উনি যেই স্বৈরাশ শাসকের পক্ষে হয়ে জনগণের বিরুদ্ধে গিয়ে ডামি নির্বাচন করায় কিছু লোক হত ভালবাসতে পারে.... আমি মনে করি যেমন কর্ম তেমন ফল হয়েছে,murtaza,AGAINST
e179ed53712745c2,উনি একজন সাংবাদিক ঠিক আছে কিন্তু মাশরাফিকে নিয়ে কথা বলার মতন অধিকার আমার না থাকাটাই ভালো,murtaza,FAVOR
0c74a01c519c67f3,কোথায় মাশরাফি ভাই আর কোথায় জুলকারনাইন। আরে ভাই মাশরাফি ভাই হলো আমাদের দেশের গর্ব । আপনি কি জুলকারনাইন ???,murtaza,FAVOR
ebdef1cfc8cbc29f,মাশরাফির বাড়ি পুড়িয়ে দেয়াটা কি আপনি সমর্থন করেন?,murtaza,NEUTRAL
0e1dfb30d0a352d4,আল্লাহর কসম করে বলছি মাশরাফি ভাই ভালো মানুষ 😭♥️🇧🇩,murtaza,FAVOR
21f7aa76cdf7d6e0,"নোমান ভাই, সাক্ষাৎকারটা পুরোটাই দেখলাম আর শুনলাম। খুব ভালো কাজ হয়েছে। এমন একটি সরল স্বীকারোক্তি দরকার ছিল। মাশরাফির মনের কথাগুলো সবাই জানতে পারল।",murtaza,NEUTRAL
e0f89e449f58fde7,মাশরাফি আমার একজন প্রিয় মানুষ এবং প্রিয় খেলোয়াড়।সুস্থ থাকুন ভালো থাকুন আপনি।।,murtaza,FAVOR
307f97a386cf2c5b,"আমি পশ্চিমবঙ্গের বাসিন্দা । ইউটিউবে বাংলাদেশকে বেশ কয়েক বছর থেকে নজর রাখি । মাশরাফিকেও ফলো করেছি । মাশরাফি সম্বন্ধে আমার যে ধারণা হয়েছে সেটা এক কথায় খুব ভালো । গরীব ও সাধারণ মানুষের সাথে যেমন যোগাযোগ রাখতেন প্রাণ থেকে তাদের উপকার করার চেষ্টা করতেন । খুব ভালো মনের মানুষ, বুদ্ধিমান অথচ সরল । একটা সাইকেল বা bicycle নিয়েই প্রত্যন্ত গ্রামে গরীব মানুষের বাড়িতে বা অন্য কোথাও সবার সাথে মিলে গিয়ে খেয়েও নিতেন । আহজমিকা হীন মানুষ ।",murtaza,FAVOR
b6fae3be11e3c82f,মোটেও ঠিক করে নাই।এই মাশরাফি করোনার সময় নড়াইল বাসীর জন্য কি করে নাই?,murtaza,FAVOR
5c3bddc724bb820c,শুধু মাশরাফি নয় কারো বাড়িই পোড়ানো ভালো নয়,murtaza,NEUTRAL
87117828c5cbdf0f,না।।। মাশরাফির বাড়িটা রাজনীতিতে আসার আগে করা বাড়িটা পুড়ানো উচিত হয় না,murtaza,FAVOR
2b6d748483c2671c,ঠিক কথা বলেছেন আপু মাশরাফি ভাই অনেক ভালো মনের মানুষ,murtaza,FAVOR
8f5d08dfce61aad2,কোনো ভালো মানুষ আওয়ামী লীগের রাজনীতি করতে পারে না। মাশরাফি ভালো মানুষ হলে ঐ দলের হয়ে নির্বাচন করতো না।,murtaza,AGAINST
400c7be779cfbbb8,আর মাশরাফি বিন মর্তুজা ও এক জন ভালো মানের মানুষ,murtaza,FAVOR
ce331c87ccf8f5d4,"মাশরাফির বিষয় টা ঘাটাঘাটি করা মানে, আগুন আরো উস্কে দেওয়া বলে মনে করি",murtaza,NEUTRAL
c26cbdd9c505f5a1,"মাশরাফি ভাই সেরা, তাকে সভাপতি হিসেবে দেখতে চাই। মাশরাফির বিরুদ্ধে কোনো অভিযোগ মেনে নেওয়া হবে না।",murtaza,FAVOR
572028eaa50c4f63,মনেহচ্ছে আসিফ মাহমুদ জা বলবে তাই মেনে নিতে হবে কোথায় মাশরাফি কোথায় উনি উনাকে নিয়েউ কম বির্তক হচ্ছেনা নিজের কথা ভাবার দরকার আছে,murtaza,FAVOR
0d9addd14b49e704,একেই বলে ভাই হাতি গর্তে পড়লে ব্যাঙে ও লাথি মারে 😄😄 আসিফ মাহমুদ হয়তো ভুলে গেছে যে মাশরাফির জনপ্রিয়তা আকাশ ছোঁয়া,murtaza,FAVOR
868bce79ebda21f2,মাশরাফি আপার সাথে নেই। ওকে বিসিবির ভালো দায়িত্বে আনা যায়❤,murtaza,FAVOR
2982c349d3a7d5d5,বাংলাদেশ আগে খারাপ খেলতো এখনো খারাপ খেলে কিন্তু হঠাৎ মাশরাফি ক্যাপ্টেন সময়টা অনেক ভালো খেলত মাশরাফি,murtaza,FAVOR
99fc0f797b0818c0,মাশরাফিকে আওয়ামী লীগের 2017 কাজ করেছেন যা কিছু ব্যক্তি হিসেবে মাধ্যমিক খুব ভালো লাগে,murtaza,FAVOR
6f2e5a2cc1a813e1,আমরা বাংলাদেশের মানুষ হচ্ছি সবচেয়ে বড় বেইমান মাশরাফি বিন মুর্তজা উনি বাংলাদেশে একজন গৌরব এবং উনি বাংলাদেশ জাতীয় দলের ক্যাপ্টেন সাবেক বাংলাদেশ ক্রিকেটের জন্য যেগুলো করছে আমার মনে হয় না অন্য কোন পেলেয়ার বাংলাদেশ জাতীয় দলের জন্য এরকম পরিশ্রম করছেন। উনি হয়তো একটা চাপের কারণে আওয়ামী লীগের যোগ দিয়েছেন তাই বলে এ না যে উনি দেশের অর্থ সম্পদ নষ্ট করেছেন উনি কখনো দেশের সম্পদ নষ্ট করে নেই আর পাঁচে আগস্টের পরে উনার যে বাড়িটা পুড়িয়ে দেওয়া হলো এটা কিন্তু ঠিক হয়নি কারণ ওই বাড়িটা উনি রাজনীতিতে আসার আগে বানিয়েছেন তার মানে যখন উনি ক্রিকেট সাথে জড়িত ছিলেন তখন উনি বাড়িতে তৈরি করেছেন এজন্য উনার বাড়িতে এভাবে আগুন দিয়ে পুড়ানো কিন্তু ঠিক হয়নি,murtaza,FAVOR
ce73a5913581567f,"মাশরাফির জীবনের বড় ভুল ছিলো, আওয়ামিলীগে যোগ দেওয়া,,,, এই কাজটা না করলে,, ১০০% এখন বোর্ড সভাপতি থাকতেন,,,, থাকতেন বিশ কোটি মানুষের নয়ন মনি,,,,,, ম্যাশ কে বলনো,, জাতীর কাছে ক্ষমা চেয়ে,, আওয়ামিলীগ কে তিন তালাক দিয়ে, নতুন করে বিবাহ বন্ধনে আবদ্ধ হওয়া,,,,",murtaza,AGAINST
79eb0893d3264e34,সবার জনপ্রিয় খেলোয়াড় ছিল মাশরাফি বিন মুর্তজা ভোট ছাড়া এমপি হয়ে তার জনপ্রিয়তা শেষ হয়ে গেছে,murtaza,AGAINST
c16839f507c88a95,@শাহনেওয়াজজয় ভাই মানুষ তো আমরাও না কি রাজ নীতিবিদ হিসেবে মাশরাফিকে সমর্থন না দিলে অমানুষ হয়ে যাবো?? যার যার ব্যাক্তিগত মন্তব্য থাকতেই পারে যেমন আমি তাকে ব্যাক্তি গত ভাবে বাংলাদেশের ক্রিকেটার হিসেবে মনেপ্রাণে সমর্থন করি কিন্তু তার সংসদীয় আসনে আমার এলাকা আর এই ব্যাপারে নিশ্চিত শুধু মাত্র আওয়ামীলীগ এ যোগ দেওয়ায় আমার পরিবার বা গোষ্ঠীর প্রায় ২০+ ভোটারের ভোট তাকে দিতে দিবনা। যদি নির্বাচন সুষ্ট হয়। কিন্তু সে যদি সতন্ত্র পার্থী হিসেবে নির্বাচন করতো মনে প্রাণে তাকে চাইতাম।,murtaza,AGAINST
89d3faaf52fc8482,"কিছু দুষ্টু লোকের জন্য রাজনীতিতে ভাল মানুষের অভাব। মাশরাফি ভাই, আপনাকে রাজনীতিতে চাই।",murtaza,FAVOR
8898917a8464cb29,মাশরাফি কে মন থেকে খুবই ভালবাসতাম। মাশরাফিকে রাজনীতির মাঠে নয় খেলার মাঠে দেখতে চাই,murtaza,AGAINST
fdc62ab9765bc568,বাংলাদেশের প্রতিটি আসনের একটি করে মাশরাফি দরকার?,murtaza,FAVOR
814343e3c9056b2c,"মাশরাফি ভাইয়ের রাজনীতি খারাপ বলবোনা তিনি যদি ক্রিকেট মাঠের মতো সঠিক নেতৃত্ব দিতে পারে তাহলে ভালো হবে,ইনশাআল্লাহ পারবে✌",murtaza,FAVOR
860f9a6845826a77,"সত্যি কথা বলতে রাজনীতি জিনিসটা খুব খারাপ ভালো মানুষের ব্যক্তিত্ব খারাপ হতে পারে, মাশরাফি এক জন খুব ভালো মানুষ, আমি মাশরাফি দার খুব বড় ফ্যান.",murtaza,FAVOR
23ad1963caa2e51b,মহান আল্লাহ তাওয়ালায় প্রথমে মানুষকে সব সম্মান দেয় বাট যদি সে সেইটা নিয়ে সন্তুষ্ট বা আল্লাহর শুকরিয়া আদায় না করে তাহলে আল্লাহ আবার সেই রহমত ফিরিয়ে নেয়!! সেইটা মনে হয় আমরা দেখতে চলেছি মাশরাফি রাজনীতি না করলে হয়তো নিজের সম্মান টুকু বাচিয়ে রাখতো পারত!!,murtaza,AGAINST
f73386d8d40bb130,আমি মাশরাফির একজন ভক্ত ছিলাম কিন্তু এখন আর না । আমি মনে করি বাংলাদেশের সব মানুষ তাকে ভালোবাসে কিন্তু সে একটা নির্দিষ্ট দল থেকে নির্বাচন লড়ার জন্য এখন দেশের মানুষের ভালোবাসা তার জন্য ভাগ হয়ে গেল। আমি মনে করি এখন অধিকাংশই মানুষ তাকে ঘৃণার চোখে দেখবে। আমি পশ্চিমবঙ্গ ভারত থেকে।,murtaza,AGAINST
24a8c964dde4b4bc,MD NAEEM ISLAM RANA ধন্যবাদ।মাশরাফি লোভে পড়ে এর মাথা খারাপ হয়ে গেছে,murtaza,AGAINST
cb96ffa31ca56a0e,ভাইয়েরা সুনিন মাশরাফি ভাইয়ের তো সমান অনেক বেশি তাই মনে হয় উকটি কমাইতে চায়,murtaza,AGAINST
1f7bed75e7adb896,আওয়ামী লীগের রাজনীতি আর অন্যদের রাজনীতির মধ্যে পার্থক্যটা হইতাছে.. ভালো মানুষ গুলোকে রাজনীতিতে নিয়ে আসা.. নড়াইল বাশির উন্নয়ন হবে এবং সৎ একটা রাজনীতিবিদ পাবে.. যে মানুষের উন্নয়ন করবে সৎ থাকবে ভালোবাসবে তার নাম মাশরাফি.. আর ইমরান খানের কথা বলতেছেন ইমরান খান আমাদের স্বাধীনতা যুদ্ধের সময় যে জেনারেল ছিল পাকিস্তানের নিয়াজির ভাতিজা...,murtaza,FAVOR
1f01c4b5949e8e66,"""দেশের তুলনায় ক্রিকেট অতি ক্ষুদ্র একটা ব্যাপার। একটা দেশের অনেক ছোট ছোট মাধ্যমের একটা হতে পারে খেলাধুলা; তার একটা অংশ ক্রিকেট। ক্রিকেট কখনো দেশপ্রেমের প্রতীক হতে পারে না। সোজা কথায়-খেলাধুলা হলো বিনোদন।"" ""খেলা কখনো একটা দেশের প্রধান আলোচনায় পরিণত হতে পারে না। দেশের অনেক গুরুত্বপূর্ণ ব্যাপার আছে যা সমাধান বাকি। সেখানে ক্রিকেট নিয়ে পুরো জাতি, রাষ্ট্র এভাবে এনগেজ হতে পারে না। আজকে আমাদের সবচেয়ে বড় তারকা বানানো হচ্ছে, বীর বলা হচ্ছে, মিথ তৈরি হচ্ছে। এগুলো হলো বাস্তবতা থেকে পালানোর ব্যাপার।"" ""আমি ক্রিকেটার, একটা জীবন কি বাঁচাতে পারি? একজন ডাক্তার পারেন। কই, দেশের সবচেয়ে ভালো ডাক্তারের নামে কেউ তো একটা হাততালি দেয় না! তাদের নিয়ে মিথ তৈরি করুন, তারা আরো পাঁচজনের জীবন বাঁচাবেন। তারাই তারকা। তারকা হলেন লেবাররা, দেশ গড়ে ফেলছেন। ক্রিকেট দিয়ে আমরা কি বানাতে পারছি? একটা ইটও কি ক্রিকেট দিয়ে বানানো যায়? একটা ধান জন্মায় ক্রিকেট মাঠে? যারা ইট দিয়ে দালান বানায়, কারখানায় ওটা-ওটা বানায় বা ক্ষেতে ধান জন্মায়, তারকা হলেন তারা।"" ""বীর হলেন মুক্তিযোদ্ধারা। আরে ভাই, তারা জীবন দিয়েছেন। জীবন যাবে জেনেই ফ্রন্টে গেছেন দেশের জন্য। আমরা কি করি? খুব বাজে ভাবে বলি--টাকা নেই, পারফর্ম করি। একটা অভিনেতা, গায়কের মতো পারফর্মিং আর্ট করি। এর চেয়ে এক ইঞ্চি বেশিও না। মুক্তিযোদ্ধারা গুলির সামনে এইজন্য দাঁড়ায় নাই যে জিতলে টাকা পাবে। কাদের সঙ্গে কাদের তুলনা রে! ক্রিকেটে বীর কেউ থেকে থাকলে রকিবুল হাসান, শহীদ জুয়েলরা।"" ""রকিবুল ভাই ব্যাটে জয় বাংলা লিখে খেলতে নেমেছিলেন, অনেক বড় কাজ। তার চেয়েও বড় কাজ, বাবার বন্দুক নিয়ে ফ্রন্টে চলে গিয়েছিলেন। শহীদ জুয়েল ক্রিকেট রেখে ক্র্যাক প্লাটুনে যোগ দিয়েছিলেন। এটাই হলো বীরত্ব। ফাস্ট বোলিং সামলানার মধ্যে রোমান্টিসিজম আছে, ডিউটি আছে। বীরত্ব নেই।"" ""আমি বলি, এই যারা ক্রিকেটে দেশপ্রেম দেশপ্রেম বলে চিৎকার করে, এরা সবাই যদি একদিন রাস্তায় কলার খোসা ফেলা বন্ধ করত, একটা দিন রাস্তায় থুথু না ফেলত বা একটা দিন ট্রাফিক আইন মানত, দেশ বদলে যেত। এই প্রবল এনার্জি ক্রিকেটের পেছনে ব্যয না করে নিজের কাজটা যদি সততার সঙ্গে একটা দিনও সবাই মানে, সেটাই হয় দেশপ্রেম দেখানো। আমি তো এই মানুষদের দেশপ্রেমের সংজ্ঞাটাই বুঝি না!"" ""কিছু হলেই আমরা বলি, এই ১১ জন ১৬ কোটি মানুষের প্রতিনিধি। আন্দাজে! তিন কোটি লোকও হয়ত খেলা দেখেন না। দেখলেও তাদের জীবন-মরণ খেলায় না। মানুষের প্রতিনিধিত্ব করেন রাজনীতিবিদেরা, তাদের স্বপ্ন ভবিষ্যত অন্য জায়গায়। এই ১১ জন মানুষের ওপর দেশের মানুষের ক্ষুধা, বেঁচে থাকা নির্ভর করে না। দেশের মানুষকে তাকিয়ে থকতে হবে একজন বিজ্ঞানী, একজন শিক্ষাবিদের দিকে।"" (দেবব্রত মুখোপাধ্যায়ের 'মাশরাফি' বইয়ে দেয়া সাক্ষাৎকারে মাশরাফি বিন মুর্তজা)",murtaza,NEUTRAL
c31def98f79357f7,"সবার মনেই গুরুর আসন পাওয়া মাশরাফি এই চাইতে বড় পাওয়া কি হতে পারে, কি দরকার এই একটি আসনের জন্য এতো গুলো মনের আসন খালি করার, আমি তো এর কোন কারন দেখিনা...? কাম ব্যাক ম্যাশ?",murtaza,AGAINST
401df0991cc2eda5,হায়রে ভাই মাশরাফি যদি নিজে দল করতো তাইলে সাপোর্ট করতাম কিন্তু এই জিনিস টা তিনি ঠিক করেন নাই।,murtaza,AGAINST
3f4688b1146b123e,মাশরাফি ভাই যদি নির্বাচন করার ইচ্ছে হয় তাহলে ইমরান খান এর মত প্রধানমন্ত্রী হয়ে দেখিয়ে দেন হিজরা লীগ এর এম পি হওয়ার দরকার নাই ।,murtaza,AGAINST
7d319467f94d9973,মাশরাফি ভাইকে আমারা সবাই ভালোবাসি .. কিন্তু রাজনৈতিক দিকটা আমার ভালো লাগেনি ..সে যে দলেরই হোক,murtaza,AGAINST
bb7c40320bb4d140,মাশরাফি ১৮ কুটি মানুশের মুুখে হাশি এনে দেয় কিন্তু রাজনিতিতে ডুকে কয়জনের। মুখে হাশি দিতে পারবে জাতির। কাছে প্রস্ন .,murtaza,AGAINST
3193a25d06c7bf32,"ভাই আপনার কথা ঠিক আছে, একটা টাইম আসবে,যখন এই মাশরাফি এই দেশের লিডারশীপ করবে, শুধু শুরু মাত্র যাত্রা",murtaza,FAVOR
0680d3c09c49229d,মাশরাফি একজন দেশের অন্যতম জাতীয় খেলোয়াড় হয়ে আওয়ামী নরপশু দলে নাম লিখেছে,murtaza,AGAINST
bc5bf0551b3f188c,মাশরাফি ভাই ইলেকশন করলে করুক।কিন্তু স্বতন্ত্রভাবে ইলেকশন করলে তার প্রতি ভালোবাসার পরিমাণ দেশের সকল মানুষ আরো বাড়তো।কিন্তু কোনো দলের হয়ে নোমিনেশন নেওয়াটা উচিত হয়নি। সকলের প্রিয় দল থাকতেই পারে।কিন্তু কোনো খেলোয়াড়ের জন্য এটা বাঞ্ছনীয় নয়।কেননা একটা খেলোয়াড়কে মানুষেরা দলমত নির্বিশেষে ভালোবাসে। মাশরাফি ভাই যেটা করলেন এতে করে তার প্রতি অনেকে বিরূপ প্রতিক্রিয়া দেখাচ্ছে। মানুষের মনে ভালোবাসা তৈরি হয় অনেক দেরিতে। কিন্তু সেটা শেষ হতে এতটুকুও দেরি করেনা। একটা ছোট্ট ভুল কিংবা একটা ছোট্ট সঠিক সিদ্ধান্ত পুরো জীবনটাকে পাল্টে দেওয়ার জন্যই যথেষ্ট। বিঃদ্রঃ কেউ বাজে রিপলে করবেননা।কথাটা সকলের কমেন্ট দেখে নিরপেক্ষভাবে বললাম।,murtaza,AGAINST
73538efd68d1b007,"মাশরাফি রাজনীতি করছে,কোন সমস্যা নাই,তবে সবচেয়ে ভালো হত অবসরের পর করলে।তাহলে তার ফ্যান সারকেলে কোন প্রভাব পড়ত না...!",murtaza,AGAINST
2a3ee5fc7ccad262,আপনি কি করছেন আন্দোলন ত আমি করছি ামার বন্ধু যারা আছে সবাই করছে আপনার ত কমেন্ট টা করতে পারেন আর কিছু না যারা খেলা বুজে তারা সবাই মাশরাফি কে বোর্ড সভাপতি হিসাবে দেখতে চায়,murtaza,FAVOR
3ae54b8e6af073e3,মাশরাফি ভাই দেশের বা জনগণের কি খতি করেছে,murtaza,FAVOR
aab32fa846673b19,@আস্থা মাশরাফি অনেক ভাল মানুষ। বেশির ভাগই খারাপ বলে কি যেই ২/১ জন ভাল আছে তাদেরকেও খারাপ বলতে হবে যুগের সাথে তাল মিলিয়ে চলার জন্য? তাহলে আমরাই বা কিরকম ভাল মানুষ।,murtaza,FAVOR
1d7f992eaf712a40,ভাই মানুষ ভুল করতে পারে কোন কারণে বলতে পারে নি যারা দুর্নীতি করেছে তারা কিন্তু দেশ ছেড়ে পালিয়ে গেছে মাশরাফি কিন্তু পালায় নি যখন সাধারণ মানুষের সাথে দিন রাত সারা দিন কাজ করছে খুব ভালো লাগছে,murtaza,FAVOR
19e1598fa7b6059e,কেমন মানুষ মাশরাফি নড়াইলের অনেক ভালো এমপি এটা ভালো করে মাথায় ডুকিয়ে নিয়েন,murtaza,FAVOR
bacfabbf3eeb86fc,​ @ropaislam2548 মাশরাফি অনেক ভাল মানুষ। যেহেতু উনার দলের বেশিরভাগই দূর্নীতি করেছে সেহেতু এখন উনাকেও খারাপ বলতে হবে। এটাই হচ্ছে কথা। কারণ স্রোতের বিপরীতে চলা অনেক কঠিন বা যুগের সাথে তাল মিলিয়ে চলতে হবে তো।,murtaza,FAVOR
0f6990cfe8bffa5b,হ্যাঁ এটাই মাশরাফি এজন্যই তিনি সমস্থ মানুষের আইডল এইজন্যেই তিনি ভস এজন্যই তাকে এত ভালবাসি পাশে ছিলাম আছি থাকবো,murtaza,FAVOR
792e7be2770f1e8d,"মাশরাফি ভাই অনেক ভালো মানুষ সত্যি কথা,,,,,, আল্লাহ ভালো রাখুক",murtaza,FAVOR
fb4b94e57b6e1272,জানামতে মাশরাফি ভাই অনেক অনেক ভালো মানুষ,murtaza,FAVOR
343aa97be6f0f7e3,"প্রিয় ম্যাশ আপনাকে অনেক সম্মান করতাম,,, আপনি আমাদের হৃদয়ে সবসময় অধিনায়ক হয়েই ছিলেন,,, এদেশের মানুষ আপনাকে কতোটা ভালোবাসতো তা যদি বুঝতেন..??? এখন আর এসব ভেবে লাভ নেই যেই সময় মানুষ অন্যায়ের বিরুদ্ধে আপনার একটা পদক্ষেপ আশা করেছিলো সেই সময় আপনি রাজনীতির স্বার্থে সারাদেশের মানুষের সম্মান আর ভালোবাসা উপেক্ষা করে নিরব ছিলেন..!!!! মাশরাফি ভাই আপনি আমাদের মাঝে যেই লিডারশীপ নিয়ে বেঁচেছিলেন তা আর কোনদিন পাবেন না,,,,,, একজন মাশরাফি ফ্যান হয়ে আপনার এই নিরবতায় অনেক লজ্জিত হয়েছি,,,,, ভাই আপনাদের রাজনীতিতে আশা উচিত না,,,,,, আফসোস যেই মাশরাফিকে সারাদেশের মানুষ সম্মান করতো আজ তারাই আপনাকে ঘৃণা করে,,,, আপনার প্রতি রেসপেক্টটা উঠে গেছে ভাই,,,, 😶😶😶😶😶",murtaza,AGAINST
a4d1f2e66ec6d33c,আমি নড়াইল বাসি আমি একজন জামাতের সমর্থ হিসেবে মাশরাফি ভাইকে খুব পছন্দ করি তিনি একজন ভালো মনের মানুষ,murtaza,FAVOR
3cff915131fdb823,"মাশরাফি কে বিসিবি একটা পদ দেওয়া হোক,অনেক ভালো লোক",murtaza,FAVOR
2c2968e616a1ddfb,মাশরাফি যে দল‌ই করুক কিন্তু উনি খুব ভালো মানুষ।,murtaza,FAVOR
6d80cf221928d809,মাশরাফি সত্যিই একজন ভালো মানুষ ওর সাথে যা হয়েছে তো হয়েছে সামনে ওকে যথাযোগ্য সম্মান দিয়েন প্লিজ প্লিজ নড়াইল বাসি।,murtaza,FAVOR
c27748a92cac0c25,"মাশরাফি বিন মর্তুজা ও তার পরিবারের প্রতিটি লোকজন অনেক ভালো মানুষ,,,",murtaza,FAVOR
ce6814dc222b723a,মাশরাফি একজন ভালো মানুষ। আমি মাশরাফি কে অন্তরের অন্তস্তল থেকে ভালোবাসি।,murtaza,FAVOR
51958e3e1612d0e1,"মাশরাফি ভাই বাংলাদেশের সর্বকালের সেরা ক্যাপ্টেন ❤। তাকে বোর্ডের গুরুত্বপূর্ণ পদে দেখতে চাই , তাকে যথার্থ স্মান দেয়া উচিত। মাশরাফি ভাই মানুষিক ভাবে একদম ভেঙে পড়েছেন। ওনার পাশে দেশবাসী সবার দাঁড়ানো উচিত ❤।",murtaza,FAVOR
d9f20d3b71f80190,আই লাভ ইউ মাশরাফি মাশরাফি আমাদের দেশের রত্ন মাশরাফির জন্য অন্তর থেকে দোয়া করি উনি যেন সব সময় ভালো থাকে সুস্থ থাকে আল্লাহ পাক উনাকে ধৈর্য ধরার তৌফিক দান করুক,murtaza,FAVOR
ba530a3944a77dd9,আমি সব সময় মাশরাফি বিন মুর্তজার জন্য অভিনন্দন ও শুভকামনা আছে থাকবে,murtaza,FAVOR
c9562139a48a1e4d,যেখানেই থাকুক যেন মহান আল্লাহ ভালো রাখেন মাশরাফি ভাইকে ও তার পরিবার🤲💚,murtaza,FAVOR
efe131ffabc24908,মাশরাফি ভাই যেখানে আছেন ভালো থাকবেন দোয়া করি,murtaza,FAVOR
03469363d6d7f8f7,"সবকিছুর মধ্যেই ভালোমন্দ থাকে তেমন ই একজন ছিলেন মাশরাফি বিন মুর্তুজা❤। এটা সত্য যে সে আওয়ামীলীগ এর সাথে যুক্ত ছিলো কিন্তু দেখতে হবে সে জনসাধারণ এর জন্য কি করেছে। তাদের পাশে থেকেছে নাকি নিজের লাভের জন্য রাজনীতি করেছে, দল কোনো বিষয় না, মানুষ দেখতে হবে এবং মানুষ হিসাবে মাশরাফি ছিলেন অসাধারণ❤❤",murtaza,FAVOR
53642967343419b3,​​ @Dr.Anamulhaque1 ওর সম্পর্কে জানেন? বাংলাদেশ এই পর্যায়ে আসার পিছনে সবাই এক বাক্যে এগ্রি করে মাশরাফির অবদানের কথা। না হলে এখনো সেই ২০০৭/৮ সালের বাংলাদেশকেই দেখতেন। ভারত পর্যন্ত ওরে নিয়ে যেতে চাইছিলো। আগে জানেন ওর সম্পর্কে তারপর বলেন।,murtaza,FAVOR
155db015c24a237d,তার বাবা মোটেও ভালো মানুষ না আপনি হয়তো জানেন না তার বাবার কারণে মাশরাফির এসে অবস্থা 😢,murtaza,FAVOR
f6d6bcf39a9cb9a3,@ALAMINHOSSAIN-jv9yh কি করেছে? কাউকে হত্যা করেছে? কারো বাড়ী লুট করেছে? কোন সংজ্ঞায় সে খারাপ? খারাপ হলেই তাঁর বাড়ী লুট করতে হবে? আর আপনার কথামতো যারা লুটপাট করেছে তারা খুব ভালো করেছে? তাদের সমালোচনা না করে ঊল্টো আপনি মাশরাফির সমালোচনা করলেন??? আহারে মানুষ,murtaza,FAVOR
de6acf6fe6e489ec,"​@emonblue66বিভিন্ন রাজনৈতিক দলের অপকর্ম আছে ক্ষমতায় টিকে থাকতে চেয়েছে,মাশরাফি ঐরকম স্বার্থবাদী লোক ছিল না অবশ্যই তার প্রতি অন্যায় করা হয়েছে",murtaza,FAVOR
9b029c344222fd79,"মাশরাফি যতো ভালো তাকে ততো ঘৃণা করতাম কারণ, সে জনগণের ক্যাপ্টেন হয়ে জেনেশুনে চিহ্নিত ফ্যাসিস্ট এর হাতকে শক্তিশালী করেছে।",murtaza,AGAINST
6233d47881a8708e,"সবাই নড়াইলের মানুষ হামলা চালাইছে, অথচ নড়াইলের জন্য মাশরাফি কি করে নাই! অকৃতজ্ঞ নড়াইলে মানুষ",murtaza,FAVOR
bcb50feadecfbabd,"আমি ব্যক্তি মাশরাফিকে মন প্রান থেকে ভালবাসি, কারণ আমার জানামতে সে সত্যিই একজন ভালো মানুষ,",murtaza,FAVOR
c50604c037a0f228,"""নড়াইল যার রক্তে মিশে আছে, সেই মানুষটার মুখে এমন কথা! Mashrafe Bin Mortaza মানেই তো একরাশ আবেগ। মাশরাফির এই অভিমান হয়তো রাজনৈতিক জীবনের কোনো গভীর ক্ষত থেকে, কিন্তু ভক্তদের হৃদয়ে তিনি সবসময়ই 'নড়াইল এক্সপ্রেস' হয়েই থাকবেন। ❤️""",murtaza,FAVOR
9d62504120749320,আহ মাশরাফির জন্য খবই কষ্ট হয়।ওর মত রাজনৈতিক পরিচয় থাকলেও ওর ভালো মানুষি বা ওর কাজ গুুলো আমরা কেমন করে ভুলে গেলাম।তার সাথে অন্যায় হচ্ছে হল।।আল্লাহ মাশরাফি ভাইকে ভালো রাখুক সুস্থ রাখুক নিরাপদ রাখুক।।আমিন❤️🇧🇩,murtaza,FAVOR
33ad2e894c7cbd43,আমার দেখা সবথেকে সাদামাটা মানুষ মাশরাফি ভাই যার মধ্যে অহংকার এর ছিটা ফুটাও ছিল না ভাই এর জন্য দোয়া ও ভালোবাসা রইলো ❤,murtaza,FAVOR
ffbf09877aa7bd40,"মাশরাফি ভাইকে আমি দেখেছি অহংকার মুক্ত একজন ভালো মনের মানুষ, তিনি আওয়ামীলীগের সাথে জড়িয়ে ভুল করেছেন, শেখ হাসিনা তাকে দিয়ে রাজনৈতিক ফায়দা লুটেছে। ভাইয়ের জন্য অনেক শুভকামনা।",murtaza,AGAINST
115efa7a948fc7fd,মাশরাফি ভাইয়া সব সময় আমাদের অন্তরে ছিল আছে আর থাকবে ❤❤❤,murtaza,FAVOR
2b42bff5dafcdc83,মাশরাফি বিন মুর্তজা কে নড়াইল এর জনগনের সংবাদ সম্মেলন করে খমা চেয়ে ফিরিয়ে আনা উচিত,murtaza,FAVOR
4356b6d5886bd48c,আমার মণটা ভিষন কারাপ লাগে মাশরাফি ভাই এর বাড়ি আজ কি এরকম হয়ায় কথা ছিল।এটা একদম টিক হয়নি।ভাই সে যে দলের এমপি ছিলো। দলটা অনেক খারাপ খারাপ কাজ কর্ম করেছে তাই আজ দেশের বাহিরে। দল ভাল না আমি ও জানি। কিন্তুু এরকম একজন শত মানুষ আমাদের দেশে কি আগে ছিলো। মণ থেকে দোয়া করি ভাই আপনার জন্য।আল্লাহ যেনো আপনাকে ভালো রাখেন। Love you Boss ❤❤❤.,murtaza,FAVOR
29409443fd9bb5e0,মাশরাফির প্রতি যেটা হইতেছে এটা অনেক খারাপ নিন্দনীয়।তবে মাশরাফির দল ক্ষমতায় থাকতে এরকম হাজার হাজার মায়ের বুক খালি করছে মাশরাফি কোন প্রতিবাদ ছিল না 😢😢,murtaza,AGAINST
adfb96b279e564bf,"নড়াইল বাসী আফসোস করে জাবে সারাজীবন, নিজের মানুষকে আপন করে নিতে পারলাম না, আমি অকৃতজ্ঞ নড়াইল বাসীকে বলতে চাই কি করে নাই তোমাদের জন্য। শুভকামনা মাশরাফি ভাই,",murtaza,NEUTRAL
6bd956b91632a5b1,কোন ভুল করেনি।শেখ হাসিনা চেয়েছিলেন তার দলে ভালো লোক আসুক। মাশরাফি নড়াইলবাসীর জন্য যা চেয়েছিলেন তা সব উজার করে দিয়েছিলো শেখ হাসিনা,murtaza,FAVOR
395f093c64deda51,"মাশরাফি ভুল করেছে,, রাজনীতির মাঠে এসে,, খেলোয়াড় হিসাবে তার কৃতিত্ব সারা বিশ্ব জুড়ে,, রাজনীতির জন্য তার জীবনটা নষ্ট হয়ে গেল",murtaza,AGAINST
9f56667cd673795c,মানলাম সে ফেরেশতা মাশরাফি ফেরেস্তা কিন্তু ক্ষমতার লোভে পড়ে আওয়ামী লীগের যোগ্য ছিল তারপরও ভুল জনগণের উন্নয়ন করতে পারতো সে স্বতন্ত্র থেকে নির্বাচন করে নাই কেন সেটা বলেন হাসিনা ব্যবহার করছে ক্ষমতা টিকে রাখার জন্য,murtaza,AGAINST
99dd93a197ad28cd,মাশরাফির রক্তে আওয়ামী লীগ। তিনি আওয়ামী লীগের রাজনীতি করে ভুল করে নাই।,murtaza,AGAINST
158f55f0fe542ed5,"মাশরাফি ভাই নড়াইল এর জন্য সব করছে কিন্তু তার গ্রামের লোক শকের বাড়ি নষ্ট করে দেছে,,,",murtaza,NEUTRAL
9493210923040caf,আপনারা মুখ খারাপেরও অনুপযুক্ত। আওয়ামী। লীগের সাথে যুক্ত হয়েছিল বিধায়ই এদেশের মানুষ। স্বাধীন রাষ্ট্র পেয়েছিল। যারা পাকিস্তান চেয়েছিল তারা ৭১-এর পরাজয়ের প্রতিশোধ নিল। স্বাধীনতার প্রশ্নে ৭০-এর নির্বাচনে ২৫% বাংলাদেশী নৌকার বিরুদ্ধে ভোট দিয়েছিল। এদের ক্ষুদ্র অংশই জামায়াত করে। সিংহ ভাগই বিএনপি করে। মাশরাফির বাড়ি আওয়ামী লীগ করার জন্য ভাঙ্গে নাই। ঐটা ৭১-এর পরাজয়ের প্রতিশোধ।,murtaza,AGAINST
b2c430e6cc9a33ac,আমরা চাই মাশরাফি ভাই আবার ফিরে আসুক,murtaza,NEUTRAL
72c3576e6b55d07f,মাশরাফির ১ম নির্বাচনী হলফনামা ও শেষ হলফনামা দেখেন। কতবড় লূটারো৷ ছিল এই ক্যান্টিন,murtaza,NEUTRAL
8fb59d17ce633756,মাশরাফি সঠিক সিদ্ধান্ত নিয়েছিলো। ব্যাপার না একদিন সব কিছু ঠিক হয়ে যাবে ইনশাল্লাহ,murtaza,NEUTRAL
dd152fd014e39dc8,মাশরাফি ভাই ইচ্ছা করে আওয়ামী লীগে যোগ দেয় নাই তাকে বিভিন্ন চাপ দেওয়া এবং খেলা থেকে অসম্মানী করা হয়েছে তার কারণে উনি বাধ্য হয়ে আওয়ামী লীগে যোগ দিয়েছেন উনি কি জানতেন শেখ হাসিনার একদিন পাপের বোঝা ভারী হয়ে যাবে আল্লাহর গজব পড়ে যাবে কারণ শেখ হাসিনা অনেক মায়ের বুক খালি করেছেন যা কোন মায়ের নিজ চোখে তার সন্তানের লাশ পর্যন্ত দেখে নাই,murtaza,NEUTRAL
7559718189525ac1,শেখ হাসিনার সাথে রাজনৈতিক করা মাশরাফি বিন মুর্তজার ছিল একটি সঠিক সিদ্ধান্ত উনার মত বিচক্ষণ ব্যক্তি কখনো ভুল সিদ্ধান্ত নিতে পারে না ❤,murtaza,AGAINST
63e94ce4f8c41e7d,"Mashrafe er moto akjon manush Bangladeshi ata puro jatir gorbo,ar Jara unake kharap bole Tara kokhonoi bujhbena deshprem ki,aowami kharap koreche onek,kintu Tara 5 Aug er pore je hajaro manush mereche police hotta koreche agun chadabaji mob ki koreni Tara,taderke agulo bolen tokhon bolbe jonogon koreche ar apnake Dalal dosor tokma diye mob korbe,tokhon Tarai jonogon ar apni kukur viral.",murtaza,AGAINST
77d74473318028eb,সে কোন দল করল এটাতো বড় কথা নয় সে নড়াইলের জন্য ভাল না খারাপ সেটাই মুল বিষয়। দেশ চালানোর দায়িত্ব তো মাশরাফির নেই।,murtaza,NEUTRAL
aabb409ba7bbf28b,"মাশরাফিকে দিয়ে নড়াইলের অজাগাতে, জায়গা পরিণত করেছে, মাশরাফিকে দিয়ে নড়াইলে একটা শহর বানাতে চাইছে শেখ হাসিনা 💐",murtaza,NEUTRAL
0385ce2b532410d3,তাই বলে কি ভালো মানুষ রাজনীতি করবে না? মাশরাফির বাড়িতে যারা হামলা করেছে তারা সন্ত্রাসী তারা খারাপ মানুষ যারা রাজনীতি করে। সেই মানুষগুলো একটা ভালো মানুষের বাড়িতে হামলা করছে। আপনার কথা শুনে মনে হয় যে ভালো মানুষ রাজনীতি করতে পারবে না। আর ভালো মানুষ আওয়ামী লীগ করতে পারবে না এর কোন মানে হয় না। ভালো মানুষ আওয়ামী লীগ হোক বিএনপি হোক সব দল করতে পারবে। মাশরাফি প্রতিহিংসার শিকার হয়েছে।,murtaza,FAVOR
641730b3c96e37dd,"শেখ হাসিনা তাকে দিয়ে কি ফায়দা নিছে??উল্টো শেখ হাসিনা চাইছে তার দলে ভালো লোক আসুক এবং তার ধারা নরাইলে কাজ হোক,,কাজ হইছে কিনা তা বলুক নরাইল বাঁশি,,,মাশরাফি যা চাইছে শেখ হাসিনা তাই উজার করে দিছে।",murtaza,FAVOR
0b029accc00fa182,"বাংলাদেশের মানুষের জন্য এবং দেশের ক্রিকেটের জন্য Mashrafe Mortaza অসংখ্য ত্যাগ স্বীকার করেছেন। দয়া করে এই মহান মানুষটিকে শাস্তি দেবেন না। জয়-পরাজয়ের প্রতিটি মুহূর্তে তিনি কোটি মানুষের আশা নিজের কাঁধে বহন করেছেন সাহস, গর্ব আর ভালোবাসা নিয়ে। এমন কিংবদন্তি খুব কম জন্মায়। বাংলাদেশ ক্রিকেটে তার অবদান কখনো ভোলার নয়। তিনি শুধু একজন ক্রিকেটার নন, তিনি একটি প্রজন্মের অনুপ্রেরণা, যিনি মানুষকে বড় স্বপ্ন দেখতে শিখিয়েছেন এবং দেশের জন্য লড়াই করতে শিখিয়েছেন। দেশের জন্য এত ত্যাগ আর ভালোবাসা দেওয়া একজন মানুষ সম্মান, কৃতজ্ঞতা আর ভালোবাসাই প্রাপ্য। মাশরাফি থাকবেন বাংলাদেশের ক্রিকেট ইতিহাসের হৃদয়ে, চিরকাল। May you live long Brother !!",murtaza,FAVOR
a7c4f9988b3a5d43,কি বলবো বলার ভাষা নাই মাশরাফি ভাই একজন ভালো মনের মানুষ। যারা এইসব করছে এবং যারা যারা জরিত আছে তাদেরকে তিব্র নিন্দা ও কঠিন প্রতিবাদ জানাই।😢✊,murtaza,FAVOR
e83e6fce22ba9a0b,মাশরাফির মত ভাল মানুষকে সম্মান করার যোগ্যতা এদেশের সকল মানুষের নেই। মাশরাফি বিন মুর্তজা যেখানেই থাকুন ❤❤,murtaza,FAVOR
65544474e64351e5,মাশরাফি ভাইয়ের জন্য শুভকামনা উনার জন্য আমাদের ভালোবাসা চির অমর হয়ে থাকবে❤❤,murtaza,FAVOR
252be055aa014706,মাশরাফি বিন মুর্তজা অনেক ভালো মানুষ তার জন্য দোয়া ও শুভকামনা রইল।,murtaza,FAVOR
8b125fcd8af30607,মাশরাফি ভাই কোন রাজনীতি করা উচিত ছিল না ওনার উচিত ছিল বাংলাদেশ ক্রিকেট টাকে আরো উন্নত করা যায় সেটা চিন্তা করা।,murtaza,NEUTRAL
67d8b64a591faa2f,উনার কি জনপ্রিয়তা অভাব ছিল না তো তারপরও উনি কেন রাজনীতির মাঠে আসলো আপনি যেকোনো দলকে পছন্দ করেন ভালবাসেন সেটা আপনার ব্যক্তিগত মনে ওপেন ফিল্ডে রাজনীতিমাঠে আশা আপনার দরকারই ছিল না মাশরাফি ভাই।,murtaza,FAVOR
054d19a748cff7aa,"​ @Mjahirul-d7x একটা দল 15 টা বছর মানুষের সাথে জোর জুলুম অত্যাচার করেছে। আর সে গিয়েছে সেই দলের সাথে নির্বাচন করতে, সে যদি একা ও নির্বাচন করে তাও এলাকায় জিততে পারতো,আর মাশরাফিকে পুরো বাংলাদেশের মানুষ ভালোবাসতো।",murtaza,FAVOR
45c48cd3ef817f53,"মাশরাফি ভালো খেলোয়াড় হতে পারে, কিন্তু সে লোভী, টাকার লোভে রাজনীতি করেছে, সে এমন দল করে যার নেত্রী খুনি, পিশাচিনি, জুলাই সময় কই ছিল? মাশরাফি? ব্যাকগ্রাউন্ড sad music দিলেও কোনো লাভ নেই, no সিম্প্যাথি, শত ছাত্র জুলাই মারা গেলো, তখন কই ছিলেন ক্যাপ্টেন? মাশরাফি ছিল সবার প্রাণের ❤️ কিন্তু রাজনীতি, টাকার লোভের কারণে তার এই অবস্তা",murtaza,FAVOR
67d22c677fc2de1c,"এসব হুগা মার্কা কমেন্ট করা বন্ধ কর, হুগা মার্কা কমেন্ট করে মাশরাফিদের বাঁশ দিচ্ছেন, বীরের বেশে ফেরার সুযোগ নেই, আওয়ামী লীগের সভাপতি ই দেশান্তরি হয়েছে জনগণের দৌড়ানি খেয়ে, সঙ্গে বহু নেতা দেশান্তরি, জনগণ কি শেখ হাসিনা কে চেরে দিবে?? এত সজহ? আওয়ামী লীগ নতুন নের্তৃত্বে আসলে রাজনীতি করার সুযোগ পাইলে ও পাইতে পারে,",murtaza,NEUTRAL
4d7ce7bb9bcff927,মাশরাফি ভালো মানুষ কোন সন্দেহ নেই ভুল করেছেন এই ভালো মানুষটি কেন নষ্ট রাজনৈতিক দলে যোগ দিলেন।,murtaza,FAVOR
c7d92e293f7737d8,As a Cricketer Mashrafe is greatest captain❤.,murtaza,FAVOR
15bfb8d7226a92fb,Appreciate you! A big fan of Mashrafe 💖,murtaza,NEUTRAL
1812ed7e330c0dd2,আল্লাহ তুমি মাশরাফি ভাউকে সুস্থ করে দাও আমিন।,murtaza,NEUTRAL
2a43420edfc329a4,আমরা মাশরাফি ভাইয়াকে খুব মিস করবো - মাশরাফি ভাইয়াকে শুধু হারাইনি - পুরো বাংলাদেশ একজন বাগকে হারিয়েছি - আমাদেরক বাগ্ঙ খারাপ 😓😓,murtaza,AGAINST
55f034745272124e,"আমাদের পরবর্তী প্রজন্ম আফসোস করবে তারা ক্যাপ্টেন মাশরাফির খেলা স্ব চোক্ষে দেখেনি বলে! অনুপ্রেরণা-স্বপ্নের বিশাল ক্যানভাস, #মাশরাফি একটি নাম পুরো বাংলাদেশ। ❤",murtaza,NEUTRAL
095688008804759f,I am a Indian.....but i love Mashrafe sir ..and more love from INDIA ..miss you sir,murtaza,FAVOR
79deefab1c36ee0b,বাংলাদেশে মাশরাফির মতো এমন ক্রিকেটার যোদ্ধা আর একজন হবে কি?? Miss you Mashrafe.,murtaza,NEUTRAL
f37662f1496f32d9,কিছু বলার নেই ভাই চোখ দিয়ে জল চলে আসলো। অনেক অভিনন্দন মাশরাফি ভাই কে,murtaza,NEUTRAL
887969ced7ab473d,ভাই মাশরাফির মতো এমন নেতা লাখে একজন হয় ❤️❤️🌹🌹,murtaza,NEUTRAL
a4e0077083d10d16,"এই ভাইকে আমার নিজের ভাই মনে করি।।। ইচ্ছে হয় এই ভাইটা যদি আমার হতো।। সকালে ঘুম থেকে উঠে আমার মাশরাফি ভাইকে দেখতাম।। ভাই বলে ডাক দিতাম, ভাই তুমি কি আর ট্রিকেট খেলবে না। ভাই তুমি যদি না খেলো তা হলে খেলা দেখতে মনে চায় না।। I Love u Mashrafi vai....😘😘😘",murtaza,FAVOR
e54c0c0262732c21,এত সুন্দর উপস্থাপনা পূর্বে খুব কমই দেখেছি।আপনার কন্ঠ কথা বলার ধরন সত্যই অসাধারন।আর সবার সাথে আমিও বলতে চাই- বিদায় অধিনায়ক(মাশরাফি)।এদেশের কোটি ক্রিকেটপ্রেমিক মাশরাফিকে অনন্তকাল।,murtaza,FAVOR
2a4ea21586fd171e,আমি মাশরাফিকে ব্যক্তিগত ভাবে ভীষণ পছন্দ করি l বাংলাদেশকে ক্রিকেট জগতে এক উজ্জ্বল নক্ষত্র করে তোলার পিছনে এনার অবদান সত্যি বলার মতো l পশ্চিমবঙ্গ থেকে অনেক ভালোবাসা আর শ্রদ্ধা রইলো l,murtaza,FAVOR
875f4b34b84bbbde,আমি কি লিখবো বুঝতে পারছি না শুধু কান্না করলাম মাশরাফি ভাই ভালো থাকো দূআ করি,murtaza,FAVOR
5c75329c11c44800,মাশরাফি হলো বাংলাদেশের এম এস ধোনি । ভিডিও টা খুব দরদ দিয়ে বানিয়েছেন ভাই। Love from india❤️❤️,murtaza,FAVOR
3c065291bb6f9612,কি ভাই মাশরাফির সাথে ধোনি তুলনা করছেন কেনো। মাশরাফির কোনো তুলনা নেই।,murtaza,NEUTRAL
1fd2648a5f0d8021,মাশরাফি ভাইর কথা মনে পড়লে কান্না পায় মাশরাফি ভাইয়া I love you,murtaza,FAVOR
a3356cda016ef8a7,"ভাই আপনি কে? আপনাকে যদি এখন কাছে পাইতাম, তাহলে জরিয়ে ধরে বলতাম,, ভাই আমাকে একটু মাশরাফির কাছে নিয়ে চলেন।।😰😰😰 ভাই ধন্যবাদ আপনাকে ভালো ভিডিও বানানোর জন্য❤❤❤❤❤",murtaza,FAVOR
f216724c555cd106,মাশরাফি বাংলার ক্রিকেটের ইতিহাসের সেরা নায়ক। যাকে বাংলার মানুষ কখনো ভুলবেন না।অন্ততপক্ষে আমরা ভুলবো না যারা তার খেলার মাঠে খেলতে দেখেছি। Love u Boss..,murtaza,FAVOR
86cb08cf0e4224f5,I am from India I love Mashrafe I miss you mashrafe.god bless you.khuda hafij,murtaza,FAVOR
1aef70edf9d2b702,কাদার মতো কথা বলে বলছেন কাদবেন না এমনেই মাশরাফি ভাই অধিনায়ক ছেড়ে দিয়েছে তাতেই খুব কষ্ট হচ্ছে তার উপর এমন কথা কান্না তো এমনেই আসবে,murtaza,FAVOR
a2b6e83c9dc37324,"খুব খারাপ লাগে মাশরাফির জন্য, খুব ভালবাসি, মাশরাফি আমার ১ম প্রিয় খেলোয়াড়। 😭, কেউ যদি আমাকে প্রশ্ন করতো তোমার প্রিয় খেলোয়াড়ের নাম বলও আমি প্রথমেই বলতাম মাশরাফি আমার প্রথম প্রিয় খেলোয়াড়।",murtaza,FAVOR
8ce61d09682765d1,Mashrafe is a great captain He is the boss of bangladesh cricket,murtaza,FAVOR
a77669d78fa4fcd4,"বলে ছিলেন ভিডিও টি দেখে কাঁদবেননা,, তাই কাঁদতে চাইনি,কিন্তু বিশ্বাস করুন বিডিও টি দেখতে দেখতে কখন যে চোখ দিয়ে জল গড়িয়ে পড়লো বুঝতে ও পারিনি,, হয়তো এটাই বস মাশরাফির প্রতি ভালোবাসা,, তাই চোখের পানি আটকে রাখতে পারিনি,,, 💝💝 love YOU Boss 💞💞",murtaza,FAVOR
2a99796e0a46b77d,"We will miss you Mashrafe bhai😰😢, tobe amader ontore apni roye jaben ajibon",murtaza,FAVOR
0bb17b264a58cb80,মাসরাফি বিন মর্তুজার জন্য রইল অনেক অনেক শুভকামনা... উপস্থাপনাটা খুব সুন্দর ছিলো,murtaza,FAVOR
e3f0a4e8086e32d7,"মাশরাফি নাই বাংলাদেশ টিমে , তাই এখন বাংলাদেশ টিম টাও হারিয়ে যাচ্ছে এখনি, আমার কেন জানি মনে হয় বাংলাদেশ ও একদিন জিম্বাবুয়ের মত হারিয়ে যাবে কেননা বোর্ড কর্তারা যা ফাইজলামি শুরু করছে টিম মেম্বারদের সাথে। মিস ইউ মাশরাফি 😥😥",murtaza,FAVOR
ca9dbf24e412b49a,মাশরাফি দ্যা লিজেন্ড অফ বাংলাদেশ ক্রিকেট।ভারতের যেমন আছে শচীন তেমনি আমাদের আছেন একজন মাশরাফি।অনেক মিস করি তোমাকে ক্যাপ্টেন।,murtaza,FAVOR
eacecbb14584bb69,Mashrafe amr sobche besi fav. cricketer and acta manus hisabew khub khub khub fav. I love you Mash💗,murtaza,FAVOR
1089d36bf73c8d79,Mashrafe you are the boss..you're the real hero...,murtaza,FAVOR
eef496414fecb1a4,I love Mashrafe 😫😫😫😫😫😫 Onak valo basi tumai ...vulbona kono din.... Tumar khota. 🇧🇩🇧🇩🇧🇩🇧🇩🇧🇩🇧🇩💚💚💚💚💚💚,murtaza,FAVOR
298fcfb46143adce,Mashrafe Is The Best Captain Of Bangladesh. Miss You Boos Fantastic,murtaza,FAVOR
2aebbc0e8334d976,অামরা চাই মাশরাফি কোচ হিসেবে সব সময় বাংলাদেশের পাশে থাকূক,murtaza,FAVOR
531c4a5f6cfc8085,"নিঃসন্দেহে মাশরাফি ছিল ১৮ কোটি মানুষের ভালোবাসার মুকুট, কিন্তুু তার বিবেক এবং জীবনকে হিংস্র রাজনীতি খেয়ে ফেলছে,,,,,,😥😥😥",murtaza,FAVOR
4009807fbdaaf132,মাশরাফি বিন মুর্তজা কে স্যালুট । সাধারণ জনগণের দোয়া আছে । ইনশাআল্লাহ সাধারণ জনগণ এর জবাব ঠিকই দিবেন ।,murtaza,FAVOR
e17f0440f9a928ca,ভালো মানুষের জন্য রাজনীতি নয় জীবন বাঁচানোর জন্য রাজনীতি করা হয়েছিল এখন সবার চোখের আলো মাশরাফি বিন মর্তুজা এই সাহসী মানুষটাকে মুক্তি দান করুন,murtaza,FAVOR
67bf5aa452ee764b,মাশরাফি বিন মুর্তজা জনগণের আলোকিত সূর্য সন্তান নড়াইলে ভালো বাসার অনুভব করা নাম মাশরাফি আমি অনেক অনেক ভালো বাসি মাশরাফি।,murtaza,FAVOR
e2f46e5bc2d3ce73,মাশরাফি জনগণের আলোকিত সেবক সফল হতে পেরেছেন আমি আমি দেখতে পাই সহজ সরল প্রেন অসত্য কথা শুনতে সাথে সাথে রেখে যায় আমি মাশরাফি রাগ দেখা টা আর আমার ভালো লাগে না আমার অপছন্দ মাশরাফি অনেক অনেক ভালো বাসি।,murtaza,FAVOR
96fcd2f6ca2f2538,আওয়ামীলীগে জোত লোক আছে সব চাইতে ভালো মাশরাফি তবে এই লোক আওয়ামী লীগ ছিল না হাসিনা তাকে পায়ে ধরে আওয়ামী লীগ বানিয়ে ছে,murtaza,FAVOR
55478950ad25ebfe,বাংলাদেশের সফল ক্রিকেট অধিনায়ক আমার অত্যন্ত প্রিয় শ্রদ্ধাভাজন মাশরাফি বিন মুর্তজা ভাই খুব কষ্টের সাথে কথাটি বলেছেন যে বাবা আমি মারা গেলে আমার মৃতদেহ যেন নড়াইলে না নেওয়া হয়। মানুষ কত হিংস্র না হলে মাশরাফির মতন একজন সফল বাংলাদেশের ক্রিকেটের অধিনায়ক গত 5 আগস্টের পর তার বাড়ি ভাঙচুর করেছিল এবং আগুন দিয়ে জ্বালিয়ে দেয়া হয়েছিল। কি অপরাধ ছিল মাশরাফি বিন মর্তুজার ।এর জবাব নড়াইল বাঁসি সারাজীবন দিতে পারবে না। মাশরাফি বিন মর্তুজা একজন সৎ আদর্শবান নীতিবান এবং সৎ চরিত্রের ক্রিকেট খেলোয়ার হয়েছিলেন বাংলাদেশের 18 কোটি মানুষের মাঝে। আজ সেই মানুষটির বাড়ি 5 ই আগস্ট 2024 আওয়ামী লীগ সরকার বিদায় হওয়ার পর তার এলাকার লোকজন তার বাড়িটি ভাঙচুর করে এবং পরে আগুন দিয়ে জ্বালিয়ে বশীভূত করে দেয়। 1971 সালের স্বাধীনতা যুদ্ধের নেতৃত্ব দেওয়া মহানায়ক বঙ্গবন্ধু শেখ মুজিবুর রহমানের আদর্শ বশীভূত হইয়া নড়াইল জেলায় দুই আসনে আওয়ামী লীগের প্রার্থী হন এবং বিপুল ভোটে জয়লাভ করেন। কিছু রাজাকার আলবদর 5 শে আগস্টের সুযোগ নিয়ে মাশরাফির বাড়ি ভাঙচুর করেন এবং জ্বালিয়ে দেন। আমি এসব রাজাকার আলবদর দেশবিরোধী জামাত ইসলামকে ধিক্কার জানাই এবং বর্তমান সরকারের মাননীয় প্রধানমন্ত্রী তার রহমানকে সুষ্ঠু তদন্তের মাধ্যমে মাশরাফির বাড়ি ভাঙচুর জ্বালিয়ে দেওয়ার নেপথ্যে যারা জড়িত ছিল তাদেরকে উপযুক্ত বিচারের দাবি জানাচ্ছি। আমার প্রান প্রিয় খেলোয়ার মাশরাফি ভাইকে আল্লাহ যেন সুস্থ রাখেন এবং অন্যায়ের বিরুদ্ধে আগামীতে যেন আরো প্রতিবাদ করার ক্ষমতা আল্লাহ তাকে দান করেন। জয় বাংলা জয় বঙ্গবন্ধু। নড়াইলবাসীর আল্লাহ হেদায়েত দান করুক আমিন,murtaza,FAVOR
1ef67fd98103afca,মাশরাফি অধিক প্রেম অধিক জ্বালা তাই আমার হয়ে যায় এখন আমি বুঝতে পারছি সুপ্ত অধিকারী হতে চায় ও দেয় পাঁচ মিশানো চায় না আমি ভালো বাসি ভালো বাসবো নতুন করে জীবন রচনা করবো সব টুকু হাতে মাশরাফি।,murtaza,FAVOR
a8b50b4edaf34113,মাশরাফি লাশের কথা শুনে আমি নিজেই লাশের মুর্তি রবার্ট হয়ে যাই আমার মরে যাওয়া সম্ভব বেঁচে আছি হতভাগা এ জীবন আমি দিতে পারি আমি কেমন আছি কেউ জানতে এ প্রাণ কি করে চলে মাশরাফি।,murtaza,FAVOR
990e12b7924d293b,"জুলাইয়ের পর থেকে বাংলা দেশ দংশো হয়েগেছে। বর্তমান যে অবস্থা ভালো মানুষের জন্য রাজনৈতিক না, মাশরাফি ভালো মনের ছিলেন এখন জ্ঞানীরা দেশ ছেড়ে ও জেলে দেশ বিরোধীরা চেয়ারে।",murtaza,FAVOR
28c32e315604243f,মাশরাফি যে কোন কাজকর্মের ব্যস্ততায় সময় দেয় তাঁর রেগে যাওয়া টা স্বাভাবিক সে এক নাম্বার সততা তার ভেতরে শুধু আমি না সবার জন্য আমি ভালো বাসি আপনাকে পুরো টাই মনে হয় আমার আমার ভালো বাসার কাছে লজ্জা নেই কোটি মানুষ জেনে গেছে আমি তো বিয়ে করতে পারবো না মাশরাফি,murtaza,FAVOR
8c8abd2c03083814,দর্শক সবাই সুস্থ থাকলে World Cup 2019 এর জন্য শক্তিশালী দল নিয়েই যাবে Bangladesh! Mashrafe Mortaza এর কথা শুনে একটা বিষয় পরিষ্কার সে দলে থাকছেন না জনপ্রিয় কিছু খেলোয়াড়! তবে এবারের বিপিএল ঘুরিয়ে দিতে এদের যেকারো ভাগ্য। দর্শক আপনি কি মাশরাফির দলের সাথে একমত? জানাতে পারেন বিশ্বকাপের জন্য আপনার নির্বাচিত একাদশ নিচের কমেন্ট সেকশনে!,murtaza,NEUTRAL
236b497aba320d67,​ @Bornohin417 বলদ ওই লোগো যখন বানিয়েছে তখন এবিডি ভিলিয়ার্স আইপিএল খেলতোই না। এই শট মাশরাফি বিন মর্তুজা করেছে,murtaza,FAVOR
d5fe42145b962b61,"আপনারা যে মাশরাফির বাড়িঘর যে ভাঙলেন, এখন লোগো নিয়ে পড়ে আছেন, একমুখে দুই কথা কেমনে বললেন আপনারা। মানুষের খোঁজ খবর নেই, এই কথা নিয়ে কি কথা বলে না।।। আপনারা চিন্তা করেন কি দিয়ে কিভাবে আঙ্গুল ভাঙ্গা যায় ।",murtaza,FAVOR
c98f18eb29384979,আমার কাছে মনে হয় ওটা ইচ্ছে করে ওরা মাশরাফির মনে করে দেয় নাই লোগোটা ওরা এরকম দিছে কিন্তু হয়ে গেছে মাশরাফির ব্যাটিং স্টাইলে,murtaza,NEUTRAL
ef2fce172838bd91,"লোগোটা মাশরাফির কে বলেছে 😂😂😂 বাংলাদেশ কি দেশ সত্যি লাফায় বেশি, আবেগী হাওয়া 😂😂😂",murtaza,NEUTRAL
332d768d45b4d001,এর জন্য ওদের জরিমানা করা উচিত কেন মাশরাফির লেগো ব্যবহার করলো,murtaza,FAVOR
13d21a55846c02e6,"​ @আমি_বৌদ্ধ011 তুই যদি প্রমান করতে না পারিস, যে এটা এবিডির, মাশরাফির না,, তাহলে তোর কি হবে বল?",murtaza,FAVOR
953be67865e350ba,মাশরাফির উচিচ খতিপূরণ চেয়ে মামলা করা কেন তাকে না বলে তার ছবি IPL এ দেওয়া হয়েছে,murtaza,FAVOR
1d7d9cdddc2af352,এখন আবার মাশরাফির জন্যও কি পরাণ পুড়ে? ভাই সাংঘাতিক তাদেরই বলে😂😂😂😂,murtaza,NEUTRAL
ff52416ff2a4bce3,লোগো বাদ দিতে হবে কেনো? আমাদের মাশরাফি আইপিএলের লোগোতে আজীবন থেকে যাবে,murtaza,FAVOR
f3008ce004a11163,এটা যদি মাশরাফির লোগো হয় তাহলে বিসিবির উচিত এটা বিপিএল এর লোগো হিসেবে ব্যবহার করা😊,murtaza,FAVOR
cd660b503b595464,"লোগো কে নিয়ে এখন মাশাফির জন্য এত কান্না, তাহলে মাশরাফির বাড়িতে যখন ভাংচুর অগ্নিকান্ড করা হলো তখন কোথায় ছিলেন!",murtaza,FAVOR
504a75ff8ad7cb11,মাশরাফির লোগো বাদ দিয়ে গরুর লোগো লাগিয়ে দিক ভালো হবে,murtaza,AGAINST
47548fdfbbecaba4,অনেক আগে থেকেই জানি লোগোটা মাশরাফির শর্টের কপি.... 😴,murtaza,NEUTRAL
c3ff6b7b6e8126d2,এত বড় আসর তাথে যদি আমাদের মাশরাফি ভাই এর স্ট্যাইল ব্যাবহার করে থাকেন তাহলে আপনারা তো বড় চোর,murtaza,FAVOR
8bb28e7ca93c0b48,"মাশরাফি তো আওয়ামীলীগ, এখন কেউ সেইটা একবারও বলছ না, বাড়ি ভাঙার সময় মনে ছিল না",murtaza,NEUTRAL
e9766722a2954f98,"​ @Bornohin417 😂brain less... It's Mashrafe..., জ্বলে নাকি এটা শুনে??? কিচ্ছু করার নাই,,,কঠিন হলেও মেনে নেন😂",murtaza,FAVOR
2d890c1094059919,"কোন মাশরাফি, যার বাড়ি তৌহিদী উগ্র ছাত্র জনতা পুড়িয়ে দেওয়া হয়েছিল?",murtaza,NEUTRAL
f5fb5e01dd0ae0ec,এই লোগোর বিনিময়ে মাশরাফিকে পেমেন্ট করা হয়নি তার' অবশ্যই একটা বিজ্ঞাপন তৈরি করলে তার জন্য মোটা অঙ্কের টাকা গুনতে হয় সেটা করেছি কি?,murtaza,FAVOR
2369815084425a8f,আমার মনে হয় মাশরাফি এই বিষয়ে ক্রিকেট নিয়ন্ত্রণ সংস্থা আইসিসির কাছে নালিশ করা উচিত তার অনুমতি ছাড়া কি এই লোগো ব্যবহার করছে আই পি এল,murtaza,FAVOR
125417f3ebf033e1,মাশরাফি স্যার অনেক ভালো মনের মানুষ❤ আল্লাহ তুমি মাশরাফি স্যার কে সব সময় হেফাজতে রেখো আমিন🤲,murtaza,FAVOR
e3642657e98d0142,"আপনার, মাশরাফির কাছে দেশের মানুষের অন্যরকম এক্সপেক্টেশন ছিল, যারে এতোটুকু সে পূরণ করতে পারেনি, আন্দোলনের সময়",murtaza,AGAINST
1de4fd4d4c8eb17b,"আমি মাশরাফি ভাইয়ের কাছে কিছু প্রশ্ন করতে চাই ১। উনি প্রথমে বলেছেন উনি ব্যর্থ হয়েছেন, উনি এখন কি করবেন এই ব্যর্থতা মুছার জন্য? ২। যৌক্তিক কোটা সংস্কার নিয়ে প্রথমে কেন কথা বলে নি? প্রথম দিকে উনি কথা বলতেই পারতেন। ৩। উনি ক্যাপ্টেন মাশরাফি হয়ে কোন একটা স্ট্যাটাস দিতে পারতেন কিনা? ৪। উনি বারবার বলেছেন উনি চেস্টা করেছেন, কি চেস্টা করেছেন তার কোন প্রমান উনি দিতে পারবেন? ৫। স্টেপ-ডাউন করলে কি সমস্যা হতো? উনার কাছে কি মনে হয়েছিল নড়াইলের অবকাঠামো উন্নয়ন সাধারন মানুষের অবিচারে মরে যাবার থেকে বেশি গুরুত্বপূর্ন? উনি তো যদি স্টেপ ডাউন করতেন তাহলে নড়াইলের মানুষ অন্য কেউকে খুজে নিত। আর আপনি তো এত কিছু করেছেন, তাহলে আপনার জবাব দিয়ার মত অনেক স্কোপ ছিল নড়াইলের মানুষের কাছে। এই উন্নয়নের ফিরিস্তি দিয়ে উনি উনার লিডারের মত কথা বললেন, যা মোটেও কাম্য নয়। মাশরাফি ভাই, আপনি ক্যাপ্টেন মাশরাফি থাকলে একটা বারের জন্য হলেও আপনি ক্ষমা চাইতেন জাতির কাছে। একটাও বারও বলেন নাই, আপনি এখনও আওয়ামীলীগের এমপি। আপনার বাড়ি পুড়ানো হয়েছে সেই জন্য। আপনি ক্ষমতা লোভী। চিন্তা করেছিলেন আওয়ামী লীগ থেকে গেলে আপনি পরে বিপদে পড়বেন। আপনার ক্ষমতা থাকবে না। ছি মাশরাফি ভাই ছি। এত গুলা নিরিহ মানুষ মারা গেল আর আপনি চিন্তা করলেন নড়াইলের মানুষের উন্নয়ন এর কথা। আপনি না থাকলে কি হতো? কাজ হত না, না হলেও আপনি আমাদের ক্যাপ্টেন থাকতেন। আপনিও হাসিনা হয়ে গেলেন।",murtaza,AGAINST
b700044f8950706f,"রাজনীতিতে জড়ানোই ছিল মাশরাফির সবচেয়ে বড় অপরাধ, কারণ এদেশের সুস্থ রাজনীতি খুব কমই দেখা গেছে",murtaza,AGAINST
2373032e16cf91b7,"ম্যাশ অভিনয় করে না,, উনি সব সময়ই লিগেল ছিলো, হয়তো কিছু বলেনি,, আপনি একটা দলে থাকলে অন্য কিছু করতে পারেন না,, তবে মাশরাফি অনেক ভালো মনের মানুষ,, একটা ইশু দিয়ে একটা মানুষকে বিচার করা ঠিক না,",murtaza,FAVOR
0d3bb1b55d195e9d,"আপনি মাশরাফিকে কতটুকু চিনেন?, তার এলাকায় আপনি গেছেন? ওনার কি ফুল কথাবার্তা টা শুনছেন? আমার মনে হয় আপনি কিছু শুনেন নাই। আর যদি শুনে থাকেন কিংবা উনাকে চিনে থাকেন কিংবা উনার এলাকায় একবারও যেয়ে থাকেন তাহলে বুঝবো আপনার মাথায় শুধু গোবর আছে। মাশরাফি একজন যোগ্য লিডার। একজন এমপি, রাজনীতিবিদ কেমন হতে হয় তা তিনি একবার দেখিয়েছেন এবং দেখাচ্ছিলেন।",murtaza,FAVOR
cf4dc8d989938d97,"ভাই মাশরাফি আমার শহরের আমি তাকে খুব ভালো করে চিনি। আমরা নড়াইলের মানুষ তাকে ভালবাসি আওয়ামী লীগ হিসেবে না বরং ক্যাপ্টেন ফ্যান্টাস্টিক হিসেবে। সে নড়াইলের জন্য যা করেছে গত ৫০ বছরেও তা আমরা পাইনি। এখন যারা মাশরাফির বিরুদ্ধে বলতেছে, তারা তাদের স্বার্থে বলতেছে। ভাই এসব বাদ দিয়ে আসেন সম্প্রীতির দেশ গড়ি।",murtaza,FAVOR
4a0d47e9eb6a1637,মাশরাফির মতো মানুষ হয় না। এটা তাকে যারা কাছ থেকে দেখেছে তারা খুব ভালো করে জানে,murtaza,FAVOR
4af706d538b263f5,মাশরাফি সম্পর্কে তোরে আর কি বলবো মাশরাফি আছে বিদায় নড়াইলে উন্নত জনগণ তাদের মনের কথা ভুলতে পারি একজন এমপি কে শুধু রাজনৈতিক দিক দিয়ে দিয়ে না ব্যক্তিত্বের দিক দিয়ে মাশরাফি সেরা,murtaza,NEUTRAL
18484297f7b2cc5d,"মাশরাফি হয়তো অভিনয় করেছে কিন্তু এর দ্বারা বাঙ্গালীদেরকে গালি দেওয়া যায় না। কেননা তাকে ক্ষমা করে দেওয়াটা এটাই প্রমাণ করে যে বাঙালিরা ক্ষমা করতে পছন্দ করে। ""ক্ষমা করে দেওয়া"" এটা অবশ্যই অনেক বড় মহৎ গুন।",murtaza,NEUTRAL
9f39dbcda75a099a,"বাঙালি সবার অভিনয়েই গলে যায় শুধু মাশরাফির না। একটা কথা আছে না, হুজুগে বাঙালি**। আজ যাদের উপরে উঠায়ছে কয়দিন পর দেখবেন তাদের ই দুর্নাম করতেছে, এটাই বাঙালি জাতি।",murtaza,NEUTRAL
56471277ca93b63b,আপনি মাশরাফির ভুল দেখান? সে কথা বলে নাই কোটা ইস্যু নিয়ে এইটা তার ভুল?,murtaza,AGAINST
e72e2e50411dcb8e,আরে মাশরাফি অভিনয় করে না আর আমরা আওয়ামী লীগও করি না মাশরাফিরে নিয়ে উল্টাপাল্টা কথা বলবেনা,murtaza,NEUTRAL
4339ed48c32faa4a,মাশরাফি কতজনের ক্ষতি করেছে পারলে একটা তালিকা দিয়েন।,murtaza,NEUTRAL
ea7e2fa0e4f21ccd,"অভিনয় করে না কে সবাই অভিনয় করে শুধু মাশরাফির অভিনয়টাই দেখলেন,,, এখন যে বাংলাদেশের অবস্থা আমি দেখতেসি সবাই অভিনয় করতেছে সেইটা হোক অন্তর্বর্তী সরকার ও বিএনপি সবাই 😅",murtaza,NEUTRAL
18f7e23424406d8e,"মাশরাফি তুমি শুধু নড়াইলের না তুমি ছিলে পুরো দেশের কিন্তু এখন থেকে তুমি শুধু নড়াইলের হলে,,আর তোমাকে আমরা এতটা ছোট অবস্হানে ভাবি নি..",murtaza,NEUTRAL
3758710ff1b8dfda,মাশরাফি মাশরাফি এই নামটাই কেমন যেন ভালো লাগার,murtaza,FAVOR
88a2fb5f9d8681bc,মাশরাফি থেকে অনেক ভালো হিরু আলম। নাচে গায় দিন জায়,murtaza,FAVOR
1d50506a8e9a3c81,মাশরাফি 16 কোটি মানুষের থেকে বিদায় নিয়েছে 1 আসনে মানুষকে জয় করার জন্য ও কিভাবে 16 কোটি মানুষের বক্ত হবে ছিল আগে এখন হল নড়াইলের ভক্ত আমাদের না নড়াইল দেরকে গুনবেন কিন্তু আমাদেরকে না যদি সে ইমরান খান এর মতন হত তাহলে হত আমাদের বস মাশরাফি বিন মুর্তজা সে একজন হত সরকার সে আপনার আমার সবার এ হত 16 কোটি মানুষের কলিজার টুকরা হত,murtaza,NEUTRAL
b5c5b0ed1fc12749,মাশরাফি নাটক বাজ এতো দিন জনপ্রিয় হওয়ার জন্যে ভালো মানুষের অভিনয় করছে...,murtaza,FAVOR
77aabaf6ad520508,মাশরাফি ভাইকে আওমিলীগের সাধারন সম্পাদক হিসাবে দেখতে চাই।।।,murtaza,NEUTRAL
2b4ef09fa9527823,"আমি সকল বাংলাদেশের মানুষের কাছে বলছি সব মানুষের সপ্ন থাকতে পারে মাশরাফীর পারথী হওয়ায় নড়াইলে উচ্ছাস,, আমি একজন সাধারণ স্টুডেন্ট আমার জন্ম সিলেট,, আমার সপ্ন ছিল আমি আওয়ামী লীগের প্রার্থী হয়ে লড়াই করব।আমার টাকার অভাবে আমি আওয়ামী লীগের নমিনেশন কিন্তুে পারি নাই, আমিত বাংলাদেশের একজন সাধারণ মানুষ -- মাশরাফী নৌকার পক্ষে পার্থী হলে আমি কেন পারব না ---- আমি একজন সাধারণ স্টুডেন্ট বলে পারি নাই, আমার জন্মের পর থেকেই আমি আওয়ামী লীগ কে শ্রদ্ধা করি। আমি যদি মা জননী শেখ হাসিনার কাছে দেখা করার মত সেই কমতা থাকতো তাহলে আমার সপ্নের কথা গুলি বলতাম তাহলেই আমার জিবন ধন্য মনে করতাম- আমার লেখাটা দেখে কেউ হাস্যকর মনে করবেন না -- কারণটা সব মানুষের সপ্ন থাকতে পারে মাশরাফি সপ্ন দেখলে আমি কেন পারব না -- আমার মোবাঃ নাম্বার ( 01781422623)",murtaza,NEUTRAL
2585e04f192dcb91,শালা মাশরাফি তুই 20 কোটি লোকের ছিল আর আজ only 6 কোটি লোকের,murtaza,NEUTRAL
8da24b68db60965c,যা হয় পরিস্থিতিতে পড়ে যায় আসলে মাশরাফি বিন মুর্তজা ভালো মানুষ।,murtaza,FAVOR
b04a1688e4e6ae93,মাশরাফি মতো সততা এমপি কোনো ৷দিন হয়নি আর হবে না তিনি একজন ভালো মনের মানুষ,murtaza,FAVOR
86606962612c1799,মাশরাফি ভাই আসসালামুয়ালাইকুম কইতে হবে আপনার অনেক ধৈর্য আছে 🌹🌹🌹🌹🤝🤝,murtaza,NEUTRAL
17a4c63c7fd89a37,মাশরাফি বা এক্সাম ভালো খাবার যেন সে দেশে ফিরে আসুক,murtaza,FAVOR
fcb0cd0cb3e39589,আমি দল মত নির্বিশেষে মাশরাফি ভাই একজন সত্যিকারের ভালো মনের মানুষ ❤❤,murtaza,FAVOR
0def3a2d672df227,মাশরাফি নড়াইল বাসির জন যা করেছে তা ৫০ বছরে ও হবে কি না যানি না তবে সবসময় মাশরাফি ভাইয়ের পাশে আছি।,murtaza,NEUTRAL
0e35613416b3b11e,তবে... মাশরাফির সাথে এমন টা করা ঠিক হয়নি..!! তিনি খুব ভালো মনের মানুষ,murtaza,FAVOR
15ba95cfe1c64439,তবে আর যাইও হোক কেনা মাশরাফি বাড়ি টা ভাংগা বা পুড়িয়ে দেওয়া টা ভালো হয় নাই,murtaza,FAVOR
ac151bc2656fd8ed,মাশরাফি আমি রাজনীতি করবো না কিন্তু মায়ায় জড়িয়ে ধরেছি পাঁচ তারিখে জয় বাংলা জয় বঙ্গবন্ধু শেখ হাসিনা সরকার বারবার দরকার শেখ হাসিনা সরকার বিকল্প নেই আমি যতটা এই নাম লিখে যাই সতেরো কোটি মানুষ আমার মতো লেখা লেখি করে নাই আমার পরিস্থিতি কি হবে মাশরাফি।,murtaza,NEUTRAL
4c447180b8f9176b,নড়াইলের মানুষ বেঈমান নইতো নড়াইলের জন্য এত কিছু করার পরও নড়াইলের মানুষ অন্তত মাশরাফির মতো মানুষের সাথে এমন করতে পারতো না। দল খারাপ হতেই পারে কিন্তু ব্যাক্তি মাশরাফির কোন তুলনা হয় না।,murtaza,AGAINST
bb7867841e6238f1,মাশরাফি ভাই একজন ভালো মানুষ তাকে আমি সমর্থন করি,murtaza,FAVOR
aace87420e42f6d9,মাশরাফি হয়তো বুঝতে পারছিলেন আন্দোলন ছিলো শিবিরের। তাই কথা বলে নি,murtaza,NEUTRAL
af7fec17ddb2b68a,মাশরাফি তার জেলার জন্য যা করছে! তার কিছু টা যদি আমাদের ময়মনসিংহের এমপিরা করতো তাহলে তাকে মাথায় তুলে রাখতাম ❤,murtaza,NEUTRAL
c4af3bb4f0c6d7ce,"সবাই বলছেন আওয়ামী লীগ খারাপ কিন্তু মাশরাফি ভালো, তাহলে একটা প্রশ্নের উত্তর দিন, ভালো মানুষ খারাপ জিনিসের সঙ্গ দেই কিভাবে..?",murtaza,FAVOR
53bb797dfe106fa7,াশরাফি সবই ঠিক আছে সত্য কথা বলি আপনার কোন দোষ নেই আমি পাঁচ তারিখে ছিলাম আমি সবই জানি আপনি ভালো মানুষ হতে পেরেছেন।আমি বলতে পারি আওয়ামী লীগ সংসদ সদস্য কতো জন এক জন নেই থাকা সম্ভব না না আমি জুলাই থেকে পাঁচ তারিখে শুরু করেছি।সততা বার বার ডাকে মাশরাফি।,murtaza,FAVOR
a31f2e8cd89b4569,মাশরাফি ভাই আপনি খেলা নিয়ে থাকেন আপনার রাজনীতিতে গেছেন কেন আপনার খেলার মানুষ খেলার মানুষ খেলার থাকেন আপনারা রাজনীতি দেওয়াটা আপনার উচিত হইছে না,murtaza,NEUTRAL
2919091b375d38a5,ঠিক বলেছেন মাশরাফি কে শায়েস্তা করা উচিত,murtaza,FAVOR
bc3061292be2a98a,আন্দোলনে ছিলেন মনে হয়তো না স্টুডেন্ট আপনি! মনে হচ্ছে বিএনপির দালাল ভালো হয়ে যান মাশরাফির বিরুদ্ধে জায়েন না কারণ ভালো মানুষের সাথে এমন করে কেউ ভালো থাকে না আওয়ামী লীগ-বিএনপি কেউই ভালো না সো ভালো মানুষকে আমরা মূল্যায়ন করতেই পারি।,murtaza,FAVOR
06858630393a42cb,"মাশরাফির পাগলা ফ্যান ছিলাম, কিন্তু আওয়ামী লীগে যোগ দেয়ার পর ওনাকে মন থেকে ঘৃণা করি।",murtaza,AGAINST
e07d9baff2f26771,মাশরাফি কোন সংসদ সদস্য আনদোল নের মধ্যে এক জন ও মুখোমুখি হয় নি আপনি একা একা কিছু করার সম্ভব না না না আপনি চুপচাপ ও ছিলেন না ইংগিত দিয়ে বুঝাতে চেষ্টা করেন সাহসের সাথে তা না হলে আমি কি করে আপনাকে পেলাম পাঁচ তারিখে এটা সত্য এই ভাবে ষড়যন্ত্র করে আপনার সাথে আমি আপনাকে দেখেছি আপনার জন্য মিথ্যা বানোয়াট করছে তাতে হবে কি? এর জন্য আমার রাজনীতি পছন্দ করি না ভালো বাসি মাশরাফি আমি অনেক অনেক ভালো বেসেছি মাশরাফি।,murtaza,FAVOR
ade0131fea105a9d,আমার বিশ্বাস আছে বার বার সততার সাথে দেখা হবে ও হয় আপনি ঢাকা কেন আপনি ঢাকা এটাই মাথায় পোকা মাকড়শা তৈরি হয়েছে আপনি পালিয়ে যাননি কেন? পালিয়ে যাওয়া টাকা লাগে সৎ মানুষের টাকা নেই মরার মতো আছেন সার্বক্ষণিক বুঝতে হবে আমি ভালো বাসি মাশরাফি।,murtaza,FAVOR
cb27e61870fe8446,"মাশরাফি আমার মনের পছন্দের লোক ছিল অনেক অনেক পছন্দ করতাম, কিন্তু যেদিন লুবে আওয়ামী লীগের এমপি হলো সেই দিন থেকে পছন্দের তালিকা থেকে বাদ দিয়ে দিলাম",murtaza,AGAINST
344746c78a728ee7,"মাশরাফি এর মত cricket আইকন কে এক চরম অন্যায়ের মধ্যে ছিল হাসিনার রাজনীতির সঙ্গে মিশে, যার সামাজিক, মানসিক ও আইনগত শাস্তি তাকে পেতেই হবে I",murtaza,NEUTRAL
dfaa6141cd0c717b,আল্লাহ রাব্বুল আলামীনের কাছে দেশের সকল মানুষের দোয়া দেশের এই উজ্জ্বল নক্ষত্র মাশরাফিকে আল্লাহ সুস্থ রাখেন ও নেকহায়াত দান করেন।,murtaza,NEUTRAL
8a544506f5c85371,"মাশরাফি খুব ভালো মনের একজন মানুষ, আর ক্রিকেট হচ্ছে মাশরাফির রক্ত, সারা না দিয়ে কি পারে, ❤",murtaza,FAVOR
7585652886988af3,মাশরাফি আমার কাছে অনেক ভালো একটা মানুষ,murtaza,FAVOR
7020226402ee5b56,মাশরাফি বিন মুর্তজা কে বিসিবির সভাপতি দেখতে চাই।।,murtaza,NEUTRAL
7fcb709c5af61853,মাশরাফিকে কেপ্টেন করে দল ঘোষণা করা উচিত ছিলো।। সে এখনও জীবন দিয়ে খেলে,murtaza,NEUTRAL
7881c511d47f9050,মাশরাফি ভাই কে ২০২২ বিশ্বকাপে প্লেয়ার হিসাবে দলে দেখতে চাই,murtaza,NEUTRAL
b98c9e1d55fb3c7d,"মেন্টর টেন্টর না, মাশরাফিকে সভাপতি বা প্রধান নির্বাচক হিসেবে দেখতে চাই",murtaza,NEUTRAL
5b6d0bc273c425f9,মাশরাফি কে বিসিবি সভাপতি বা নির্বাচক হিসেবে দেখতে চাই,murtaza,NEUTRAL
ef0337847dc81499,মাশরাফি ভাই বোর্ড প্রধান হয়ে আসলে সব থেকে ভালো হবে,murtaza,FAVOR
ae9abb81da3ec853,মাশরাফি ভাই হেড কোচ অথবা ম্যানেজার হিসেবে খুব ভালো করবে কারণ অধিনায়ক হিসেবে যতটা সফল ছিল মাশরাফি কোচ হিসেবে অথবা ম্যানেজার হিসেবে সেই অভিজ্ঞতা দলের সাথে শেয়ার করতে পারবে আর কেনো জানি মনে হচ্ছে মাশরাফি ভাই হয়তো ২০২৩ ওয়ান ডে বিশ্বকাপ খেলতে চাইবে,murtaza,FAVOR
2a7140d10c0a62fa,মাশরাফি একটা ভালো ম্যানেজমেন্ট পদে আসলে আমরা আগামী বিশ্বকাপ আন্ত পারি এটা আমার বিশ্বাস আর এটা শুধু আমার বিশ্বাস নয় এটা 16 কোটি মানুষের বিশ্বাস,murtaza,FAVOR
ccad522b63fe23b3,মাশরাফি ভাই কে বিসিবির প্রসিডেন্ট হিসেবে দেখতে চাই।,murtaza,NEUTRAL
25da672e6b1d3e3e,মাশরাফি দিয়েও কাজ হবে কারণ জিম্বাবুয়ের মত টিম বাংলাদেশের সাথে খেলা হচ্ছে না বাংলাদেশের যত ভালো পারফরম্যান্স জিম্বাবুয়ে এবং কেনিয়ার সাথে। যেহেতু জিম্বাবুয়ে এবং কেনিয়া এখন ক্রিকেট তলানিতে পড়ে গেছে সেহেতু বাংলাদেশ ক্রিকেট টিম ওই স্থানে চলে গেছে যেমনটা জিম্বাবুয়ে কেনিয়া তলানির দিকের দলে পরিণত হয়েছে।,murtaza,FAVOR
e815d8d33c637f03,খুবই সুন্দর সিদ্ধান্ত। নিসন্দেহে মাশরাফি ভাই একজন ভালো মানুষ। সুধু রাজনীতির পতিহিংসার কারণে তাকে ভুল বোঝা আমাদের উচিত হবে না।,murtaza,FAVOR
098acb045cff7fb9,মাশরাফি বিন মর্তুজা আসলে সেই খুব ভালো মানুষ তাকে বিসিবিতে সুযোগ দেওয়া হোক তাতে জনগণ খুব খুশি হবে,murtaza,FAVOR
d0e3d51d93dbd7bd,আমিও সমর্থন করি কিন্তু মাশরাফি ভাইকে বিসিবি এবং সাধারণ মানুষের দিকে খেয়াল রাখতে হবে ভালোভাবে।,murtaza,FAVOR
f463bc1489773101,মাশরাফি ভাই ভালো মানুষ ভুল পথে পা বাড়িয়েছিল সংশোধন হওয়ার সুযোগ দেওয়া দরকার,murtaza,FAVOR
99f1b29ab7babfb4,মাশরাফি বিন মুর্তাজ আগে চাই সভাপতি হিসেবে,murtaza,NEUTRAL
5014172a371b3df0,মাশরাফি ভাই একজন ভালো মানুষ তাকিয়ে এই দায়িত্বটা দেয়া হোক,murtaza,FAVOR
76c8df9b18aadf42,আলহামদুলিল্লাহ। মাশরাফির বাড়ি ভাংচুর যারা করেছে তাদের বিচার হওয়া দরকার,murtaza,NEUTRAL
5683865ea8a19d18,মাশরাফি ভাই বিসিবির সভাপতি হবে যোগ্যলোক তিনি। এক কথায় ভালো মানুষ তিনি।,murtaza,FAVOR
1024b47deb6f564c,ভালো মানুষ হিসেবে মাশরাফি ভাই কে একটা সুযোগ দেওয়া হউক।,murtaza,FAVOR
9c381ffe2296ab7e,মাশরাফি ভাইয়া দুর্নীতি বোঝেনা আসলে সে তো উন্নয়ন বোঝে এইজন্যই তাকে এর চাইতেও ভালো পথ দেয়া উচিত,murtaza,FAVOR
7d3aad026d1323e7,মাশরাফি খেলাকে খেলা হিসাবেই দেখেন and tt is called intelligenge. Good proposal.,murtaza,NEUTRAL
09cedc7f80227b25,মাশরাফি কে বিসিবির সভাপতি হিসেবে দেখতে চাই,murtaza,NEUTRAL
07b120db22ab68cc,মাশরাফি ভাই কে বিসিবির সভাপতি হিসেবে দেখতে চাই,murtaza,NEUTRAL
8aecc6b2e6ac00e0,বিসিবির সভাপতি মাশরাফি বিন মর্তুজা কে চাই,murtaza,NEUTRAL
9b69fba429cf6ec1,"কোন অবসন নাই, ডাইরেক্ট মাশরাফি বিন মর্তুজা কে সভাপতি হিসেবে দেখতে চাই।",murtaza,NEUTRAL
3802108d61c39c93,"এটা যদি সত্যি হয় তবে খুবই ভালো খবর।।। কারন মাশরাফি সত্যিই একজন ভালো মানুষ ছিলেন ,আছেন এবং থাকবেন ইনশাআল্লাহ",murtaza,FAVOR
392cad24703a3810,আমি ও গোটা দেশবাসী চায় মাশরাফি কে বিসিবির সভাপতি হিসেবে দেখতে .,murtaza,NEUTRAL
fc953eeb5ee3f7b0,"আমি মনে করি মাশরাফি ভাই বাংলাদেশের ক্রিকেট বোর্ডের সভাপতি হওয়ার মতো যোগ্যতা সম্পুর্ন একজন আদর্শ মানুষ, ওনার কথা বার্তায় মনে হয় না উনি জনবিচ্ছিন্ন একজন মানুষ, হতে পারে উনি আওয়ামী লীগ থেকে নির্বাচন করেছেন, কিন্তু আওয়ামী লীগ এর অন্য সব লোকের সঙ্গে মাশরাফি কে তুলনা করা ঠিক হবে না, তাই উনি সবার কাছে একজন আদর্শ মানুষ হিসাবে এিকেট এর উন্নয়ন এর জন্য যোগ্যতা সম্পুর্ন মানুষ , ধন্যবাদ সারজিস ভাই কে, 1:27",murtaza,AGAINST
48d9f61d112ec68a,মাশরাফি ভাই বিসিবি তে চাই আসিফ ভাই কে অনুরোধ করছি ভাই,murtaza,NEUTRAL
b8e4d1b8397748ee,মাশরাফি ভাই কে বিসিবির সভাপতি হিসেবে দেখতে চাই।,murtaza,NEUTRAL
9fdfaf9637cdf21b,আলহামদুলিল্লাহ মাশরাফি একজন ভালো লোক তাকে আসার জন্য অনুরোধ করা হোক,murtaza,FAVOR
8f892a387364521b,"সে একজন সৎ,মাশরাফি আসলে অনেক ভালো হবে,সে যোগ্য,সে দল করেছে,বিনভোটে জয় পেয়েছেন কিন্তুূ দূর্নীতি করেনি",murtaza,FAVOR
d94170f32a1f12a6,মাফ করে দেয়া হয় টিকিট টিকিট বু উন্নত করার জন্য মাশরাফিই যোগ্য,murtaza,NEUTRAL
161f922c0ab1b34b,Mashrafe is a good person but his political activities were questionable. Anyone can have any ideology but people are angry on him because he remained silent,murtaza,NEUTRAL
885f325a7be331d0,আমি মনে করি মাশরাফির না আসাটাই ভালো হবে।,murtaza,FAVOR
17ef8ef23bb82029,আমি একজন সাধারণ নাগরিক হিসেবে মনে করি যেন বিসিবি দায়িত্বটা মাশরাফি ভাইকে দিলে অনেক ভালো হবে এবং কি আমি খুশি হব❤❤❤❤❤❤❤❤❤,murtaza,FAVOR
287a48d51f94249f,মাশরাফি বিন মুর্তাজাই হলেন একজন ভালো মানুষ উনি এখানকার প্রাপ্য এবং ভালো মানুষ,murtaza,FAVOR
5a2eefcc9eca365a,"নিউজ টা মিথ্যে , তবে মাশরাফি বিন মুর্তজা একজন ভালো মানুষ, তিনি যদি বাংলাদেশ ক্রিকেট বোডের সভাপতি হয় আমার মতে অনেক ভালো হবে, ক্রিকেট দল অনেক উন্নতি করবে।",murtaza,FAVOR
e56675590812d878,Mashrafe is a good person who have been capability to chang and grow up our team /BCB. Pray for him from myself,murtaza,NEUTRAL
189cfd6eb96b87ed,বিসিবির সভাপতি হওয়ার যোগ্য মাশরাফি তাকে দিলে ভালো ই হবে,murtaza,FAVOR
436313314000d851,কেন আর কেউ নেই মাশরাফি কে সভাপতি করতে হবে,murtaza,NEUTRAL
bb8d37970f331e3f,মাশরাফির মত ভাল।মানুষ হয়ই না।ভাল কাজ করেছে,murtaza,FAVOR
9a0b7b71e26fdd08,"An excellent decision taken. Definitely masrafe bin murtuza is the best, suitable person to be the president of BCCb. A lot of thanks to honourable advisor for sports for this nice decision and congratulations to our dear cricket icon masrafe bin murtuza for adorning the chair.",murtaza,FAVOR
7617f3882df16134,"মাশরাফির বিসিবি তে সভাপতি ব্যতীত নিচের কোনো পদে আসা উচিত নয় কারণ বিসিবিতে মাশরাফির চেয়ে কেউই যোগ্য নয়। পাপন সাহেব খেলোয়াড় নয় ,এমপি আর মাশরাফি খেলোয়াড় এবং এমপি।",murtaza,NEUTRAL
ddd8ee2016d7fdbb,আমি দেক চাই নতুন বিসিবি বস মাশরাফি বিন মুর্তজা দেশ ভালো জন্য,murtaza,FAVOR
49c0acde4e50282b,Yes need this like a Mashrafe. But we don’t have really 💔,murtaza,NEUTRAL
405a427455ec9718,আমি আসোল মাশরাফিকে খুজে পাচ্ছি না' মাশরাফির প্রতি ভক্তি এবং ভালবাসা আজকে প্রতিটা খেলোয়াড় একজন মাশরাফিকে ধারণ করেছে!! বিদায় হে কিংবদন্তি!! তুমি ইতিহাস হয়ে থাকবে বাংলাদেশ ক্রিকেটে!! 🇧🇩💙,murtaza,FAVOR
4b3328b3ab898eaa,আমাদের দেশে ক্রিকেটের অনেক কিংবদন্তী আছে/ আসবে। কিন্তু টাইগার ক্রিকেটের প্রথম কিংবদন্তী সর্বদা মাশরাফি বিন মর্তুজা থাকবে। ❤️🥺 মাঠে মাশরাফির ক্যাপ্টেনসি অনেক অনেক মিস করবো। We always Miss you the legend of Bangladesh cricket Captain “Mashrafee Bin Mortaza”🖤🖤 THANK YOU CAPTAIN MASHRAFEE MORTAZA.🌹,murtaza,FAVOR
c0e8009858066a78,মাশরাফি এমন একটা নাম যার নাম শুনলে.. হঠাৎ বুকের বিতরে কি জানি কি হয়... লাভ ইউ মাশরাফি ❤❤❤❤,murtaza,NEUTRAL
3d2f71935d8a778f,What a player!! what a captain!! Take a bow Mashrafe... #respect from Nepal,murtaza,FAVOR
d592dfab01a466ca,জার কেউ নাই তার জিম্বাবু আছে। তবে মাশরাফি কে অনেক মিস করব।,murtaza,NEUTRAL
36331a5b63b33a2f,You are a history of Bangladesh. 🇧🇩 You are great leader of Bangladesh.🇧🇩 You are a legend of world cricket. 🇧🇩 You are a real hero of cricket. 🇧🇩 You are a dream of Bangladesh. 🇧🇩 You are real beauty of Bangladesh cricket. 🇧🇩 Allah bless You my Captain. 🇧🇩 Always love you Captain. 🇧🇩 .......Mashrafi Bin Mortaza 🇧🇩BoSs,murtaza,FAVOR
ecd18d4922380b62,Mashrafe is one of the best captains in the world. I love you this legendary cricketer.,murtaza,FAVOR
6bf812e4fbd88ab6,মাশরাফি বাংলাদেশ কে অনেক অনেক সন্মানিত করেছে। ধন্যবাদ মাশরাফি। তুমি যেখানে ই থাকো যেভাবেই থেকো দোয়া করি ভালো থেকো।,murtaza,FAVOR
07fbb08ccae3f234,Mashrafe’s last match ever in Red & Green colours. He got a wholesome farewell.,murtaza,NEUTRAL
cc665959c2efe1f7,I love the way how william congratulated Mashrafee Bin Mortaza,murtaza,FAVOR
6de6d3d0348fbd44,মাশরাফির বিদায়ী ম্যাচে এর থেকে ভালো উপহার হতে পারতো না। ধন্যবাদ মাশরাফি আপনাকে পুরো জাতিকে দীর্ঘদিন আনন্দ দেওয়ার জন্য। আশা করি দলীয় সংকীর্ণতার উপরে থেকে আপনি নড়াইল তথা সমগ্র দেশের উন্নতিতে একাগ্রতার সাথে কাজ করে যাবেন। ফি আমানিল্লাহ।,murtaza,FAVOR
42c8756e27666c59,যাদের এক কাপ চা খাওয়ার টাকা ছিল না তারা আজ কোটি টাকার মালিক তারা মাশরাফিকে নিয়ে মন্তব্য করে ভাবতে পারিনি হাঁসি পাচ্ছে,murtaza,NEUTRAL
7cb6dbeb6604f0e4,নড়াইলের মানুষদের ঘেন্না করি। মাশরাফি মহানায়ক ❤🇧🇩🇧🇩🇧🇩🇧🇩🇧🇩 মাশরাফি আমাদের বাংলার দামাল ছেলে। মুক্তিযোদ্ধারা যুবক বয়সে মাশরাফির মতই ছিল মনে হয়। মাশরাফির দাদা মুক্তিযোদ্ধা,murtaza,FAVOR
519ac42aba399f5c,নড়াইলের মানুষ সবচেয়ে পিসি বিশ্বাসঘাতকতা করেছে মাশরাফির সাথে মাশরাফির ঘরবাড়ি ভাঙতে অন্য জেলায় থেকে গিয়ে ঘরবাড়ি ভাঙ্গে নাই,murtaza,NEUTRAL
6d7686ef1302f684,সারজিসের বসন্ত চলছে। কিন্তু খোলস পাল্টানো ছাড়া সারজিসের মহান কোনো কীর্তি নেই যেটা মাশরাফির আছে।,murtaza,NEUTRAL
aa7dbbba4e99c56d,"আমি একজন সাধারন নিরপেক্ষ মানুষ,আমি ভালো কাজে উৎসাহ দেই আর খারাপ কাজে প্রতিবাদ করি সেটা যে দলেরই হোক বা যে মানুষেরই হোক,আমি মনে করি মাশরাফি অনেক ভালো মনের এবং খুব ভালো একটা ছেলে কিন্তু তার বাংলাদেশের বর্তমানের নোংরা রাজনীতিতে ঢোকা বা জরানো ঠিক হয়নি।তবে দলবল নির্বিশেষে দেশের ও দেশের মানুষের সেবার জন্য মাশরাফি কে মন্ত্রীতে রাখা উচিত সবসময় সেটা যে দলের সরকারই থাকুক।",murtaza,NEUTRAL
91da013244165eb2,"​ @MdApu-sy6if এই জঘন্যতম নোংরা দেশে মাশরাফি ভাই এর মতো এমন মন মানসিকতার একটা নেতৃত্ব দিতে পারা অধিনায়কের বড্ডই অভাব। আর এই অভাব টা রাজনৈতিক দল গুলো ইচ্ছে করে ই রাইখা ইই জনগণের সাথে ভন্ডামির রাজনীতির খেলা খেলে। আপনার এই ইচ্ছে যদি পূরণ করে ফেলে তাহলে তো আর ওদের মতো রাতারাতি জমিদার বংশের নাতিপুতিরা এমনিতেই দাম পায় না, তখন তো আরও পাবে নাহ 🤣🤣🤣",murtaza,FAVOR
73e41161f9590903,"মাশরাফি হলো ভালো মনের মানুষ,সারজিস মাশরাফির তুলনায় টুকাই মাত্র যে যেখানে আছেন সেভাবে তাকে সম্মান করা হলো সুশিক্ষিত মানুষের পরিচয়।",murtaza,FAVOR
8b487eb5cf580ac6,"মাশরাফি ওয়ান ব্যান্ড, তোমার মতো দুই দিনের হিরো না, এবং জিরো করে ছেড়ে দিয়েছে জনগণ ভোটের মাধ্যমে, ম্যাশ এর জনপ্রিয়তা অতীতে য়েমন বর্তমান ও ভবিষ্যত থাকবে এমন",murtaza,NEUTRAL
7a59abe87769b507,দালালি করার সময় মনে ছিল না যখন গণহত্যা হচ্ছিল মাশরাফির মুখ বন্ধ ছিল কেন? দাম্ভিকদের এভাবেই আল্লাহ পতন করে দেয় |,murtaza,NEUTRAL
e6f1189cef11311c,মাশরাফি দেশের সম্পদ। তার রাজনৈতিক জীবন ছিল খুব ভালো। সারজিসরা সব কিছুতে বাড়াবাড়ি। গাড়ি ভাড়া ছিল না এখন বিলাসবহুল জীবন।একে আইনের আওতায় আনা হোক।,murtaza,FAVOR
3480c3ec476bd800,মাশরাফি ছিল বাংলাদেশের বস যখন অবৈধ সরকারের নির্বাচনে গেছে তখন থেকে মাশরাফি জনগণের মন থেকে উঠে গেছে,murtaza,NEUTRAL
561b40aadc841ea9,বাংলাদেশের অলিতে গলিতে এক হাজার সারজিস আলম পাওয়া যাবে। কিন্ত সারা পৃথিবীতে মাশরাফি শুধু একজনই! তিনি দি ম্যাশ! ❤️,murtaza,NEUTRAL
ae93cb76b25102e4,"মাশরাফি যে দলি করেনা কেন, সে কি রকম মানুষ, সেটা এ দেশের মানুষ যানে। যারা তাকে নি বাজে মন্তব্য করে, এখন যদি মাশরাফি এবং তাদের মধ্যে ভোট হয়, মাশরাফি ৯৫% ভোট পাবে আর বাকিরা ৫% ভোট পাবে কিনা সন্দেহ আছে, কারণ মাশরাফি সম্পর্কে এদেশের মানুষকে কোন কিছু নতুন করে বলতে হবেনা।",murtaza,AGAINST
ca01575c7971505f,"জুলাই অভ্যুত্থান না হলে সারজিস, হাসনাত, নাহিদ,সজীব এদের কে সাধারণ মানুষ চিনত না। কিন্তু মাশরাফির পরিচয় পরিচিতি শুধু বাংলাদেশ না বিশ্বের অনেক দেশে সুনামের সাথে জলজল করছে। আমরা বাঙালি ভালো মানুষের মূল্যায়ন খুব কমই দেই।",murtaza,FAVOR
678688c5e471aade,"মাশরাফি তো ভদ্র লোক,,, তবে তিনি তার ভুলের জন্য জনগণের কাছে ক্ষমা চাননাই কেন!!",murtaza,AGAINST
407db861f4760b7b,মাশরাফি ভাই ভালো মানুষ ওনাকে নিয়ে কোন কথা বললে আমাদের বুকে লাগে কিন্তু যে আওয়ামী লীগ এই দেশে স্বৈরাচারী তৈরি করেছে তাদের জন্ম আর এই বাংলার মাটিতে যেন না হয় এরা এই দেশটা ধ্বংস করে দিতে চেয়েছিল ভারতের কাছে,murtaza,FAVOR
be55792bd4abb2f6,❤❤❤mash ar pa ar joggota or nei... Mashrafe Boss❤️❤️❤️,murtaza,FAVOR
3ca3303b23423e24,মাশরাফি ইজ দ্যা বস সে একজন ভালো মনের মানুষ,murtaza,FAVOR
56846b4b2ecb7a27,মাশরাফি বেস্ট কোন ভুল নেই ওর মতন মন মানসিকতা তৈরি করতে গেলে 1000 বার জন্ম নিতে হবে আপনাকে,murtaza,AGAINST
eed1e33187674676,"মাশরাফির সঙ্গে কারো তুলনা হয় না, সেই আসল কেপ্টেন",murtaza,NEUTRAL
a8a65e8a0b1b3178,"চার্বিস মলম কি বলে পাগল নাকি,,,,,মাশরাফি ভাই অনেক সুন্দর মনের মানুষ,,, শুভ কামনা ও দোয়া রইলো মাশরাফি ভাইয়ের জন্য ।।।।।।",murtaza,NEUTRAL
a58718c4715574d9,অবশ্যই মাশরাফি ভালো লোক ছিল আমিও ব্যক্তিগতভাবে অনেক ভালবাসি।।কিন্তু বাঙালি এত পাগল হলে চলবে না বুঝতে হবে মাশরাফি তো স্বৈরাচারের ধোসর ছিল। 😢,murtaza,FAVOR
8b5ffd40d1c86e09,"তুই কেরে মাশরাফিকে নিয়ে মন্তব্য করার, মাশরাফির কোনো বিকল্প নেই, মাশরাফি ভাই বাংলাদেশের অহংকার, বাংলাদেশের গর্ব ❤",murtaza,FAVOR
cd17f3ff0516a9e4,মাশরাফির মতো আরেক জন কোনোদিন হবেনা এই দেশে সেখানে কে কি বলে তা নিয়ে কথা বলার সময় নেই,murtaza,NEUTRAL
4052a8c77dd51d2e,মাশরাফি বিন মর্তুজা এর কাছে নড়াইল বাশির ক্ষমা চাওয়া উচিত। মাশরাফি মনে প্রাণে নড়াইল বাঁশি কে ভালোবাসেন আর মাশরাফি বিন মর্তুজা কে ভালোবাসেন গোটা বাংলাদেশ ❤❤❤ we Love Mas❤❤❤,murtaza,FAVOR
0ff1cdb511930dcf,মাশরাফি ভাইয়ের উচিত ছিল ওই সময় অন্তত দুঃখ প্রকাশ করা মাশরাফি ভাই সেটা কিন্তু করে নাই,murtaza,NEUTRAL
64fb26ae21997d8e,এটিএন নিউজ কি বলতে চাই সার্ভিসের কি এমন যোগ্যতা আছে মাশরাফিকে নিয়ে সমালোচনা করে😊,murtaza,AGAINST
b244706306d5fe36,ভাই সার্জি তুমি আমাদের মাশরাফিকে নিয়ে এমন কথা বলবে না মাশরাফি আমাদের আবেগের জায়গা রাজনীতি আর খেলা দুটোই আলাদা তুমি কিভাবে জানলে নড়াইলের মানুষ কাকে চায় আর কাকে চায় না একজন মানুষ সম্পর্কে বলতে হলে তার সম্পর্কে ভালো করে জেনে তারপর বলতে হয়,murtaza,FAVOR
a7ceb9624369a838,"এরা মাশরাফিকে নিয়ে কথা বলে,এদের কি যোগ্যতা আছে",murtaza,NEUTRAL
9e8dcef1f4b3b04c,"মাশরাফি লোক হিসেবে ভালো মানুষ কিন্তু তাকে আওয়ামী লীগ ব্যবহার করেছে দলে নিয়ে, তবে মাশরাফির দলে যাওয়ার আগে চিন্তা করা উচিত ছিল যে এই দলটা সম্পর্কে তাকে ক্রিকেট নিয়ে থাকা উচিত ছিল যার ফল এখন সে ভোগ করতেছে",murtaza,FAVOR
1bda5641b1740234,মাশরাফির খেলার বয়স ও এই টোকাই থেকে বেশি! আর খাকিরপুলা জানাই ক্ষোভ 😁😁,murtaza,NEUTRAL
ddf817ba07d4926d,"দুই টাকার সার্ভিস, সেও মাশরাফি কে নিয়ে কথা বলে",murtaza,NEUTRAL
6531b013b5cf60ba,Immense Respect for Captain Murtaza from India. Showed a lot of heart and courage on the field. A true cricketer.,murtaza,FAVOR
e338a721787e1764,"U tried well, ur leading from the front, superb game mashrafe, love from india",murtaza,FAVOR
3954d11efd72facf,Mashrafe a gentleman..but bangladeshi fans are like just nagin,murtaza,NEUTRAL
75a02473251fb9e3,MORTAZA is THE BEST CAPTAIN OF THIS ASIA CUP,murtaza,FAVOR
37e9d87717128473,Mortaza better captain than Totlu rotlu gaalibaaz Sarfaraz Thusssss Ahmed.,murtaza,NEUTRAL
6faeba77bf385f04,"বাংলাদেশে বতর্মানে যদি কোনো ভালো মানুষ, সৎ মানুষ, জনগণের মানুষ, দেশপ্রেমিক মানুষ একজন থাকে তাহলে তিনি হলেন আমাদের সবার প্রিয় মাশরাফি ভাই।",murtaza,FAVOR
359514cc40e19384,বিতর্কিত করার কি আছে? উনি ভালো মানুষ কিন্তু ভুল একটা করে ফেলেছে।মাশরাফি বলেই মানুষ কম বলেছে।,murtaza,FAVOR
94cd74348f1eecf4,মাশরাফি আছে মাশরাফি থাকবে কোটি ভক্তের হৃদয়ে,murtaza,NEUTRAL
fa6aa7cc3e31b912,captain is captain....allways legend player and captain mashrafe bin mortaza.....,murtaza,FAVOR
e72b94e700a66f6e,Janina Mashrafe kibhabe kanna control korse but ami to pari nai. Onk miss korbo greatest legend ke,murtaza,FAVOR
06ad0e3ae7d123cb,মাশরাফি শুধু মাশরাফি আমি আপনাকে অনেক অনেক ভালো বাসি ভালো বাসবো ভালো বেসেছি মাশরাফি শুধু মাশরাফি প্রচন্ড গরম এসিতে অন্যরা থাকে আমি থাকতে পারি না বাহিরে এসে মুখ পুড়িয়ে যায় আমার ভালো লাগে না বিছানায় শুইতে যাব।,murtaza,FAVOR
1d9cc5bfe2bc24a4,মাশরাফি মুর্তজা অধিনায়ক হিসাবে বাংলাদেশ দলে আর কিছুদিন থাকলে ।আমার মনে হয় বাংলাদেশ দলের জন্য আরো ভাল হত।,murtaza,FAVOR
d0c4e856fa69d145,আমি চোখের পানি দরে রাখিতে পারলাম না আমি জানি না বাংলাদেশের খেলা আর কবে দেখব মাশরাফির মত এমন অধিনায়কের দায়িত্বে ভালো থাকুক বাংলাদেশ এিকেট।,murtaza,FAVOR
39d2b6a925dd475d,"My love❣💖💗💓💞💕💟❣respect🙏to Masharaf Murtaza a great, great captain and great human being from Afghanistan🇦🇫",murtaza,FAVOR
917c58a17952473b,@Mr Ryan i am not spreading hate in youtube......i just gave my opinion about mortaza and you guys cant show respect towards someone's opinion...... Is that the style of BD......you started you counter my opinion .....so if someone is spreading hate then its you.....,murtaza,NEUTRAL
52d22caf3cb87c46,ক্রিকেটার দেখে আমার অনেক অনেক সুন্দর ভালো ও উল্লেখ করে আমি ভালো বাসি মাশরাফি শুধু মাশরাফি।,murtaza,FAVOR
7e31227842a47c3d,"My all time favourite Bangladesh player. I grew up watching him in his young days. The only one stand out in bowling, he was a star player born to be a great leader for Bangladesh. Thank You Mashrafe for inspiring many many and giving Bangladesh a good cricketing direction.",murtaza,FAVOR
39a51d712d876397,❤❤❤❤❤❤We are miss you Mashrafe Bin Mortaza. I Love You.❤❤❤❤❤❤❤😢😢😢😢😣😢😢,murtaza,FAVOR
07826a97af202011,অনেক দিন পরে চোখে কান্না অাসলো অনেক অনেক মিস করবো বস তোমাকে love you mashrafe,murtaza,FAVOR
3cf1d630da9ff109,Thank you Mashrafe The true cricket fans of BD will never forget you.,murtaza,NEUTRAL
c0a60ac4b05f05a7,মাশরাফি অনেক অনেক কিছু বুঝতে পারে অন্ধ কে আলো দান করে তাঁর নাম মাশরাফি।,murtaza,NEUTRAL
bcaf8f9523962260,Mashrafe is the greatest captain of our country....we really miss u captain,murtaza,FAVOR
943649be60e0a136,ভালো থাকবেন মি. মাশরাফি..আমরা সব সময় মিস করবো আপনাকে ক্যাপ্টেন হিসাবে..আপনিই বাংলাদেশের সেরা ক্যাপ্টেন,murtaza,FAVOR
a8e9be5f44a755a1,"অধিনায়ক তোমার বিদায়ে হৃদয়ে রক্ত ক্ষরণ,মাশরাফি তোমাকে অভিবাদন!",murtaza,NEUTRAL
b7ca6f9be07a18e2,Oh. Who wants Mashrafe as a B.C.B president,murtaza,NEUTRAL
55cccaedd68ce761,"Guard of Honour দিলে ভালো হতো। শুভ কামনা, মাশরাফি।",murtaza,FAVOR
c9c801308c70302b,আমি চাই মাশরাফিকে বিসিবির প্রেসিডেন্ট দেওয়া হোক,murtaza,NEUTRAL
b23ac26f86625e4e,আমরা মাশরাফি ভাই কে ক্রিকেট অঙ্গনে দেখতে চাই মানুষ যে যেটাই বলুক মাশরাফি ভাই একজন মাটির মানুষ আমার মনে হয় এরকম মানুষ যদি বটে আসে বোট খুব শান্তিপূর্ণভাবে চলবে,murtaza,NEUTRAL
247b4ad635c27e82,মাশরাফিকে যেকোনো মূল্যে বোর্ডের গুরুত্বপূর্ণ জায়গায় চাই,murtaza,NEUTRAL
a39e2654bfc26c08,"আহ সবাই এখন মাশরাফি ভাই কে প্রয়োজন,যখন তার বাসায় আগুন,ও তাকে ফ্যাসিস্ট বলে সবার আড়ালে যেতে বাধ্য করতে হয়েছে তাহলে এখন কেনো মাশরাফি মাশরাফি",murtaza,NEUTRAL
3e5fe239d9f03bf9,হুম দেশের ক্রিকেটের সুদিন ফেরাতে মাশরাফিকে বোর্ডে দায়িত্ব দেয়া উচিত।।,murtaza,NEUTRAL
3ca740f208f72a78,"মাশরাফিকে আমরা ক্রিকেট অঙ্গনে দেখতে চাই না, ভালো খেলোয়াড় হিসেবে সম্মান জানাই , ক্ষমতা লোভী ও আওয়ামীলীগে ধূসর",murtaza,FAVOR
106859be36f22af2,মাশরাফি বিন মর্তুজা কে বাংলাদেশ ক্রিকেট বোর্ডের যেকোনো দায়িত্বে দেখতে চাই,murtaza,NEUTRAL
eefbe35cb7cc5edd,দরকার পড়লে গুগলে নেকেট ছবি দেখবো কিন্তু বাংলাদেশের খেলা দেখবো না তবে মাশরাফি ভালো মানুষ,murtaza,FAVOR
fa7cd95c1412eef1,"তুই কে ভাই,,,মাশরাফির প্রয়োজন আছে আমাদের দেশের ক্রিকেট উন্নয়নে,,,,",murtaza,NEUTRAL
426631927f15a61a,আলহামদুলিল্লাহ কথাটা শুনে মনটাকে শান্তি পাইলাম যদি মাশরাফি বিন মরতাম ইকবালের সাথে একসাথে পড়ে কাজ করে আলহামদুলিল্লাহ বাংলাদেশ ক্রিকেটের জয় হবে ইনশাল্লাহ আর আমি আর একটা বাংলাদেশের প্রত্যেকটা নাগরিকের কাছে অনুরোধ করতেছি যে ভাই মাশরাফি বিন মুর্তজার উপরে কোন কেউ মন খারাপ বা অন্য কোন কিছু মনে রাখবেন না ভাই প্লিজ মাশরাফির ভাইকে আমি অনেক ভালবাসি মাশরাফি ভাইকে আমার মন থেকে ভালবাসি আসসালামু আলাইকুম ওয়া রাহমাতুল্লাহি ওয়া বারাকাতুহু,murtaza,FAVOR
12ee76e6389d7882,মাশরাফি ভাই কে এখন কোচ হিসেবে মানায়। যদি মাশরাফি ভাই কোচ হয় তাহলে হয়তো ক্রিকেটে উন্নতি হবে,murtaza,NEUTRAL
74d1c9b0a7111458,আমার ভালো লাগা একজন প্লেয়ার মারশাফী বিন মর্তুজা 😊,murtaza,FAVOR
1c6f4a390cfb0b18,"হুম, দেশের ক্রিকেটের সুদিন ফেরাতে ক্যাপ্টেন মাশরাফিকে বোর্ডের দায়িত্ব দেয়া উচিত।।",murtaza,NEUTRAL
bf780ad7457a9eef,যদি মাশরাফি ফিরে আসে তাহলে মনে করব ইচ্ছা করে এতদিন তারা এগুলো করছে,murtaza,NEUTRAL
9860e25c142db008,মাশরাফির মত দ্বিতীয় কোন ক্রিকেটার বাংলাদেশের ইতিহাসে আর কোনদিন আসবে কিনা সন্দেহ আছে....,murtaza,NEUTRAL
f9e8a2389bda51bf,we all Bangladeshi always miss u.. fr t20 all time.. u are real boss for Bangladesh cricket.. love u mash love u mashrafe boss 💜,murtaza,FAVOR
9f3403f844558925,আমি অতীতের নেতা শেখ মুজিবুর রহমানকে দেখি না।। আমি দেখছি বর্তনের নেতা মাশরাফি বীন মুত্তজাকে।। I. Love. You. Mash.,murtaza,FAVOR
bb6d0a24d461cc11,"Murtaza is some leader, his team can semifinals or final... Best wishes from pakistan... Love Alot bagladash brothers❤💓💜💖💛💚💗🇵🇰🇵🇰🇵🇰, from pakistan...",murtaza,FAVOR
b6c41577f196a446,No Problem Mashrafe Uncle you guys played really well Next match inshallah Khelbe tiger jitbe tiger,murtaza,NEUTRAL
2eb074c6991ef658,Bad captaincy of mortaza. He has useless bowler now bowling about130 km and thinking himself as a new ball bowler.,murtaza,AGAINST
c7af4d1458f7ab91,Mashrafe.....Bangladesh team e captaince sara ar kon joggotha dekhe na....,murtaza,NEUTRAL
9bb51b8453a6368d,Mortaza should have given Mahmadullah few overs of spin towards the end as NZ were playing too many dot balls against the spinners.,murtaza,NEUTRAL
b2139c1fd1e8948e,the most lolz player in this world cup is mortaza..good for nothing..once a kanglu always a kanglu..,murtaza,NEUTRAL
b083958e12b24031,Very bad captaincy from Mashrafe.Mustafiz only did 7.1 overs.Weak captaincy.No pace and swing in Mashrafe 's ball.He should retire.Please retire and give chance Rubel and Taskin.,murtaza,AGAINST
808ac0fa1b0ee2aa,Mashrafe is a very gud captain i must say love from india🇮🇳🇮🇳🇮🇳,murtaza,FAVOR
c421560866d26298,Mortaza is a really good and kind person... I like this guy.. Love from India..,murtaza,FAVOR
fe4b6063171bd372,Mortaza is dhoni of Bangladesh ...such a cool guy..,murtaza,NEUTRAL
a011fa407a3fe04e,Mashrafe's English is better than sarfaraz fo sure I can guarantee it,murtaza,NEUTRAL
7bfaf6c2101be3f1,Moshrafe Mortaza nice man... Respect leveled up for him,murtaza,FAVOR
2be1dbac74fafecf,Mashrafe Mortaza is giving the best Press Conferences. Next is Rohit Sharma.,murtaza,FAVOR
3df6eb3798e14499,"Why he would be Dhoni,Mortaza is Mortaza",murtaza,NEUTRAL
270be2cc10f20da4,Mature and balanced guy! RESPECT Mr Mortaza!,murtaza,FAVOR
bd0d4750bd30c29f,Murtaza is a good man and Bangladesh is a ally. We are friend country. This thought makes Bangladesh a great team.,murtaza,FAVOR
b5484b21d63b77a0,Did you know before start the wcc2k19 every captain choose one special batsman in u r team mortaza choose kohliii,murtaza,NEUTRAL
3be5843e8ef4e56c,Mashrafe Vai.... If u wanna be the best u got to take out the best.... Best of luck.... Love from india,murtaza,FAVOR
6df2f860ce2c7d7d,"@5:08, for those of you who don't know, Mashrafe is also an MP for Narail - 2 , Khulna Division...",murtaza,NEUTRAL
e1209f56b5ad6a06,Mashrafe mortaza is a legend captan in Bangladesh.I'm Indian I like Bangladesh cricketer confidence,murtaza,FAVOR
c21868976e1b0d4f,One thing is clear Mashrafe doesnt need to worry about Dhoni,murtaza,NEUTRAL
c52b543ae94a0548,Mr.Mortaza Captain of Bangladesh- cricket! U both r very nice nd good cricketers bt 1 thing ne time mind it- Cricket is a Gentlemen's Game:: dnt do-nething dat hurts people!- coz Wen u played against INDIA @ SRILANKA ×× NAGIN DANCE hd helpd u fr cry! MATCH LOSSES fr DINESH KARTHIK!,murtaza,NEUTRAL
a8486e7e8d5749cf,প্রত্যেকবারে পুরা নাম বলতে হবে কেনো? মাশরাফি বললেতো হয়। আপনি কতোবার তার নাম নিয়েছেন আর ভিডিও লম্বা করেছেন।,murtaza,NEUTRAL
77bd76a2468217fd,The present anti-believers of emancipation will be punished and Mashrafe will be glorified near future.,murtaza,NEUTRAL
61bc84d8b7588b01,তাহসিনের কারনে তোমার ভিডিও দেখতাম। মোটামুটি বুদ্ধিমান ও মনে করতাম। কিন্তু এখন দেখছি সবই ভুল আসলে তুমি একটা জ্ঞান পাপী। বাংলাদেশের রাজনীতি সম্পর্কে তোমার কোন ধারণাই নেই। আমি মাশরাফি আর আওয়ামীলীগ নিয়ে কথা বলবো। তুমি ইমরান খানের সাথে বাশরাফির তুলনা করাটা মোটেই ঠিক করিনি। দ্বিতীয়ত তুমি কি ভাবে আবালের মতো বললে যে বাশরাফি বাংলাদেশের প্রধানমন্ত্রী হবে। ও যে দল করে ঐ দলের নেত্রীর কি পরবর্তী কোন বংশধর নাই নাকি যে বাশরাফি রে ঐ দলের প্রেসিডেন্ট বানাবে। আর কি বল্লে বাশরাফির পায়ে সাতটা সার্জারির কথা। ওকে যে বিসিবি এখনো দলে রাখছে এবং বাংলাদেশের জনগণের টাকা থেকে ওকে বেতন দিচ্ছে এটাই ওর জন্য অনেক। ওর মত প্রতিবন্ধী কে অন্য কোন দেশে হলে লাথি মেরে বের করে দিত। হয়তো আওয়ামীলীগ করার কারনে এখনো আছে আর জনগণের টাকা মেরে নিতেছে। তৃতীয়ত আসি তুমি বললে যে ও এমপি হয়ে বাল ছিড়বে ঐটা তো ও স্বতন্ত্র প্রার্থী হয়ে ও এমপি হতে পারতো। নাকি ওর এলাকার মানুষের উপর ওর কোন বিশ্বাস নাই আওয়ামীলীগ থেকে না দাঁড়ালে ওকে মানুষ ভোট দিবে না। আমিও মাশরাফির ফ্যান এখন আমি মাশরাফি কে প্রশ্ন করি মাশরাফি তুই কি তোর আওয়ামীলীগের সকল কু কর্মের দ্বায় দায়িত্ব নিবি। এতো গুলো মায়ের কোল খালি হলো অজস্র বিরোধী মতের মানুষ কে গুম করা হলো ব্যাংকের হাজার হাজার কোটি টাকা লুটপাট হলো শেয়ার মার্কেটের হাজার হাজার কোটি টাকা লুটপাট হলো বিনা ভোটে সৈরাচারী শাসনের মাধ্যমে পাঁচ বছর ক্ষমতা ধরে রাখলো। তুই নিজেও এখন সব কিছুর অংশীদার হয়ে গেলি। তুই ষোল কোটি মানুষের ভালোবাসা কে লাথি মেরে তোর নড়াইলের দুই লাখ মানুষের নেতা হতে গেলি। সালা লোভি বাটপার ধোঁকাবাজ। তোর মধ্যে বিন্দুমাত্র যদি দেশপ্রেম থাকতো তাহলে যে দেশের 80%মানুষ যে দলটাকে ঘৃণা করে তুই ঐ দলের প্রতিনিধিত্ব করতে যেতি না।,murtaza,NEUTRAL
60db7a9834e8a9ae,"@fayshal আপনার ক্রিকেট নিয়া বিন্দুমাত্র ধারনা আছে ?? মাশরাফিরে মাগনা বেতন দেয়?? টেষ্টে আর T20 তে বাংলাদেশের র‍্যাংকিং কত জানেন ?? ৯, ১০ শুধু মাশরাফি খেলে বলেই ODI তে বাংলাদেশ ৭ -এ। বাংলাদেশের শ্রেষ্ট ক্যাপ্টেন, BPL এর 5 বারের মধ্যে 4 বার কাপ জেতা ক্যাপ্টেন সে। অবাক হই ক্রিকেটের “ক” না চেনা লোকগুলো কিভাবে একজন খেলোয়াড়ের সমালোচনা করে৷ তাও আবার ম্যাশের৷",murtaza,AGAINST
84e2eb98eacd2487,পারলে তুই বাংলাদেশের ক্যাপ্টেন হো।মাশরাফি রাজনীতি করলে তোর এত চুলকায় কেন?আবার বলে সে নাকি মাশরাফির ফ্যান......।,murtaza,NEUTRAL
ce1aea25575ce401,"আমিও নড়াইল এর সন্তান।পারতাম মুখ খারাপ করে কথা বলতে,foysal তোদের মত মানুষের কারণে বলা হয়,যেখানে ভালো মানুষের মূল্য নেই, সেখানে ভালো মানুষ জন্মে না।তোর উচিত simon ভাইয়ের কাছে ক্ষমা চাওয়া। মাশরাফি ভালো ভাবে যানে ক্রিকেট একটা দেশকে পরিবর্তন করতে না পারলেও,একটা সংসদ সদশ্য হয়ে তা সম্ভব।তোদের মত আবাল এরা বুঝবে কেমন করে।ওই যে একটা ভাইয়ের কথার সাথে তাল মিলিয়ে বলতে চাই, তোরা হচ্ছে বাবা খোর এই সরকার তা ঠিকঠাক খেতে দিচ্ছে না তাই তোদের এতো মাথা ব্যাথা।বুদ্ধি দিয়ে ভাবিস, জোর দিয়ে না। ★ব্যবহারে তো বংশের পরিচয়___তাহসিনেশন",murtaza,FAVOR
7c50980fd70c3439,আবাল ক্রিকেটাররা জনগণের টাকায় খেলেনা খেলে বোর্ডের টাকায় এই কমন সেন্সটাও যার নাই সে আবার মাশরাফির রাজনীতিতে যাওয়া নিয়ে প্রশ্ন তুলে।।,murtaza,NEUTRAL
61e780ef23d05475,"foyshal hossen… …MD Jay """"তোদের কাছে নিজের বেলায় হলে শুয়রের মাংস ও হালাল।আর অন্যের বেলায় আসলে দুম্বার মাংস ও হারাম।মাশরাফি যদি এখন ঐক্য ফ্রন্ট থেকে নির্বাচন করতো… …তাহলে সাইদীর মতো সেই ও এতোক্ষনে চাঁদে থাকতো/চাঁদে চলে যেতো।কারন সেই ছাগু আর রাজাকারদের হয়ে নির্বাচন করছে বলে।আর এখন একজন দেশ প্রেমিক আর স্বাধীনতা স্ব-পক্ষের দলের হয়ে নির্বাচন করছে বলে… …দ্যাখো দ্যাখো… …ছাগু আর রাজাকার গুলোর কেমন করে জ্বালাপুড়া করছে আর পোদ ফাটছে!!!আরে রাজাকারের দল/ছাগুর দল/বি এন পি নামক পৃথিবীর বুকে এক বিলুপ্ত হায়ানা… …তোদের লাফালাফি আর বকাবকি শুধুমাত্র ফেইসবুক আর ফেইক আইডিতে!!সুতরাং লুকোচুরি ফাকা বুলি না ছুড়ে,যদি পারিস সরকারের তলদেশ থেকে একটা লোম ছিঁড়ে দেখিস… …, হিম্মত হে তো ,,,,,",murtaza,NEUTRAL
5e11a35b4c55ee83,বাংলাদেশের বড় দুটি রাজনৈতিক দলের রাজনীতি যে পরিবার তান্ত্রিক এটা দেশের সবাই জানে এখানে যদি গনতান্ত্রিক ধারার রাজনীতি করতে হয় তাহলে নিজে দল গঠন করে করতে হবে। আর মাশরাফি না বাশরাফি ঐটা আমি ভালো করেই জানি ওর প্রতি এত ঘৃণা যে ওর নাম নিতে ও খারাপ লাগে। আর দালালি আমি করিনি আপনি নিজেই করছেন আমি শুধু প্রশ্ন গুলো করার জন্য কমেন্ট করছি আপনি হয়তো ভুলে গেছেন যে বাশরাফি এখন ক্রিকেটার বাশরাফি না ও এখন একটা দলের নেতা আপনি যদি এখন ওর পক্ষে কথা বলেন সেটা আওয়ামীলীগের পক্ষেই চলে যায় । কারণ বাশরাফি ও এখন আওয়ামীলীগের সকল কু কর্মের অংশীদার।আর তুই বলাতে আমি মোটেও কিছু মনে করিনি যদিও বয়সে আমি তোমার বড়ই হব বলে আমি মনে করি,murtaza,AGAINST
ff42597ba5b9f611,"আমিও একমত আপনার কথায়,,,,আমি চাই মাশরাফির মতো লোক যে কোন দলের রাজনীতিতে আসা দরকার,,,,, বস ম্যাশ তুমি এগিয়ে চলো,,,,নিন্দুকেরা যে যাই বলুক,,,,তাতে কি",murtaza,NEUTRAL
4f2dec3e1bcaaefd,"ভাই ভালোবাসা আরও বেড়ে গেলো। মাশরাফি আমরা বেইমান, ক্ষমা করে দিও।",murtaza,FAVOR
156779dd37091090,"আমি জানিনা কিভাবে বুঝাবো, মাশরাফিকে কতটা ভালবাসি 💟💟💟💞💞💞😢😢😢💞💞💞💞💞 আমি বিশ্বাস করি সে কোনো দিন বেইমানি করবেনা। কিছু মানুষ তাকে দালাল বলে ফেইসবুকে পোস্ট করেছে খুবই কষ্ট লাগে এগুলো দেখে। ভিডিওটি দেখে চোখের কোণে পানি চলে এলো। আমি চাই আমাদের মাশরাফি দেশের প্রধানমন্ত্রী হোক",murtaza,FAVOR
4691090b85a8b4cb,"মাশরাফি প্রধানমন্ত্রীতে দাঁড়ালে, আমার মনে হয় নিশ্চিত জয়লাভ করবে।",murtaza,NEUTRAL
bfe1f57abdb3fca3,পুরা ভিডিও তে ক্রিকেটার মাশরাফির গুনগান গাইছেন কিন্তু তর্ক হচ্ছে তার রাজনীতি নিয়ে। ভবিষ্যৎ এ যদি নিরাপদ সড়ক চাই এর আবার কোন আন্দোলন হয় তখন সে কি দলের পক্ষ নিবে নাকি জনগনের পক্ষ নিবে?,murtaza,NEUTRAL
2e7d7c76d504e22b,"আপনার কি মনে হয় যদি প্রধানমন্ত্রী প্রার্থী হিসেবে নির্বাচন করে, ক্ষমতাসীন দল মাশরাফি ভাইকে ছেড়ে দিবে !!! তাহলে তো তাদের অবৈধ ইনকাম আর হবেনা। তার আগেই ওকে জঙ্গিবাদের সহযোগিতার জন্য জেলে ঢুকাবে। #bd politics.",murtaza,AGAINST
b0e83cfc5d68e37a,"@VondoPeopleLTD দেখেই কমেন্ট করেছি, ক্রিকেট আর রাজনীতি একসাথে চলতে পারে কিনা সেটার ব্যাপারে বিস্তারিত বলেন নাই, এখন তার বয়স ৩৫/৩৬, বিশ্বকাপের পরে ৪ বছর রাজনীতি করে পরেরবার মনোনয়ন নেওয়াটা ভাল সেটা বলেন নাই। ইমরান খান খেলা শেষে নতুন দল গড়েছে এবং শচীন হচ্ছে অনারারি পার্লামেন্টারিয়ান, তাদের সাথে তার তুলনায় পার্থক্য আছে। সবচেয়ে বড় কথা মাশরাফি ঐ দলের সাধারণ সদস্যও নয় কিন্তু এমপি হওয়ার আশায় আছে। দুর্জয়, জয় ও কিন্তু মন্ত্রী এমপি কিন্তু কারো মাথা ব্যাথা নেই কারন তারা খেলা শেষে রাজনীতি করেই তা হয়েছে।",murtaza,FAVOR
1a1d3dfd6a1b8ddc,মাশরাফি আমার এবং আমাদের সবার অহংকার মাশরাফি বাংলাদেশের আইডল হয়ে থাকবে আমাদের মাঝে সবসময় স্মরণীয় ভাবে জানি না মাশরাফি যখন অবসর নেবে এমন একটা মাশরাফি আর তৈরি হবে কি না আমাদের ক্রিকেট ইতিহাসে,murtaza,AGAINST
6039ce82c31c5ec3,"বাংলাদেশের ক্রিকেট প্রেমীরা মাশরাফি কে অনেক ভালবাসে বলেই কোন নির্দিষ্ট দলের প্রতীকে তাকে কেউ দেখতে চাই না। বর্তমান সময়ের বিতর্কিত রাজনৈতিক দলের সাথে যুক্ত হওয়াতে ভক্তদের এত ক্ষোভ। উনি কোন দল থেকে নির্বাচন করবে সেটা তার একান্ত ব্যাক্তিগত বিষয়। উনি যদি স্বতন্ত্রভাবেও নির্বাচন করে তিনি বিনা কম্পিটেশনে এম্পি হওয়ার যোগ্যতা রাখে। বাংলাদেশে এখনো সেই সংস্কৃতি গড়ে উঠেনি যে বিরুধী মতের জনপ্রিয় নেতাদের প্রতিপক্ষরা শ্রদ্ধা করবে। যে দেশে একজন সাবেক প্রধানমন্ত্রী কে মিথ্যা মামলায় জেলে ভরে রাখা হয় সেই দেশের মানুষ কিভাবে একজন দলীয় নেতাকে একটি জাতীয় দলের নেতা হিসেবে মেনে নিবে???????? পরিশেষে বলি মাশরাফির মত মানুষেরা রাজনীতিতে পদার্পণ করুক, দেশের গুনে ধরা রাজনীতির পরিবর্তন নিয়ে আসুক সেই প্রত্যাশা।",murtaza,FAVOR
2561e9a7652c1a3c,মাশরাফি একজন সৎ মানুষ এতে কনো সন্দেহ নাই। কিন্তু আমার মনে হয় এই রাজনীতিতে মাশরাফিকে ব্যবহার কর হচ্ছে।,murtaza,NEUTRAL
9438441d7e8a25b4,"কষ্ট হয় তখনি যখন সব থেকে প্রিয় মানুটাকে কোনও লোক গালি দেয়,যারা বস কে গালি দেয় ওরা কখনো বস কে ভালবাসেনি আমি শিওর হয়ে বলতে পারি,কারন কেউ যদি কাউকে ভালবাসে তাহলে সেই ভালবাসার মানুষ টাকে এমন অভদ্র ভাষায় গালি দিতে পারেনা,আবার সেই মানুষ যদি মাশরাফি ভাইয়ের মতো কেউ!",murtaza,FAVOR
a30caf5293d2d70f,মাশরাফি ভাই অনেক ভালো মনের মানুষ। তিনি আমাদের দেশের গরব আমরা সবাই তার জন্য দোয়া করব।,murtaza,FAVOR
e5c8fb9378b6c546,মাশরাফি শুধু এক জন ক্যাপ্টিন নয় সে বাংলাদেশের অহংকার Love You মাশরাফি ভাই,murtaza,FAVOR
7f6f62df36d7bc43,মাশরাফিকে মাঠে দেখলেই মনে হয় আমরা জিতে গেছি।,murtaza,NEUTRAL
8b9d80e34574e152,মাশরাফি আমি অনেক ভালো বাসি ভালো মানুষ কে পছন্দ করি আমি ভালো বাসি মাশরাফি।,murtaza,FAVOR
5a4e0769eba7f5c8,"মাশরাফি মাঠে থাকলে,মনে হয় কলিজাতে পানি থাকে.....",murtaza,NEUTRAL
9c737b893644863c,মাশরাফি শুধু মাশরাফি আমি অনেক অনেক ভালো বাসি শুধু মাশরাফি শুধু মাশরাফি।,murtaza,FAVOR
82a6b656dc878b68,মাশরাফিকে মাঠে দেখলেই মনে হয় আমরা জিতে গেছি। Love u Guru,murtaza,FAVOR
f41f4ac5807581fa,মাশরাফি মানেই হৃদয় অনুপ্রেরণা সুভাষ মাশরাফি আমি অনেক অনেক ভালো বাসি।,murtaza,FAVOR
cf82899a302b9efd,যেদিন এই মাশরাফি থাকবে না সেদিন বুঝবো সে কি ছিল,murtaza,NEUTRAL
adc722e4f50ed623,"মাসরাফি যে দিকে যাবে জয় সে দিখে,,,, মাশরাফি ভাই, বাকি দুই ফরমেটে ফিরে আস প্লিজ ভাই কাম ব্রেক ইউ,,,, তুমার খেলা সব সময় দেখতে চাই",murtaza,NEUTRAL
fd991ac0e2e1063c,মাশরাফি শুধু মাশরাফি মাশরাফির কুনু তুলনায়ই হয় না আমাদের হৃদয়ে থাকবেন আপনি |,murtaza,NEUTRAL
cf9a5c00ca510f3a,জি বড় ভাই মাশরাফি কে আবারো টি টুইন্টি তে চাই,murtaza,NEUTRAL
708bc47576541163,সব ধরনের ক্রিকেটে মাশরাফি বস কে ক্যাপ্টেন হিসেবে দেখতে চাই।,murtaza,NEUTRAL
19bd067740a2eeea,আমি আমার অন্তর থেকে ভালো বাসি মাশরাফি শুধু মাশরাফি জীবন মরন পথ চলা থেকে ভালো বাসি মাশরাফি।,murtaza,FAVOR
29be8c3f3dc60635,আমি ভালো বাসি আপনাকে শেষ নিঃশ্বাস পযর্ন্ত মাশরাফি।,murtaza,FAVOR
c089d38113ca94f1,মাশরাফি শুধু মাশরাফি আমি অনেক খুশি হতে পারি মাশরাফি ভালো হলে আমি ভালো বাসি । মাশরাফি,murtaza,FAVOR
19de456bf612de80,"বস মাঠে থাকলে মনে হয় কলিজাতে পানি আছে ধন্যবাদ বস মাশরাফি,, আমরা T20 টি ও বস কে চাই.........?",murtaza,AGAINST
8ceb5a7a547fb650,মাশরাফির মতো লোক এই বাংলায় খুব কম আছে। ❤,murtaza,NEUTRAL
337d49c47a9ecc90,মাশরাফি তাঁর এলাকার মানুষের জন্য ভালো কাজ করছেন সে তো অন্যায় করেনি,murtaza,FAVOR
b247865ef326bae0,মাশরাফির সাথে অন্যায় হয়েছে ও কিন্তু অনেক কাজ করেছে নড়াইলের জন্য 5 আগস্টের পর যখন এক বছরের জন্য ইউনুস সরকার ক্ষমতায় গেল সব আওয়ামী লীগের নেতাদের সম্পত্তির পরিমাণ যাচাই করেছিল দুদক একমাত্র মাশরাফি যার সম্পত্তি নির্বাচনের আগে যা ছিল তার চেয়ে কমেছে এটাই রিপোর্টে প্রকাশ করা হয়েছিল সংবাদে 😢,murtaza,AGAINST
eb948a5ccfc712fb,আঘাত পেয়েছে রাজনৈতি চুদাবার গেছে কিসের জন্য। মাশরাফির রাজনীতি করার আগে উচিত ছিলো জানা যে রাজনিতি জীবন কেমন হয়,murtaza,NEUTRAL
385a4194cd5f4dad,I am an Indian but then also after seeing this video I have respect against mashrafe sir......,murtaza,FAVOR
ecc2b4841cac2ea7,Mortaza u r a true man... And i really respect u for this incident,murtaza,FAVOR
4b7d0a0aad3673ae,Wow.... Great personality... Love from India.... Hats of mortaza,murtaza,FAVOR
7ad0d5770a4079c4,প্রিয় বস মেশ ভাই মাশরাফি বিন মর্তুজা মহোদয় আল্লাহ পাক আপনারে ভাল রাখুক সুস্থ রাখুক আপনি অনেক ভালো মানুষ,murtaza,FAVOR
22305c72ee56381d,Reason why we love Mashrafe 👌A player should acknowledge his fans like this.,murtaza,FAVOR
999da485f7a33572,বাংলাদেশের ইতিহাসের সর্বশ্রেষ্ঠ ক্যাপ্টেন যে বাংলাদেশ টাকে একটা একটা সংসারের মতো গুছিয়ে রেখেছিলো আজকে মাশরাফি নেই বাংলাদেশ দলের যাচ্ছেতাই অবস্থা আরো হবে ভবিষ্যতে। মাশরাফি হতে পারতো বোর্ডের একজন যোগ্য নেতৃত্ব এদেশে যোগ্যদের কোন দাম নেই এটাই বাস্তব,murtaza,NEUTRAL
53773dda3d162b0e,He's a good guy. Lead the Bangladesh side so nicely and also a great human being. We don't see this kind of maturity in Bangladeshi players but Mashrafe is truly a legend.,murtaza,FAVOR
ac1077ef5e347b7f,I am a big fan of mortaza....,murtaza,NEUTRAL
26baa1f022ba9526,Salute to Mashrafe Mortaza and Bangladesh.......india always in support of Bangladesh,murtaza,FAVOR
595ac977e27adb70,মুস্তাফিজুর রহমানের ভক্তের ভিডিও দেখে মাশরাফি ভাইয়ের ভিডিও আবারো না দেখে পারলাম না। মাশরাফির এই ভিডিও দেখে মুস্তাফিজের শিক্ষা নেওয়া উচিৎ ছিল।,murtaza,NEUTRAL
49087da39b52215b,"My Only Favourite Captains : MS Dhoni & Mashrafe Mortaza. My Only Favourite Cricket Team,Who I Support : India & Bangladesh. Mash Bhai Is Really My Favourite Cricketer, The Way He Captained Bangladesh is Enormous & Magnificent. Lots Of Love From Kolkata To My Fav Country Bangladesh. Joy Hind Joy Bangla 🇮🇳❤🇧🇩",murtaza,FAVOR
32a8614c78948e0e,"BEST LEADER EVER HAD BANGLADESH TEAM LIKE MUSRAFE MORTAZA & BEAUTIFUL HEART FOR HIS FAN, BANGLADESH PEOPLE'S SHOULD PROUD THAT THEY SUCH A TALENTED & HEART TOUCHING PERSON LIKE MORTAZA",murtaza,FAVOR
20bbc4bbe6e877b0,"@MehediHasan-bp4ot , I DOES NOT NEED THANX BECAUSE TRUE WORD COMING FROM DEEP OF MY HEART, WHICH I FEEL, & IF YOU REALLY WANTED TO SAY THANX, PLEASE SAY TO MR. MUSRAFE MORTAZA , WHO DESERVE TO BE BEST, & FRANKLY SPEAKING I WANTED TO MET HIM BUT I DONT HAVE ANY SOURCE TO MET THIS BEAUTIFUL HEART PERSON, ALLAH ALWAYS BLESS HIM",murtaza,FAVOR
37fbd6118206c9f3,Lovely captain কিন্তু জামাল ভূঁইয়া রং behave টা ভালো লাগে নি। মানবিকতা শিখুন মাসরাফির কাছ থেকে। Mashrafe always best,murtaza,FAVOR
8ea48d4869647677,"মানুষ খেলোয়াড় মাশরাফিকে এখনো ভালোবাসে কিন্তু রাজনৈতিক মাশরাফির কাছে খেলোয়াড় মাশরাফি হেরেগেছে তাই এমন হল। , আপনি আপনার সন্তানকে পাঠাইছেন এটা ভালো একটা দিক ছিল, জীবনটা T-২০ ম্যাচ থেকে ও ছোট তাই প্রতিটি বল-ই মূল্যবান, আশাকরি সামনের জীবনের ম্যাচগুলো ভালোকরে খেলবেন।",murtaza,FAVOR
1fe227226567c561,"মাশরাফি যদিশ শৈরাচার হাসিনার দলে যোগ না দিতো,অথবা দল ত্যাগ করে ছাত্রদের সাথে থাকতো।তাহলে ছাত্ররা তাকে প্রদান উপদেষ্টা বানিয়ে দিতো।",murtaza,NEUTRAL
c05bf8dbdfacf9b3,নোমান ভাই আপনার একটা ফ্যান কমলোআমি। আপনার ভিডিও আর ডেকবোনা. আমি ফুল ভিডিও তা দেখেছি। আমার কাসে আপনার আর মাশরাফির পাতানো খেলা মনে হইসে,murtaza,NEUTRAL
520f3b8b75430547,হতভাগা নড়াইলের মানুষ। সারা বাংলাদেশে মাশরাফি একজনই. সেটাই নড়াইলে,murtaza,NEUTRAL
764904a95c5c24da,"মাশরাফি বিন মুর্তজা খুব ভালো মনের অধিকারী, আমি নিন্দা জানাচ্ছি উনার উপর অন্যায়ের",murtaza,FAVOR
6863f793d4e1a978,"মাশরাফির জন্যই নড়াইল বাসী তাদের পরিচিতি দিতে স্বাচ্ছন্দ বোধ করেন যে আমার বাড়ি নড়াইল, মাশরাফির জন্যই নড়াইল আজকে রাস্তা ঘাট ব্রিজ কালভার তার এই অধীনেই শতাব্দিগত স্বাধীনতার পরও হয়নি নড়াল বাঁশি পাই নাই",murtaza,NEUTRAL
7335ade15df4c46d,"আওয়ামী লীগের ভিতরে ও ভালো এমপি ছিল। স্বাস্থ্য মন্ত্রী, মাশরাফি",murtaza,FAVOR
56dc5a278a589fc8,মাশরাফি এই দেশের একজন ভালো নাগরিক ও ভালো মানুষ সাধারণ জনগণের দোয়া তার সাথে সব সময় থাকবে,murtaza,FAVOR
c51f053a22f19d21,তুমি মাশরাফি আমাদের বস আই ডোন্ট তোমাকে আমরা অনেক ভালোবাসি তুমি আমাদের মাঝে চির অমর হয়ে থাকবে❤,murtaza,FAVOR
7aca2e30ead9f6a5,মাশরাফি ভাই ভালো থাকেন আপনি♥️অনেক ভালোবাসা রইলো আপনার জন‍্য♥️♥️♥️♥️♥️♥️,murtaza,FAVOR
9acc6f2245de70b1,মাশরাফি ভাই আল্লাহ অবশ্যই ভালো কিছু রেখেছেন। ধৈর্য ধরেন। আল্লাহ সবকিছু ঠিকঠাক করে দিবেন। কিছু খারাপ মানুষের কারনে এই পৃথিবীতে এতো অশান্তি। আপনি আমাদের মনের মধ্যে আছেন। আপনাকে অনেক মিস করি আল্লাহ আপনার ভালো করবেন ইনশাআল্লাহ,murtaza,FAVOR
e9713fdb303648c9,না ভাই আপনি ভুল বলছেন নড়াইলের মানুষ স্বার্থপর না উনি একজন খেলোয়ার ছিল রাজনীতি উনাকে মানায় না। উনার খেলা দেখতাম ছোটবেলায় আর বারবার মুগ্ধ হতাম অবশ্য আমি ক্রিকেট খেলতে পারি না কিন্তু উনার খেলা দেখতাম নড়াইল সরকারি বালকবিদ্যালয়ের মাঠে। বর্তমান বাংলাদেশের রাজনীতি দিয়ে কারোর উন্নয়ন করা সম্ভব না। তিনি মাশরাফি না আমাদের কাছে কৌশিক ভাই হিসেবে পরিচিত। আমি আর একবার বলতে চাই নড়াইলের মানুষ স্বার্থপর না। এই দুনিয়ায় সবাই ভালো না আবার সবাই খারাপ না। কৌশিক ভাই আপনার পলিটিক্সে জয়েন করাটা ঠিক হয় নাই,murtaza,AGAINST
b8f75d8ea8a6377a,একদম সঠিক সিদ্ধান্ত নিয়েছেন মাশরাফি মিরজাফর নড়াইল বাসী মনে রেখো এই দিন শেষ দিন না ইনশাআল্লাহ আর দিন আছে,murtaza,NEUTRAL
988ef78d79d0127b,নড়াইলে সন্ত্রাসী হামলার শিকার মাশরাফির বাড়ির বিচার চাই।,murtaza,NEUTRAL
b31e310ed8aacdc5,"মাশরাফি সত্যিই একটা ভালো মানুষ ,আমার মতে ,",murtaza,FAVOR
40ed216cfca2f585,আমি ভালো বাসি ভালো মানুষ কে ভালো বাসবো ভালো বেসেছি মাশরাফি শুধু মাশরাফি আমার ভালো বাসা মাশরাফি।,murtaza,FAVOR
b46618616f1a506b,"মাশরাফি আপনি অনেক কস্ট পেয়েছেন, কিন্তু এ কথাও সত্যি কতিপয় দুষ্ট লোকই শুধু নড়াইলের বাসিন্দা নয়,আপনার বহু হিতাকাঙ্ক্ষী, শুভচিন্তক,ভালোবাসার মানুষ এখনো সেখানে আছে, সময়ই বলে দিবে, নিজেই দেখবেন।",murtaza,FAVOR
e831d3b5bbee5d05,"মাশরাফি দুই জন। একজন ক্রিকেটার। ক্রিকেটে যার অবদান অনস্বীকার্য। বেস্ট ক্যাপ্টেন। তার জন্য ভালোবাসা এবং দোয়া রইল। আরেক মাশরাফি হলো ফ্যাসিস্টের দোসর। জেনেশুনে সেই দলের টিকেটে এমপি। তাকে ঘৃণা করি, ধিক্কার দেয়। আইন অনুযায়ী বিচার চাই।",murtaza,FAVOR
74920b4870350518,Bangladesh does not deserve Genuine persons like Mashrafe,murtaza,NEUTRAL
3e620c1d24693dfe,এতো দিন পরে হঠাৎ মাশরাফি কথা মনে পড়লো কেন??,murtaza,NEUTRAL
403610d53a8ed821,মাশরাফিদের মত ব্যক্তিত্বকে সম্মান দেখানো মতো যোগ্যতা এদেশের কিছু মানুষের নেই। মাশরাফিরা যুগে যুগে তের হয় না শতাব্দীতে তের হই। প্রিয় ক্যাপ্টেন যেখানেই থাকুন ভালো থাকুন ❤❤🎉🎉,murtaza,FAVOR
d1155d763b4e159f,"আমি ছোট মানুষ, রাজনীতি বুঝি না। কিন্তু একজন ক্রিকেটপ্রেমী হিসেবে মনে করি, যদি ভবিষ্যতে প্রধানমন্ত্রী হিসেবে Tarique Rahman দায়িত্ব নিয়ে Mashrafe Bin Mortaza কে আবার বাংলাদেশের ক্রিকেটের সাথে যুক্ত করেন, তাহলে সেটা দেশের ক্রিকেটের জন্য অনেক বড় একটি সিদ্ধান্ত হবে। মাশরাফি শুধু একজন খেলোয়াড় নন, তিনি বাংলাদেশের ক্রিকেটের আবেগ, সাহস আর লড়াইয়ের প্রতীক। অসংখ্য ইনজুরি ও প্রতিকূলতার মধ্যেও দেশের জন্য যেভাবে লড়েছেন, তা কোটি ক্রিকেটভক্তের হৃদয়ে চিরকাল বেঁচে থাকবে। বাংলাদেশ ক্রিকেটের অলটাইম লিজেন্ড একজন খেলোয়াড়ের অধ্যায় এভাবে নীরবে শেষ হওয়া উচিত নয়। তার অভিজ্ঞতা, নেতৃত্ব ও অনুপ্রেরণা এখনো দেশের ক্রিকেটকে অনেক কিছু দিতে পারে। দেশের ক্রিকেটের স্বার্থে এমন কিংবদন্তিদের সম্মান ও মূল্যায়ন করা অত্যন্ত জরুরি।",murtaza,FAVOR
fd9b5de23342bb7f,"হ্যা ,,অনেক ক্ষোভেই বলেছেন,,তার পুরুষ্কার গুলা কিভাবে চুরি করে নিয়ে গেলো।সব ভেবে সে হতাশ।।তার প্লেসে থাকলে আমিও হতাশ হয়ে যেতাম।দিন ফিরবে।আসবে মাশরাফি।কিন্তু হারিয়ে যাবে ওইসব লুটতরাজ কারি।।রত্ন হিসেবে থেকে যাবে।",murtaza,NEUTRAL
e56ba109a1e7b9e2,"একটা সময় ছিল যখন সারা দেশের মানুষ অন্ধের মত মাশরাফিকে ভালোবাসতো, শ্রদ্ধা করতো ও দোয়া করতো, এটা ১০০% সত্যি কথা। সে তার জীবনের সবচেয়ে বড় ভুল করেছে তা হলো আওয়ামী লীগের হয়ে নির্বাচন করা ও এমপি হওয়া। মাশরাফির ১০০% দোষ নাই সে তার এলাকা ও দেশের জন্য অনেক ভালো কাজ করেছিল যা এর আগে কেউ করে নাই। আওয়ামী লীগের অপরাধের ও ক্ষোভের শিকার হয়েছে মাশরাফি। মাশরাফিকে এখন জাতি ভালবাসে ও স্মরণ করে।",murtaza,NEUTRAL
682b9b1a089e62cb,মানুষ মানুষের জন্য। মাশরাফিকে দেশের মানুষ সবাই ভালোবাসে যেদিন সে ফেসিস্ট শেখ হাসিনার দলে যোগ দিছে সেদিন তার ভক্তরা প্রচন্ড কস্ট পাইছে। তবে তার বাড়ি ভাংচুর এটা আমরা সমর্থন করিনা।,murtaza,FAVOR
b47906ad90d5b5cf,নড়াইলের মানুষ বড় বেইমান মাশরাফির কি অপরাধ ছিল নড়াইলে মানুষ মাশরাফি কি কোন বিরোধী দলের ক্ষতি করেছে তোমরা কি এমন একজন এমপি পাবা নড়াইলের মানুষ জীবনেও পাবানা সারাজীবন তোমাদের আফসোস করতে হবে,murtaza,NEUTRAL
6bae28db51a93ecc,যে এমপি মানুষের দুয়ারে দুয়ারে গিয়ে ভালো মন্ডের খোঁজ খবর নিতে তার বাড়ি নড়াইলবাসী পুড়িয়ে ফেলল। তারা মাশরাফিকে ডিজার্ভ করেনা। যেসব এমপি বছরে একবার মুখও দেখায় না তাদেরকে ডিজার্ভ করে তারা।,murtaza,FAVOR
119a6b5687d1395f,মাশরাফির মতো একজন নিরপরাধ মানুষকে বিএনপি জামায়াত জুলাই সন্ত্রাসী বাহিনী যেভাবে নির্মমভাবে হয়রানি করেছে এদের বিচার স্বয়ং আল্লাহ করবেন অভিসাপ দিলাম,murtaza,NEUTRAL
ec339de3c3b6be01,"আপনার ক্ষতি দূরের কেউ করার আগে, আপনার সমাজ মানুষ আর আপনার নিজ মানুষ গুলো করে, এটার বাস্তব উদাহরণ, Mashrafe Bin Mortaza , আমি অন্তত বিশ্বাস করি নাহ, সে ২৪,এর জুলাই সে সরকার দলের একজন ছিলো, স্বাভাবিক আপনি যেমন আপনার ঘরের নিজের বইন, যখন কোনো ছেলের সাথে আকাম করে, তখন জানার পর যেমন কাউকে বলতে পারেন নাহ, ফ্যামিলির সমস্যা হবে কিংবা মানুষ শুনলে, ফ্যামিলি নামে বদনাম উঠবে, ঠিক মাশরাফি তখন চাইলে ও পারেনি বলতে ছাত্রদের নিয়ে কিংবা তাদের বিরুদ্ধে গিয়ে, ঠিক সরকার পক্ষে গিয়ে ও কিছু বলে নাই, সে দেশের জন্য, অনেক কিছুই করেছে, দেশের কথা বাদ দিলাম, নড়াইল জন্য তো কম করে নাই, কিন্তু তার এলাকার মানুষ তার সাথে এমন করতে পারলো কি ভাবে.? বিস্তারিত কমেন্ট বক্স ⬇️ Posted By - Srabon Ahmed",murtaza,AGAINST
6b3aea14420f6def,"মাশরাফি চাইলে থালাপাতির মত হতে পারতেন, কিন্তু স্রোতে গা ভাসিয়ে দিয়েছেন। আর এর দায় তার একান্তর। আমি অন্যায় না করলেও চোখের সামনের অন্যায় প্রতিবাদ না করাটাই অন্যায়। আর আল্লাহ শাস্তি দুনিয়া এবং আখিরাত দুই জায়গায় দিবেন!",murtaza,AGAINST
7159b8b7fbddbebe,মাশরাফি ও দেশের মানুষের সাথে ভালবাসার জায়গায় আগাত করেছে।,murtaza,FAVOR
93c76465644899c5,প্রতিপক্ষরা কোন এলাকার মানুষ? চান্দের দেশের? প্রতিপক্ষরা ভাংছে আগুন দিছে আর পক্ষের মানুষরা লুটপাট করছে। মাশরাফির উচিত হবে না বেঁচে থাকতে আর নড়াইল যাওয়া।,murtaza,NEUTRAL
5af5e617ca7784df,মাশরাফি অনেক পছন্দের ছিল। কি দরকার ছিল তার গণহ*ত্যাকারী দলের অন্তর্ভুক্ত হয়ে নির্বাচনে অংশ নেয়ার।,murtaza,NEUTRAL
241b20301183debc,আপনি তো বিরাট দেশ প্রেমিক। দেশের বর্তমান অর্থনৈতিক অবস্থা তো ভাল না। আপনার বাড়ি (যদি থাকে) বিক্রি করে সরকারের তহবিলে জমা দিয়ে দেন। খারাপ মাশরাফি একটা জিম করছে জনগণের জন্য আপনি কি করছেন? আপনার বাবা কি করছে? দেশের জন্য আপনার পরিবারের কোন অবদান আছে? পারেন শুধু নোংরা মুখে ঘৃণা ছড়াতে।,murtaza,AGAINST
ecef8d053f50894d,রাজনীতি করে প্রিয় মাশরাফি অপ্রিয় হয়ে গেছে।,murtaza,NEUTRAL
9f6176082b54961b,মাশরাফি একজন ভালো মানুষ আশা করি সবাই ফিরে আসবে❤❤,murtaza,FAVOR
a0af1a158c033f9d,কিছু জাওরাদের কাজ দোয়া করি মাশরাফি ভাইয়ের জন্য সুস্থ থাকে যেখানে থাকে সেখানেই যেন ভালো থাকে❤,murtaza,FAVOR
2f57fa744639fade,মাশরাফি একজন ভালো মানুষ সে ভালো কাজই করেছে। সে রাজনৈতিক কোনো প্রভাব ও খাটায় নাই। এলাকায় উন্নয়ন মূলক কাজ ও করেছে।তার সাথে এই কাজ টা করা ঠিক হয় নাই।,murtaza,FAVOR
195b9a83040713af,"বাংলাদেশের ক্রিকেটে আমার সবচেয়ে পছন্দের ক্রিকেটার ছিল মাশরাফি🥺কিন্তু যখন দেখেছি তাকে অপরাধীদের চামচামি করতে , সেদিন থেকে তাকে সবচেয়ে ঘৃণা করি 😤শুরু আমি না তার কোটি কোটি ভক্ত এখন তাকে ঘৃণা করে 🙄।",murtaza,AGAINST
4846d9099287ee6c,"পুড়িয়েছেন তো ক্রিকেটার মাশরাফির বাড়ি। কারন সে এটা রাজনীতি করে বানায় নাই, বানাইছে ক্রিকেট খেলেই।",murtaza,NEUTRAL
8fc8c6390aef099a,তুমি কি দেশের সকল রাজনীতি বিদকে ঘৃনা কর।আমার যানামতে মাশরাফি তার এলাকার অনেক উন্নয়ন করেছে mp হয়ে।,murtaza,NEUTRAL
9f45ca12ddc873c4,আমি তাদের এলাকার একটা লোকের সাথে কথা বলছিলাম।সে তার (মাশরাফির) বাবার সম্পর্কে অনেক কথা বলছিলো। কিন্তু ব্যক্তি মাশরাফির কথা খারাপ বলে নি।তবে প্রদীপের নিচের অন্ধকারের খবর মাশরাফির নেওয়ায় কথা। এটা এড়াতে পারে না,murtaza,AGAINST
dacca564ab76a370,ক্রিকেটার মাশরাফি আর রাজনীতিবিদ মাশরাফি কি আলাদা??,murtaza,NEUTRAL
4e93287d1b3f6cb7,"মাশরাফি খুব ভালো মানুষ ছিলেন, আল্লাহ আছেন উপরে বিচার একদিন করবেই",murtaza,FAVOR
f44c212818051385,"মাশরাফি খুব ভালো মানুষ ছিলেন, আল্লাহ আছেন উপরে বিচার একদিন করবেই⬅",murtaza,FAVOR
039391905de51d22,আপনি যদি বেশি কষ্ট পেয়ে থাকেন বাড়ি করে দেন মাশরাফিরে,murtaza,NEUTRAL
cdc443e8f99e91e5,আহারে মাশরাফি মানবতার ফেরিওয়ালা আল্লাহ তোমার মত মানুষকে সব সময় সুস্থতার সাথে ভালো রাখুক,murtaza,FAVOR
64749be3e50d672c,মাশরাফি ভালো মানুষ। সে সর্বদা মানুষের জন্য কাজ করে গেছেন।,murtaza,FAVOR
e692e3a99119dec3,মাশরাফি একজন ভালো মনের মানুষ ছিল আমরা 😢😢😢,murtaza,FAVOR
e360fc615ea9a872,মাশরাফি ভাই একজন ভালো মানুষ তার সম্পর্কে কেউ যদি খারাপ কথা বলে বুঝতে হবে তার তার অসুবিধা হচ্ছিল বাড়িছাড়া করেছে,murtaza,FAVOR
227e1541e6c51ea3,"এটা আশা করিনি,,কারন মাশরাফি রাজনীতি করছে কিন্তু প্রতিহিংসার রাজনীতি করেন নি",murtaza,NEUTRAL
a5bddcd84eca4579,"আল্লাহ কাছে দোয়া করি মাশরাফি আবার আগের জাইগায় ফিরে আসবে , এই পৃথিবী তে ভালো মানুষের জাইগা নেই তাতে মাশরাফির অবস্থানেই বোঝা যায় ꫰",murtaza,FAVOR
2e90926ac6472ca6,ব্যক্তি হিসেবে ভালোবাসি মাশরাফিকে❤এই ভাবে ভাংচুর করাটা আমার কাছে ভালো মনে হয় না 😢,murtaza,FAVOR
5698c5b58beae501,"নড়াইলে দেখা যাচ্ছে অনেক মীরজাফরের জন্ম হয়েছে কিছু মীরজাফরদের বলতে চাই একজন মাশরাফি তৈরি করে তারপরে দেখা ওই নড়াইল কেউ চিনত তো আগে নড়াইল বাশির জন্য মাশরাফি কি না করেছে এজন্যই ভালো মানুষ রাজনীতিতে আসে না আর আমরা বাংলাদেশে কখনোই ভালো মানুষ পাবো না রাজনীতিতে বরিশাল থেকে দোয়া করছি মাশরাফি ভাই আপনার জন্য, আপনার দীর্ঘায়ু কামনা করি আপনাকে আল্লাহ যেন সুস্থতা দান করেন আমিন",murtaza,FAVOR
8e869c9f8a255b78,ও এদেশের জন্য যা দিয়েছে তা স্মরণীয় করে রাখতে ব্যর্থ হয়েছে এ দেশের। মাশরাফির উচিত ধিক্কার জানিয়ে বাংলাদেশ থেকে বিদায় নিয়ে অন্য দেশের নাগরিকত্ব নেওয়া। কারণ এ দেশটা একটা অসভ্য দেশ,murtaza,AGAINST
5e692cd4ab7a58dc,মাশরাফি ভাই আমার প্রিয় আছে। আগামী তে থাকবে,murtaza,NEUTRAL
96528de024176c69,আমাদের এই বাংলাদেশে শত লোকের কদর নেই। মাশরাফি বিন মর্তুজা আপনাকে আমরা আপনার প্রাপ্য সম্মান দিতে পারলাম না। সরি সরি সরি সরি,murtaza,NEUTRAL
36b78aeb935a71c4,মাশরাফি ভাই কে চরম লাগে। এই মানুষটার চেহারা টা দেখলেও মন ভালো হয়ে যায়,murtaza,FAVOR
4a8579ce9e20567c,মাশরাফি ভাইয়া সেদিন বল্লেন কি আর এখন কি করলেন? মেসিকে চিনেন না ভালো কাজ 😒,murtaza,FAVOR
3b8c9f10cc00758d,"মুখে বলা যতটা সহজ কাজ করা ততটাই কঠিন, আলহামদুলিল্লাহ মাশরাফি ভাই যথেষ্ট ভালো কাজ করতেছে",murtaza,FAVOR
db3d5a0141db3994,রাজনীতিতে মাশরাফির মতো ভালো মানুষদের খুবই জরুরি 'অসৎ ও অযোগ্য রাজনীতিবিদদের জন্যই আজকে মানুষ রাজনীতিকে ঘৃণা করে।তবে ক্রিকেট ছাড়ার পর রাজনীতিতে যোগ দিলে ভালো হতো।,murtaza,FAVOR
571f1ec47fd8aee6,ভালো মানুষ রাজনীতি করলে দেশে অনেক উন্নতি হবে আই লাভ ইউ মাশরাফি,murtaza,FAVOR
35dd5924232636aa,"মাশরাফি ভাই এটা ঠিক হয় নয় আপনে যদি সবাই ভালো চান তাহলে একা দল করেন,, 16,,কুটি মানুষ আপনার পাসে থাকবে আপনাকে 16কুটির নেতা হিসাবে দেখতে চাই না হয় খেলার মাঠে দেখতে চাই",murtaza,FAVOR
5276a2d48f9e8f84,বস মাশরাফি বস আমাদের বস আপনি একটি নতুন করে দল গঠন করতেন তাহলে আপনিই জয়ী হতেন ইনশাল্লাহ,murtaza,NEUTRAL
dff73440eedb43e2,"মাশরাফি ভাই রাজনীতি করবে তার সিধান্ত টা আমি ঠিক মনে করি, ১. কারন আমার তো বলি আমাদের দেশের রাজনীতিতে সৎ মানুষ চায় আর মাশরাফি ভাই এক জন সৎ ব্যাক্তি, ২.আমার তো আবেগে বলি তার পাগোল ভক্ত তবে আমার তার ক্রিকেট ছাড়ার পর কত দিন মনে রাখবো হয় তো, ১ বছর ৫ বছর বড় জোর 10 বছর, আমার কয়টা দিন রান ভাই এর কথা বলি কয়টা দিন তার কথা মিডিয়াতে আসে কি কোন দিন। শেষ তার কথা মিডিয়াতে দেখছি যেদিন হুয়াইট মোর তার গ্রামে যায় । ৩. তার তো একটা ভবিষ্যাত আছে সে তো আর, ৭,৮ মাস বা ১ বছর পরে অবসার নেবে এর কি কোন গেরান্টি আছে বিসিবি বোর্ড তাকে বেতন দেবে, সে তো প্রতিদিন সকালে নিজে সিরিন্জ দিয়া পা থেকে রক্ত বের করে, হয় রে বাংলাদেশেরে ভক্ত ,কেনো এক সমায় তো সৈয়দ রাসেল ভাই বাংলাদেশের সেরা বোলিং ছিলো সে তো টাকার অভাবে বিনা চিকিৎসা তে ভুগছে, কেনো কেও কি খোজ করেছে কোন দিন কি মিডিয়া তার দেখায় ছে, আমার বলি বস তুমি১৬ কোটি জনগনের নেতা, কেনো আমাদের দেশে কি ১০ কোটি ক্রিকেট ভক্ত নাই বাদ দিলাম ৫ কোটি কি ভক্ত নাই কেও কি উদ্দেক নিয়েছে সবাই ১ টাকা করে দিলে সৈয়দ রাসেল ভাই ৫ কোটি টাকা পেতো আর এখন আমার কি করছি লাইভে আসে কান্নাকরছি বস্ বস্ তুই কেনো রাজনীতি করছো। ,যারা আমার কমেন্ট দেখে রাগ করবেন কিছু করার নাই, একটু আবেগ থেকে বের হয়ে বিবেগে আসেন আর দোয়া করেন বস্ যোনো জয়ি হন।",murtaza,NEUTRAL
c5305a2e9ddd77d3,"আমাদের দেশে ক্রিকেট এর অবস্থা খুভ খারাপ ছিলো, কিন্তু মাশরাফি ভাই আসার পর অনেক ভাল হইছে।আমাদের দেশে রাজনীতিও খুভ খারাপ যাইতেছে মাশরাফি ভাই রাজনীতিতে এসে যদি কিছুটা ভাল করতে পারেন, তাহলে খারাপ কি?আমি ভাই এর জন্য দোয়া করি, ভাই যেন আমাদের কে ভাল কিছু দিতে পারেন।আমি আরো খুশি হয় হতাম, ভাই যদি নতুন একটা দল নিয়ে নির্বাচন করতেন।",murtaza,NEUTRAL
328bb56e752cb3ba,মাশরাফির এমন বিদায় আমরা কখনো চাই নি😥,murtaza,NEUTRAL
c9114ea33087d430,ভাইরে এই সামান্য একটু বেপার নিয়ে এত কথা বলা যায় না অন্য কোনো সমস্য থাকতে পারে আর মানুষে মন সব সমায় ভালো থাকেনা আর আমাদের বাংঙ্গালিদের একটা সমস্যা আছে সামান্য একটু কোনো কিছু পেলেই সেটাকে অসামান্য করে ওঠায় mashrafe real boss,murtaza,FAVOR
02f18a3245c99e4f,ভালো মানুষ ও আওয়ামী লীগ এ গেলে খারাপ হয়ে যায়.. মাশরাফি তোর প্রমাণ,murtaza,FAVOR
b5096b4fc5cb7e65,Age school e vorti ho notun kore tarpor comment lekhte asis. Mashrafe chotolok er dalal,murtaza,NEUTRAL
fdf4c53f3ac48809,তুমি অনেক খারাপ হয়ে গেছো মাশরাফি তোমাকে আর ভালোবাসি না এতো তোমার অহংকার একদিন ঠিকে কমবে তকে আর দেকতে চাই না,murtaza,FAVOR
345e8579870e8d9a,মাশরাফি বিন মর্তুজা চেয়ে কুকুরে সাথে ছবি তুলা ভালো ছিলো,murtaza,FAVOR
eca0827b9844b6a9,এই জন্যই বলি বস মাশরাফিকে বিসিবির দায়িত্বে দেখতে চাই,murtaza,NEUTRAL
b81ca9e613f0625a,আমরা চাই মাশরাফি জাতীয় দলের কোচ হোক,murtaza,NEUTRAL
6fc9b0a899d63df0,"মাশরাফি ভাইয়ের সাথে আমি একমত!! তাছাড়া টিম মেন্টর বা পরামর্শক হিসেবে মাশরাফি ভাই থাকলে, আবশ্যই আরো ভালো কিছু হতে পারত।",murtaza,FAVOR
194c76a3bb471fd4,"মাশরাফি শুধু জাতীয় দলের কোচ নয় তাকে আমরা BCB Head হিসাবে দেখতে চাই। তা নাহলে আগামিতে বর্তমানের সিনিয়র প্লেয়াররা অবসরে চলে গেলে এই সব লিটন, সোম্যদের মত প্লেয়ারদের নিয়েই খেলতে হবে। আবার সেই ১৫ বছর পূর্বের বাংলাদেশ দলে পরিনত হবে।",murtaza,AGAINST
5de63bece6dcf3c6,মাশরাফি ভাই কে bcb chairman করা হক এবং দেশিও coach নিয়োগ করা হক Aminul islam bulbul would be a good option,murtaza,NEUTRAL
de3aab234b2ef4e9,"ভাই কে খুব মিস করছি,,দূর্নীতি বাংলার সব জায়গায়,,ক্রিকেট ম্যানেজমেন্টে দূর্নীতি দেখতে চায় না দেশবাসী,, মাশরাফি ভাই কে বোর্ডের গুরুত্বপূর্ণ পদে দেখতে চাই।",murtaza,NEUTRAL
c2180ac5055c6cba,বাংলাদেশের সর্বকালের সর্বশ্রেষ্ঠ অধিনায়ক হচ্ছে আমাদের নাড়াইল জেলার গর্ব আমাদের নাড়াইল জেলার অহংকার আমাদের ভাই। মাশরাফি বিন মুর্তজা ভাই। আমরা চাই ম্যাশ ভাই কে বাংলাদেশের ক্রিকেট দলের ম্যানেজমেন্ট এর দায়িত্ব দেওয়া হোক!,murtaza,FAVOR
f040a28d7dadcd5a,কি অসম্ভব সুন্দর কথা গুলো বললেন বস মাশরাফি বিসিবি সভাপতি হিসেবে চাই ❤️❤️,murtaza,NEUTRAL
be42f40d0c3150c5,"আমরা মাশরাফি ভাইকে,, কোচ হিসেবে দেখতে চাই",murtaza,NEUTRAL
3f3ba15448fc4170,This is Mashrafe. He should be included in Team management,murtaza,NEUTRAL
41a3de2969b5e04b,মাশরাফি ভাইর কথাগুলোর মধ্যে আসলেই অনেক যুক্তি আছে।,murtaza,NEUTRAL
c31071c9337dd97d,বাংলাদেশ ক্রিকেট বোর্ডের সভাপতি হিসেবে আমরা মাশরাফি ভাইকে চাই,murtaza,NEUTRAL
635d23d7521744d0,মাশরাফি ভাই কোচ থাকলেও অনেক ভালো করবে বাংলাদেশ। এক বিশাল অনুপেরণার সাগর মাশরাফি ভাই।,murtaza,FAVOR
15915216868b8200,"মাশরাফি বাংলাদেশের জান,, আর আমার কলিজা,,,,,,,,,BCB,, Boss,, হিসাবে চাই,,,,,।",murtaza,FAVOR
dfecb7fecc83f52b,কোচ অথবা বিসিবির সভাপতি হিসেবে মাশরাফিকে দেখতে চাই,murtaza,NEUTRAL
efc5354b14feb4ac,প্রতিটি জনপ্রতিনিধির মাশরাফির কাছ থেকে শিক্ষা নেয়া উচিত। ❤❤❤,murtaza,NEUTRAL
e8aaac8da3cb807b,মাশরাফি আপনি হাজার বছর বেঁচে থাকুন। আল্লাহর রাসুল (সাঃ) -এঁর এমন একটি সুন্নত আপনি পালন করেন যেটি এখনও পর্যন্ত কোন আলেম ওলামার মধ্যে দেখিনি। আর তা হচ্ছে বিনয়। আপনাকে হাজার সালাম।,murtaza,NEUTRAL
250559c0387f0d26,আমি আগে থেকে মাশরাফি বিন মুর্তজা ভাই কে ভালবাসি আল্লাহ পাক যেন তাকে সুস্থ ও নেক হায়াত বাড়িয়ে দেন আমিন,murtaza,FAVOR
d31ef0a11ccffb20,"নাদিয়া আক্তারের কমেন্ট পরে মনে হচ্ছে উনি মাশরাফির সঙ্গে সংসার করেছেন,১) সে একজন ভালো মনের মানুষ ২) তার মতো বন্ধু সবার ভাগ্যে জোটে না? এই শব্দ চরন গুলো একমাত্র স্বামী-স্ত্রী ও প্রেমিক- প্রেমিকারাই দিতে পারে,তা আপনি কোনটা?",murtaza,FAVOR
61aa99ed2dc033eb,এক কথায় একজন ভালো মনের মানুষ মাশরাফি। উনার জন্য দোয়া রইলো। আল্লাহ ওনাকে বাচিয়ে রাখুন আমিন,murtaza,FAVOR
ee414e4f126d3302,মাশরাফি মতো যারা ভালো মানুষ আছে আসুন তাদের জন্য দোয়া করি,murtaza,FAVOR
1b63d9184b002c8f,মাশরাফি ভাই সত্যিই একজন ভালো মনের মানুষ। তার মধ্যে কোন অহংকার নেই।,murtaza,FAVOR
a5f840342aff2ca0,মাশরাফি ভাই এক জন ভালো মনের ভালো মানুষ দোয়া করি আল্লাহ মাশরাফি ভাই কে নেক হায়াত দান করে মানুষের পাসে থাকার তৌফিক দান করেন আমিন নেতা এক জন মাশাআল্লাহ,murtaza,FAVOR
32fcea4469b6be70,মানুষ হিসেবে নেতা হিসেবে সবাই মাশরাফির মতো হওয়া উচিত আল্লাহ ওনাকে নেক হায়াত দান করুক আমীন,murtaza,NEUTRAL
c96a7de53c2a765b,মনের অজান্তেই কেন যেন দুচোখ ঝাপসা হয়ে গেল। কিছু সৃতি মানুষকে মহান করে আর কিছু সৃতি মানুষকে ভাবায়। সত্যিই তুমি মহান মাশরাফি।,murtaza,NEUTRAL
e6cd7e632828aa37,"অত্যন্ত মনখোলা, বন্ধু সুলভ আচরন বিন্দু, কণা অহংকার নেই, যেই আচার-আচরণ গুনাগুন মানুষকে উন্নতির শিখরে পৌঁছাতে সাহায্য করে তার সবই মাশরাফি বিন মুর্তজার রয়েছে।দোয়া রইল।",murtaza,NEUTRAL
580acec2284ab80f,"আমাদের দেশে এখন এই মুহূর্তে মাশরাফির মত মানুষদের বড় বেশি দরকার আছে বিভিন্ন সেক্টর গুলির প্রধান হিসেবে । মহান আল্লাহ আপনার হায়াত বাড়িয়ে দিন ও সুস্থ রাখুন, আমিন।",murtaza,NEUTRAL
884cfcbeb0c1f7d8,মাশরাফি ভাই ভালো মনে মানুষ। মানুষের ভালো ভালবাসা আরো বেড়ে গেলো,murtaza,FAVOR
5db476b019d79ec1,"We hope that if Mashrafe becomes the President of BCB, cricket in Bangladesh will be better",murtaza,NEUTRAL
8264392299cbd941,সত্যি মাশরাফি ভাই খুব ভালো এক জন মানুষ,murtaza,FAVOR
6f389a8ed17aef32,"একজন মাশরাফি নির অহংকার ভালো মনের মানুষ, তাইতো এত ভালোবাসি ❤️ দোয়া দোয়া করি সবসময় সুস্থ থাক 🤲",murtaza,FAVOR
c8f91977a82ede76,এমন একজন প্রধানমন্ত্রী চাই মাশরাফি ভাইয়ের মতো❤️🇧🇩,murtaza,NEUTRAL
8255731679627496,"তুমি যতই বড় সম্পদশালী হওনা কেনো তুমি ততক্ষন বড় হবে না যদি মানুষেরর মনুষত্ব্য না থাকে। স্যালুট বস মাশরাফি,তুমি থাকতে দেশ হারলে খারাপ লাগতো না।",murtaza,AGAINST
23dff9d1e68e447d,আমার বন্ধুরা যদি এলাকার মেম্বারও হয় তাহলে মনে হয় আমাকে চিনতে পারবে না 🙄🙄 মাশরাফি ভাই❤❤,murtaza,NEUTRAL
2a26fdec999f772c,"অন্যন্য নেতা , এমপিদের মাশরাফির কাছে এসে নৈতিকতা ও মানবিকতার ক্লাস করা উচিত।",murtaza,NEUTRAL
dd8c2fd271644269,আল্লাহ যেন তোমাকে দুনিয়া ও আখেরাতে পরিপূর্ণ সফলতা দান করেন। মাশরাফি ভাই।,murtaza,NEUTRAL
661951d6e962f00e,ভালো বাসার আরেক নাম মাশরাফি।সেলুট মাশরাফি ভাই।,murtaza,FAVOR
3db8c09bd379cbeb,এটাই ভালো ছেলে প্রমান করে আমাদের প্রানপ্রিয় বস মাশরাফির বীন মর্তুজা।কোনো অহংকার নাই।,murtaza,FAVOR
fd4df3c6971179b5,"মনে রাখবেন, গাছ ভালো হলে ফল ভালো হবে। মাই লাভ মাশরাফি ----❤❤❤🎉❤❤❤",murtaza,FAVOR
d13aed35f6ad8b2b,মানুষ হিসেবে নেতা হিসেবে মাশরাফির মতো সবার হওয়া উচিৎ। Love you mas❤,murtaza,FAVOR
350f2319971d5417,আমার খুব প্রিয় একজন মানুষ.! মাশরাফি ভাই ভালোবাসা অবিরাম সব সময় ভাইয়া..!!❤️❤️,murtaza,FAVOR
efd9219c8952a27d,Mashrafe is the Best Leader in Bangladesh. I salute him,murtaza,FAVOR
4d22905e70d982bb,মাশরাফি থেকে শিখা উচিত আমাদের গুণধর সম্মানিত এমপি-মন্ত্রীদের।,murtaza,NEUTRAL
68e09be8a038d6af,যেন বাংলাদেশের সব নেতারা মাশরাফির মতো হয়,murtaza,NEUTRAL
0bee93ecc0a8f319,মাশরাফি ভাইয়ের কোনো অহংকার নেই। বস আপনাকে স্যালুট ।,murtaza,NEUTRAL
bf45317adc4cf70b,মাশরাফি মানে ভালো লাগা হাজার বছর বেঁচে থাকেন বস,murtaza,FAVOR
430e43c52fed1981,Proud of u super player.manus to amon howa chai.Allah bless u Mortaza.,murtaza,FAVOR
4abe938a0181da03,সব মন্ত্রী মাশরাফিকে সকাল বিকাল পায়ে ধরে সালাম করা উচিত,murtaza,NEUTRAL
880e0ab48a09a859,"কথা সত্য ! আবেগ অনুভূতি প্রবন হয়ে অনেকেই অনেক কিছু বলে ৷ কিন্তু যদি সামগ্রীক দিক থেকে চিন্তা করা যায় তাহলে মাশরাফি ভাইয়ের কথাগুলো ফেলে দেওয়ার মত নয় ৷ বরং অধিক গ্রহনযোগ্য ৷ আর বাকি রইল দলাদলির কথা, যার মানসিকতা ভাল সে সব দলে থেকেই ভাল করতে পারে ৷ তার জন্য আলাদা দল বা গোষ্ঠির প্রয়েজন হয় না ৷",murtaza,FAVOR
b7439915c9de3abd,দর্শক Mashrafe Mortaza এর politics এ যোগ দেয়ার খবর আসার পর থেকেই অনেকেই ক্ষুদ্ধ মনোভাব প্রকাশ করেছিলেন! আর তার জন্যই মাশরাফির এই চিঠি! আপনি কি মাশরাফি মর্তুজা দেয়া চিঠির সাথে একমত? শেয়ার করুন আপনার মতামত!,murtaza,NEUTRAL
aaa2354326bbec73,মাশরাফি যেটা বলেছে সঠিক বলেছে টি-টোয়েন্টিতে উন্নতি করতে গেলে আর দশটা বাচা পেলেয়ার তৈরি করে নিতে হবে 🥰🥰🏏🏏🏏,murtaza,FAVOR
e3006130aabf5593,"yaah me too... its mortaza style :P, so cute! cant believe he got married already :O !!",murtaza,NEUTRAL
59bdf773745e9d14,"@nafis1994 you know how they have the pepsi change the game ads with all the players and their trademark shot. I think that Mashrafe's should be ""the mashrafe collar"" LOL",murtaza,NEUTRAL
d3ced5dfb7ac5e81,"তুমি মাশরাফি একজন, দলের শাস্তি যদি কোন ভালো ব্যক্তি পায় তাহলে তো ভালো মানুষ রাজনীতিতে আশা করা যায় না তোফায়েল আহমেদের মৃত্যুতে শহীদ মিনারের না নিতে দেওয়া দক্ষিণ প্লাজায় জানাজা না হতে দেওয়া, এগুলোতে এই বাত্রাই দেয় যে ভালো মানুষ তোমরা রাজনীতিতে সোনা তাহলে কিভাবে সুন্দর বাংলাদেশ গর্ভে মানুষ এটা আমার জাতির কাছে প্রশ্ন মাশরাফির মত মানুষ হয় না মাশরাফি একজন দলের শাস্তি তাকে না দাওয়াই বেটার",murtaza,FAVOR
bb3cf2ee6ed7e04d,"নিজের ক্রেডিট টা কখনো নিজের করে নেন নি,,,বরং সমগ্র বাংলাদেশের মানুষের প্রতি শ্রদ্ধা রেখে ছড়িয়ে দিয়েছেন ভালো অনুভূতি গুলো..মাশরাফি..ভালোবাসার আরেক নাম ❤️❤️",murtaza,FAVOR
e419051f9b6909cf,"মাশরাফি ভাইয়ের হাসিটা দেখার জন্য ভিডিও টা বার বার দেখি,, love you boss💝💝",murtaza,FAVOR
ef26dbd6ecd8d437,ব্রাজিল সাপোর্ট করি তবুও মাশরাফি ভায়েই কথায় ভালো লাগলো,murtaza,FAVOR
64d87eb380e5dac7,"""Vai thamen thamen Ami Mashrafe . That's it ""😂😂",murtaza,NEUTRAL
5592aeadd4255539,Jara Mashrafe and Argentina like koren tader thanks.,murtaza,NEUTRAL
2a8a444fc7a515cf,মাশরাফি বস কে হাজার হাজার সালাম. তিনি আমাদের গর্ব গজে উঠা এক ভাগ.!❤️❤️❤️❤️❤️❤️❤️❤️❤️,murtaza,FAVOR
942dccd6ee1c0375,বীর টাইগার মাশরাফি সামনে এগিয়ে যাও মাথা উচু করে ভয় নাই। বাংলাদেশের ১৬ কোটি জনগন স্যালুট জানাই whole cricket team Bangladesh কে। ধন্যবাদ,murtaza,AGAINST
757cb9055717e135,I'm Indian.i tell from my point of view Really excellent performance by Bangladesh team. It was a very tarp match.. I really enjoyed.. Mashrafe is a very good player and team captain for Bangladesh team like a Dhoni.. Finally I want to say Bangladesh team go ahead.. And we hope give to opportunity this type of match see again.. I love My India..,murtaza,NEUTRAL
8d8f28a1aa99c392,মামুন ভাই আমি ওনার প্রতিটা ভিডিও দেখি.. নড়াইলে নানা নানীর কাছে মানুষ এতো উচ্চতায় পৌঁছেছেন অথচ এতো বিনয়ী এতো ভদ্র আর এতো বড় মাপের মানুষ আগে দেখেনি... আমি খুব শ্রদ্ধা করি ওনাকে.. উনি কপিলদেব ইমরান খান সচিন টেন্ডুলকারের মতোই পুরো দেশ কে এগিয়ে নিয়ে যেতে পারেন. শুধু একটা ট্রফি ওনার হাতে হলে হয়তো বাকিরা খুশি হতো কিন্তু মাশরাফি ভাই নিজে বলেছেন ট্রফি দিয়ে ওনার দাম মেটানোর মতো এতো সস্তা উনি নিজেকে মনে করেন না... সালাম নমস্কার মাশরাফি ভাই... আরো অনেকদিন দেখতে চাই... গাঙ্গুলির অবসর নিয়েছেন তাই এখন সেরা বাঙালী ক্রিকেটার আপনি ভাই...,murtaza,NEUTRAL
78ef60b0af026a10,Salam mashrafe bhai.... sonar replacement key nai bangladeshe,murtaza,NEUTRAL
aa7bdcd687852bcf,মাশরাফির মতো এত ভালো অধিনায়ক আর পাওয়া যাবে কিনা বাংলাদেশ। দলের জন্য তিনার ত্যাগ ইতিহাসের পাতায় লেখা রখা উচিৎ। সেলুট যানায় ম্যাস।,murtaza,FAVOR
dba94cf52f786253,মাশরাফির তুলনা মাশরাফির নিজেই ভালবাসি বাংলাদেশ ক্রিকেট টিমকে কিন্তু ইন্ডিয়ান টিম সবসময় খেলার মধ্যে নাটক ড্রামা করে প্রতি ওভারে পানি খায় রেস্ট নে আর জরিমানা করে আমাদেরকে,murtaza,FAVOR
dc2d440d865534d1,"আসলে মাশরাফি ভাই এখন অবসর নিলে ভালো হয়, কারন তার এখন সময় ভালো যাচ্ছে, প্রত্যেক টা খেলোয়ার ভালো সময়ে অবসর নিলে তাকে সাড়া জীবন মনে রাখা যায়, আর খারাপ সময়ে অবসর নিলে সে যতই ভালো খেলোয়ার হোক না কেনো তাকে মনে রাখে না কেও,",murtaza,NEUTRAL
fec272a810410b66,সাংবাদিকঃ লিটন দাশ এর আউট নিয়ে আপনার মতামত কি? মাশরাফিঃ দেখেন এমনিতেই স্লো ওভার রেট এর ৪০% ফাইন খাইছি আর ফাইন খাওয়ার ইচ্ছা নাই। 😎😎😎😂😂😂😂 Thug_life,murtaza,AGAINST
59d34848553fbeb1,মাশরাফির অবসর গ্রহণ করা উচিত এখন। ভবিষ্যৎ ক্রিকেট উন্নতির জন্য মাশরাফির বিকল্প তৈরি করা উচিত।,murtaza,AGAINST
125b6ae717eb369a,ভাই ভালো করে বাংলা লিখতে শিখো পরে না হয় ইংলিশ কমেন্ট করিও। আর আজীবন তো মাশরাফি ক্যাপ্টেন থাকবে না তাই আগে থেকেই আরেক জন ক্যাপ্টেন তৈরি করা উচিত। ক্রিকেট এর ভবিষ্যৎ এর জন্য। ধন্যবাদ।,murtaza,FAVOR
dd26ab2169514962,@salimm97 ভবিষ্যৎ আপনাকে চিন্তা করতে হবে না। অনেক প্লেয়ার আছে। আর মাশরাফি যখন মনে করবে তখন সে নিজে ক্রি কেট ছেড়ে দিবে।,murtaza,NEUTRAL
c50826f3b52d31e0,মাশরাফি ভালো বাসা ভাগাভাগি করা যায় কি?আমি ভাগ বুঝতে পারছি কিন্তু কিস্তি বেশ ভাল বুঝতে পারছি আমি ভালো বাসি মাশরাফি।,murtaza,FAVOR
85de08eeb419e8e6,"মাশরাফির অনুতপ্ত হওয়ার কিছুই নেই,যাঁর ঝুলিতে আছে দেশপ্রেম,আছে মানুষের প্রতি মমতা,আছে ত্যাগ,সেই লোক কিসের জন্য অনুতপ্ত হবে?,রাজনীতি যে কেউ করতে পারে,আওয়ামী লীগ করলে সে খারাপ এটা কেমন কথা?,এই দেশ স্বাধীন হয়েছে আওয়ামী লীগের নেতৃত্বে,সেই আওয়ামীলীগ এতো খারাপ??,কিছু পর জনগণ বুঝতে পারবে যে আওয়ামীলীগ ই ভালো ছিল,তখন কথিত জুলাই ওয়ালা হয়ে যাবে মীরজাফর",murtaza,FAVOR
f2ee43eac2534366,মাশরাফি ভাই কে ক্রীড়া মন্ত্রী হিসেবে দেখতে চাই 😍,murtaza,NEUTRAL
f08bc2d969c5915e,আমি মনে করি মাশরাফি র মত ভালো লোক রাজনীতিতে আসা দরকার,murtaza,FAVOR
9b236e30cff30e4a,"জনগনের কাছে প্রশ্ন রাজনীতি কারা করে??যারা নীতি বান তারাই রাজনীতি করে, আর সেটার ক্ষেএে মাশরাফি ভাইয়ের থেকে ভালো নিতীবান মানুষ আর কয়টা রাজনীতি করে জানা নেই,তিনিই সঠিক💜💜",murtaza,FAVOR
bbfcf7325fc02cb7,মাশরাফি কথা বলছে কিছুটা রসিকতা করে ভূলার করছো বলে ই মানুষ ভূলে যাবে 😂😂,murtaza,NEUTRAL
00271949b6256dbd,মাশরাফি ভাইকে ক্রিড়ামন্ত্রি করা উচিত তাহলে হয়তো সব ধরনের খেলার উন্নতি হবে।।,murtaza,NEUTRAL
00b7e826fbcebafc,"Mashrafe Bin Mortaza is the 1st fast bowler in the history of Bangladesh ❤🇧🇩 He bowled at a maximum speed of 140-48 kilometers per hour in a short time after his debut (2001) ! It can be assumed that if he had not been injured frequently, he could have been a full pacer. At the same time, he could have been one of the best pacers in the world 😎 He also batted well. It can be assumed that if he had not been injured frequently, he could have been among the best all-rounders in the world!",murtaza,FAVOR
79e41f44244f1cb5,First Member of Parliament I have seen who is as remarkable a person as Mashrafe.,murtaza,NEUTRAL
c99f12889ee0541b,Alhamdulilah that is my Captain Jazakallah Khair Brother Mashrafe.,murtaza,NEUTRAL
74dcae30c9b2ca8e,@ashrafultuhin6021 no need to thanks bro. Mortaza Sir deserve this.,murtaza,NEUTRAL
28ea72ea139d4377,adad Bangladesh should salute Mashrafe for his contribution and patriotism,murtaza,NEUTRAL
fc10ecbd1d1059c9,"It's not the stats, it's the character of Mortaza that is inspiring. We grew up watching him and we were inspired by him, he wasn't the fastest, he wasn't the flashiest, but he still inspired the next generation.",murtaza,NEUTRAL
4c4dbf5fde3b70f3,রাত ২.৪২ বাজে।মাশরাফি বিন মর্তুজাকে মিস করতেছি।বসের বোলিং অ্যাকশন থেকে শুরু করে জার্সির কলার দাঁড় করানো সব ভালোবাসি বস🖤 আপনাকে আর বোল নিয়ে দৌঁড়াতে দেখবো না বা সেই পাগলাটে ব্যাটিং🥲 মিস করি ক্যাপ্টেন মাশ🖤,murtaza,FAVOR
da64eca4bb14e2f9,7 operation in both knees 💚 Never give up by Mashrafe. Lots of things to learn👍,murtaza,NEUTRAL
b85fb19a44a83f7e,I Love Mashrafe Bin Mortaza (Koushik) from deep in my heart.❤❤,murtaza,FAVOR
367aa425e7dce5e1,"মাশরাফির... এটা একাটা নামই না এটা আমাদের গর্ব, তরুন্দের অনুপ্রেরণা। নড়াইল এক্সপ্রেস 💖💖",murtaza,FAVOR
3e8fa210f62d91c9,#Mashrafe love you brother. Lots of respect. Never give up,murtaza,FAVOR
4d3c9aa26aeecc25,"Mashrafe's all balls is a warning message for legend, mashrafe is winner captain, I know Bangladesh have no cups but Bangladesh have mashrafe, mashrafe is a warning mashrafe is a legend as a Captain of cricket, mash one mash's have no copy, and my last word thank you captain",murtaza,FAVOR
cdeefe44504e32b9,"The only player in Bangladesh whom I have respect. Very down-to-earth and most important, knows how to control emotions. Sadly, No other Bangladeshi player can even come closer to him. Apart from him all other Bangladeshi players are experts in crossing line. Same respect for you Mashrafe as I have for Rahul Dravid. This is what we remember at the end of your career. All the best. Love from India💞",murtaza,FAVOR
b4e36cef339bc656,MASHRAFE THE LOVE OF BANGLADESH THE LEGEND THE BEST CAPTAIN THE LOVE MAN LOVE YOU MASHRAFE VHI❤️,murtaza,FAVOR
635dba1b27277390,We are also proud of you captain fantastic Mr. Mortaza,murtaza,FAVOR
83449f93c367216a,Today 5th October is the birthday of our Cricket legend.. Best wishes to our legend..Best wishes to our Boss..Best wishes to our beloved leader .....HAPPY BIRTHDAY MASHRAFE..🎂 🎂 🎂 😍😍😍😍😍,murtaza,FAVOR
1b17d5bec3d3c15c,I love our captain mashrafe bin mortaza 😍😍😍,murtaza,FAVOR
9421def27c61f25a,Big up bhai Mashrafe mortaza big love & respect 😍😍,murtaza,FAVOR
fefb01099c0e4c61,Please mashrafe. Please come back to cricket,murtaza,NEUTRAL
442a81c2529a1997,"মাশরাফি ভাইকে এখন সময়ে অনেক স্ট্রং হতে হবে, মানুষের দুঃসময় আসবেই, আপনার জন্য অবশ্যই ভালো কিছু অপেক্ষা করছে",murtaza,FAVOR
199bcb95dfcd41c7,মাশরাফি ভালো মনের মানুষ তার জন্য দোয়া করি,murtaza,FAVOR
26aedd11def18533,মাশরাফি ভাই একজন ভালো মানুষ। অবশ্যই ছাত্রদের পক্ষ নিতেন কিন্তু এতে তার রাজনৈতিক পরিস্থিতি খুব খারাপ হতো।,murtaza,FAVOR
f8dab76b9e6da4e8,মাশরাফির উচিত ছিল সে ছাত্রদের পক্ষে দাঁড়ানো,murtaza,NEUTRAL
c08f678d21394bf1,"মাশরাফির কথাগুলো ধ্রুবতারার মত সত্য, মাশরাফি সত্তিকারের একজন ভালো মানুষ, বাংলাদেশের রাজনীতিতে মাশরাফির মত মানুষের অনেক অনেক প্রয়োজন",murtaza,FAVOR
39696868b439aedf,মাশরা বিন মর্তুজা সারা জীবন ক্রিকেট খেলে বিশ্বকে মনোরঞ্জন দিয়ে গেল আজ থেকে আমরা ঘৃণার চোখে দেখছি। এই হলো বাঙালি জাতি মীরজাফরের বংশ। তার ভালো দিকগুলো আমরা অস্বীকার করলাম,murtaza,FAVOR
168b9be75e4e0f10,সারা দেশের পিউর মানুষ গুলো তুমার সাথে আছে মাশরাফি ভাই.আমরা জানি তুমি ছাড়া এই দেশকে কেউই বেশি ভালোবাসে না.,murtaza,FAVOR
52ac98606d988a57,মাশরাফি ভাই আপনাকে অনেক ভালো বাসি আপনার জন্য দোয়া ও শুভকামনা রইল ❤ কাম ব্যাক,murtaza,FAVOR
8311461c355d1ebf,মাশরাফি ভাই ভালো বাসা ও শুভকামনা রইল,murtaza,FAVOR
5286263469c88d26,মাশরাফি ভাই আপনি ভালো মানুষ এদেশের মানুষ আপনাকে ভালোবাসে সময় হলে প্রকৃতি সব হিসাব নেবে।,murtaza,FAVOR
3cae112ded64e913,মাশরাফি ভাইয়ের কথাগুলো সুন্দর ভাবে ছোট পিচ্চি ছেলেকেও সুন্দর ভাবে মহোদয় আসিফ এবং আপনি বলে আখ্যায়িত করেছেন,murtaza,NEUTRAL
d4142b1453a76925,"ক্যাপ্টেন কে দেখে খুব মায়া লাগতাছে,,,খুব ভালো মানুষ মাশরাফি",murtaza,FAVOR
1483f7ee2cad40e3,"মাশরাফি ভাই ❤❤❤ আপনে বললে জান দিয়ে দিবো ,,,, একবার বলেন জেলের ভয় পাই না । কোথাই আপনাদের পাশে দাড়াতে হবে যাস্ট একবার বললেন ,,,?",murtaza,NEUTRAL
7df84a28fbf5a683,খুব দারুণ সুন্দর কথা গুলো বলেছে মাশরাফি ভাই এই কথা গুলো বাংলাদেশের মূর্খ র যাত গুলো বুঝবে তো আমার তো মনে হয় না!,murtaza,NEUTRAL
f87cb122001a2c75,মাশরাফি মানেই ছিল একসময় বাংলাদেশ। ইনসাআল্লাহ আবারও এরকম দিন আসবে।ভূল থেকেই মানুষ শেখে ।,murtaza,NEUTRAL
2052a4b787ec5a19,মাশরাফি বিন মর্তুজা আমাদের সম্পদ । ভালো থাকবেন ক্যাপটেন। ❤❤❤,murtaza,FAVOR
3cb16c0c34d99066,মাশরাফি আসলে একজন ভাল মানুষ.. আল্লাহ তালা তার সম্মান যেনো বাড়িয়ে দেন,murtaza,FAVOR
bd68390e4ac1a908,মাশরাফি আমাদের খুব ভালো ছেলে। শুভ কামনা রইলো। জাতীয় পার্টি থেকে দেখছি।,murtaza,FAVOR
bd4eb59c8afff0b2,মাশরাফি স্যার জন্য শুভকামনা রইল নেতা তাকেই বলে 🎉🎉❤,murtaza,NEUTRAL
ef9c762c4eb403c1,মাশরাফি বস সেলুট জানাই আপনাকে দেশপ্রেমিক কোটি কোটি মানুষের দোয়া আপনার সাথে আছে ❤❤❤❤❤,murtaza,NEUTRAL
c50ec7ef0d3841c8,মাশরাফি ভাই আপনাকে আল্লাহ তাআলা নেক আয়াত দান করেন ❤,murtaza,NEUTRAL
9950ea21f481090c,আমি রাজনীতি কে ঘৃণা করি কিন্তু আমি ব্যক্তি মাশরাফিকে অনেক পছন্দ করি ❤,murtaza,AGAINST
d1e884134ea9d7db,"মাশরাফি কত উচ্চশিক্ষিত মানুষের মত প্রজ্ঞাবান কথা গুলো বল্লো। ❤ নাহ! এমন আরো কিছু মানুষ ছিল, অনেক আলোকিত মানুষকে নির্বাসনে যেতে বাধ্য করা জাতির জন্য আত্মহননের শামিল। ব্যাক্তির কথা বলছি আর কি; কোন দলমত কে নিয়ে কথা না।ভাই। তবু কিটপোকা আমাকে হয়তো দালাল বলে হালাল হয়ে যাবে - কিন্তু কীটপোকারা তো শিক্ষা বোঝে না! আর তারা বেশীদিন সার্ভাইব করতে জানেও না। সো নো মেটার। গুড ইজ গুড। ট্রু ইজ ট্রুথ!❤ ভালো আবেগ ধ্বংস হয় না বরং বেড়ে যায়। কালে কালে দেখা দেয়!",murtaza,FAVOR
5bce6d24aa162435,Mashrafe ekjoni hoi.... Kelar chaiteo unar personality ta onk beshi tane❤❤❤,murtaza,NEUTRAL
921a50d7174d3f32,মাশরাফি ভাই কোন সমস্যা নাই আমরা জনগণ আপনার সাতে আছি আওয়ামী লীগ আবার আসবে একটু কষ্ট করেন ভাই,murtaza,NEUTRAL
11d6657618c9f4d5,"মাশরাফি একজন ভালো মানুষ, কখনো বিরোধ দলের কাউকে কষ্ট দিয়ে কথা বলে নাই এটা তার বাস্তব উদাহরণ।",murtaza,FAVOR
dac7140989f3c5d8,"মাশরাফি কে আমিও ভালোবাসি। তবে, ফ্যাসিস্টের দোসর হিসেবে, সে কোন ভাবে ই দ্বায়ভার এড়িয়ে যেতে পারে না! তাঁরও বিচার হবে। বা বিচার হতে হবে। 🇧🇩",murtaza,FAVOR
59644f42fc60c194,"আমি পার্বত্য এলাকা থেকে আদিবাসী সম্প্রদায়ের। তবে কেন জানি না, মাশরাফি বলতে আমি দূর্বল! ভালোবাসি তোমায় মাশরাফি ভাই। আমি চাই,, তুমি আবারও তোমার স্বমহিমায় ফিরে আসুক। পুনরুদ্ধার করুক তোমার হারিয়ে যাওয়া মান-সম্মান এবং অবস্থান।❤❤❤❤",murtaza,FAVOR
69c94a47f9f701d3,মাশরাফির অবৈধভাবে সম্পদের হিসাব দিতে হবে। দুনীতি দমন কমিশন তদন্ত করে আইনের আওতায় আনা হোক তা না হলে আইনের শাসন প্রতিষ্ঠার সম্ভব না।,murtaza,NEUTRAL
9cfea1ac08baea4e,"video ta edited, mashrafe ei kotha gula not out noman e bolsilo...",murtaza,NEUTRAL
1b9f07784b0986a8,মাশরাফি বস ভালো কিছু করতে হলে আরো কঠিন কঠিন সমস্যার মোকাবেলা করতে হবে,murtaza,FAVOR
4f5910b5fa0f5238,খুব ভালো আলোচনা হয়েছে ধন্যবাদ মাশরাফি ভাইকে।,murtaza,FAVOR
d7c8beb869064fc2,মাশরাফি ভাইকে বিসিবির সভাপতি হিসেবে দেখতে চাই ❤,murtaza,NEUTRAL
d6aaf74459858362,মাশরাফি তো স্বৈরাচারের মুরিদ ও এভাবে স্বৈরাচারের মুরিদ হবে আমরা সাধারণ জনগণ কখনো কল্পনা করিনি মুরিদ এখন কোথায় লুকিয়ে আছে পীরের দরবারে আসবে না,murtaza,NEUTRAL
5f3c4cbd1c75a02a,জনাব খালেদ মহিউদ্দিন মাশরাফির একই কথা বারবার শুনানো খুবই কানে লাগছে! এমন ভিডিও এডিট করে প্রচার করুন।,murtaza,NEUTRAL
f7c011c22967889d,"Dear Mashrafe, Why didn’t you say something as a citizen let alone as a political leader? I truly believe that you’re a true patriot and you have proven that in the field and out of the field. Be strong and Everything is going to be alright!!!!!",murtaza,FAVOR
c0304571ef464c35,মাশরাফিকে আবার নতুন করে ভরে দেওয়া লাগবে,murtaza,NEUTRAL
40b665a70c6ca39b,মাশরাফি বস সত্যিকারের একজন ভালো মানুষ 👌 তার মত নেতা পাওয়া বিশাল ভাগ্যের ব্যাপার❤️ আপনি আবার রাজনীতিতে ফিরে আসবেন বীরের মত। দোয়া ও ভালোবাসা রইল 🤲❤️,murtaza,FAVOR
0e1b4972cbf3b09f,আসসালামু আলাইকুম মাশরাফি ভাই আপনি অনেক ভাল মনের মানুষ আপনি পিছনে আল্লাহ আছে এবং কি জনগণও আছে একটু ধৈর্য ধরেন ধৈর্যের ফল অতি মিষ্টি হয় ইনশাআল্লাহ,murtaza,FAVOR
a997fd0243c216c6,আসসালামু আলাইকুম মাশরাফি ভাই আপনি অনেক ভাল মনের মানুষ আপনি পিছনে আল্লাহ আছে এবং কি জনগণও আছে একটু ধৈর্য ধরেন ধৈর্যের ফল অতি মিষ্টি হয় ইনশাআল্লাহ🤲🤲🤲,murtaza,FAVOR
0676f6db98cbdc7d,"রাজনীতিতেও ক্যাপটেন হতে হবে কৌশিক, মাশরাফি। হার মানা নয়। আবার নতুন করে - - -",murtaza,NEUTRAL
553112f578412e93,"আমি সেনাবাহিনীর একজন সদস্য, রাজনীতি তেমন একটা বুঝি না, তবে মাশরাফি সত্তিকারের একজন ভালো মানুষ",murtaza,FAVOR
8c11894430fe7dbe,সত্তি এত সম্মান মনে হয় কোন দেশের প্রধানমন্তীর অনুষ্ঠান মাশরাফি ভাই আমাদের দেশের আইকন সারাজীবন বেচে থাকুক প্রিয় ভালবাসার মানুষ মাশরাফি ভাই,murtaza,FAVOR
8a11f61c8ebf2629,যে দেশে মাশরাফি আছে সে সেদেশে ট্রফি জেতার প্রয়োজন নেই সে দেশে মাশরাফি নিজেই একটা ট্রফি ...,murtaza,NEUTRAL
252d4dc92289a603,মাশরাফি একজন দেশের সম্পদ ভালো মনের মতো মানুষ তিনি সবার আমি ও ভালো বাসি মাশরাফি।,murtaza,FAVOR
92ae39053ef99661,মাশরাফি আপনি অনেক সম্মান বাড়িয়ে পথটা পরিস্কার করে চলাচল করছেন আমার কাছে অনেক সুন্দর ও ভালো মাশরাফি।,murtaza,FAVOR
cfd48885f0c40a6a,মাশরাফি অনেক অনেক সুন্দর জায়গায় পৌঁছে পেরেছেন আমি দেখে অনেক অনেক ভালো লেগেছে আমি অনেক খুশি মাশরাফি শুধু মাশরাফি।,murtaza,FAVOR
8e31cb6d55f374dc,মাশরাফি অনেক অনেক ভালো বাসি আপনার যতটা আমি আপনার ভিডিও দেখেছি তার মধ্যে চোখে সুন্দর ও আমার হৃদয় টা কে আমাকে মুগ্ধ করে স্নিগ্ধ সুষমারসাথে শান্তিময় শিহরিত করেছে আমি ভালো বাসি।মাশরাফি।,murtaza,FAVOR
72de7c20b166c3b4,মাশরাফি শুধু মাশরাফি সব রকমের ভাষার সাথে মিশে আছেন আইন শৃঙ্খলা রক্ষা বাহিনী অনেক ভালো মাশরাফি।,murtaza,FAVOR
27ebafa8b6be2697,আমি ভালো বাসি ভালো মানুষ কে পছন্দ করি সত্য চির দিন থেকে যায় মাশরাফি।,murtaza,FAVOR
cfdfa15ff2a138f7,আমি ভালো বাসি অনেক অনেক তুলনায় তাহার কেউ আমার নেই শুধু এই চোখে দেখি মাশরাফি।,murtaza,FAVOR
527379490cae24a9,I’m an indian yet I like Mashrafe Mortaza very much..he is very humble & gentle person..,murtaza,NEUTRAL
69babf0bf222b91e,মাশরাফি অনেক অনেক ভালো মানুষ হতে পেরেছেনআমি অনেক ভালো বাসি মাশরাফি।,murtaza,FAVOR
8584dd8d9374ab06,মাশরাফি অনেক অনেক ভালো বাসি আপনাকে ভালো বাসবো ভালো বেসেছি ভালো লেগে আছে অটুট বিশ্বাস ও যত্নে দেহের মনের উপরে ত্বক সৌন্দর্য শুধু ভালো বাসায় রাখতে পারে তা নাহলে আমি অন্ধ হয়ে শেষ হয়ে যায় ঔষধ নেই। আমি ভালো বাসি মাশরাফি।,murtaza,FAVOR
1f78052a4b13519d,রংপুর থেকে আসা পুরুষ একটু সময় আমার এই স্মৃতি টা আমার মধুময় অনেক ভালো লাগে মনে হয় আমার মানুষ মনে হয় আমার মানুষ টা কে বারবার দেখে নেই দেখা শেষ হবে না মনে চায় আরও বেশি করে দেখি এই আমার কথা গুলো শুনে আপনার পরিবার কিছু কি বলে আমি কিন্তু পাগল না পাগলামি করি যার তার সাথে না মাশরাফি।,murtaza,FAVOR
d50ed789f9a8a453,এখানে সুন্দর মানুষ আইন শৃঙ্খলা বাহিনী অনেক ভালো ভালো মানুষ মাশরাফি।,murtaza,FAVOR
38cbd0856bcf86a9,মাশরাফি অনেক সুন্দর জায়গা তে পৌঁছাতে পেরেছেন আপনি ভালো মানুষ তাই আমি ছেড়ে যেতে পারবো না আমার যত্ন টা করা দায়িত্ব পালন করা মাশরাফি।,murtaza,FAVOR
51c62462a46eda89,মাশরাফি শুধু মাশরাফি আমি ভালো বাসি ভালো মানুষ কে পছন্দ করি আমি ভালো বাসি মাশরাফি শুধু মাশরাফি।,murtaza,FAVOR
db206a059d28fe8c,আমি ভালো বাসি এবং সবাই ভালো বাসেন মাশরাফি।,murtaza,FAVOR
eb9a1ff42bcba925,মাশরাফি শুধু মাশরাফি আমি জানি আপনি সব জায়গা তে পৌঁছাতে সম্ভব হয় এটা আপনার নতুন কিছু না অনেক অনেক ভালো সাটিফিকেট আছে যা শেষ করা যাবে না সৎ মানুষ সততা জড়িয়ে পথ চলা আপনার প্রতি আমার অনেক অনেক ভালো বাসা মাশরাফি শুধু মাশরাফি।,murtaza,FAVOR
1e3fd77a62a9204e,মাশরাফি বিন মুর্তজা আমি কি ভাষায় কথা বলবো আমি জানি না এখানে সবাই এক রকমের মানুষ এতো টুকু আমি বাংলা কথা বুঝতে পারি উপযুক্ত হয়ে উপযুক্ত জায়গা তে পৌঁছাতে সম্ভব হয় মাশরাফি।,murtaza,NEUTRAL
2cf71391231a76f6,মাশরাফি ভাই আপনাকে আমার আপনাকে হাজার সালাম জানাই আপনি অনেক ভালো মানুষ,murtaza,FAVOR
862f9bec4b2c47b3,মাশরাফি ভাইয়ের নামটা বললেই আমার শরীর শিউরে উঠে.... I am proud of you captan...,murtaza,FAVOR
d78eb3c46d5aca2f,মাশরাফি আমি আপনাকে অনেক ভালো বাসি আমার থেকে আপনি চলে যান আমি করবো কি?,murtaza,FAVOR
c4f2903fde7c661a,মাশরাফি আপনার আমার অনেক অনেক স্মৃতি ফুল ফলের বসন্ত ঋতুর বাতাসে কতো যে কথা মনে পড়ে অন্তরে তাই ভুলে যেতে পারবো না বাগানে বলটা খুঁজে বের করেছেন মনে আছে কি? আমি ভুলে যাই না সত্য কখনো দূরে যেতে পারবে না আচরণ তাঁর বার বার কাঁদায় পরিপূর্ণ থকতে দেখা দেয় না এটই বাস্তব রূপ রেখা টানে জীবনে চলার মধ্যে সবার জন্য একা হয়ে যায় চব্বিশ ঘণ্টা আনন্দ উপভোগ করতে দেয় না বিধাতা নিয়মে সুখ ও কষ্ট দুই টাই অনুভব করতে হয় তার মধ্যে একশো মধ্যে একশো আমি মাশরাফি।,murtaza,AGAINST
4d0e3cc9cb3e213b,মাশরাফি আমি অনেক ভালো করে জানি আপনি ভালো মানুষ হতে পেরেছেন আমি আমাকে এখন ও ভালো দেখি না আমার জেদ করি তাই আমার নাম বন জংগল হোটেলের আসবাবপত্রের মতো হৃদয় টা করতে পারিনা আমি তার পড়ে ও ভালো বাসি আপনাকে।,murtaza,FAVOR
ecc650901880f98d,Legend of Bangla! 10years from now the people of realize how special Mashrafe Bin Mortaza was!,murtaza,FAVOR
1d9ec7849d7ede14,মাশরাফি বিন মুর্তজা অনেক সুন্দর গুছিয়ে কথা বলে ।,murtaza,NEUTRAL
b0b5a90db578c91d,আমি শুধু ভালো বাসবো ও দেখবো লেখা লেখি করবো না ঠিক আছে তো মাশরাফি।,murtaza,FAVOR
6e584bfd28b549aa,মাশরাফি ভাই একজন.. তার মতো লিডার আর এই দেশে আসবেনা।এই দেশের রাজনীতি করে সব চোর।,murtaza,NEUTRAL
b5d89e3dc0d7531f,আজ মনে হচ্ছে মাশরাফি ভাই ২৪ শে জুলাই আন্দোলন সমর্থন না করে সঠিক সিদ্ধান্তটাই নিয়েছিলেন। বর্তমান দেশের সার্বিক পরিস্থিতি বিবেচনা করলে তাই বোঝা যায়।,murtaza,FAVOR
38d6fee8bd73c80e,"মাশরাফি বিন মর্তুজা সাহেব যদি অপরাধী হয়ে থাকে তাহলে আপনার এরেস্ট করছেন না কেন বসে আছেন কেন,,আমার চিন্তা চেতনা যদি ভুল না হয়ে থাকে, ক্রিকেট ভক্তদের চোখ যদি ভুল না দেখে থাকে উনি একজন দেশ প্রেমিক,, মাশরাফি সাহেব আল্লাহর প্রতি ভরসা রাখুন সব একদিন ঠিক হয়ে যাবে সত্যের জয় হবেই হবে 💪",murtaza,AGAINST
00b063a3b7fcd019,Akhon je manus mara jachchhe 436 jon hame ai golar mamla apnader name hobe ki jante chai.desh ki sara jibon ai rokomi thakbe.apni ki deshechhen mashrafe ke hotta korte.,murtaza,NEUTRAL
1012901a939fab11,আমি বুঝিনা জনগণটা কে.. আমরা আসলে কি?উনারা পরিকল্পিত ক্ষোভের বসে মাশরাফি ভাইয়ের সাথে এগুলো করছেন.. ডিসকাসটিং এদেশে না থাকাই ভালো,murtaza,FAVOR
a3fb01ed0cd4a63c,সে তখন কিছু বলে নাই বলে কি মাশরাফি অপরাধী। আজে আগে নিজের বলার যোগ্যতা অর্জন করেন।,murtaza,NEUTRAL
bccd41054f154383,"বিনা ভোটের এমপি। আগস্টে যখন নিরস্ত্র ছাত্র-জনতার উপর হামলা হলো, তখন মাশরাফি কোথায় ছিল? ৪ আগস্ট ২০২৪, শেখ হাসিনা সরকারের পদত্যাগের এক দফা আন্দোলনের দিনে নড়াইল সদরের নাকশী বাজার এলাকায় আন্দোলনকারীদের ওপর হামলার অভিযোগ ওঠে। প্রত্যক্ষদর্শীদের দাবি, মাশরাফির বাবার নেতৃত্বে স্থানীয় আওয়ামী লীগ ও অঙ্গসংগঠনের নেতাকর্মীরা রাম দা, লাঠিসোঁটা ও আগ্নেয়াস্ত্র নিয়ে ছাত্র-জনতার ওপর হামলা ও গুলিবর্ষণ করে।মাশরাফি ও তার বাবার বিরুদ্ধে ওঠা অভিযোগের নিরপেক্ষ তদন্ত এবং প্রয়োজনীয় আইনি ব্যবস্থা গ্রহণের দাবি জানাই।",murtaza,NEUTRAL
147ea88c4e5d5749,MD Arafat কি দেখে মানে কি ভাই ওনাকে আমি ও অনেক ভালোবাসতাম কিন্তু যখন আমার ভাইদের গুলি করে মারা হলো ওনি চুপ ছিলো এখন আবার বলিয়েন অনেকে কি বলে নাই বা লেখে নাই। ভাই মাশরাফি হলো দেশের অনেক বড় নাম ওনি ওই সময় লেখলে হয়তো এতো জন মারা জায়তো না দেশের জন্য যদি কিছু করতো মন থাকে তাহলে অবশ্যই কিছু বলতো ওনার লাশ মাগুরাই যাবে না বাট ২০২৪ এ এমন মানুষ আছে যাদের লাশ কেউ খুজেই পায় নায় একবার ভাবুন তো যাদের লাশ এখন ও খুজে পায় নাই ওরা কি মানুষ ছিলো না,murtaza,FAVOR
2ab0c89a6abc5ed2,মাশরাফির ধারের কাছে কোন যোগ্যতা আপনার আছে আপনি কে। মাশরাফি হচ্ছে দেশের সম্পদ আর আপনি হচ্ছেন দেশের বোঝা আমেরিকান চুক্তির গোলাম। এই যে আজকে প্রায় 400 + শিশু মারা গেছে হামে আক্রান্ত হয়ে এ নিয়ে তো কোথাও প্রতিবাদ দেখলাম না আপনাদের।,murtaza,AGAINST
8c1bd61c63b9e4a0,no matter whatever happens always love u boss. মাশরাফি 🇧🇩 ♥♥♥,murtaza,FAVOR
f12fc497bba2bbbf,মাশরাফিকে সব সমই আমি ভাল বলব।তাঁর আবসরের পরে তাকে কোচ হিসেবে দলে রাখলে আমার মণে হয় ভাল হবে। তাঁর প্রতি অনেক স্রধ্যা রইল।,murtaza,FAVOR
3f66bd74fcd0db1d,"Achi sobsomoy pashe. Whatever the result is. Thank you for your effort. We never expect that we're going to win this world cup. We didn't forget the way you won against South Africa, West Windies. But Some day we'll win. You built the foundation already to that journey. We'll never forget this. Mashrafe we love you. You'll remain in the the bottom of heart now and always.",murtaza,NEUTRAL
c00bdbff33c5e9e0,মাশরাফি যদি যানতো সত্যি কার খেলা খেলে যেতা যাবেনা তাহলে আগের দিন রাতে উইকেট গুলি নিয়ে যেত,murtaza,NEUTRAL
4c581e9a0baea347,দলের সবাই খারাপ খেললে মাশরাফি একা দায় ভার নেবে বাল ফেলাইতে! মাশরাফির কারনেই আজ বাঙ্গালীদের এত Expectation.,murtaza,AGAINST
a23f3cff52ae5995,"মাশরাফি তুমি আরো খেলি বাংলাদেশের হয়ে।তুমি আমাদের মাঝে আছো,থাকবে।তোমার মতো অধিনায়ক বিশ্বের অন্য কোনো দলে নেই । I LOVE YOU MASS",murtaza,FAVOR
a915f85bf51a9a83,Its professional life Mashrafe and others need to realised it. Now its time to break,murtaza,NEUTRAL
a5896ef9159064bb,বর্তমানে গুলোবাদিন ও মাশরাফির থেকে ভালো অধিনায়ক,murtaza,FAVOR
21fb264ef0665a0d,Match jitle jodi team performance er karone jite tahole harar reason o whole team er aka mashrafe er na...r amra match herechi akmatro filding er jonno...,murtaza,NEUTRAL
fd19b8667783d1e3,mortaza khub valo kortha bolen. frm India,murtaza,FAVOR
3255d22f8be31779,ব্রিফিং টা চমৎকার হয়েছে। আসলে খেলার ফলাফলের সাথে জড়ানো থাকে 16 কোটি মানুষের ভালো লাগার ব্যাপার। সেই জায়গা থেকে বিচার করলে খারাপ খেললে সমালোচনা নিতে হবে! ভালো খেললে যেরকম প্রশংসা তারা পায়। সুতরাং আমি বলবো মাশরাফি বিন মুর্তাজা তিনি চমৎকার কথা বলেছেন অনেক ধৈর্যের পরিচয় দিয়েছেন। এমনকি খারাপ ফলাফলের জন্য দায়ভারটা নিজের নিয়ে তিনি আরো সম্মানের জায়গায় পৌঁছালেন। সাথে তরুণদেরকে উৎসাহ দিলেন ভালো ফিউচার নিয়ে। সব মিলিয়ে বলব যা হয়েছে ভালই হয়েছে। যদিও আমরা দুঃখ প্রকাশ করছি সেমিফাইনালে যেতে না পারার জন্য।,murtaza,NEUTRAL
8df8830e67ab9255,আমি অনেক অনেক চিন্তা করে দেখে ভালো বাসি বেশির ভাগ বারবার মনে হয় আমি রোগীর চিকিৎসোক তাই আমি ভালো বাসি মাশরাফি শুধু মাশরাফি।,murtaza,FAVOR
b086665643b5f072,আমি কারো কথা শুনতে ইচ্ছে করে না আবার কেউ আমাকে পূর্ণ দিয়ে ভালো বাসলে আমি তার ভক্ত হয়ে যাই মাশরাফি।,murtaza,FAVOR
45db0cc69f858fc7,মাশরাফি আছে এবং থাকবে ইনশা আল্লাহ আমার প্রিয় ক্যাপটেন,murtaza,NEUTRAL
b5eee6ceb91176fc,মাশরাফির পারফরম্যান্স জিরো হলেও তার মত অধিনায়ক বাংলাদেশ আর দ্বিতীয় টা পাবে না!! স্যালুট বস 😍,murtaza,FAVOR
525629da094441bb,"সরি মাশরাফি ভাই, তোমার কথা শুনে কান্না চলে এসেছে...!",murtaza,NEUTRAL
da75a94bdfe07137,মাশরাফি শুধু মাশরাফি আমি ভালো বাসি আপনাকে অনেক অনেক সুন্দর দেখতে চাই তাই আনন্দের অনুভব করছি মাশরাফি শুধু মাশরাফি। ভালো বাসি।,murtaza,FAVOR
264de4589c700e02,মাশরাফি সবার থেকে আলাদা love you mash,murtaza,FAVOR
bfc026814c652b69,পাপন হটাও ক্রিকেট বাঁচাও মাশরাফি কে বোড সভাপতি হিসেবে দেখতে চাই,murtaza,NEUTRAL
afdce4246d222700,বাংগালি ভালো মানুষকে কখনোই মুল্যায়ন করেনি।মাশরাফির অবদান আমরা কি করে ভুলি।,murtaza,FAVOR
6564e4b24336a5d2,মাশরাফি ভাই আরো ক্রিকেট খেলুক আমরা চাই। সে খেলতে চাচ্ছে।কেন আমরা তাকে নিয়ে এসব কথা বলি। আবাল সাংবাদিক।,murtaza,AGAINST
47cca842d2fca875,"মাশরাফির আর খেলা দরকার নাই আমরা চাই যত দ্রুত সম্ভব মাশরাফিকে বিসিবি বস বানানো হোক , কে কে একমত",murtaza,NEUTRAL
e0d15d25c1b440c8,মাশরাফি ভাইকে আমরা সবাই ভালোবাসি তাকে দলে চাই আমরা সবাই,murtaza,FAVOR
0e5e7c5e333a48e7,মাশরাফি আপনার এলাকায় অনেক সুন্দর করে জনগণ আপনার হাতে তৈয়রি আপনার ও মন টা জনগনের আত্মা ভেতরে ঢুকে আপনি আমি দুই বার গিয়ে দেখি মাশরাফি ভাই মাশরাফি ভাই।।,murtaza,NEUTRAL
e3f1923441b16a8e,আপনাকে অনেক অনেক ধন্যবাদ মাশরাফির এই অভিনয় গুলো ধরিয়ে দেওয়ার জন্য ভালো মানুষই দেখানোর জন্য অন্তর থেকে ওকে ঘৃণা করি গাছ যদি খারাপ হয় সেই গাছটার ফলো অনেক খারাপ হয়ে যায় এটাই সত্য এটাই স্বাভাবিক মাশরাফি কত বড় একটা ছোট মনের মানুষ সেটা এখন বাংলার মানুষ বুঝতে পারছে ধন্যবাদ ভাই আপনাকে ধন্যবাদ আপনার মিডিয়াকে মানুষের চোখে আঙুল দিয়ে দেখানোর জন্য,murtaza,AGAINST
9b591ef2a53f5765,মাশরাফিকে বর্তমানে ভালো বাসার কোন কারণ নেই,murtaza,FAVOR
4a51c3b6d1c54e9e,আমাদের মতো জন গণের জন্যই আজ তুমি মাশরাফি. আমরা তোমাকে অনেক বোরো ভাবি.এটা তুমি ধরে রেখো.,murtaza,NEUTRAL
efba90a984cf0cc1,মাশরাফি ভাইযের হাজার হাজার পজেটিভ দিক আছে। সেইগুলো দিয়ে কনটেন্ট তৈরী করেন।আমরা বাঙালী এতো ছোট মনের কেন? কয়েক সেকেন্ডের একটা ভিডিও ক্লিপ দিয়ে তার সম্পর্কে মানুষের মনে খারাপ ইমেজ তৈরী করছেন; সামান্য ভিউ পাওয়ার জন্য !! মাশরাফি ভাই ও সবকিছুর উর্দ্ধে তিনিও একজন মানুষ। আর মানুষের মুড সব সময় এক থাকে না; সেইটা সবার ক্ষেত্রেই প্রযোজ্য।Thinking positive bro........#Best luck for your youtube channel !!,murtaza,FAVOR
f2b4a43101386a94,টিপু ভাই মাশরাফিকে এক সময় অনেক ভালো বাসতাম এখন তাকে কেন জানি আমার ভালো লাগে না সে এখন আমাদের মাশরাফি নাই ওনি এমপি,murtaza,FAVOR
4117bd45f1e683df,"ভাই আমায় মাফ করবেন,,,কারন সবারি মন মেজাজ বলে একটা জিনিস আছে,,,অন্ন সবার কথা ছারুন,,,আচ্ছা ভাই সত্তি করে বলুন তো আপনার যখন মন খারাপ হয়,,,তখন আপনি যত ভালো লোক ই হন্না কেন,,,কারো কোন কথা কি আপনার ভালো লাগে,,,না ভাই না,,,তখন মা বাবা বাই বোন স্ত্রী সন্তান এবং নিজের কাছে নিজেকেই বিরক্ত মনে হয়,,,আর যে সব ভাই বোন,,মাশরাফিকে নিয়ে ভুল চিন্তা ভাবনা করছেন,,,তাদের বলছি একটু ভাবুন তো,,,রংপুরের মতো ১টা শক্তিশালী টিম যদি রাজশাহীর মতো দলের কাছে হারে,,,,তখন যে কোন কেপ্টেনের কাছেই সব বিরক্তি লাগার কথা কারন ওরা টানা মেচ হেরেছে,,,,,তো তাই বলছি ভাই না জেনে না শুনে,,,,অযথা কাউকে নিয়ে কিছু বলার দরকার নেই,, আর আপনি কেন আমার কাছে মনে হয়,,,সারা বাংলার লোক জানে মাশরাফি ভাই কেমন,,,,,,,,,,,আর আমি আবার ও মাফ চাচ্ছি আমাকে মাফ করবেন,,,কারন আমি কোন দলের লোক নই",murtaza,NEUTRAL
c6677ba481e91697,মাশরাফিরে ভালো মনে করতাম আজ থেকে নয়,murtaza,FAVOR
f4a49ad51b99c43a,আরে ভাই কি বলবো আমি একজন প্রবাসী আমার বড্ড টা ও দিয়ে দেছে মাশরাফি কে চুরি করে,murtaza,NEUTRAL
ae64de7ce491e540,আমি ভাই রাজনীতি বুঝিনা আমি ভাই এমপি বুঝিনা আমি চট্টগ্রাম বুঝিনা আমি রংপুর বুঝিনা আমি ঢাকা বুঝিনা মাশরাফিকে ভালোবাসতাম শুধু ক্রিকেটের জন্য আমার দেশের জন্য খেলে তাই আপনার একজন ভক্ত আপনার সাথে পিক তুলতে গিয়ে আপনি যে আচরণটা করেছে খুবই খারাপ লাগলো সেই জায়গায় যদি আমি হতাম আমারও খারাপ লাগতো সেই জায়গায় যদি আপনি হতেন আপনার কেমন লাগতো একটা মানুষকে এতটা ভালোবাসে যদি সে মানুষটা দূরে ঠেলে দেয় কেমন লাগবে এখন বুঝতেছি যে মানুষ ভালবাসা বুঝেনা তাকে ভালবাসা দেখাটাই ভুল । আজ এই একটা আচরণের জন্য আমরা হাজার হাজার আপনার ভক্ত লজ্জিত,murtaza,NEUTRAL
5db663545fbdfdef,ভাই মাশরাফি খেলোয়ার হিসেবে ভাল ছিলো সবাই তাকে ভালো ভাসত কিন্তু সে রাজনীতি করার জন্য লোক তাকে আগের মত ভালো বাসে না,murtaza,FAVOR
0b1fb31db87f8b68,লোকগুলো মাশরাফি ভাইকে কিভাবে ডেকেছে? সুন্দরভাবে নক করলে কি সমস্যা হত? একদম উচিৎ কাজ করেছে উনি।,murtaza,NEUTRAL
01c3e23d4b5344c6,ভাই মাশরাফির সাথে ছবি কি দরকার। এর চাইতে কুত্তার সাথে ছবি অনেক ভালো।,murtaza,FAVOR
160f3d562a547f69,"এত ঘৃণা আজ তার প্রতি। আসলে জীবনে কোনদিন কল্পনাও করেছিলামনা যে, মাশরাফি ভাই এর এত হেটার্স হবে কোনদিন।",murtaza,AGAINST
c3070c7ed573f96a,"আমার টাকা নাই, কিন্তু আমার শিক্ষা আছে। মাশরাফি ইন্টার কি পাশ করছে???",murtaza,NEUTRAL
0dcb01ea1d42c71d,"মাশরাফি কে আমরা সবাই ভালোবাস্তাম,,এখনো বাশি। হতে পারে মাশরাফির মন ভালো ছিল না,ছবি তোলার ইচ্ছে ছিল না,,কিন্তু তারপর ও সে কাজ টা খুব ই খারাপ কাজ করসে",murtaza,FAVOR
3dd83fdd91764ec0,"সে একজন মানুষ বিষয়টি মাতায় রাখবেন। তাছাড়া হুট করে একজন লোক পিছন থেকে আসলে, সে কে কি তার পরিচয় সেটা জানা জরুরী । কারন মাশরাফি একজন আমজনতা না একজন তারকা",murtaza,NEUTRAL
4832fb0661551bae,ভালো লাগলো না বিহ্যাবটা..আজকে একটা মন্তীর ছেলে মাশরাফির কাছে সেলফি তুলতে আসলে এমনটা করতো না,murtaza,FAVOR
5bbc961ebe1f06e3,মাশরাফি এতে কোনো দোষ নেই দোষ থাকলে ছবি তুলতো না তার পরে ছবি তুলেছে,murtaza,AGAINST
3e1a78567ff13373,"Mashrafe mortaza very dedicated player, plenty of knee surgery and still play for his country long time . Hats off to Masrafe mortaza",murtaza,NEUTRAL
142fa4e85d9778b8,"If it wasn't the injuries , mashrafe would have been one of the best pacer all rounder.",murtaza,FAVOR
25035a7872252a95,"Nowdays Bangladesh after 6 wicket rest of the players goes out under 0 to 9 runs. Back in the Days Mashrafe, Razzak, Naeem, Or even Rasel use to score at least 15 to 30 runs.",murtaza,NEUTRAL
3e453d0ed7de60f8,@vitocarleone99 😡😡. Bro mashrafe got 7 operation in knees and 2 leg injury. Steel he played for 6 years after that,murtaza,NEUTRAL
36d1b0d53b432c2c,আমাদের এইজ টিমগুলো আগুন থাকে মাশরাফি ভাই এইজ টিম থেকে এমন ছিল কিন্তু আফসোস আমরা আমাদের ছেলেদের পুষ্ফটিতফুল হয়ে বিকশিত হওয়ার পরিবেশ দিতে পারি না,murtaza,NEUTRAL
731ec6f11ead1b6c,Mashrafe is the best captain in Bangladesh cricket.,murtaza,FAVOR
3a0ef7c193c752ab,I love he .....he is best man;Mashrafe is a best captain of the world,murtaza,FAVOR
9115addc57f225d2,injury na thakle mashrafe shera allrounder hoto.,murtaza,NEUTRAL
a50fb304577a4dd5,Mashrafe vai is a royal bengal tiger,murtaza,NEUTRAL
7bfd8d637a6afd94,Mashrafe er batting ao focus kora dorkar chilo bhalo batsman hoite parto,murtaza,FAVOR
dc19068239c6e5da,the real tiger mashrafe! i really love you mashrafe,murtaza,FAVOR
b22ea94e97f634af,"Thankyou for a wonderful upload - regardless of picture quality (im not blind i can see whats going on - i wish people would stop hating and just enjoy watching this! ) btw, who is it that said ""its 26 in the over""...?? well bravo, well done to you, i hope u feel soooo clever! - did Mortaza hit the first ball for a single and magically get back on strike to face the second ball then...?? W.A.T.............. peace to all and thanks to +Shantunu69",murtaza,NEUTRAL
66a623c8494ee354,মাশরাফি কখনো এত ভালো খেলোয়াড় ছিল না।,murtaza,FAVOR
7b9287ef0c403443,"vai Mashrafe ki sara jibon dole theke jabe? Ekdin na ekdin to oboshore jetei hobe, tokhon ki dol cholbe na",murtaza,NEUTRAL
529ba35c4eac5892,আমরা যখন ওপেনিং ভালো করে ঠিক তখন দেখা যাচ্ছে সবই ভালো করা আর যখন ওপেনিং টা খারাপ হয় তখন 89 জন ব্যাটসম্যান সবাই খারাপ করে আসলে ক্রিকেট টিমের ধরনটাই এমন না আম্মা যখন অপেনিং টা খারাপ করব অন্য যারা আছে তারা ভালো করতে চেষ্টা করব আমাদের বেলা এটা হয় না তাই অনেকে বাজে প্রশ্ন করে কমেন্ট করে এতে মাশরাফির কোন দোষ নেই গুড বাংলাদেশ ক্রিকেট টিম,murtaza,AGAINST
ef3ad9eaa9538b02,মাশরাফি বাংলাদেশ টিমের জন্য যা করেছে তা আমাদের জন্য অনেক যদিও সে বিশ্বকাপের পর অবসর নিয়ে নিবে তবুও আমরা তার অবদানের কথা বলতে পারব না কিন্তু বাংলাদেশের হাজারো মানুষের একটা প্রশ্ন,murtaza,AGAINST
3cbdde298bc3fd82,মাশরাফিকে বিসিবির সভাপতি হিসেবে দেখতে চাই সৌদি প্রবাসী,murtaza,NEUTRAL
da7592566c7bdc50,সংবাদ মাধ্যমে যে পোস্ট দেখানো হচ্ছে সেটা কি মাশরাফির ভ্যারিফাইড পেইজ থেকে নেওয়া হয়েছে?,murtaza,AGAINST
7b7f2ff0ecdba3cc,Mashrafe is very very well mentor in Ban team.,murtaza,NEUTRAL
824279640fb77874,মাশরাফি তো তার verified পেইজ থেকে কিছুই পোস্ট করে নাই।,murtaza,NEUTRAL
40afeef5aafe5e59,১ম ছবিটি Mashrafe Bin Mortaza ভাইয়ের একমাত্র ভেরিফাইড পেইজ। যেটি ২০১২ সালে খোলা। আর ২য় ছবিটি ২০১৯ সালে খোলা। যেটি মাশরাফির ভেরিফাইড পেইজ না। দয়া করে কেউ গুজব ছড়াবেন না। গুজবে কান দিবেন না।,murtaza,NEUTRAL
f90b81423624e0a7,আরে ভাই অইটা ফেক পেজ। এই রকম কিছুই বলে নাই মাশরাফি 😅,murtaza,NEUTRAL
092ba39e5168be41,মাশরাফি ক্যামেরার সামনে এসে কোন কথা বলেন নাই ফেসবুকে এসে দিলেন এর ভিতরে কিছু একটা লুকিয়ে আছে যা আওয়ামী লীগের এমপি এই হিসেব ক বলতে পারবে না,murtaza,NEUTRAL
1bb4d83a3d9bc8a1,"২০১৯ বিশ্বকাপে আপনি কমপ্লিটলি আনফিট ছিলেন, কোন ম্যাচে পুরো ১০ ওভার বল ও করতে পারেন নি। আপনার বাজে পারফর্মম্যান্সের কারনে বাংলাদেশ সেমিফাইনালে যেতে পারেনি। আপনি যদি ২/৩ ম্যাচ খেলে বাকি ম্যাচ গুলো রুবেল কে সুযোগ দিতেন তবে আমরা ভালো কিছু দেখতে পারতাম। যেখানে মুস্তাফিজ ৯ ম্যাচে ২০ উইকেট, সাইফুদ্দিন ৭ ম্যাচে ১৪ উইকেট আর মাশরাফি ৯ ম্যাচে ১ উইকেট নিয়ে দেশ ও দলের ১২ টা বাজাইছে। এ কথা অনেকে পছন্দ না করলে ও মাশরাফি যে প্রতারণা দেশের ক্রিকেট ও ক্রিকেট ভক্তদের সাথে করেছেন তা ভুলে যাওয়ার নয়।",murtaza,NEUTRAL
aa07e705902b13c2,মাশরাফি ভাই যা বলে সত্যিটাই বলে আশা করি সবাই বজবেন,murtaza,NEUTRAL
900091fd174754ed,বিসিবির সভাপতি হিসেবে মাশরাফি বিন মর্তুজা কে চাই।,murtaza,NEUTRAL
95d342f92edb3173,আমরা দায়িত্ব মাশরাফি কে বিবিসি বোর্ডে মাশরাফি মাশরাফি মাশরাফি চাই,murtaza,NEUTRAL
baee74e410874c54,দায়িত্বটা মাশরাফিকে দিলেই পরে। ওই কার্টুন পাপনকে রাখছে কি কারণে?,murtaza,NEUTRAL
95f3c34ad1e48ea0,মাশরাফি ভাইয়ের আজকের এই 😮 আলোচনা / বক্তব্য খুবই ভালো চমৎকার লাগলো। ❤❤,murtaza,FAVOR
9792d72f3d81d1bf,মাশরাফি ভাইকে আমরাও বিসিবির প্রধান নির্বাচক হিসেবে দেখতে চাই,murtaza,NEUTRAL
1af1a786bae1a6b7,মাশরাফি অনেক সুন্দর বক্তব্য সাথে বুঝিয়ে দিয়েছেন আমি চব্বিশ ঘণ্টা মধ্যে তেইশ ঘন্টা কাজ করেছি আমি বাদ পরে যাই কেন আমি প্রেম করি? কেন মাশরাফি।,murtaza,AGAINST
a523a574a033d650,মাশরাফি অনেক সততা ভালো ছেলে ভালো কে ভালো কে না বলে।তাই আমি ভালো বাসি।আর কি?শিশু থেকে একশো বছরের পুরুষ কে ও আমি ভালো বাসেছি তাতেই বা আমার কি হয়েছে আমি তো হাসবেন্ড এখানে আছি।কোথাও যাব না কোথাও যেয়ে আমার লাভ কি?কিছু মানুষ আছে আপনাকে সয্য কম করতে তাই আমি দূরে থেকে ভালো বাসি এইতো।,murtaza,FAVOR
0b5ae65427f86f9d,"জনাব, মাশরাফি ভাইও পক্ষ নিয়ে কথা বললেন? অভাক হয়ছি!!",murtaza,NEUTRAL
be71a3bce06ee3f7,মাশরাফি আমি ভালো বাসি আপনাকে শেষ নিঃশ্বাস পযর্ন্ত আমি ভালো বাসা নষ্ট করবো না আমি সত্য কথা বলি শুধু আমার হাসবেন্ড নিয়ে ও বিয়ের আলোচনা আমার পছন্দ হয় না আমি ভালো বাসি মাশরাফি।,murtaza,FAVOR
583ca502e31c33ec,"একেই বলে বস্, মাশরাফি! 😍😍😍 #তোমার তুলনা তুমি নিজেই, কেউ কোনদিন তোমার মত হতে পারবে না! 💜💜💜 #লাভ ইউ! 💔💔💔",murtaza,NEUTRAL
906bfc87e9e013d6,মাশরাফি অনেক ভালো মানুষ আমি আপনি কে অনেক ভালো বাসি।,murtaza,FAVOR
61ad26242af8c459,"Ke jani Mashrafe ke ahonkari bolsilo.....vi apni ki doya kore ai video ta dekhben? He is Not only our Mash, but also ❤THE BOSS❤",murtaza,FAVOR
3781f3b47e886cb7,ভাই মাশরাফি আপনার কোনো অহংকার নাই। আপনি সত্যি মানুষের দুয়ায় আছেন। আল্লাহ ভালো করুক।,murtaza,FAVOR
da40ad610471ff30,Bhodro lok eke bole ami ekjon fan murtaza bhaijaan er.. love you bhaijan from india..,murtaza,FAVOR
84e967f0ce29f69d,মাশরাফির মতো মানুষ ই হয় না।Mashrafi is the best man of humanity.,murtaza,FAVOR
7072d1665ca63529,ধন্যবাদ মাশরাফি ভাই আমরা আমাদের পিয়জন আমাদের সুশিক্কা দেয়?,murtaza,AGAINST
cc1040150cf3d824,"Bravo Mashrafe. I still remember the pre match cricket analysis from an Indian TV Channel in 2007 world cup. And both the anchors were calling Bangladesh Minos and they were Laughing at Bangladesh team. And India lost to Bangladesh where Mashrafe surprised the Indian Batsmen by bowling in more than 140 KPH, and Picked up Vital wickets. I think The anchors were couples and there into acting business. The woman's name was probably Mandira(?). Mash was a down to earth man even then and he is even more now. You are our pride Masrafe.",murtaza,NEUTRAL
920e835ccc11909f,Onurodh team Bangladesh team are kase next a plz nagin dance deben da karon jokhon apnara nagin dance or glass Vang chur Kora hoi onno Kano team a ro kharap lage ....so khub sundor boleso mortaza,murtaza,AGAINST
44c669a49786c46b,"মাশরাফি একজন ভাল খেলোয়াড় নয় খুব ভাল একজন মানুষ, আমি সবসময় সাপোর্ট করি এই মানুষ কে, এবং যার খেলার একটা ধারাবাহিকতা আছে, ভারতের প্লেয়ার রা পৃথিবীর শ্রেষ্ঠ অভদ্র বিশেষ করে বিরাট কোহলি শেখড় ধাওয়ান, বস মাশারাফি তোমাকে ছালাম",murtaza,FAVOR
79bf052981cf2557,"মাশরাফি সাহেব, একটা কোম্পানির সম্পর্কে না জেনে সেটাতে সম্পৃক্ত হলেন ক্যামন করে",murtaza,NEUTRAL
c013f04b55de2faa,আর দেখেন ভাই.. জয়া আহসান তো sandalina soap use করে বলসিল সৌন্দর্য্যই আভিজাত্য.. তার মানে কি জয়া আহসানের এত বয়স হওয়ার পরেও 18 বছর লাগে এই soap এর জন্য.. ঐশ্বরিয়া তো বিশ্বসুন্দরী.. সে lux সাবানের advertise করত.. কিন্তু আপনি আমি তো জন্মের পর থেকেই lux soap use করি কই এখনো গায়ের চামড়া সাদা হইলো না... Virat kohli কে দেখে clear shampoo use করে আপনাদের কয় জনের dandroof সমস্যা ধুর হইছে বলেন তো.. আমি মনে করি মাশরাফি এইটা তে যুক্ত হয়ে প্রতারিত হওয়ার পরে এখন আমরা সতর্ক হতে পারসি।। আগে একটা ধোঁয়াশা ছিল.. এখন clear হইলো সব.. Thanks মাশরাফি ❤️,murtaza,NEUTRAL
3b46f04b21b400ce,"মাশরাফির কারণে এখানে অনেক জনগণ টাকা বিনিয়োগ করেছে , এর দায় কি মাশরাফি নিবে।",murtaza,NEUTRAL
e99b4797269efb8a,আমারা বিশ্বাস করি SPC আগেও ছিলো আছে এবং থাকবে কোন মাশরাফির মেশের কারনে SPC বন্ধ হবে না ইনশাল্লাহ্,murtaza,NEUTRAL
bd924742d596050d,"ব্যাংক থেকে বেশি ভালো SPC , ব্যাংকে প্রফিট দেয় অনেক অল্প টাকা আর SPC তে অনেক বেশি বোনাস দিতেছে বাংলাদেশের জনগণ SPC তে কাজ করে গরিব মানুষ ধনি হয়ে যাবে এজন্য বলছি মাশরাফি বিন মর্তুজা আপনি SPC কম্পানি তে কোন বিপদ ঘটাবেন না প্লিজ, জনগণের টাকা মেরে খাবেন না ।",murtaza,FAVOR
57dac5d5f28e59a4,Spc তে জয়েন হয়েছি.. mashrafe vai ছিল বিদায়.. ৩৭০০০ হাজার টাকা দিয়ে আইডি খুলছি.. আমার টাকা কি হবে? Spc চলতেছে চলতে দেন...,murtaza,NEUTRAL
940a52830485109a,"কত লুভি মাশরাফি আসবে যাবে..... বেকারত্বের খবর রাখে কে... SPC তে আছি, থাকবো ইনশাআল্লাহ",murtaza,NEUTRAL
bb02a08c8d5d0669,"মাশরাফির মতো এমপি গোটা বাংলাদেশে দরকার ছিলো,,, মাশরাফি কে আল্লাহ তায়ালা যেন প্রধানমন্ত্রী হওয়ার তৌফিক দান করেন আমিন",murtaza,NEUTRAL
183a2d1802b3b6ef,"মাশরাফি কে প্রধানমন্ত্রী হিসেবে আমরা দেখতে চাই এই বাংলাদেশে, কে কে আমার সাথে এক মত ❤❤",murtaza,NEUTRAL
d830c80ba42c779f,"তিনি একজন যোগ্য নেতা।।মনের অজান্তেই তার প্রতি ভালোবাসা যেগে উঠা আমি।। এই সোনার বাংলাদেশ তার যে এ দেশের মানুষের কথা ভাবে।। সোনার বাংলা তার যে দেশের উন্নয়নের জন্য সবসময় নিজেকে বিলিয়ে দেয়। দেশের খারাপ অবস্থায় , মানুষের কষ্টে ❤ যার মনে অজান্তেই কষ্ট চলে আসে।।এ দেশ তার।❤❤❤আপনাকে সালাম প্রিয় ( মাশরাফি ভাই )❤❤❤❤",murtaza,FAVOR
50b9edbbd34abead,মাশরাফি আমি ঢাকা ঢাকার মানুষ প্রেম করে চার পাশে সততা খুঁজে কিন্তু পাইনা চোখে ও মনে পরে যায় মাশরাফি।,murtaza,NEUTRAL
71634f5b1b792478,মাশরাফি বিন মুর্তাজা ভাইয়া খুব ভালো মনের মানুষ আমি সবসময় তার জন্য দোয়া করি যেনো সে সামনে দিকে এগিয়ে যেতে পারে।,murtaza,FAVOR
13e8979b35c15e42,"এটা আমার মনের ১০০% মন খোলা কথা,,,,আমি চাই মাশরাফি প্রধানমন্ত্রী হয়ে আসেন যেন খুব তাড়াতাড়ি,,,, He is great",murtaza,FAVOR
b245d9b62e219692,মাশরাফি ভাইকে বাংলাদেশের প্রধানমন্ত্রী হিসেবে দেখতে চাই,murtaza,NEUTRAL
c650706585c8c102,আমি মনে করি সর্ব কালের সেরা বাঈালী। বাংলাদেশের গর্ব। নেতা হলে এইরকম নেতা হওয়া উচিত। বস মাশরাফি আপনাকে হাজারো সালাম।,murtaza,FAVOR
6e6c8ce47110e805,মাশরাফি ভাই কথাগুলো সঠিক বলছেন আপনার মত এমপি সবার দরকার আছে প্রতিটা জেলার সাধারণ মানুষের,murtaza,NEUTRAL
8da2dee17706c712,"মাশরাফি ভাইয়ের কথা শুনলেই যেন আমার চোখ দিয়ে অঝোরে পানি বের হয়, জানিনা কেন, উনার মত একজন আমাদের গাইবান্ধা ঘাগোয়া ইউনিয়নে একজন চেয়ারম্যান আছে,, ঠিক মাশরাফি ভাইয়ের মত,, 🌹🌹🌹🌹🌹",murtaza,NEUTRAL
c2a1e6c71fb69317,দোয়া রইল মাশরাফি ভাই আপনাকে একজন ভালো এমপি হিসেবে পরিচিতি লাভ করলেন,murtaza,FAVOR
a05945c27a045e55,মাশরাফিকে প্রধান মন্ত্রী হিসেবে দেখতে চাই। বিনা ভোটে।,murtaza,NEUTRAL
4b19e5bb223de63f,মাশরাফি ভাইকে আমাদের দেশের প্রধানমন্ত্রি হিসেবে দেখতে চাই।। এরকম একজন অসাধারন মানুষকে আমাদের দেশের প্রধানমন্ত্রী হওয়া একান্তই দরকার।।,murtaza,NEUTRAL
2961a7de7984fc2d,আসসালামু আলাইকুম ভাই মাশরাফি বিন মর্তুজা আপনি বাংলার ফাটাকেস্ট।বেচে থাকুন সুস্থ থাকুন ভালো থাকুন। আল্লাহ পাক মহান আপনার ভালো করবেন। ইনশাআল্লাহ।,murtaza,FAVOR
8bc12490e8fcd22f,ভালো লাগছে মাশরাফি মর্তুজার কথা থ্যাঙ্ক ইউ ধন্যবাদ❤❤❤,murtaza,FAVOR
79a23077377c8c0c,এমন যদি 50 জন খালি থাকত শুকরিয়া ওরকম নেতা এমন এমন ছেলে এমন মেধাবী এই যে কনাক কইতাছে উঠা নামেদা মাশরাফিরতে শিখালো রাজনীতি কারে কয় মাসে গেল মাশাল্লাহ মাশাল্লাহ আমার অন্তর অন্তরস্থল থেকে দোয়া করি মাশরাফি ভাই আরো ১০০ বছর ভাই ছাতা জনগণের পাশে দাঁড়ান কামনা করছি আল্লাহর কাছে প্রার্থনা করি মাশরাফির মতন বাংলাদেশ আর হাজার হাজার মাশরাফির জন্ম শিক্ষা নে মেধা কারে কর মানুষ কারে কয় মাশরাফির মতন এমন মানুষ হইয়া দেখাও তাইলে বুঝবো তোমরা শিক্ষা আছে,murtaza,NEUTRAL
c31f21d2581c6a06,হে আল্লাহ মাশরাফি ভাইয়ের মতো গোটা বাংলাদেশ এরকম রাজনীতি চাই সুস্থ সবল মানুষ চাই মাশরাফি ভাই তুমি এগিয়ে যাও আমরা আছি তোমার সাথে❤❤❤❤❤,murtaza,NEUTRAL
417f6f34761e3a19,মাশরাফি ভাইকে ধন্যবাদ খুব ভালো কথা বলছেন,murtaza,FAVOR
ad2e0fa7a05a74ca,"নেতা তো এ রকমই হওয়া উচিত, আমি মাশরাফি ভাইয়ের খুবই ভক্ত উনাকে আমার খুব ভালো লাগে, আর উনি যে কথা গুলো বললেন ১০০% সত্য কথা আমার খুবই ভালো লাগেছে।",murtaza,FAVOR
eea98734a60694ea,ভালো মানুষ সব জায়গায় গেলেই ভালো কাজই করে এটাই তার প্রমাণ ধন্যবাদ মাশরাফি,murtaza,FAVOR
3ab8492653a0f4f4,মাশরাফি মানিই ভালো কিছু। খেলার মাঠে যেমন যোগ্য ক্যাপ্টেন। রাজনীতির মাঠেও বলিষ্ঠ নেতৃত্ব দেন তিনি। স্যালুট বস💙,murtaza,FAVOR
69b4e6515327f959,আলহামদুলিল্লাহ আমরা একটা আদর্শবান নেতা পেয়েছি যিনি হচ্ছেন আমাদের মাশরাফি ভাই সে একজন বয়স্ক মানুষকে মুক্তিযোদ্ধা কে সম্মান দেখিয়ে তিনি আমাদের হৃদয় আরও গভীরতা ভাবে জায়গা করে নিয়েছেন আল্লাহতালা তাকে হায়াতে বরকত দান করুক আমিন,murtaza,NEUTRAL
a770e15a0ad51208,ভালো বাসার আরেক নাম মাশরাফি বিন মর্তুজা ❤️😍,murtaza,FAVOR
8d73c993caa5cf77,আমার মনে হয় আমাদের ক্যাপ্টেন মাশরাফি মানেই আলাদা জিনিস।এই ভালো মানসিকতা ওনার স্বাভাবজাত।এটা লোক দেখানো না।আমি মনে করি বস আমাদের রিয়াল হিরো।,murtaza,FAVOR
7ae25585cdcfd3ba,"মাশরাফি সত্যিই একজন অসাধারণ মনের মানুষ, আল্লাহ তাকে যেন পৃথিবীতে নেক হায়াত দান করেন।",murtaza,NEUTRAL
9b58f39439e17565,সম্মান!!! মাশরাফি সম্মান দেয় কোন সন্দেহ নাই কিন্তু প্রত্যেক টা মানুষ এর উচিত ছিল দাঁড়ানো,murtaza,NEUTRAL
b7d00378fe9b0bf2,একজন ভালো মানুষ মাশরাফি ভাই । শ্রদ্ধা বেড়ে যায় যার কাযক্রমে 🖤🖤🖤,murtaza,FAVOR
a06057906b4803de,মাশরাফি মাশরাফিই। তার সাথে কারো তুলনা হয় না।,murtaza,NEUTRAL
97affe89ffd93cf8,মাশরাফি বলে কথা আহ আফসোস সব সব নেতারা যদি এমন হত আমার দেশ অনেক দুর এগিয়ে যেতো হে আল্লাহ আমাদের সবাই কে ভালবাবে দায়িত্ব পালন করার তাওফিক দান করুন আমিন,murtaza,FAVOR
f11f7ebfa8fad08a,"একজন ভালো নেতার গুন, যা মাশরাফির মধ্যে আছে🥰",murtaza,FAVOR
cb8a84c1cc9389ed,আসলে মাননীয় প্রধানমন্ত্রী উনি আসলে খারাপ মানুষ না অনেক ভালো মানুষ উনার এইসব বুদ্ধির কারণে ওনাকে শ্রদ্ধা এবং সম্মান করি কোথায় আছে সম্মান করলে সম্মান পাওয়া যায় আপনি মুক্তিযোদ্ধা বিদ্যাকে সম্মান করেছেন আল্লাহপাক মাশরাফি এবং মাননীয় প্রধানমন্ত্রীকে সম্মান দান করুক যদিও আমি বিএনপির সাপোর্টার তারপরেও উনার প্রতি আমার অনেক ভালোবাসা,murtaza,FAVOR
b1e7c005cf6feff3,"চেয়ার ছেড়ে দিয়েছেন মাশরাফি, অনেক ধন্যবাদ, কিন্তু সেটা প্রধানমন্ত্রী বলার পরে, আগেই ছাড়া উচিত ছিল। কারণ উনি অনেক বয়স্ক একজন মানুষ।",murtaza,AGAINST
b3642563d8714c14,আপনি কি অন্ধ? প্রথমেই মাশরাফি চেয়ার ছেড়েছে কিন্তু উনি বসে নাই।,murtaza,NEUTRAL
c8ca33eb8d97c8fd,Wow মাশরাফি। সামনের চেয়ারে বসে থাকলেই নেতা হওয়া কিংবা জনপ্রিয়তা অর্জন করা যায় না। একজন বীর মুক্তিযোদ্ধাকে চেয়ার ছেড়ে দিয়ে নিজে পেছনে বসলেন সেটা সকলের জন্য শিক্ষনীয় হয়ে থাকবে।,murtaza,NEUTRAL
a9464d0ac1f4ef7c,Thank you Prime minister Sheikh Hasina & Mashrafe. These people do not know how to respect a freedom fighter or elder people.,murtaza,FAVOR
abf5fe4dc5ac1d77,মাশরাফি ভাই চেয়ার ছেড়ে যে উদারতার পরিচয় দিয়েছেন এজন্য তাকে ধন্যবাদ কিন্তু পাশে থাকা আমলাদের উচিত ছিলো মাশরাফি ভাইকে প্রটোকল অনুযায়ী সামনে বসতে দেওয়া,murtaza,AGAINST
9ccb4f060285c6df,কেউ কি কল্পনা করতে পারে যে এটা এবি ডি ভিলিয়ার্স না হয়ে মাশরাফি হবে😂😂😂😂😂,murtaza,NEUTRAL
c5c804050a6cd2cb,মাশরাফিকে ভালোবাসে এমন মানুষদের দেখতে চাই। উই লাভ মাশরাফি..!!,murtaza,FAVOR
5168588116bfe5e8,মাশরাফি বসের কথা শুনে আমার কান্না চলে আসলো অনেক খারাপ লাগছে আজকে মাশরাফির জন্য,murtaza,AGAINST
4e716f0159c2d147,অবসরের পরে মাশরাফিকে বোর্ড প্রেসিডেন্ট হিসেবে দায়িত্ব দেয়া উচিত।,murtaza,AGAINST
7a9e5c13a09310b6,অনেক ভালো মানুষ ছিলেন মাশরাফি বিন মুর্তজা বস এমন মানুষ আর পাওয়া যাবে না অনেক মিস করবো ক্রিকেট মাঠে ড্রেসিংরুমে,murtaza,FAVOR
95bc22fb96fe76a7,"আই লাভ ইউ মাশরাফি 💓💓,,আর দলে চাই তোমাকে,,,",murtaza,NEUTRAL
069b705e1bd861ee,"মাশরাফিকে বাংলাদেশ ক্রিকেট বোর্ডের সভাপতি হিসেবে দেখতে চাই, আপনাদের মতামত প্রকাশ করুন?",murtaza,NEUTRAL
2b8d36108b076b7c,মাশরাফি শুধু মাশরাফি আমি আপনাকে অনেক অনেক ভালো বাসি ভালো বাসবো ভালো বেসেছি আমার হৃদয় মধ্যে আপনাকে যত্ন সহকারে রেখেছি মাশরাফি শুধু মাশরাফি।,murtaza,FAVOR
5924b4a73f2e111e,বাংলাদেশ যদি বিশ্বকাপ জিততে চাই তাহলে মাশরাফির মতো কাউকে বোর্ডের প্রধান করা লাগবে।,murtaza,NEUTRAL
98caee0f934ba6bb,মাশরাফি অনেক অনেক ভালো বাসি ভালো বাসবো ভালো বেসেছি মাশরাফি শুধু মাশরাফি।,murtaza,FAVOR
5b6edd5d5fb49b6a,মাশরাফি অনেক অনেক ভালো বাসা থেকে ভালো বাসি অফুরন্ত ইচ্ছে শক্তিতে ভালো বাসি মাশরাফি।,murtaza,FAVOR
39dcb00a647f6025,মাশরাফি শুধু মাশরাফি আমি অনেক ভালো বাসি ভালো মানুষ হতে পেরেছেন মাশরাফি।,murtaza,FAVOR
59a8328800d7de04,মাশরাফি শুধু মাশরাফি আমি ভালো বাসি আমার ছোট থেকে বড়ো হওয়া একটা কথা রাখতে পারি মুখের কথা যা বলবো তা দেখা তে পারি ইনশা।,murtaza,FAVOR
7985261fe0d35e3f,Thank you captain fantastic মাশরাফি যা করেছেন বাংলাদেশ ক্রিকেট টিমের জন্য তা কখনো ভুলবে না দেশে মানুষ We will miss you as a captain boss,murtaza,NEUTRAL
7a7cbe74819d2e79,মাশরাফি সিলেটের ঐতিহ্যবাহী মাঠ সবার ভালো লেগে আছে। আমি ভালো বাসি মাশরাফি।,murtaza,FAVOR
598da98042cab67b,আমি ভালো বাসি ভালো বাসবো ভালো বেসেছি আপনার কথা আমার কথা এক কথায় বস বাস করি আপনার কথায় আমি আজীবন। মাশরাফি,murtaza,FAVOR
c414d0f7381d2c61,"মাশরাফি বিন মুর্তজা ভাই,,, তুমি দেশের ক্রিকেট কে অনেক দূর নিয়ে গেছো,,, সারা জীবন বাংলার ক্রিকেট প্রেমিরা তোমাকে শরণ করবে,,, You are best captain😍♥♥♥🇧🇩 মাশরাফি ভাই সবসময় তোমাকে Miss করবো😣😥😭",murtaza,FAVOR
aa775cacad89d2ba,মাশরাফি শুধু মাশরাফি আমি ভালো বাসি আপনাকে ভালো বাসবো ভালো বেসেছি।,murtaza,FAVOR
2e5008bbf44358e2,আমি ভালো বাসি আপনাকে শেষ নিঃশ্বাস পযর্ন্ত আমি আপনাকে ভুলে যেতে পারবো না মাশরাফি।,murtaza,FAVOR
56ce1a6d8c852c4a,মাশরাফি শুধু মাশরাফি আমি আপনাকে ভালো বাসি ভালো করে দেখতে ইচ্ছে করছে আমি ভালো বাসি মাশরাফি।,murtaza,FAVOR
cd6aea6b4d48eba9,মাশরাফি জনগণের আলোকিত সেবক সফল হতে পেরেছেন ও ক্রিকেটে অধ্যাপক অনেক খেলোয়াড় দের শিক্ষা দিয়েছেন আমি ভালো বাসি ভালো বাসবো মাশরাফি।,murtaza,FAVOR
2ed66044e2aa8d74,মাশরাফি শুধু মাশরাফি আমি ভালো মানুষ হিসেবে পরিচিত তাই আমি অনেক অনেক ভালো বাসি মাশরাফি শুধু মাশরাফি।,murtaza,FAVOR
2e549253d2b14946,মাশরাফি শুধু মাশরাফি আমি অনেক ভালো বাসি।,murtaza,FAVOR
5135334b40fc378a,মাশরাফি আমি অনেক অনেক ভালো বাসি ভালো বাসবো ভালো বেসেছি আপনি অনেক ভালো।,murtaza,FAVOR
a3d02716cb69adeb,"আমার idol,,যাকে দেখে আমি অনুপ্রাণিত হয় একজন ভালো হওয়ার,,আমি রবার্ট ব্রুস কে দেখেনি,,আমি মাশরাফি কে দেখেছি,,বারবার এতো বড় অস্ত্রোপচার পর কিভাবে নিজেকে সাহস যোগায়,,কিভাবে সৎ ও ন্যায়ে পথে চলতে হয়,,আমি তো মনে করি নতুন প্রজন্ম সবাইকে উনাকে দেখে চলা উচিত,,অনেক বড় খেলোয়াড় আছে,,তার মতো কে আছে,,ভালো মানুষ কে সবাই ভালোবাসে,, যেতে নাহি দিব হায়,,😊 তবু যেতে দিতে হয়,,😂😂😂😂😂😂😂😂😂 শুভকামনা মাশরাফি বিন মর্তুজা,,🎉🎊 ~We Miss You~😂😂😂😂😂 জিকু দাস,,",murtaza,FAVOR
7cb40de66a4b9324,মাশরাফি শুধু মাশরাফি আমি অনেক অনেক ভালো বাসি আপনাকে অনেক সততার সাথে মিশে আছেন সার্বক্ষণিক ভালো লাগছে সত্য আছেন তাই দুই বছর পরিশ্রম করেছি ভালো মানুষ মাশরাফি শুধু মাশরাফি।,murtaza,FAVOR
cd3447bf6efa1e31,মাশরাফি শুধু মাশরাফি আমি অনেক অনেক ভালো বাসি ভালো বাসবো ভালো বেসেছি মাশরাফি শুধু মাশরাফি।,murtaza,FAVOR
8e269e2c23cad428,আমি ভালো বাসি ভালো বাসবো ভালো বেসেছি ভালো দেখি মাশরাফি।,murtaza,FAVOR
41c7dd6c51cc86f4,মাশরাফি অনেক অনেক ভালো বাসি ভালো বাসাবো ভালো বেসেছি আমি আপনার ভালো কথা শুনতে চাই। আমি আশাবাদী মাশরাফি।,murtaza,FAVOR
f2f79b631787e56d,মাশরাফি অনেক অনেক সুন্দর মসৃণ ভালো মানুষ।,murtaza,FAVOR
f66305b0f3eb0ad1,আমি ভালো বাসি আপনাকে ভালো বাসবো ভালো বেসেছি মাশরাফি।,murtaza,FAVOR
9e3fa12757cb29fb,মাশরাফি শুধু মাশরাফি আমি মনে থেকে ভালো বাসি মাশরাফি শুধু তার মধ্যে একশো সঠিক পথ চলার অনেক খেয়াল করেন তার আমি ভালো বাসি।,murtaza,FAVOR
95a9d86487373655,মাশরাফি আমি অনেক ভালো বাসি মাশরাফি কথা গুলো সত্য আমার ভালো লাগে অসত্য কথা কখনো মেনে নিতে পারবে না আমি ভালো করে দেখতে পাই মাশরাফি অনেক ভালো মানুষ আমি ভালো বাসি।,murtaza,FAVOR
065a812b41d6ff3d,মাশরাফি শুধু মাশরাফি আমার অনেক ভালো ভালো লাগে আমি ভালো বাসি আমার প্রিয় ক্রিকেটে (সাফল্যের সাফল্য সফল প্রফেসর অধ্যাপক অভিভাবক ও ক্রিকেটে প্রধান ভাষা বুঝতে একই রুপ ধারণ করা যখন তখনি ব্যবহার করা যায় পরিস্থিতি তে আমি ভালো বাসি মাশরাফি।,murtaza,FAVOR
2bac7cff83a5410c,আমি ভালো বাসি ভালো মানুষ কে পছন্দ করি আমি জানি আপনি অনেক ভালো মানুষ হতে পেরেছেন আমি ভালো বাসি মাশরাফি শুধু মাশরাফি।,murtaza,FAVOR
d9daa19b393cebdc,"Mashrafe vai er ktha gulo onk ghuchalo, emotional.❤️❤️❤️you captain.",murtaza,NEUTRAL
4ac24cdd565dd45f,ভাল থাকুক ক্যাপ্টেন ফ্যান্টাসি.. এগিয়ে যাক ক্রিকেট.. মাশরাফি আসলে অনেক উদার মনের ভাল মানুষ।,murtaza,FAVOR
319ecb5728aafebd,Time goes so fast 😭 Captain finished with the style 🖤 I still remember that the day when he became our Captain. He brought up Bangladesh team in another level 🔥 The way he inspires his team is too much fantastic; that's why people call him Captain fantastic ❤️🔥 I really really love you so so much ❤️💕 You are the greatest ambassador for our team🔥❤️ You give us lots of memories; which we will remember forever rest of our life. তুমি জিত; তুমি জিতাও🇧🇩🔥 Masrafee Bin Mortaza you are the inspiration. A true living loving legend 🔥❤️,murtaza,FAVOR
cbfedca226198204,মাশরাফি শুধু মাশরাফি আমি আপনাকে অনেক অনেক ভালো বাসি ভালো বাসবো ভালো বেসেছি মাশরাফি শুধু মাশরাফি। আমি চাই মাশরাফি স্থানে চলে যাবে।,murtaza,FAVOR
508ec60714893823,"মাশরাফি কে জোর করে অবসর নেওয়ার জন্য বাধ্য করেছে,,,,,? অনেক ভালোবাসা থাকবে তোমার জন্য ম্যাশ",murtaza,FAVOR
65e6b994b5ee13ff,মাশরাফি শুধু মাশরাফি আমি অনেক অনেক ভালো বাসি ভালো বাসবো ভালো বেসেছি শুধু মাশরাফি শুধু মাশরাফি। ।,murtaza,FAVOR
4dfffe6cd780ee3a,আমি ভালো বাসি ভালো বাসবো ভালো বেসেছি ভালো লেগে আছে আমার অন্তরে মাশরাফি মাশরাফি শুধু মাশরাফি।,murtaza,FAVOR
f61ab7eadc4d5ae6,Bangladesh win by 123 runs! Mashrafe Mortaza's reign as ODI captain ends with his 50th win 🎉,murtaza,NEUTRAL
3f9d60a4f2b58d54,Mashrafe vai bcb president kora uchit .... miss u & love u mash,murtaza,FAVOR
3a241bd210f96ae1,মাশরাফি শুধু মাশরাফি আমি অনেক ভালো করে দেখতে পাই আমি অনেক ভালো মানুষ সিলেটের মাঠ অনেক পুরাতন (ঐতিহাসিক মাঠ ঢাকার মানুষ অনেকেই যায় এখন কোথাও ঘুরতে ইচ্ছে করছে না এখন শুধু মাশরাফি শুধু মাশরাফি আমি ভালো বাসি সত্যি সত্যবাদী সঠিক পথ চলার ভালো বাসা মাশরাফি।,murtaza,FAVOR
6af755dafcb7030f,মাশরাফি শুধু মাশরাফি আমি অনেক ভালো বাসি ভালো বাসবো ভালো বেসেছি শুধু মাশরাফি শুধু মাশরাফি ভালো মানুষ মাশরাফি।,murtaza,FAVOR
ed5008044c59ae19,মাশরাফি শুধু মাশরাফি আমি অনেক অনেক ভালো বাসি ভালো বাসবো ভালো বেসেছি শুধু মাশরাফি শুধু মাশরাফি।,murtaza,FAVOR
1392c21383b3ff36,মাশরাফি শুধু মাশরাফি আমি আপনাকে অনেক অনেক ভালো বাসি ভালো বাসবো ভালো বেসেছি শুধু মাশরাফি।,murtaza,FAVOR
310d1d34fd076079,Thank you captain fantastic মাশরাফি যা করেছেন বাংলাদেশ ক্রিকেট টিমের জন্য তা কখনো ভুলবে না দেশে মানুষ We will miss you boss as a captain,murtaza,NEUTRAL
4318a972f7d050f8,মাশরাফি শুধু মাশরাফি আমি অনেক অনেক ভালো বাসি ভালো বাসবো ভালো বেসেছি ভালো বাসার অপর নাম মাশরাফি শুধু মাশরাফি।,murtaza,FAVOR
518b7d5cda939423,মাশরাফি আমি আপনাকে অনেক অনেক ভালো বাসি ভালো বাসার মধ্যে অনেক কিছু অন্তরে যেমন দুষ্টামি মায়া জড়িয়ে আছে আপনাকে না বললেই নয় মনটা ছটফট হয়ে যায় নানান ফুলের সুভাষ এক করে ভালো বাসি শুধু ভালো বাসি মাশরাফি।,murtaza,FAVOR
ab68833cbc7f7cf6,মাশরাফি আমি আপনাকে ছাড়া কিসের কথা আমার কথা গুলো আপনার মুখ দিয়ে বেরিয়ে আসে আমার আর কোন কথা নেই। আমি ভালো বাসি ও ভালো আছি এখন আমার কান্না নেই শেষ হয়ে গেছে শুধু মাশরাফি।,murtaza,FAVOR
3639571a456c2ac6,মাশরাফি শুধু মাশরাফি আমি অনেক ভালো বাসি ভ বাসবো ভালো বেসেছি মাশরাফি শুধু মাশরাফি।,murtaza,FAVOR
12c1e2b6ad7f2fa5,মাশরাফি শুধুই মাশরাফি আমি অনেক অনেক ভালো বাসি ভালো বাসবো ভালো বেসেছি আমি যা বলি এক বার তাই মাশরাফি।,murtaza,FAVOR
611005fdecfd57dc,Valobashar manush..... Mashrafe sir k BCB r chairman hishebe dekte chai.... ❤️❤️❤️❤️,murtaza,FAVOR
6475e10e4be272fc,মাশরাফি শুধু মাশরাফি আমার ভালো লাগে সততার জিরো তাই আমি ভালো বাসি মাশরাফি শুধু মাশরাফি।,murtaza,FAVOR
eae445f22c1a830b,মাশরাফি ভাই একজন ভালো মানুষ আর মাশরাফি মতো মানুষ রাজনীতিতে দরকার ।।,murtaza,FAVOR
dd3a662a392d09d7,আমাদের দেশের রাজনীতিতে মাশরাফির খুবই প্রয়োজন মাশরাফি ভাই বাংলাদেশের মানুষ আপনাকে গালি দিচ্ছেন গালি দিচ্ছে একটা মহল সেই মহলের চাইনা আপনি আওয়ামী লীগের হয়ে নির্বাচন করেন সেই মহলে চেয়েছিল অন্য একটা সেই একটা নাম আমি বলবো না শুধু বলবো চুপ কর বেয়াদব,murtaza,NEUTRAL
a0e68be061cc6a58,মাশরাফি এম পি হলে দেশের জন্য ভালো হবে,murtaza,FAVOR
fd4030de103370df,"মাশরাফি বেশী হলে বিশ্বকাপ পর্যন্ত খেলবে,আমার দিক থেকে তার নির্বাচনে যাওয়া ভুলের কিছু না, যে মাশারাফি ৫ কোটি টাকার গাড়ী ফেরত দিয়ে একটি হাসপাতালের জন্য তার পরিবর্তে দুটি এম্বুলেন্স চেয়ে নিতে পারে, যে মাশারাফি নড়াইলে এক হাজার দরিদ্র কৃষক কে বীজ দিয়ে সহযোগীতা করতে পারে, এবং সে সাথে মানুষকে নানা ভাবে সহযোগীতা করতে পারে, সে মাশারাফি রাজনীতিতে গিয়ে ভালো কিছু করবে সেটা নি:সন্দেহে আশা করি, ভালো মানুষ রাজনীতিতে গেলে রাজনীতির রং বদলায়। দেশের জন্য ভালো কিছু শুধু ২২ গজ থেকে করা সম্ভব নয়। কিন্তু আজ কি অপরাধে তাকে গালি দিচ্ছেন? তিনি রাজনীতিতে আসছে এ কারনে নাকি আপনার পছন্দের দল থেকে মনোনয়ন নেয় নি বলে? তার রাজনীতি করার অধিকার কি নাই নাকি সে এ দেশের নাগরিক না? পছন্দ নাহলে তার আসনের জনগন তাকে ভোট দিবে না আপনি গালি দিয়ে কেন নিজের বংশপরিচয় দিচ্ছেন, এই মানুষটাকে যত গালি সামাজিক যোগাযোগ মাধ্যমে দেওয়া হচ্ছে একজন খুনি,ধর্ষক,মাদক ব্যবসায়ী, ইভটেজারকে এত গালি শুনতে হয় না বাহ্ কি আজব দেশ আমার বাংলাদেশ ধিক্কার আপনাদের মানসিকতাকে..... মাশরাফি একজন দেশপ্রেমিক সৎ মানুষ। তাহলে তিনি রাজনীতিতে আসলে আপনি আমি তথা সর্বোপরি দেশের জন্যই ভালো। আসলে আমরা রাজনীতিতে ভালো মানুষদের আসতে দেই না।।",murtaza,FAVOR
3919427c6bc5cb02,MD. SHOHIDUL ISLAM ভাই আপনার কথা গুলো অনেক ভালো লাগলো মাশরাফি দেশ ও জাতির জন্য গর্ব আসলে আমরা রত্না চিনি না সবাই রাজনীতি টাকে পচা নর্দমা ভাবে নর্দমা টাকে সরিয়ে ভালো কিছু করার জন্য সাহস করে কেউ এগিয়ে আসে না ধন্যবাদ ভাইয়া,murtaza,FAVOR
d6d3115cfb2c1919,আছি সব সময় আপনার পাশে কারন আপনি মাশরাফি. আপনিই ত আমাদের এগিয়ে যেতে শিখিয়েছেন । আপনি আমার কাছে ক্যাপ্টেন ফ্যান্টাস্টিক আছেন থাকবেন সারা জীবন। বক্তদের উদ্যেশে বলতে চাই মাশরাফি না একটা ভূল করেই ফেলেছে আমরা কেনো করতেছি ভাই। মাশরাফি ভাইকে নিয়ে ট্রল করতেছেন। সত্যি করে বলবেন মন থেকে কী আমরা মাশরাফিকে ভালবাসতাম না কী ভাল খেলতো বলে উপহার হিসেবে উনাকে ভালবাসতাম। আমাদের বিবেক কে প্রশ্ন করা উচিত. মাশরাফি ভাইয়ের ক্রিকেটের শেষ সময়। প্রতিদান হিসেবে এতোটুকোই বাকি ছিলো হয়তো । মাশরাফি ভাই হয়তো কিছু একটা ভেবে রেখেছে. আবার হতে পারে অনেক কিছু। উনি মাশরাফি উনার উপর ভরসা করলে দোষের কী সবাই মিলে ভরসাটা ত রাখতে পারি তাই না। খালি চোখে দেখলে সব ঠিক আছে চোখের আড়ালে কি যানি হচ্ছে। শুভ কামনা রইলো বস মাশরাফি????,murtaza,NEUTRAL
4d4f544538ab1f78,জারা মাশরাফি নিয়ে খারাপ মন্তব্য করেছেন তারা বিএনপি দালাল,murtaza,AGAINST
95b9ef4f8ef2f181,মাশরাফি রাজনীতিতে আসাতে যাদের এত চুলকানি তাদের বলি মাশরাফির একজন ভালো মানুষ নরাইল বাসী পেয়েছে এভাবেই প্রতিটি থানায় এক জন এক জন করে এভাবেই দুর হবে নোংরা রাজনীতি,murtaza,FAVOR
f0d671ac6f59d62b,আমি আরো মনে করেন মাশরাফি কোন দলের হয়ে কাজ করবেনা অবশ্যই সে তার নিজের গতিতে এগিয়ে যাবে কারন খেলার সময় কারো কাছ থেকে পরামর্শ নেয়েনা খেলা যেমন সুন্দর হয় ঠিক তেমনি তাহার রাজনীতি,murtaza,NEUTRAL
e3a063e59d6787a8,"মাশরাফি ভাইয়ের নির্বাচনে আসাতে কোনো কষ্ট নাই, তার জনপ্রিয়তা কে কাজে লাগিয়ে সে কারো আদরের আবার কারো চোখের দুশমন হইছে, কি দরকার ছিলো কোনো একক দলের হয়ে নির্বাচন করার। সে কি পারতো না স্বতন্ত্র থেকে নির্বাচন করতে.....??? মেবি তাই তার জন্য ভালো হতো......।",murtaza,FAVOR
d343c3af0ae96788,সব ঠিকন আছে ভাই। মাশরাফিকে সকলে দল মত নির্বিশেষে ভালবাসে তাহলে কেন তিনি শুধুমাত্র একটি দলের হয়ে নির্বাচন করছেন?? তিনি কি স্বতন্ত্রভাবে ইলেকশন করতে পারত না? তাহলেতো কারো মনে আঘাত লাগত না। কেননা যারা বিরোধী দল। তারা তো আওয়ামী লীগ কে ভালবাসেনা। অবশ্যই তার মতো লোক রাজনীতিতে দরকার। কিন্তু যাকে সকলে দল মত নির্বিশেষে ভালোবাসে তার কি উচিত ছিলনা??? উনি যদি বিএনপির বা অন্য দলের হয়ে নোমিনেশ নিতেন তাহলে আওয়ামীলীগের লোকেরা বিরুদ্ধে যেত। তাই আমি বলব সকলের মনের ভালবাসাটা ধরে রাখার জন্য তার উচিত ছিল স্বতন্ত্রভাবে দাড়ানো উচিত ছিল। এটা আমার দৃষ্টিতে বললাম। কেউ বাজে রিপলে দিবেননা। মতামত সকলের আছে। এটা আমার মতামত।,murtaza,FAVOR
234d2055a23a4b81,"মাশরাফির উচিৎ নির্বাচনের আগে বাংলাদেশ ক্রিকেট থেকে পদত্যাগ করা, এতে কারসাথে নির্বাচন করলো তাথে কিছু আসে যায়না। অন্যতায় বাংলাদেশ ক্রিকেটে রাজনীতি ডুকরানোর অধিকার তার নেই!!! সে যত বই সেটের বাল! হুক।। এ জার্সি আর যাই হুক এদেশের ১৬ কুটি মানুষের এক মাত্র ভালোবাসার যায়গা। এটা রাজনীতির জায়গা নয়।।। #শহিদুল আপনিকি একাই নড়াইল বাশি আমরাও তো নড়াইলের লোক,,,, এটি বলতে পারো , যে কথা গোলা বলছ ওগুলো শুধু তুমার কথা।।।",murtaza,FAVOR
0657399f278c9a13,মাশরাফি নির্বাচন করতেছে সে খানে খালেদা জিয়া সন্তানদের চুলকানি শুরু হয়ে গেছে...বিএনপি কোনো দিন দেশের ভালো চায়নি আর ভালো চায়ও না,murtaza,FAVOR
461c3b843973caf7,toi ki dekhbire sala faul...toi bnp koros eita sure...naile toi mashrafe bhai er nirbachon korata mene niti....ami awamilig kori but mashrafi bhai jodi bnp te o jay tahole o ami mashrafi bhairei support korbo cz ami jani mashrafi bhai desh er unnoyon korbe...beimani kortamna toder moto...,murtaza,FAVOR
2cb193bb6095e25b,কেনো ভালো লাগছে না তোমরাই বড়ো বেইমান মাশরাফি ভাইয়ার মতো লোক কে খারাপ বলো,murtaza,FAVOR
c3aa316e82277a9d,আমার তো মনে হয় তিনি আওয়ামী লীগের দালাল এই কারণে পার্থক্য নিচ্ছ কেন মাশরাফিকে স্বতন্ত্র থেকে নির্বাচন করলে পাস করবেনা আমার প্রশ্ন আমরা জানি হানডেট পারসেন স্বতন্ত্র থেকে নির্বাচন করলে বিপুল ভোটে পাস করবে এবং 16 কোটি জনগণের ভালোবাসার তার পাশে থাকবে কেন সে একটা গোষ্ঠী হয়ে বুট করব করলে,murtaza,FAVOR
a75e610927133c5c,Md Raihan নিনদুকেরা নিনদা করবে তাতে মাশরাফি বা তাঁর ভক্তদের কিছু যায আসে না। মাশরাফিকে নিযে যারা বাজে বা নেগেটিভ মনতবব করেছে তারা আর যা কিছু হোক অনতত মানুষের জনম না ।মাশরাফি শুধু নডাইলের নয সে দেশ ও জাতীর গরব । তাঁর সু সাসথ ও দীরঘাযু কামনা করি । GO AHEAD ALL THE BEST FOR MASH ....LOT OF THANKS WISHING HIM A PEACEFUL LIFE. BDS AWAMILEAGUE ZINDABAD.,murtaza,AGAINST
6a87f9de2bcf77e5,"ক্রিকেট বাংলাদেশের মাশরাফি আর রাজনীতির মাঠের মাশরাফি দুটোই ভিন্ন,তাই রাজনীতির মাঠে তাকে যেন ম্যাশ নামে ডাকা না হয়,কারণ আমরা ক্রিকেট প্রেমিরা ক্রিকেটার মাশরাফিকে ভালোবাসি, কোন রাজনীতিবিদ মাশরাফিকে নয়,মাশরাফি কি করেছে তা সে স্যোসাল মিডিয়ায় লক্ষ করলেই বুঝতে পারবে,,হয়তো তার সম্মানের প্রয়োজন নাই টাকার প্রয়োজন,কিন্তু সুন্দর ভাবে বাচতে হলে কি আরও টাকার প্রয়োজন,,, অর্থ লোভী, আশা করি মাশরাফির মত এমন করে ক্রিকেট প্রেমিদের হৃদয় ভেঙে চুরমার করবেনা,,,",murtaza,FAVOR
2d147ce323befff0,"আপনার কিছুই সাপোর্ট করেনি, আপনি আবার ভালো করে লিখে দেন আমার এবং মাশরাফি ভাইয়ের জন্য",murtaza,FAVOR
cb1711a4a73a033f,আমি মনে করি মাশরাফি নির্বাচন এসে ভালো কাজ করেছেন।সে তো সারা জীবন খেলোয়াড় হয়ে থাকবেনা। এমপি হয়ে ভালো কাজ করিলে সারা জীবন মানুষের সেবা করে যাইতে পারবে।,murtaza,FAVOR
588b5ba09e05d166,প্রিয় মাশরাফি! তোমার মত যোগ্য লোকেদের আরো বেশি করে রাজনীতিতে আশা দরকার।যাতে দুষ্ট রাজনীতিবিদদের জায়গায় ধীরে ধীরে কমে যায়....I love u masrafi I love u narail,murtaza,FAVOR
63fc5431d667fd23,"ভাই এটাই হলো আমাদের দেশের সবথেকে বড় প্রব্লেম,,,আমরা বাপ দাদার আমল থেকে দেখে আসছি আওয়ামিলিগ আর বিএনপি আর আমরাও এই 2টা কেএ ভুট দেয়,,, কখনো ভালো মানুস না খারাপ মানুস সেটা দেখি না দেখি সে কুন দল করে,,, তাই আজকে আমাদের দেশের এ অবস্তা,,, যেই মানুস্টা আমাদের ক্রিকেট টিমকে এত দূর নিয়ে যেতে পারছে,,, কিভাবে আজকে আমরা সেয় মানুস টাকে এই ভাবে অবিশ্বাস করছি,,,কিভাবে আমরা আজকে সেই মানুস টাকে গালি দিচ্চি,,,আজকে যদি সেই মানুসটা নিরবাচন করে আমাদের দেশকে ভালো কিছু দিতে পারে তাহলে নিরবাচন করতে প্রব্লেমটা কুতাই.??? সে যদি নিরবাচন করার পর দেশের মানুসের সাতে বেইমানি করে তখন তাকে গালি দিয়েন এখন কেন গালি দিচ্চেন.??? আসলে আমারা খুব সহজেই একজন মানুসকে কলিজাই জাইগা দিতে পারি আবার থাকে খুব সহজে গালিও দিতে পারি এটাই আমাদের প্রব্লেম,,, আজকে জারা নিরবাচন করা নিয়ে তাকে গালি দিচ্চেন তারা কখন তাকে ভালো বাসেন নাই,,, যদি বাস্তেন তাহলে আজকে এই ভাবে গালি দিতে পারতেন না,,, জানি আমার এই কমেন্ট এর জন্নে অনেক গালি সুন্তে হবে তবু কমেন্ট না করে পারলাম না,,, আমিও মমাসরাফি ভাই এর একজন বক্ত আমি ক্লাস 4 থেকে মাশরাফি ভাইর বক্ত,,,,আমার বিশ্বাস মাশরাফি ভাই ক্রিকেট খেলার মত রাজনীতি করেও আমার দেশকে অনেক কিছু দিবে,,,",murtaza,FAVOR
0a06e779f377ed23,"মাশরাফি আসছে ওনেক শুভেচ্ছা ও শুভকামনা রইলো? জারা তার বিরদ্দে কথা বলে তারা সবাই বিএনপি জামাত শিবির,, ভাই একটা কথা বলি কেউ কোনো কাজ কোরতে গেলে তাকে বাধা না দিয়ে তাকে উৎসাহিত করা উচিত¿",murtaza,NEUTRAL
b4a5cec45c61f1a3,ওয়ালাইকুম আমরা আসলে মাশরাফি ভাইয়ের বড় ফ্যান কিন্তু মূল কথা হচ্ছে মাশরাফি ভাই এমন একজন মাপের মানুষ যিনি কারও ছায়া তুলে থাকার মতো নয় তবে উনি কেন আওয়ামী লীগ থেকে মনোনীত হতে হবে উনি কেন একাধিক ভাবে ইমরান খানের মতো করতে পারলো না এটা আমরা জানতে চাই উনি আমার দেশের গর্ব 16 কোটি মানুষ সবাই ওনাকে ভালোবাসে উনি চাইলে একাই করতে পারতো কিন্তু কেন করেনি কেন আওয়ামী লীগ এ অথবা বিএনপিতে অথবা জামাতে যেতে হবে উনি একজন যোগ্য ব্যক্তি একা করলেই তো পারতো আমরা কি উনাকে সমর্থন করতাম না বাংলাদেশের 16 কোটি মানুষ ওনার পাশে আছে,murtaza,FAVOR
f294f4538f910e7d,আলমগীর আপনার বাবা মা আপনাকে কিভাবে বড় করেছে তা আপনি ভালো জানেন।আমি কোনো দল করি না।আমার কাছে যা সত্যি মনে হয় আমি তাই বলি।আমার মনে হয়েছে মাশরাফির মত মানুষদের রাজনীতিতে আসা উচিত। রাজনৈতিক সংস্কৃতি পাল্টাতে হবে।আর আপনার পরিবারকে আপনার ব্যবহারের মাধ্যমে ছোট করবেন না,murtaza,FAVOR
bb6eb919aaa47b90,আমি বলতে চাই শুধু মাশরাফি না এই দরনের ভালো মানুষ আরও রাজনীতিতে আসা দরকার,murtaza,FAVOR
98478ebdb6d69c8f,আমরা মাশরাফি ভাইকে ভালোবাসি একজন ক্রিকেটার হিসেবে একজন ভালো নেতা হিসেবে একজন ভালো অধিনায়ক হিসেবে ব্যক্তি হিসেবে উনি অনেক ভালো মানুষ আমরা চাই উনি যদি রাজনীতিতে আসে তাহলে যেন উনি একাধিক ভাবে আসে কারো ছায়া তলে নয় যেমন দেশকে পরিবর্তন করার জন্য দেশকে ভালো পথে নিয়ে যাওয়ার জন্য পাকিস্তানের ইমরান খান একজন ক্রিকেটার হয়ে উনি নিজের দেশকে সুরক্ষিত রাখার জন্য নিজের দেশকে নিরাপত্তা দেওয়ার জন্য রাজি তে আসছে এবং উনি সফল হয়েছে আমরা চাচ্ছি যেন আমাদের দেশে এরকম আরো জন বিপ্লবী নেতা হোক যাকে আমরা অনেক বেশি ভালোবাসি আমাদের মাশরাফি ভাই আমাদের মাশরাফি ভাই যদি একাধিক ভাবে আসে এতটুকু বিশ্বাস আছে যে বিএনপি বলেন আওয়ামী লীগ বলেন এবং জামাত ইসলাম বলেন সবার থেকে বেশি সবার থেকে বেশি সাপোর্ট ও নারী থাকবে সেটা আমরা মনে করি যারা আমরা বাংলাদেশের 16 কোটি জনতা আমরা সকলেই মাশরাফি ভাইকে ভালোবাসি আমরা চাই উনি হোক আমাদের আগামী ভবিষ্যৎ প্রজন্মের প্রধানমন্ত্রী এমপি নয়,murtaza,FAVOR
ec16029994d9626c,"জদি 🇧🇩 রাজনীতি ভালো থাকতো তা হলে মানা জেতো, ওকে জদি এইবার বিএনপি আসে তাহলে কি মাশরাফি খেলা ছেড়ে দিবে,,,",murtaza,FAVOR
23cf13d4b8771a27,ভুল বুঝবেন না ভাই আমি নারায়ণগঞ্জের লোক তারপরও আমি মাশরাফিকে অনেক ভালোবাসি আমি চাইছিলাম উনি যে তো রাজনীতিতে এসেছে উনি যদি নিজে একটি দল গঠন করত সে দলের পদান উনি থাকতো দেশের লেংটা পোলাপানও উনাকে প্রধানমন্ত্রী হিসেবে চাইত আমি চাই বাংলাদেশের প্রধানমন্ত্রী নড়াইলের হোক আপনাদের মাথায় কি একটুও জ্ঞান নাই বাংলাদেশের 16 কোটি মানুষ চায় দুই নেত্রীর মরণ কামনা করে শুধু চাই একজন পুরুষ নেতা হোক যে বাংলাদেশের ভবিষ্যৎ প্রজন্ম হয়ে দাঁড়াবে সবাইকে স্বপ্ন দেখাবে স্বপ্ন পূরণ করবে আমরা সেই মানুষকে পেয়ে গেছিলাম কিন্তু সেই মানুষটা শুধু কুত্তা লিগের হয়ে কাজ করবে এটা আমরা কোন সময় মেনে নিতে পারব না আমি চাই না হারামজাদা বিএনপি'র জন্য কাজ করুক আমি চাইনা কুত্তা লীগের হয়ে কাজ করুক আমি শুধু চাই মাশরাফি ভাই বাংলাদেশের প্রধানমন্ত্রী হোক বাংলাদেশের নেতৃত্ব দেক আমাদের একটাই আশা হয়তো তুমি 16 কোটির হয়ে মাঠে খেলবে নয়তো তুমি 16 কোটির হয়ে প্রধানমন্ত্রীত্ব করবে Mash boss is the best সেটা শুধু একক তো হলেই কুত্তা লিক হলে না,murtaza,FAVOR
5fe4b146a644d3dc,মাশরাফি ভাই কে আমি অনেক শ্রদ্ধা করি। কিন্তু এখন নির্বাচনে আশাটা ঠিক হয় নি।,murtaza,NEUTRAL
0450a2c0a94b24c1,"প্রিয় মাশরাফি, আপনি ওয়ার্ল্ড কাপের আগেই অবসর গ্রহণ করে রাজনীতি করুন। বাংলাদেশের জার্সিতে আপনাকে আর দেখতে চাই না।",murtaza,AGAINST
ebc7bf101e1bbdbe,আবেগেই ভালবাসতেন তাই না ভাই। মাশরাফির মত মানুষের বেশি বেশি সংসদে আশা উচিত। যতসব আবাল।,murtaza,FAVOR
c3581d73cf6213f1,"মাশরাফির নির্বাচনের পক্ষে আমি একমত হতে পারলাম না, মাশরাফি শুধু যশোরের না সমগ্র বাংলার, মাশরাফি বাংলাদেশ ক্রিকেট বোডের প্রেসিডেন্ট হলে বাংলাদেশের ক্রিকেট আরো সামনের দিকে এগিয়ে যেতো বলে আমি মনে করি।",murtaza,NEUTRAL
4c61f6d830e6a682,মাশরাফিকে National Team - এ না চাওয়ার তোরা কে ?,murtaza,NEUTRAL
c0bbd1774bb19a84,"যেখানে মাশরাফি সেখানে আমি তাই তার যত খেলা, যত ভিডিও আছে আমি তা দেখেছি এরোই সাথে দেখছি, পড়েছি হাজার মানুষ এর মনের কথা। পূর্বে দেখিনি আমার প্রিয় মাশরাফি ভাই বা তার পরিবারকে নিয়ে এত বাজে মন্তব্য এখন দেখতে হচ্ছে। শুধু মাত্র এ রাজনীতি কারনে।",murtaza,AGAINST
85d6dd0c8fc3d83b,Helal ahmed apni kom bujen. মাশরাফি গুজবে কান দেয় না।নিজে যা ভালো বুজে সেটাই করে & বাজিমাৎ করে।,murtaza,FAVOR
e563adb8392b67d0,সব ঠিক আছে কিন্তু হাতুরি লীগ চাপাটি লীগের সাফাই কেমনে গাইবেন মাশরাফি😞,murtaza,NEUTRAL
85ba1bec831a7748,একজন ভালো মানুষ..... যেকোন দল & দেশের জন্য সম্পদ সরূপ। আমরা সব সময় মাটিকে ভালবাসি😍 মাশরাফি ভাই যদি বিএনপি থেকেও নমিনেশন পেত....আমি মন থেকেই দোয়া করাতাম😍। বেস্ট অফ লাক ম্যাশ ভাই😍😍এবার দেশ গড়ার কাজে নেমে পড়ো☺,murtaza,FAVOR
e4aa29f965e119c7,ভুলে যেতে চাই মাশরাফি নামে একজন কে এক সময় আমরা প্রাণে ছেয়ে বেশে ভালোবাসতাম।,murtaza,FAVOR
cc6c7655c25331ea,"মাশরাফি তুমি ছিলে বাংলাদেশের রাষ্ট্রীয় সম্পদ, বিএনপি বা আওয়ামী লীগ সবার উর্ধ্বে সেই তুমি সামান্য ক্ষমতার জন্য নিজেকে আজ বিভক্ত করে ফেললে।",murtaza,NEUTRAL
49be9fc734f40651,"মাশরাফি ভাই আপনার প্রতি অনেক ভালোবাসা ছিল, যেটা আজ হারিয়ে যাচ্ছে।",murtaza,FAVOR
314f130529c6111d,মাশরাফিও মাশরাপি তুই অপরাধিরে আমার কষ্টে গড়া ভালো বাসা দে পিরাইয়াদে মাশরাফি তুই অপরাধিরে।,murtaza,FAVOR
1b476b49338ff55f,"❤মাশরাফি বিন মুর্তজার মতো ভালো মানুষদের রাজনিতিতে আসা মানে দেশের রাজনিতিতে সু-বাতাস বইছে। ❤️ যে নেতা সেতো নেতৃত্ব দিবেই। ম্যাশ যদি ১১ জন প্লেয়ারের নেতৃত্ব দিয়ে বিশ্ব কাপাতে পারে। তাহলে নিজ জেলার নেতৃত্ব দিয়েও দেশ কাপাতে পারবে ইনশাল্লাহ্। পজিটিভ চিন্তা করুন, দেশের স্বার্থে চিন্তা করুন।",murtaza,FAVOR
33a8bed2858bc5ef,সালাম আলাইকুম মাশরাফি ভাইয়ের জন্য অনেক ভালোবাসা ছিল 16 কোটি মানুষের ভালোবাসা ছিল এখন মা'র তো নড়াইল এক্সপ্রেস এর জন্য স্বার্থ কাজ করল মাশরাফি ভাই কারণ শে স্বার্থপর কাজ করলো মাশরাফি ভাই সে তার নড়াইল এক্সপ্রেস এর জন্য কাজ করলো সে 16 কোটি মানুষের জন্য ভালোবাসা এখন আর চাই না সে নিজের এলাকার ভালোবাসা দিতে চায় এছাড়া আমার কিছু বলার নাই ভুল হলে ক্ষমা করবেন,murtaza,NEUTRAL
821928782126e72a,"ভাই সমস্যা অনেক সেগুলো আপনারা বা আমার মতো কম বোঝা মানুষ বুঝতে পারবে না,,,আমার ফ্যামিলি আওয়ামী লীগ করে তারপরও আপনি নিজেকে প্রশ্ন করেন বাংলাদেশের রাজনীতি কি অবস্থা,,,?,,,,রাজনীতি বিশ্রী একটা পরিস্থিতি হচ্ছে,,,, এখন যদি আওয়ামী লীগ না আসে তখন কি করবে,,,মাশরাফিকে ক্রিকেট দল থেকেতো বিদায় করবেই সাথে নিম্ন তম সম্মানটুকু পাবে না,,,,আর অন্য রাজনীতিক দল অন্য প্লেয়ারদের দলে নিতে চাইবে,,,এভাবেই রাজনৈতিক রেশানলে পরবে বাংলাদেশ ক্রিকেট,,,, এই নোংরা খেলাটা শুরু করলো মাশরাফি,,,, আর কিছু বলার নাই,,, আমরা সবাই অন্ধ হয়ে গেছি।",murtaza,NEUTRAL
5315d6a6d9b706a0,"সি সি ১৬ কোনি মানুষের ভালো দিতে কোনো দাম দিতে পারলে না সি সি মাশরাফি সি,,,,,,",murtaza,FAVOR
f9122affb3e07e40,ভাই মাশরাফি তুমি যদি দেশের জন্য জাতির জন্য ভালো কিছু করতে চাও তাহলে নতুন একটা দল ঘোষণা করতে আমরা তোমার পাশে থাকতাম তুমি এটা কি করলে? গান আছে না মধু কই কই আরে বিষ খাওয়াইলা কোন কারণে ভালবাসার দাম না দিলা,murtaza,FAVOR
0148aff3b66bc93d,মাশরাফি ভাই আপনার কাছ থেকে আমরা এটা আশা করি নেই....এখনো সময় আছে খেলার মাঠে চলে যান.....,murtaza,NEUTRAL
689261b46a4c90f0,মাশরাফি তুমি এগিয়ে চলো বাংলাদেশ আছে তোমার সাথে ♥♥♥,murtaza,NEUTRAL
24f51513bf08579a,I love u masrafi I love u narail প্রিয় মাশরাফি! তোমার মত যোগ্য লোকেদের আরো বেশি করে রাজনীতিতে আশা দরকার।যাতে দুষ্ট রাজনীতিবিদদের জায়গায় ধীরে ধীরে কমে যায়....I love u masrafi I love u narail,murtaza,FAVOR
2d55b721af14f3d1,"মাশরাফি ভাই একজন মানুষ, রোবট বা ইন্জিন চালিত মেশিন নয়, তারও ব্যাক্তিগত ভালোবাসা এবং ইচ্ছা এবং মতামত থাকতেই পারে এখানে খারাপের কি আছে? আর যারা মাশরাফি কে ভালোবাসে তারা সারাজীবন মাশরাফি ভাইকেই ভালোবাসবেন।",murtaza,FAVOR
918f01c7cb96bb8f,"আবেগের কিছু নাই এর চাইতেও ভালো মাশরাফি তৈরি হবে, তারেই না হয় বাকি ভালোবাসা টুকু দিব,আগে ভাবতাম খেলার মাঠে মাশরাফি বাংলাদেশের প্রান আর এখন জানি স্বাথবাদী।",murtaza,FAVOR
b63b8da04d2c85c1,"আমাদের ইতিবাচক রাজনীতির চর্চা নেই। তাই মাশরাফি রাজনীতিতে আসায় আমরা সমালোচনা করছি। কিন্তু মাশরাফি একজন ইতিবাচক মানুষ। দেশকে এগিয়ে নিতে এমন, ইতিবাচক মানুষগুলোর রাজনীতিতে আসা খুব প্রয়োজন।",murtaza,AGAINST
4c48e028d5806834,মাশরাফি ভাই খুব ভাল মানুষ বাংলাদেশের সবাই তাকে ভালবাসে তিনিও সবাইকে ভালবাসে এজন্য তিনি জনগণের খেদমত করতে চায় তো নরাইল বাসী মাশরাফি ভাইকে সাপোর্ট করে এজন্যে নির্বাচনে আসলেন।আপনারা কি চাননা একটা ভালো রাজনীতিবিদ।,murtaza,FAVOR
374109702e518ffa,"মাশরাফি ভাই, আপনি যদি আলাদা কিছু করতেন সারা বাংলাদেশ আজ আপনার সাথে থাকতো। আপনার এ সিদ্ধান্ত, কোটি জনতাকে আহত করেছে। এখনও সময় আছে,আশাকরি, আপনার সিদ্ধান্ত পরিবর্তন করবেন।",murtaza,NEUTRAL
2533daed53aa1c27,মাশরাফি ভাই এর প্রতি বাংলাদেশের ১৭ কোটি মানুষ এর পবিত্র ভালোবাসা ছিল..আজ থেকে এই পবিত্র ভালোবাসা ধংস হয়ে গেছে।আমি দুঃখিত মাশরাফি ভাই আমি দুঃখিত..,murtaza,FAVOR
a8855c96e513cefc,আমারও এরকম ফোন দিয়ে এই ধরনের প্রতিক্রিয়া দেখানো ইচ্ছে ছিল। মাশরাফির এ সিদ্ধান্তের প্রতিটি ক্রিকেট ভক্তদের কঠিনভাবে আঘাত লেগেছে,murtaza,NEUTRAL
af1b4f24f242c2c3,মাশরাফির মত ভাল লোকদের রাজনীতিতে দরকার ! ! সে যে দলই করুক তাকে স্বাগতম জানানো উচিত ...,murtaza,FAVOR
8a2d48ba67e9122c,"আমার আশা ছিলো মাশরাফি ভাই একটি দলের প্রধান হবে একদিন, কিন্তু সব কিছু বিসর্জন দিলেন আজ!",murtaza,NEUTRAL
46f3dd5fe748427a,মাশরাফি ভাই রাজনীতি করা এক মত আপনার অধিকার আপনার যাকে ভাল লাগে তার হয়েই রাজনীতি করে তার জন্য আমার আফসোস নাই তার জন্য ভালবাসা একটুও আপনার জন্য কম হবেনা কারন আপনি খেলবেন খেলার জন্য ভালবাসবৌ যখন রাজনীনি করবেন উলট পালা হলে তখন রাজনীতির ভাষায় জ্বাব পাবেন মাশরাফি আপনি তৌরি থাকেন সর্ব দিক দিয়াই আপনার জন্য দোয়া রহিল মাশরাফি ভাই রাজনীতির জর্গতে আপনাকে স্বাগতম,murtaza,FAVOR
f5030b37830f4cae,একটা মানুষের নাগরিক হিসাবে তার নিবাচন করার অধিকার আছেন। তাই বলে কিন্তু তাকে এটা ঘূণা করবেন এটা কেমন ভালোবাসা???ওনি যদি রাজনীতিতে এসে দেশের জন্য কিছু করতে চান তাহলে আপনাদের এত মাথা বেথা কোথাও??? আর ওনি যদি আজ বি এন পি তে যোগ দিতেন তাহলে মনে হয় এত কথা কেউ বলতেন না আমার ধারণা। আমরা সবাই খারাপ কে খারাপ বলতে পারি কিন্তু খারাপকে ভালো করতে জানিনা এটা আমাদের জন্ম গত দোষ। ইনশাআল্লাহ মাশরাফি ভাই একাই একদিন এই দেশ টাকে সঠিক পথে পরিচালিত করবেন এটা আপনারা দেখবেন,murtaza,NEUTRAL
81a0c15b97bd7bef,"আমি মাশরাফি বিন মুর্তজার ভক্ত বলছি 😰 দয়া করে বাংলাদেশের জাতীয় দলের জার্সিটা আপনি আর পড়বেন না,কারণ ঐ জার্সিটা ১৮ কোটি জনগণের আবেগ ভালবাসার জার্সি এবং নিরপেক্ষ ।",murtaza,FAVOR
2f4ca47cb09e7c10,ন শুভকামনা মাশরাফি ভাই . সাথে নড়াইলের ডিসি হিসেবে মামাকে দেখতেছি❤❤❤👌👌👌👌,murtaza,NEUTRAL
43d7a663bb1069a5,আমি যদিও নডাইলের বাসিন্দা নয় তথাপি নডাইলের সর্বোচ্চ উন্নতি আশাকরি । নডাইলের রাস্তা দিয়ে যদি কখনও যাই যেন বুঝতে অসুবিধা না হয় এটা মাশরাফির নডাইল।,murtaza,NEUTRAL
c17012b7fc4293a0,এই মাশরাফির মতো এত ভালো মানুষের আজ এই পরিস্থিতিতে পরতে পারে তা কল্পনারও বাইরে ।,murtaza,FAVOR
9499dfeab2f94db1,"মাশরাফি এলাকার খুবই জনপ্রিয়, কয়েকজন মৌলবাদী , জামায়াত শিবিরের লোকজন। পরে যারা সমন্বয়ক হিসেবে এলাকায় পরিচিত হয়।",murtaza,AGAINST
c2667fe0393c196e,"আমার প্রিয় মাশরাফির কান্না দেখে নিজেকে সংবরন করতে পারি নাই । তার বাড়ি পোড়ানো হলো , তার ট্রফি গুলো ভেঙে ফেলেছে , সব কিছুর হিসাব পই পই করে নেয়া হবে । ইনশাআল্লাহ",murtaza,NEUTRAL
b8c17044f3754008,তীব্র নিন্দা ও প্রতিবাদ জানাই যারা প্রকৃতপক্ষে খারাপ তারা এখন ভালোভাবে চলতেছে এটাই হলো বাংলাদেশের নিয়ম মাশরাফি ভাই অনেক ভালো মনের মানুষ ইনশাল্লাহ এদের বিচার হবে একদিন,murtaza,NEUTRAL
e9dcf6023d8be971,আসলেই দুঃখজনক আসলে জাতি হিসেবে আমরা অনেকটা নির্লজ্জ এবং কলঙ্ক। লাভ ইউ বস সবসময় মন থেকে আপনাকে ভালোবাসি। ফি আমানিল্লাহ সবসময় আল্লাহতালা মাশরাফি ভাইয়ের ভালো করুন,murtaza,FAVOR
ca975150cd7f6448,এক কথায় মাশরাফি তুমি মহান কারণ যারা এতিমদের মানুষ করে দেশের জন্য কাজ করে তারাই তো মহান।,murtaza,NEUTRAL
89164991443c0f6c,মাশরাফি বিন মুর্তজা ভাই আপনি আমার অতি প্রিয় একজন মানুষ খেলোয়াড় হিসাবে তো আছেন আপনার সম্পর্কে যতো টুকু জেনেছি মানুষ হিসেবে এবং মনের দিক থেকে ও অনেক ভালো মনের মানুষ আর ভালো মানুষের সাথে যেটা হয় শুধু আল্লাহ সব দেখবেন এবং আপনি যদি ভাগ্যবান হন আল্লাহর বিচার নিজের চোখে দেখবেন দোয়া করি আল্লাহ যেন আপনাকে অনেক ভালো রাখেন,murtaza,FAVOR
06a021ec148644be,মাশরাফি ভাই মাশরাফি ভাই তুমি একজন ভালো মানুষ তুমি একজন ভালো মানুষ তুমি একজন ভদ্রলোক তোমার সাথে আর বাংলাদেশের কাউকে তোমার সাথে তুলনা করা যায় না।ভাই তোমাকে আমার অন্তরের অন্তস্থল থেকে দোয়া করি তোমাকে আল্লাহপাক হায়াত দারাজ করুক তোমাকে সুস্থ রাখুক। বিশ্বাস কর ভাই তোমাকে আমি এত ভালবাসি তোমার জন্য আমি যে আমার জীবন দিতে কোন দ্বিধাবোধ করব না।,murtaza,FAVOR
59ea7e691c32902f,আমার ভাই মাশরাফি ওনি খুব ভালো মানুস দুয়া করি সব ঠিক হয়ে যাবে,murtaza,FAVOR
fbe9039f11cf7b4d,মাশরাফির ভাই আল্লাহ উপর ভরসা রাখেন। আমরা যাদের কে ১৫ বছর কুলে ও কাথার নিচে নিরাপত্তা দিয়েছি তাদের আল্লাহ কমস দিয়ে বললাম মাফ করে দিলাম। কিন্তু প্রকৃতি বলে একটা কথা আছে প্রকৃতি যদি প্রতিশোধ নেয় আপনার আমার কিছু করার নাই,murtaza,NEUTRAL
7ce46e82983350ec,মাশরাফি ভাই সব সবজায়গাতেই দুষ্টু চরিত্রের কিছু লোক থাকে তবে আমি মনে করি নড়াইলের মানুষ আপনাকে এখনো ভালোবাসে গোটি সংখ্যক লোকের কারণে আপনি এত কষ্ট পেয়ে থাকেন আপনি স্বাভাবিকভাবে সবাইকে মাফ করে দিয়েছেন এতগুলো ভুলে যান আমি চাঁপাইনবাবগঞ্জ থেকে বলছি কিন্তু আপনাকে আমি প্রচুর ভালবাসি,murtaza,FAVOR
96710b0624cccf67,মাশরাফি ভাই বাংলাদেশকে অনেক অনেক দুর নিয়েছেন তা আমাদের জানা আছে ❤❤ ভাই,murtaza,NEUTRAL
2ae4cc5c70e5b7a3,বাংলাদেশের প্রতিটি মানুষ মাশরাফি বিন মর্তুজাকে মনে প্রানে ভালোবাসে।নিজ এলাকার মানুষ দ্বারা যে কষ্ট পেয়ছে তা কোন দিন ভোলার নয়।বাংলাদেশর মানুষ কোন ভালো মানুষের কদর দিতে জানে না।এ জাতীকে ধিক্কার জানাই,murtaza,FAVOR
1ff4daf2e7481454,মাশরাফি ভাইয়ের মত ভালো মানুষ বার বার দরকার,murtaza,FAVOR
04d5fdf0b567e6cc,জাতীয় ক্রিকেট দলের কেপ্টেন মাশরাফি বীন মুর্তজার যা অর্জন ছিলো তার নিজস্ব যোগ্যতা অর্জন করে দেশ ও জাতির সন্মান বয়ে এনেছিলো,murtaza,NEUTRAL
40a4794def6beb25,মাশরাফি ভাই আপনি আমার প্রিয় খেলোয়ারদের মধ্যে অন্যতম একজন খেলোয়ার ছিলেন আমি আপনাকে এখনো একজন সতএবং নিষ্ঠাবান মানুষ হিসেবে বিবেচনা করি আপনি নড়াইল বাসির জন্য যথেষ্ট করেছেন কেউ আপনার অনুদান ভুলতে পারবে না কিন্তু সব থেকে ভুল হয়েছে আপনি খেলোয়ার হিসাবে সবারই মন জয় করে নিয়েছিলেন কিন্তু রাজনীতি করতে গিয়ে আপনার জনপ্রিয়তা অনেকেরই কাছে হারিয়ে ফেলেছেন যার জন্যই আপনাকে এই খেসারত দিতে হচ্ছে। কিন্তু আপনি মানুষ হিসেবে অনেক ভালো মনের মানুষ এটা ভুলা যাবে না,murtaza,FAVOR
d3f43b5cd79cd6cc,জনগণের কাছে ক্ষমা চান আপনার জীবন আবার সুন্দর হবে আশা করি এমপি ছাড়া ও আপনার একটি পরিচয় আছে মাশরাফি বাংলাদেশের কেপটেন,murtaza,NEUTRAL
1e150653c00e0170,"সব চেয়ে বড় কথা হলো,,,সে যদি এতো ভালো হয়,,, মাশরাফি ভাই,, কেন,,,যেকোনো দলের হয়ে নির্বাচন করে,,,সে একাই,,, নিরবাচন করতো",murtaza,FAVOR
ab843e98ade5ebeb,নড়াইলে ১ একজন আছে সে টা হলো মাশরাফি,murtaza,NEUTRAL
c6c446652fb56c74,মাশরাফি ভাই অনেক ভালো কাজ করেছে আমরা তার যথেষ্ট প্রমাণ পেয়েছি,murtaza,FAVOR
c57ecb3e9e3a0e10,মাশরাফি ভাই একটা কথা বলি আমরা হলো মীরজাফর জাতি যেমন সিরাজদৌলার সাথে করে ছিলো মীরজাফর ঠিক তেমন করেছে নড়াইল বাসি আপনার সাথে। ইনশাআল্লাহ ভাই এক দিন সব কিছু ঠিক হয়ে যাবে,murtaza,NEUTRAL
1f8cd81556d7a47b,আমি মনে করি মাশরাফির দলের লোকজন এই কাজ করেছে,murtaza,NEUTRAL
e7c4fd5113736364,নৌকা প্রার্থী স্বরণ করে পুড়িয়ে ছাই করে দিয়েছে।মাশরাফি।,murtaza,NEUTRAL
86770665aa332c8f,"মাশরাফির বাসায় হামলা করবে এটা ভাবতেও ঘৃণা লাগে, এই আমাদের বাংলাদেশর মানুষ,সম্পদ চিনলো না।",murtaza,AGAINST
f8bc028850e511ef,"মিঃ ক্যাপ্টেন, মাশরাফি সাহেব অনেক মহৎ ও দূর্নীতি মুক্ত। তাঁর উপর নড়াইল বাসী অবিচার করেছে।",murtaza,NEUTRAL
cae8937a536b7993,মাশরাফির বাড়ি ভাংচুর করা এনসিপি ও জামায়াত শিবিরের সন্ত্রাসীদের বিচারর আওতায় আনা উচিত।,murtaza,NEUTRAL
eee9f890f78f159a,আমার দেখা মাশরাফির মত এই বাংলাদেশ এ আরেক জন কেপ্টেন পাবো না আর কিছু সময় খারাপ এর সংগে কিছু ভালর দাফন হয়ে যায়,murtaza,NEUTRAL
c07d0e6d12330a56,"এখন জামাত শিবির, বিএনপি ও উপদেষ্টা ও এনসিপির একজনও কি আছে মাশরাফি বা ব্যারিস্টার সুমনের এমন জনদরদী, ইয়াতীম ও অসহায় মানুষগুলোকে নিয়ে লালন পালন করে ?",murtaza,NEUTRAL
bee45f057ced1acb,"আমি মনেকরি মাশরাফি একজন ভালো মানুষ, তবে কি মাশরাফি বিবেককে একবারের জন্য ও তড়া দেনি যে আমি তো জনগননের ভোটে জয়ি নয়। যে ভোট কেন্দ্রে যাওর আগে শুনি আমার ভোট নাকি হয়ে গেছে।,,,,,,,,,,,,,,,, নিজেকে প্রশ্ন করুন আপনি কি জনগনের ভোটে নির্বাচিত এম পি।",murtaza,FAVOR
6187d0cea8571bcd,"আমার প্রশ্ন পাপনের কাছে """""" মাশরাফি যদি আওয়ামীলীগ এর জায়গায় জদি বিএনপি থেকে নমিনিশন নিতো ' তাহলে পাপন সাহেব কি বলতো… ?",murtaza,NEUTRAL
e15d79cb001a2d41,এই হলো নাটক শুরু মাত্র। আমরা ভালোবাসি খেলোয়ার মাশরাফিরকে?,murtaza,FAVOR
839fdd0aa5645013,মাশরাফির মতো নেতা কে চাই বিসিতে দেখতে ছাই।,murtaza,NEUTRAL
d0c738cdd50ea23c,"৭১ টিবিকে ধন্যবাদ জানাচ্ছি এমন প্রতিবেদন প্রকাশ করার জন্য,,,,,, আমরাও চাই ম্যাশকে,,, বিসিবির নজরে আাসা দরকার প্রতিবেদনটি আর মাশরাফিকে জেন মেন্টর হিসেবে নিয়োগ দেওয়া",murtaza,AGAINST
35bfef9e6c6d9d23,বাংলাদেশ ক্রিকেট জগতের মহানায়ক মাশরাফি বিন মুর্তজা আসলে তাকে ডাইরেক্টর হিসেবে নিলে অনেক ভালো হতো কারণ ওনার নেত্রীত এটা অনেক ভালো,murtaza,FAVOR
32ac5ad70cb972fc,বিসিবির প্রেসিডেন্ট হিসেবে মাশরাফি ভাই কে দেখতে চাই।,murtaza,NEUTRAL
86778870dd46ae86,"মাশরাফি হচ্ছে ক্রিকেটের বস্। মাশরাফি থাকলে পুরো টিম অনেক ভালো খেলবে। বাংলাদেশ ক্রিকেটের আরেক নাম হচ্ছে মাশরাফি, বিসিবি তে ম্যাশ এর ছোয়া এ যেন T20 ক্রিকেটে ১৮ কোটি মানুষের আনন্দ ফিরে পাওয়া,♥️♥️♥️",murtaza,FAVOR
4975bf21cf152422,বাংলাদেশের প্রতিটি মানুষের চাওয়া বাংলাদেশ ক্রিকেট বোর্ডের বিসিবি হিসেবে মাশরাফি ভাইকে দেখতে চাই,murtaza,NEUTRAL
75a837c68ae14e93,মাশরাফি ভাইকে বাংলাদেশের খুবি পোওজন মাশরাফিকে আমরা বিসিভির কাছে আহোবান জানাই জতো তারা তারি দলেরসাতে দেকতে চাই মাশরাফিকে চাই,murtaza,NEUTRAL
be1c01759fec5f17,"মাশরাফি হলো সবার ভালোবাসা,,,বস ম্যাশ কে পেলেই ক্রিকেটাররা অনেক পরিবর্তন হয়ে যাবে সাহস পাবে মনোবল পাবেন,,, ইনশাআল্লাহ",murtaza,FAVOR
9095f5bc04a14992,বাংলাদেশের মানুষের একটাই চাওয়া বিসিবির সভাপতি দেখতে চাই মাশরাফি বসকে,murtaza,NEUTRAL
878a646e345b366a,মাশরাফি কে দায়িত্ব দেওয়া হোক সব ঠিক হয়ে যাবে ইনশাল্লাহ,murtaza,NEUTRAL
65c99b7d220225df,আমাদের জান প্রান মাশরাফি। সারা দেশের অহংকার মাশরাফি ভাইকে বিসিবির সভাপতি হিসেবে চাই। পাপনের পতন হবে ইনশাল্লাহ।,murtaza,NEUTRAL
e2ed66a2626e9f16,"Mashrafe is the best captain, best technician of Bangladesh cricket ❤️",murtaza,FAVOR
9f94cac4ffdd8263,বস মাশরাফি বিন মর্তুজা কে আবার খেলায় দেখতে চাই,murtaza,NEUTRAL
64f9acf164bba63b,মাশরাফি বসকে বোড সভাপতি হিসাবে দেখতে চাই আমার সেরা খেলোয়াড় বস 😍😍🫡,murtaza,FAVOR
70b13f981a88a3bf,তাই যে ভাবে হোক মাশরাফি ভাইয়ের কাছে এই সব বিষয় নিয়ে আলোচনা করবেন আপনারা আমরা মনে করি মাশরাফি ভাই কে বললে অবশ্যই তিনি বাংলাদেশের এিকেটের জন্য সব কিছু করতে পারবে এটা আমাদের বিশ্বাস আসন্ন বিশ্বকাপের জন্য ভাইকে মেন্টর হিসেবে দেখতে চাই সবাই সবার মতামত জানিয়ে দিন,murtaza,NEUTRAL
6d4b522342c1e9e8,Mashrafe is the language of cricket in Bangladesh I think........... !!!!,murtaza,NEUTRAL
f6bea1bd35d779db,Mashrafe I love you for your experiences in Ban team.,murtaza,FAVOR
52f62bac85cb6775,মাশরাফি বস কে দেখতে চাই বিসিবির প্রধান হিসাবে,murtaza,NEUTRAL
9bfea7769b26d58e,আসেন আমরা আওয়াজ তুলি মাশরাফি ভাই কেই চাই। আমরাই পারি ভাইকে ফিরিয়ে আনতে ❤️,murtaza,NEUTRAL
9dbd5dbd64580992,বাংলাদেশ সরকারের কাছে আবেদন জানাই যে পাপন ভাই কে সরিয়ে দিন আর মাশরাফি ভাইকে বিসিবি সভাপতি করে দেন কারন আপনি ছারা পাপন ভাই এই যায়গা থেকে সরাতেই পারবে না,murtaza,NEUTRAL
9615829d8188ce89,পাপন ভাইয়ের এবার অপশন নেওয়া যাক। আর মাশরাফিকে বিসিবির সভাপতি বানানো উচিত,murtaza,NEUTRAL
f03ad91a135ed45e,সঠিক বলছেন ভাই মাশরাফি কে চাই বিবিসি সভাপতি হিসেবে,murtaza,NEUTRAL
bef02fc8b4eadb0d,মাশরাফিকে বিসিবির শীর্ষ পদে দেখতে চাই আমরা,murtaza,NEUTRAL
1574985e968b47c9,মাশরাফি ভাই কে বোড সভাপতি হিসেবে দেখতে চাই,murtaza,NEUTRAL
7678c3eefeb86c85,"আমিও চাই পরিবর্তন, মাশরাফি কে চাই সভাপতি হিসেবে",murtaza,NEUTRAL
cd5ff0a711871d52,মাশরাফিকে বিবিসির সভাপতি হিসেবে দেখতে চাই__ plz😥🙏🙏🙏,murtaza,NEUTRAL
61e15ef360f61969,মাশরাফি ভাইকে বিসিবির সভাপতি পদে দেখতে চাই,murtaza,NEUTRAL
5002f23a9b781f23,"মাশরাফি বিন মুর্তজা কে সভাপতি হিসেবে চাই, এটা আমাদের সকলের দাবি 🙋‍♂️",murtaza,NEUTRAL
6fc42fe93f35eb65,"আমরা চাই মাশরাফি বিন মুর্তজা ভাই আবার বিবিসিকে ডাক দিতে পারে,,,",murtaza,NEUTRAL
5b064ad180e6e387,ধন্যবাদ একাত্তর টিভিকে...মাশরাফির অবদান কে স্বরন করার জন্য। কিন্তু এই কথা গুলো আপনারা সরাসরি পাপনকে জিজ্ঞাসা করতে পারেননা মাশরাফিকে নিয়ে তাদের ভাবনা কি?নাকি ভয় পান?,murtaza,AGAINST
24318ee8ef091272,বিশ্বকাপে মাশরাফিকে টিম মেন্টর হিসেবে দেখতে চাই।,murtaza,NEUTRAL
a6c186ebc3ad0442,মাশরাফি কে বোড সভাপতি হিসেবে দেখতে চাই,murtaza,NEUTRAL
a48f91a2e7bdae30,ভাই বস যদি জয়েন দেয় পাপন স্যারের খাবার শেষ হয়ে যাবে তাই মাশরাফি বসকে জয়েন দিবেন,murtaza,NEUTRAL
1ba74a584027df37,আমি চাই পাপনের পর মাশরাফি সভাপতি হবে,murtaza,NEUTRAL
4a2a00a221443cff,মাশরাফিকে মেন্টর নয় বিসিবির সভাপতি হিসেহে দেখতে চাই বাংলার জনগন।,murtaza,NEUTRAL
7b32b2b2210249be,অতীতের সমস্ত ভুল গুলো এখন শুধরে নেওয়ার সুযোগ আছে। আশা করছি বিসিবি এই বার অন্তত বাংলাদেশ ক্রিকেটের অক্সিজেন মাশরাফি ভাইকে ক্রিকেট বোর্ডের সেবা করার সুযোগ করে দিবেন এইটুকু সকল ক্রিকেট প্রেমিদের প্রত্যাশা,murtaza,AGAINST
c5e993499ff77a25,"মাশরাফি একজন সলিড ব্যক্তিত্ব সম্পন্ন মানুষ।হুট করে মেনটারের অফার দিলে তিঁনি আদৌ রাজি হবেন কি না সেটাই প্রশ্ন।তাঁকে পূর্ণ ক্ষমতা দিয়ে গুরুত্বপূর্ণ পদে নিয়োগের সুযোগ করে দিন।আমাদের প্রবল বিশ্বাস বাংলাদেশের ক্রিকেট এগিয়ে যাবে ইনশাআল্লাহ।কিন্তু ''পলিটিক্সের মধ্যে রাজনীতি"" ঢুকে গেলে হিতে বিপরীত।",murtaza,NEUTRAL
38be995242a2ce1d,মাশরাফি ভাই কে মেন্টর না জাতীয় দলের কোচ হিসেবে চাই,murtaza,NEUTRAL
767f6db035f4de7a,মাশরাফি এর মধ্যে আসলে নিজেও পচে যাবে। খারাপ সবগুলোর বাদ দিয়ে যোগ্য মানুষ বোর্ডে এনে মারশফি কে নেতৃত্ব দেওয়া হোক।,murtaza,AGAINST
1c929aab565632f8,অভিনন্দন মাশরাফি বিন মর্তুজা ভাইয়া ভালোবাসা অবিরাম আপনার প্রতি আপনার মত মানুষ দেশে অনেক প্রয়োজন আপনার মত সৎ ব্যক্তি প্রতিটা ঘরে ঘরে দরকার আপনার ভিতরে সততা আদর্শ যোগ্যতা গ্রহণযোগ্যতা বিনয়ী পার্সোনালিটি সম্পন্ন একজন ব্যক্তি আপনি তরুণ সমাজের আইকন আপনি নড়াইল সহ সারা বাংলাদেশের গর্ব দেশ ও জাতির কল্যাণে ভূমিকা রেখে চলেছেন ইনশাআল্লাহ এ ধারা অব্যাহত থাকবে ইনশাল্লাহ ক্রিকেট বোর্ডের সভাপতি হিসেবে দেখতে চাই এক সময় সারা বাংলাদেশের নেতৃত্ব দিবেন ইনশাআল্লাহ ধন্যবাদ প্রিয় মাশরাফি-বিন-মর্তুজা ভাইয়া আপনাকে দেখলে মনটা ভালো হয়ে যায়❤️❤️❤️❤️❤️❤️❤️❤️💖💖❤️💖,murtaza,FAVOR
ca21401e6cbe2109,"মাশরাফি ভাই কে বিসিবি সভাপতি হিসেবে দেখার জন্য বাংলাদেশের মানুষ অপেক্ষায় আছে,,,,,, এটা জনগণের মনের দাবি",murtaza,NEUTRAL
3804b413905858e6,বাংলাদেশের ক্রিকেট বোর্ড প্লেয়ারদের কোনদিন সম্মান করে নি। কিন্তু প্লেয়ারদের অসম্মান করার অধিকার তাদের নেই। মাশরাফি আসলে অনেক ভাগ্যবান কারণ এরকম অফুরন্ত ভালোবাসা বাংলাদেশের অন্য কোন ক্রিকেট প্লেয়ার পেয়েছেন বলে মনে হয় না। We Love you Mash❤️,murtaza,FAVOR
fa549cf3f4e78254,মাশরাফি অনেক অনেক ভালো বাসি ভালো বাসবো ভালো বেসেছি শেষ কথা তো অনেক আগেই বলা আমি ভালো বাসি মাশরাফি।,murtaza,FAVOR
1ad67d9b76a82878,"হ্যা দেখতে চাই মাশরাফি কে,, বিসিবি সভাপতি হিসেবে,,",murtaza,NEUTRAL
4406d0eb0976305f,মাশরাফি শুধু মাশরাফি শুধুই মাশরাফি আমি অনেক অনেক ভালো বাসি মন ধ্যান জ্ঞান থেকে ভালো বাসি মাশরাফি শুধু মাশরাফি।,murtaza,FAVOR
ca804232900cfde9,মাশরাফি ভাই কে বিসিবির হিসাবে দেখতে চাই,murtaza,NEUTRAL
12880c5c35d11655,মাশরাফি অনেক অনেক ভালো বাসি ভালো বাসবো ভালো বেসেছি ভালো লেগে যায় আমি মনে করি আপনি আমার সবই আপনার মাশরাফি।,murtaza,FAVOR
fa437bf1ad6dd8d2,প্রিয় মাশরাফি ভাই আপনাকে বিসিবি সভাপতি পদে দেখতে চাই,murtaza,NEUTRAL
6f089ab188ecd21c,আমি ভালো বাসি ভালো বাসবো ভালো বেসেছি ভালো লেগে যায় আমি কি করবো ভালো বাসবো মাশরাফি।,murtaza,FAVOR
0b1aa82ec213ed18,"আমরা মাশরাফি ভাইকে আবার দলে দেখতে চাই,,, নিউজিল্যান্ড সফরে ওয়ানডে যদি মাশরাফি ভাই থাকতো তাহলে দলকে এতোটা বিপদে পরতো না বাংলাদেশ,,,,",murtaza,NEUTRAL
2da93398fa635037,নান্নু ফান্নু কে নির্বাচক কমিটি থেকে বাদ দেওয়া উচিত । বাংলাদেশ ক্রিকেট কে ভালো জায়গায় নিতে চাইলে মাশরাফি কে নির্বাচক কমিটির প্রধানহিসেবে নেওয়া উচিত ।,murtaza,FAVOR
946f0b22ed7d7639,"মাশরাফি ভাই অবসরে গেলে তাকে কোচ হিসেবে দেখতে চাই এরপর তাকে বিসিবি বস হিসেবে দেখতে চাই , রিপলাই দেন",murtaza,AGAINST
ffb206bb6f12b5c9,আপনি আমার পাশে আছেন আমি মনে থেকে জানি কিন্তু আপনার অভ্যাস জনগণের মধ্যে আমি বুঝতে পারি তার পড়ে ও আমি থেকে যাব সম্পূর্ণ নতুন রুপে আপনি কি রাজী আমি আপনাকে ছাড়া বাঁচি কি করে আমার ইচ্ছে করছে আমি আপনার কাছে আমি শুধু দেখি চোখে মাশরাফি।,murtaza,NEUTRAL
e0f39ee154283270,মাশরাফি শুধু মাশরাফি আমি অনেক ভালো বাসি ভালো বাসবো ভালো বেসেছি আমি ঐখানে কাজ করেছি আরামে ছিলাম না হটাৎ করে আমি কেমন যেন হয়ে যাই আমার মাথা টা ভার সুস্পষ্ট বর্ণনা দিতে পারি না কিছু হয়নি তার পড়ে ও আমি আপনার কথা গুলো চিন্তা চেতনায় স্বচ্ছ বিশ্বাসী আমি আমৃত্যু আপনার কথা মনে হয় তাই আমি এখানে আমি কোথায় ও স্বাধীন না মনের সালে ও কাজের কিছু হয় না মিল অংক করে মাশরাফি শুধু মাশরাফি।,murtaza,FAVOR
a351cf3527613729,মাশরাফি শুধু মাশরাফি মনখারাপ হয়েছে তাই আমার শরীর টা অসুস্থ হয়ে যায় তাই আমার কথা বলতে দেরি হয় আমি বাজে কথা আমি শুনতে পাই তাই আমি ভালো বাসি ভালো কথা দিয়ে আমি ছেড়ে যেতে পারবো না আমি এ এমন না আমি চৌধুরী বাড়ি থেকে ছেড়ে যা-ই নি এখানে ভালো মন্দ বুঝতে ও থেকে যাই ও আছি আমি আপনারই সেলিনা চৌধুরী আমি ছেড়ে যা-ওয়া মানুষ? আমি গ্রহন করছি তো করছি মাশরাফি আমাকে কেউ মেরে ফেলে দেক মরার ভয় পাই না ঐখান থেকে ও আমি বলবো আমি ভালো বাসি মাশরাফি শুধু মাশরাফি আমি আপনাকে ভুলে যাই ও যাব আমার মাথায় নেই আমি যতটা এমন হয়ে যায় আপনি আমার সাথে করেছেন আমি কখনো ও আমি করি না আমার রেখে ঝুঁকিতে রয়েছে আপনির কারণ আমি ভালো বাসি আপনাকে কোনো দোয়ায় আমি পড়ে পাইনি আল্লাহ পছন্দের মধ্যে একশো সঠিক পথ চলা এটাই স্বাভাবিক আমি জানি সত্য কথায় জন্ম হলে সত্য বানী কেউ নষ্ট করা অসম্ভব আমি সত্য আপনাকে ভালো বাসি সব চেয়ে দরুদপাঠ আল্লাহ করেন আমি দরুন শরীফ পাঠ করি এটা আমার অনেক জরুরি ও শক্তি আমি অনেক কিছুর মধ্যে থাকা হচ্ছে না আমার কথা অনেক মুল্য আমার তাজা বস্তু নিয়ে কথা বার্তা বলি আমি মরা না আমার বিশ্বাস আছে মরে গেলে ও আমি কথা বলতে পারবো এটা ও সত্য কথা বলে দিচ্ছি কারো ক্ষতি ও মিথ্যা বানোয়াট জন্ম নেওয়া ও হওয়া অসম্ভব তাদের জন্য আমি জানি। আমি ভালো বাসি মাশরাফি শুধু মাশরাফি।,murtaza,AGAINST
eef0651af76f1138,মাশরাফি ভিলেন হওয়ার কারন হলো মাশরাফি কেউকে ছাড় দিয়ে কথা বলে না,murtaza,NEUTRAL
50ce7393981b1875,মাশরাফির বিশ্লেষণ শুধুই মাশরাফি। ইনাকে কোনো বিশেষণ দিয়ে মাপা যাবেনা। হাজার বছর আপনার কীর্তি বেচে থাকুক বাংলাদেশের প্রান্তরে! 🇧🇩🇧🇩🇧🇩🇧🇩🇧🇩🇧🇩,murtaza,NEUTRAL
93fa125b158ffe4e,মাশরাফি আরও দুই বছর বাংলাদেশের হয়ে খেলতে দেখতে চাই ।,murtaza,NEUTRAL
f7971c2b31e4fa97,"""This is definitely my last World Cup, but I will not be retiring after the tournament,"" Mashrafe told ESPNcricinfo.",murtaza,NEUTRAL
3a966e849e8e4226,Mashrafe is my ♥Heart ❤❤❤..Mashrafe's explain just mashrafe.,murtaza,NEUTRAL
bd4fcf848dadf3a0,আমরা র্দশকরা চাই মাশরাফি ভাই কমপক্ষে আরো ত্রক বছর খেলবে.ম্যাশের খেলা আমরা বেশ উপভোগ করি..,murtaza,NEUTRAL
05d43f1870600380,মাশরাফির মতো খেলোয়াড় বাংলাদেশে আর একটা আসবে বলে আমার মনে হয় না। ম্যাশের জন্য দোয়া রইলো সব সময়। আমার খুব ইচ্ছে ছিলো মাশরাফিকে একবার জড়িয়ে দরবো। জানি না সে আশাটা আমার পূরনো হবে কী না। তবে অনেক কষ্ট হবে মাশরাফি অবসরে গেলে।,murtaza,AGAINST
21f8dfac0f77413b,"একুশ সালে বাংলাদোশে স্বাধীনতার ৫০ বছর পূর্তি ও বঙ্গবন্ধুরর শতবৎসর পূর্তিতে দেশের মাটিতে অনেক বড় আয়োজন আছে, মাশরাফি হয়তো তার পরই অবসরে যাবে!",murtaza,AGAINST
0b61c58f747fec3e,"কেউ কি বলবেন ঐ ম্যাচে মাশরাফি গ্লাবস, হেলমেট ছুড়ে ফেলে দেন কেন??",murtaza,NEUTRAL
0a9156b31cb2a6b2,বাংলাদেশে হয়তো মাশরাফি ভাইয়ের চেয়ে ভালো ক্রিকেটার আসবে কিন্তু মাশরাফি ভাইয়ের মতো কেউ পায়ে সাত-সাতবার অস্র পাচার করে কেউ যুদ্ধ করবে না।বাংলাদেশের ক্রিকেট মানেই মাশরাফি বিন মূর্তজার সেরা অধিনায়কত্ব। কেনো জানি বসের অবসরের কথা শুনলে দু চোখের কোনে পানি আর থামতে চায়না।লাভ ইউ ম্যাশ,murtaza,FAVOR
4b5e0dfe3a560f9d,আমি চাই মাশরাফি আরো ২ বছর পরে অবসর নেক।,murtaza,AGAINST
e9c3bc65a062df07,মাশরাফি ভাই যখন নিজে বুঝতে পারবেন তখনই অবসর নিবেন।আমাদের উচিৎ এসব প্রশ্ন না করে তাকে সাপোর্ট করা। তার জন্য শুভকামনা রইলো।,murtaza,AGAINST
83c797b74f9f5e8b,অমিত ভাই আমি চাই মাশরাফি এখন একটু অফ ফর্মে আছে so এখন অবসর নেওয়া ভালো হবেনা কারন:- বাঙালি এমন একটা জাতি যারা নাকি অতীত ভুলে যাই সে যে বাংলাদেশ ক্রিকেট দলের জন্য এত কিছু করছে তা এখন সবাই ভুলে গেছে কারণ এখন যে সে অফ ফর্মে আছে আমি চাই তখন সে অবসর নিবে যখন সে ফর্ম ফিরে পাবে ঐ যে বললাম না বাঙালি এমন একটা জাতি যারা অতীত ভুলে যাই so যখন সে অবসর নিবে তার ফর্মে থাকা দরকার তখন সবাই তার কথা মনে রাখবে( ঐ যে বললাম না বাঙালি এমন একটা জাতি যারা অতীত ভুলে যাই),murtaza,NEUTRAL
db42b571cb8aa944,মাশরাফিকে নিয়ে একটু কম মাতেন ভাই।শুধু খেলা দিয়ে দেশ চলে না।দেশে অনেক গুণিজন আছে তাদের নিয়ে মাতেন।,murtaza,NEUTRAL
ea672443b5a775d3,"মাশরাফি আবেগের নাম, ক্রিকেটের নয়!! আবেগ দিয়ে ক্রিকেট চলে না। ওভাররেটেড প্লেয়ার। অবসরের এখনই উপযুক্ত সময়।",murtaza,AGAINST
156c038dfa189b4c,ক্যাপ্টেন মাশরাফি বিন মোর্ত্তজার নির্বাচনের সব খবর পেতে এই চ্যানেলটি সাবস্ক্রাইব করে সঙ্গে থাকুন। ধন্যবাদ।।❤,murtaza,AGAINST
c0a4162f3466e3da,মাশরাফি অনেক ভালো মানুষ সহজে অনেক সুন্দর করে প্রশ্নের উত্তর দিতে পেরেছেন মাশরাফি শুধু মাশরাফি আমি অনেক ভালো বাসি।,murtaza,FAVOR
d10ac474c02940f0,পৃথিবীর সেরা এবং ভালো মনের মানুষ হৃদয় অফুরন্ত ভালোবাসা সাব্বাস মাশরাফি এগিয়ে যান আপনার জন্য আল্লাহর কাছে দোয়া করি আপনি সুস্থ থাকুন,murtaza,FAVOR
30c1b3e6b0181b99,মাশরাফি বিন মর্তুজা এটা আমাদের বাংলার গর্ব তাকে নিয়ে গর্বই করা যায় তাকে নিয়ে সমালোচনা করা যায় না ভালো থাকবেন মাশরাফি ভাই আপনার জন্য শুভকামনা,murtaza,FAVOR
3b83467f9a94df5a,মাশরাফি সত্য কথা বললেন আমি ভালো বাসি ভালো বাসবো ভালো বেসেছি মাশরাফি শুধু মাশরাফি।,murtaza,FAVOR
24c811c20bb71377,আমার জেলা সিরাজগঞ্জ বেলকুচি উপজেলা আমি ঢাকা শহরে থাকি তার পর আমি মন থেকে অন্তর থেকে ভালো বাসি মাশরাফি ভাই কে তার মতো মন এখন কারো নেই এতো নম্র ভদ্র বেবহার কথা গরীব মানুষ কে ভালো বাসে আলেম ওলামাদের ভালো বাসে এরকম এমপি মন্ত্রী দেশে প্রয়োজন গরীব মানুষের পাশে থাকে সবাই দোয়া করে আমিও খুব ভালো বাসি দোয়া করি আল্লাহ ভাই কে হায়াতের মধ্যে বরকত দান করেন আমিন শরীর ভালো থাকে আল্লাহ পাশে থেকো,murtaza,FAVOR
e4204d252c09e2cc,মাশরাফির সহজ সরলতার সুযোগে... কেউ তার ব্যাক্তিত্বের ইমেজ নষ্ট না কারার অনুরোধ...,murtaza,NEUTRAL
ca8430ab8e873013,"এমন নেতা যদি সত্যি কারের সারা বাংলাদেশে হতো তাহলে আওয়ামী লীগ-বিএনপি জাতীয় পার্টির কি দরকার ছিল? কোন দরকারই ছিল না, তাই আশা করব আল্লাহ যেন এরকম নেতা আমাদের সারা বাংলাদেশে দেন মাশরাফি ভাইয়ের মত।",murtaza,NEUTRAL
2d5987b1caeb6f2a,Ekjon bektir nam bolen je noraile 2asone mashrafe ke harabe.,murtaza,NEUTRAL
3cbb0d5095829db6,মাশরাফি ভাইয়ের কথায় মাটি ও মানুষের গন্ধ পাই যেখানে কোন অহংকার নেই,murtaza,NEUTRAL
95a9f8eb1da62c7c,"মাশরাফি ওনাকে যতটুকি সম্মান ও ভালবাসা দেখানোর কথা ছিল ততটুকু আমি দেখতে পাইনি, আরেকটু ভালবাসা দেখানো উচিৎ ছিল।।",murtaza,FAVOR
58acb21ea40f75d0,"প্রথম যেদিন এই ছেলেটাকে দেখছিলাম অনেক স্মার্ট লাগছিল অথচ যখন একটা সেলেব্রিটির সামনে আসল সব কিছু মলিন হয়া গেলো, কারন সব ফোকাস ছিল মাশরাফির উপর।",murtaza,NEUTRAL
d5a22da99c456d9a,"এরকম হাজারো মানুষ স্বপ্ন দেখে ম্যাশ বস তোমার সাথে দেখা করার, প্রবাস থেকে হ্নদয় গভীর থেকে যানাই হাজারো সালাম, মাশরাফি মাশরাফি তুমি কোটি প্রাণের সেরা, মাশরাফি মাশরাফি তুমি লাল সবুজের ভাল......... বাসা।",murtaza,FAVOR
8d9c56ed5bae4961,"তবে এই ভিডিওতে আমার অন্যরকম একটা ফিল হলো,,,,,,,সেটা আমার একদমিই ভালো লাগল না,,,,,,যেমন লাষ্ট মূহুর্তে মাশরাফি ভাই যেন তারাহুরা করে ঔ ছেলে দুটিকে ঠেলে সরিয়ে দিল,,,,,,আর মাশরাফি ভাইয়ের উচিত ছিল তার সেই ভক্তটাকে ১০-১৫ সেকেন্ড বুকে জরিয়ে ধরে দু-একটা ভালো উপদেশ দেওয়া,,,,,কিন্তু ভাই তা না করে মাএ ২-৩ সেকেন্ড বুকে জরিয়ে ভক্তটাকে বুক থেকে সরিয়ে দিল,,,,With Out Any উপদেশ ও ভালো কিছু কথা ছাড়াই,,,,,,,এই ব্যপারগুলো বিশেষ করে আমার কাছে খুবিই খারাফ লাগে,,,,,,,,,,🙋🙋😯😯😯😯😯😕😕😕😂😂😂😂😂😂😂,,,,,,, ব্রিঃদ্রঃ এই বিষয়ে যদি কারো কিছু বলার থাকে বলতে পারেন,,,,,চাইলে আমাকে গালাগালিও করতে পারেন,,,,কারন গালাগালি করার অধিকার সবার আছে,,,,,এবং গালাগালি করা প্রতিটা মানুষের একটি মৌলিক অধিকার,,,,,,,,,, Let'S Do This,,,,,🙋🙋🙋🙋🙋🙋🙋🙋🙋🙋🙋🙋🙋🙋",murtaza,FAVOR
45267ca7de3bf82c,"মাশরাফি বিন মর্তুজা বাংলার কোটি প্রাণের ভালোবাসার ব্যক্তি, love u mash.",murtaza,FAVOR
102b2c04a96ec579,মাশরাফি চেহারা যে কত সুন্দর আজ বুঝলাম সত্যিই কারে অনেক সুন্দর আর কথা বলা স্টাইল খুব মিষ্টি। love u mash,murtaza,FAVOR
153ade212dd98e57,"মাশরাফি এমনই,,,,যারা তাকে আজ ভুল বুজঝেন তারা পরে বুঝবেন,,,আসলেই তিনি ভালো মানুষ♥",murtaza,FAVOR
773b6b335ac683b0,"মাশরাফি ভাই আমাদের কোটি ভালোবাসা, ,আমরা তাকে সারা জীবন ভালো বেসে জাবো সে আওয়ামীলীগ বা বিএনপি বলে কোন কথা নায়....",murtaza,FAVOR
3e3872592495d7f5,আমি জিবনে এক বার মাশরাফি ভাই কে দেখছি আর এক টা ছবি ও তুলছি ২০১৭ সালে ২৫ রোজায় তাকে আমি বেবি শপে দেখা হইছিলো ভাই মানুস টা খুব ভালো খুব ভালো তার আচরন,murtaza,FAVOR
bc5cd0a8815d9626,বস তো বসই হয় লাভ ইউ বস মাশরাফি অনেক অনেক ধন্যবাদ তোমাকে 💖💖,murtaza,AGAINST
64ef5f525ea59eb5,আমি মাশরাফি ভাইয়ের অনেক বড় ভক্ত।আমারো ইচ্ছা আছে ভাইয়ার সাথে দেখা করার।,murtaza,NEUTRAL
0362c981bb226182,আমি যে দিন থেকে খেলা বুঝা দিয়েছি সেই দিন থেকেই মাশরাফি ভাইকে অনেক ভালবাসি।। জীবনে একটা ইচ্ছে ছিলো মাশরাফি ভাইকে একটা বার চোখের সামনে দেখবো একটা বার জরিয়ে ধরবো সেটা হয়তো কখন সম্বব হবেনা। আমার মৃত্যুর আগে পযন্ত মনে ইচ্ছেটা থেকে যাবে।। হে আল্লাহ তুমি মাশরাফি ভাইয়ের সাথে একটা বার দেখা করার তওফিক দেও আমিন,murtaza,FAVOR
9458be1f9d9fcd25,ইনশাআল্লাহ এবারের ওয়ার্ল্ডকাপটা চ্যাম্পিয়ন মাশরাফির হাতে দেখতে চাই 😍,murtaza,NEUTRAL
22a2cd12c1378016,"অনেক ভাগবান আপনি মাশরাফি ভাইয়ার সাথে দেখা করেছেন,, জানি না আমরা কবে এ সুযোগ পাবও,, ভাইয়ার মত এত ভালমনের মানুষ হয় না,, অনেক ভালবাসি আপনাকে মাশরাফি ভাইয়া",murtaza,FAVOR
c603d1f35ce04a96,মাশরাফি কে আমিও এক সময় ভালবাসতাম কিন্তু এখনো ভালবাসি তবে আগের মতো না ভুলার চেষ্টা করি কিন্তু ভুলতে পারি না।,murtaza,FAVOR
136e4fb46f1ebe62,"মাশরাফির কে ভালোবাস তার যোগ্যতাই, নিজেকে যোগ্য গড়ে তুলো এবং মা বাবা কে ভালোবাসো তাতে করে দুনিয়া ও আখিরাতে আল্লাহ কে স্বরন করো আখিরাত ও দুনিয়া ভালোফল বয়ে আনবে।",murtaza,FAVOR
ffef6e130e52124f,আমার অনেক দিনের সখ মাশরাফি বস এর সাথে দেখা করব। কিন্তু কিভাবে দয়া করে একটু বলবেন।,murtaza,NEUTRAL
0e3440bcb2141c86,"ভাই আমি মাশরাফি ভাইকে আমার আদর্শ। আমি তাকে আমার পথ প্রদর্শক হিসেবে মনে করি।আমি বিভিন্ন সময় দেখি,ভাইকে নিয়ে তার ভক্তরা কত কিছু করে।এতেই বোঝা যায় তিনি কেমন মানুষ। আমার খাতা আছে আমি সেখানে এখন পর্যন্ত ২৪৫টি ভাইয়ের ছবি সংগ্রহ করেছি এবং আরেকটি খাতায় তার বলা বিভিন্ন সময়ের কিছু কথা লিখে রাখি।",murtaza,NEUTRAL
9d062acdffc42c00,"তবে এই ভিডিওতে আমার অন্যরকম একটা ফিল হলো,,,,,,,সেটা আমার একদমিই ভালো লাগল না,,,,,,যেমন লাষ্ট মূহুর্তে মাশরাফি ভাই যেন তারাহুরা করে ঔ ছেলে দুটিকে ঠেলে সরিয়ে দিল,,,,,,আর মাশরাফি ভাইয়ের উচিত ছিল তার সেই ভক্তটাকে ১০-১৫ সেকেন্ড বুকে জরিয়ে ধরে দু-একটা ভালো উপদেশ দেওয়া,,,,,কিন্তু ভাই তা না করে মাএ ২-৩ সেকেন্ড বুকে জরিয়ে ভক্তটাকে বুক থেকে সরিয়ে দিল,,,,With Out Any উপদেশ ও ভালো কিছু কথা ছাড়াই,,,,,,,এই ব্যপারগুলো বিশেষ করে আমার কাছে খুবিই খারাফ লাগলো,,,,,,,,,,🙋🙋😯😯😯😯😯😕😕😕😂😂😂😂😂😂😂,,,,,,, ব্রিঃদ্রঃ এই বিষয়ে যদি কারো কিছু বলার থাকে বলতে পারেন,,,,,চাইলে আমাকে গালাগালিও করতে পারেন,,,,কারন গালাগালি করার অধিকার সবার আছে,,,,,এবং গালাগালি করা প্রতিটা মানুষের একটি মৌলিক অধিকার,,,,,,,,,, Let'S Do This,,,,,🙋🙋🙋🙋🙋🙋🙋🙋🙋🙋🙋🙋🙋🙋",murtaza,FAVOR
e1c25f01f9de52d9,এমন একটা অধিনায়ক আমাদের মাশরাফি যেখানে যাই সেখানে সফল এনে দেয় i love you বস,murtaza,FAVOR
dc93d51c650d8ab8,মাশরাফি সব দিকে ঠিকই ছিল কিন্তু শেষে গিয়ে মাফিয়ার সাথে হাত মিলালো এটা দুঃখজনক 😭,murtaza,NEUTRAL
03b76ff85337dd72,রেলি মাশরাফি হচ্ছে একটা সুপারম্যান তার কাছ থেকে বাংলাদেশের ক্রিকেটের আরো কিছু পাওয়ার আছে এগিয়ে যাও মাশরাফি দোয়া ও শুভকামনা রইল তোমার প্রতি,murtaza,NEUTRAL
58e4758f63f1465e,আসলে যত শুনি মাশরাফি কে নিয়ে কোন নিউজ এত ভালো লাগে তা বুঝানো যাবে না কাউকে,murtaza,FAVOR
92232b051b5b7e8f,আগামী বিপিএল এ চট্টগ্রাম চ্যালেঞ্জার্সে মাশরাফি বিন মর্তুজাকে চাই।,murtaza,NEUTRAL
aefa0eff680fc848,"মাশরাফি প্রথমত একজন ভালো মানুষ। দ্বিতীয়ত ভালো খেলোয়াড়। তৃতীয়ত সে একজন দেশপ্রেমিক,,,,,,",murtaza,FAVOR
f6799ea48fd0344c,মাশরাফি যে দলে খেলে আমি সেই দলই সাপোর্ট করি শুধু মাশরাফির জন্যই খেলা দেখি,murtaza,NEUTRAL
1132b71288ab0513,"Alhamdulillah, Anuska put on mask when the reporter is trying to talk with her. The reporter should be got more attention on this topics.,when a women is trying to obey Islamic parda rules you should not talk with her. The reporter also fault when he tried comparison Virat and Mashrafe. You should remember that Masrafe bin Murtaza is senior player than Virat. So your question and topics of conversation is totally wrong and bad thinking with the wife of Masrafe. Even Masrafe doesn’t like mrdia on her wife. You are not from India. Remember it. To show Honour and eyes on controlling view on controlling our mother and sister.",murtaza,NEUTRAL
b40a84b64e92ddef,আপনি কি নড়াইলবাসী মিঃআফসারী। মাশরাফি কি সেটা বলার অধিকার নেই । যার যায় সেবুঝে।আপনার মুখোশ কটা ধীরে ধীরে খুলে ফেলছেন।,murtaza,NEUTRAL
133b22ffc06b184e,"Mashrafe Bin Mortaza এর এই নির্বাচনে অংশ নেয়ার পর কারা কারা অধিনায়ক হিসেবে তাকে চাচ্ছেন, সেটাই জানতে চাই ।",murtaza,FAVOR
789e341a98748663,He Only Play For Him Not For Country. That's Why Bangladesh Is Always Defeted By India. I will Request Mashrafe Please Take Retire From One Day International Cricket. It Will Be Benefited For Our Cricket. It Is Proved That You Play Cricket For Money. I am Praying Tomorrow You Will Be Defeted In National Election.,murtaza,AGAINST
7ea2747854cc1c31,"এই সালা,, 2001 থেকে মাশরাফি খেলছে,,, এখন 2019 ,, এই শালা ভালো করে ভাব",murtaza,FAVOR
f1f45da426ecef6b,Mashrafee is one of the best cricketer in Bangladesh I love Mashrafe Mortaza,murtaza,FAVOR
a506a61c7520dc77,"No.1couragious captain the legendary hero Masrafi bin Mortaza the boss,the no.1 Bangali captain the Banglar Bag the tiger.",murtaza,FAVOR
089f2d56809fb24c,guru always guru. mashrafe is my Love,murtaza,FAVOR
56bb337fcb689028,আমার বাংলার কলিজা মাশরাফি বিন মর্তুজা । তোমরা কি বলো?,murtaza,NEUTRAL
f18b9c685463e611,"I love Cumilla,, I Love Mashrafe Bin Mortaza ♥️❤️🏆🏆🏆🌹🌹💪🐆🏟️🤲💥💯👑👑🇧🇩🏏👍🇧🇩🇧🇩🇧🇩,,,I From Cumilla Zila chouddgram upazila nankara village Bangladesh 🇧🇩🇧🇩",murtaza,FAVOR
1064473321171b8b,My boss mashrafe i love you my boss,murtaza,FAVOR
9a9935ef949d454a,আমার কাছে মাশরাফির প্রতিটা ইনিংস ভালো লাগে,murtaza,FAVOR
d9c3fcc3d3738cfd,"শেখ হাসিনার উচিত বাংলাদেশের ক্রিকেট বাঁচানো, মাশরাফি কে বিসিবির সভাপতি করতে হবে পরিবতন আসবে",murtaza,NEUTRAL
180f526811b6423c,মাশরাফির সত্যিই বাংলাদেশ ক্রিকেটের একজন মাষ্টার প্ল্যানার। বাংলাদেশ ক্রিকেটের স্বার্থে মাশরাফিকে অবশ্যই ক্রিকেটের কোন না কোন প্ল্যাটফর্মে কাজে লাগানো উচিত।,murtaza,NEUTRAL
eb20e2f80beb99db,"সাব্বির এবং নাসির এই দুই জনের কেউ মাশরাফির মূল্য দিতে পারেনি, এই দুইজনকেই মাশরাফি সা ফুট করেছে, কিন্তু ওরা নিজেদের কু কর্ম থেকে বেরিয়ে আসতে পারেনি,,",murtaza,NEUTRAL
2d4a84b1d2de44b7,"আমিও মাশরাফির সাপর্টার, আমি মাশরাফিকে আবার দলে চাই,,, আমার সাথে কে কে একমত ভাই।",murtaza,NEUTRAL
64f6d6ec223c4fd2,মাশরাফি তর জন্য শেখ হাসিনা বসে আছে তারাতাড়ি ছুটে আস।🇧🇩🇧🇩🇧🇩,murtaza,NEUTRAL
69a1b52ef3555f15,কেনো? মাশরাফি কি ভগোবান? যে উনার সমালোচনা করা যাবে না? বাজে খেলে সবাই সমালোচনা করবেই। ইজিলি নিতে হবে।,murtaza,AGAINST
1e0f0ea8a3e5fbfe,মাশরাফি ভালো মানুষ তবে তার নির্বাচনটা সুষ্ঠু নিরপেক্ষ হয়নি।,murtaza,FAVOR
97e6e8925f4142bd,Ke bolese....o ager motoi ase.amra bujte vul korsi...o cricketer ebong cricketer e asi.Rajneeti te na jai...Mashrafe kokhono cricket ar rajneeti ke ek kore nai.love you masrafe.,murtaza,FAVOR
af86e1964ad8c83c,হুম নড়াইলে বি এন পি ভোট চুরি করে নিছে ৭k+. মাশরাফির বিপরীতে এত ভোট পাইছে কি করে??,murtaza,NEUTRAL
52863447121e452f,@raphijmolla7629 বি এন পি যে ৭k+ভোট চুরি করেছে মাশরাফি কি তা জানতো না চুরির প্রতিবাদ না করে মাশরাফি সমান অপরাধ করেছে।,murtaza,AGAINST
c5118a45819a0727,মাশরাফিকে নিয়ে ট্রল করা একদম ঠিক না তবে রুবেল তাসকিনকে দলে নাও বাংলাদেশ টিমের জন্য অনেক ভালো হবে,murtaza,FAVOR
5980636c1db37e62,আমি মনে করি এখানে মাশরাফি ভাইয়ের কোন দোষ নাই.....দোষ নিবাচক কমিটির.,murtaza,AGAINST
73874bc4622f3615,মাশরাফি ভাই হল বস তার নামে যারা বাজে কথা বলে ওরা হচ্ছে..... বলতে চাইনা,murtaza,AGAINST
e7b961c26c1687a1,কেউ মাশরাফিকে নিয়ে কোন সমালোচনা করেনি মাশরাফি সব ক্ষেত্রেই One of the best captain.,murtaza,NEUTRAL
8f4d192892c57c18,মাশরাফি আমাদের প্রথম কিংবদন্তি ক্রিকেটার। তার আগের মত(২০০৭ world cup) সুইং বা গতি নেই। NZ এর সাথের ম্যাচে মুস্তাফিজ কে মাত্র ৭.১ ওভার বল করিয়েছিল। আর আপনারা মাশরাফির চেয়ে দেশকে বেশি ভালোবাসার চেষ্টা করেন।,murtaza,FAVOR
fbad10220790133b,মাশরাফি কে নিয়ে বাজে কথা পাপন ছাড়া কেউ করে না।,murtaza,AGAINST
4ea2ca1d5e320c40,মাশরাফিকে বাদ দেওয়া হোক আবেগ দিয়ে খেলা চলে না মাশরাফির এখন সম্মান থাকতে অবসরে চলে যাওয়া উচিত গত তিনটি ম্যাচে তার কোনো ভূমিকা ছিল না,murtaza,AGAINST
4db3abd1678a6d12,"মানুষ পাও মাশরাফি কে নিয়ে ফালতু কথা বলে, মাশরাফি বাংলাদেশকে যতোটুকু সাফল্য এনে দিয়েছে আর কেউ কখনও এতটুকু করতে পারবে কিনা সন্দেহ আছে, মাশরাফি শুধু একজন ক্রিকেটার না মাশরাফি ক্রিকেটের একটা বাস্তব উদাহরণ, যে কখনও হার মানে নাই দূর্বলতার কাছে যে বার বার ফিরে এসেছে শতো বাদাকে অতিক্রম করে, আমি তাকে সবসময়ই শ্রদ্ধা করি.",murtaza,AGAINST
5536c5441e449ad8,কোন কযা নাই মাশরাফি out রুবেল in.,murtaza,NEUTRAL
983168b567bb77bb,We won the game but Bangladesh ne hamara dil jeet liya. what a great captaincy by Mortaza.He is a humble person. Bengal tigers played well. Love from India.,murtaza,FAVOR
efa10dfd50d3f2cc,Mashrafe is unarguably the Best leader Bangladesh has ever had. Respect for this guy.,murtaza,FAVOR
a1a55ecfd8992712,Fan of mashrafe a great personality love from India,murtaza,FAVOR
c8c402be78e675cc,"Well played mashrafe,you captained the team so we'll,you are the captain of Asia cup",murtaza,NEUTRAL
2f700ff3b5eaf999,This is a good guy mashrafe. Love u from India,murtaza,FAVOR
e53638f0900b5504,Captain warrior.. salute Mashrafe Mortaza... Bangladesh is fighting till the end of the fainal..all the things against of Bangladesh...but we proud of our TIGERS n our Captain,murtaza,FAVOR
b6daf3682a2b0c5d,I guess Mashrafe is good captain becoz he got the best from his players and pushed them to limit by inspiring them and being aggressive.. but won't say best becoz that kind of captaincy won't help you always and there were huge errors with bowling and utilising his options.. saying best only regarding the last 2 matches of Asia Cup won't be a fair assessment.. u have guuz like Rohit who were quite still lead the team from the front.. u need not to be agressive all the time.. respect your opponents..,murtaza,NEUTRAL
f4c866c9b7dbf03f,"No doubt mashrafe is a good captain, but another lose against India, in which that clearly show the Indian team is far ahead then Bangladesh team...! Wel done India & proud to be an indian..",murtaza,NEUTRAL
4a06071ec06d3671,"@waseqabir7574 lol.. the guy who said Dhoni is nothing infront of him doesn't know what Dhoni did and what are the duties of a captain.. Dhoni led a below par team in WT20 after World Cup fiasco in 2007 and became the Champions.. and the job of a captain is not only lead a team but also to build a team and also to look and find guyz for future.. if it wasn't for Dhoni we wudn't have seen guyz like Rohit or Dhawan, who after repeated failures were given chance.. even Dhoni was ridiculed for this.. when we compare dis to Mashrafe's achievement yes no doubt his team has shown improvement under him bt not as such.. I mean he has made a team capable of pulling upsets in a series or any big tournament match bt I don't think still BD is a team which can do such performance in big stage on regular basis.. u can't just take captaincy in one or 2 events and start comparing.. if such was the case the I guess Steve Tikolo Kenya captain who led them in 2003 wc and were semi finalists, he wud have been the greatest captain of the world instead of MSD or Ponting.. and Coming to Rohit he was a STAND IN captain not a full fledged captain.. I might be wrong bt given d amount of time Mashrafe captained his team Rohit wud have been better..",murtaza,NEUTRAL
721ce4dfd9759abc,ওরে বিসিবি আগামী ম্যাচ এ অন্তত মাশরাফিকে বসিয়ে রাখ ওনাকে ছাড়া বাংলাদেশ কেমন খেলে দেখ,murtaza,NEUTRAL
7eea35db3e83d4ba,Anondow bajare ar kam holo kolkatae kon porn star ae low.oi khan ker bater mashrafe k nea k bal lekhce.ha amadare player ar vul celow.kentow tate anondow bajare paper ar k.,murtaza,NEUTRAL
88db52d0b44bbdbc,"@rohannegel9377 নিয়েছিল তাই কি তাকে এখনো দলে রাখতে হবে,আচ্ছা ইন্ডিয়া কখনো তো বাংলাদেশের ভালো চায়না,তাহলে কেন বারবার মাশরাফিকে নিয়ে কথা বলে কারণ তারা জানে মাশরাফি থাকলে তাদের জেতা টা খুব কষ্ট হয়ে যায়।",murtaza,FAVOR
bc470e5467b1a13d,"যারা মাশরাফিকে নিয়ে বাজে মন্তব্য করে "" তারা মানুষ রোপি শয়তান "" মাশরাফি দেশের জন্য যা দিয়েছি "" তোমরা একটু দিয়ে দেখাও "" পারবেনা কারণ তোমরা মানুষকে নিয়ে সমালোচনা করতে পারো কিন্তু আলোচনা করতে পারনা """,murtaza,AGAINST
344d20d835abf2bc,"love Masrafi bin Mortaza more than my own life ❤️...! You are mixed with my blood ..! Miss you so much😭 Maybe if you were in the team today, the people of Bengal would not have seen such a rate of shame. Let's see you again as the vice president of Bangladesh Cricket Board.❤️❤️",murtaza,NEUTRAL
1acbbaac5a0b32f6,want Masrafi bin Mortaza as the vice president of Bangladesh Cricket Board ...!,murtaza,NEUTRAL
02202636fefc2ac7,পাপনকে হটাও বাংলাদেশ ক্রিকেট কে বাঁচাও মাশরাফি ভাইকে বিসিবি সভাপতি হিসেবে দেখতে চাই ✊,murtaza,NEUTRAL
4a3d512d0c679863,মাশরাফি ভাইকে বিসিবি সভাপতি হিসেবে দেখতে চাই ✊,murtaza,NEUTRAL
20e87b1bc2172baa,"love Masrafi bin Mortaza more than my own life❤️ ...! You are mixed with my blood ..! Miss you so much😭 Maybe if you were in the team today, the people of Bengal would not have seen such a rate of shame. Let's see you again as the vice president of Bangladesh Cricket Board.❤️",murtaza,NEUTRAL
de3eab9d74cbd587,অবশ্যই মাশরাফির অবসর নেওয়ার সময় হয়েছে। কিন্তু মাশরাফির মত এখনো দলে নেতৃত্ব দেওয়া এবং দলকে গুছিয়ে রাখার মত সামর্থ্য বাংলাদেশ দলের আর কারোর নেই। তাই তাকে কিছুদিন রেখে আর একটা অধিনায়ক তৈরি করা উচিত,murtaza,AGAINST
2efab8f874b1ea0e,আমি সবার পক্ষ থেকে চাচ্ছি মাশরাফিকে উন্মুক্ত করে দেওয়া হোক মাশরাফির মামলা মামলা থাকলে এগুলো সম্পূর্ণ অব্যাহতি দেওয়া হোক তাকে সম্পূর্ণভাবে মুক্ত করে দেওয়া হোক দেশে এবং জাতির পক্ষে কাজ করার সুযোগ দেওয়া হোক এবং বাংলাদেশের ক্রিকেটকে ধরে রাখার জন্য তার মত যোগ্য লোক বাংলাদেশে বিশেষ প্রয়োজন দলমত নির্বিশেষে মাশরাফিকে উন্মুক্ত চাই এটা আমার অনুরোধ শরীয়তপুর জেলার নড়িয়া থানা ভোজেশ্বর ইউনিয়নের পক্ষ থেকে,murtaza,NEUTRAL
e9bc0500c80d3231,মাশরাফি জনগণের এমপি ছিল না। মাশরাফি আওয়ামীগের এমপি ছিল।,murtaza,NEUTRAL
4da95596197aa01b,"সত্যি মাশরাফির আর্থিক অবস্থার কথা শুনে ভীষণ কষ্ট লাগছে, এমন একটা প্লেয়ার খুব বেশিদিন হয়নি জাতীয় দল থেকে দূরে আছে, রাজনীতিতে না আসলে হয়তো বা তার ইনকামে সারা জীবন সুন্দরভাবে চলতে পারতো, অথচ মানুষের জন্য খরচ করেছে সেই মানুষই তাকে কি উপহার দিল? এজন্য আমরা বাঙালি অকৃতজ্ঞ বাঙালি, হে আল্লাহ মাশরাফি কে তুমি ভালো একটা রুজির ব্যবস্থা করে দাও আমিন",murtaza,FAVOR
33c370d9fdae51a4,যেভাবেই হোক আমরা মাশরাফির পাশে থাকবো। এই মাশরাফি আমাদের আনন্দের উৎস ছিল। আর এই অবস্থার জন্য আমাদের নোংরা রাজনীতি দায়ী।,murtaza,NEUTRAL
e5d01edbafce5acf,"আবেগ আহা আবেগ, ৩৬ জুলাই কতোজন মারা গেছে? কিছু পরিবার তার সন্তানের লাশ পায় নাই, মাশরাফি কোথায় ছিলো। সত্যের পথে মাশরাফি কে ত পেলাম না।",murtaza,NEUTRAL
d377571d51e6458c,"মাশরাফি ফ্যাসিষ্ট, স্বৈরাচারী দল আওয়ামী লীগের হয়ে নির্বাচন করেছে, যারা ১৭ বছর ক্ষমতায় থেকে দেশের মানুষের উপড় অন্যায় অবিচার করেছে, জুলুম অত্যাচার করেছে , অসংখ্য মানুষকে গুম ও খুন করেছে , হাজার হাজর কোটি টাকা দুর্নীতি করে দেশকে খাদের কিনারায় নিয়ে গিয়েছে । সে আওয়ামী লীগের এমপি হওয়া মানে পরোক্ষভাবে সে এসব কাজকে সমর্থন দিয়েছে । তাই মাশরাফি পরোক্ষভাবে অন্যায়কারী যার শাস্তি সে এখন পাচ্ছে । এখনে সিম্পেথি দেখানোর কিছুই নাই ।",murtaza,NEUTRAL
37a0b2547617b4da,তারেক রহমানের উচিত মাশরাফির সাথে দেখা করা।,murtaza,NEUTRAL
ccbc7cbf88bd7a1a,মাশরাফির কথা বাদ দেন মাশরাফের পরিবার যে তদবির বাণিজ্য করছে সেটা নিয়েতো কিছু বললেন না!,murtaza,AGAINST
1b32c10dde3e51c5,নিসন্দেহে মাশরাফি একজন ভালো মানুষ....তার সাথে এমন করা একদম ঠিক হয়নি ।,murtaza,FAVOR
94b357a93e6cd741,নিজের উপরে অন্যায় হয়েছে দেখে এখন নিজের রাগ হচ্ছে মাশরাফি যখন ছাত্রদের উপর অত্যাচার হয়েছিল তখন কি মনে ছিল না।,murtaza,NEUTRAL
23dab02b17151157,নড়াইলের মানুষ গাদ্দার। মাশরাফি ১০০ বছরে একজন হবে না। উনার মানসিকতা অনেক ভালো ছিল।,murtaza,FAVOR
23916b3a5c0feaa8,"মাশরাফি ভাইয়ের কথা একটাই তার বাড়িতে আগুন দিতে অন্য জেলার মানুষ আসেনি , তার জেলায় শুধু একটা ইউনিভার্সিটি করেনি এটাই বাকি তার কথা অনুযায়ী আর সবই মোটামুটি আছে তার পরে-ও তাক ছাড় দেয়নি।",murtaza,NEUTRAL
5cc647fd9981fc7a,আজ অনেক গুলো পেইজেয় দেখছি মাশরাফিকে ফেরেশতা বানাচ্ছে। সেই নড়াল বাসির জন্য এই করেছে ওই করেছে।আরে ভাই যাই করেছে অবৈধভাবেই তো করেছে। চুরি টাকা দিয়ে গরীব কে দান করলে কি চুরি হালাল হয়ে যায় ? সে অবৈধ নির্বাচনের মাধ্যমে অবৈধ ভাবে ক্ষমতায় এসেছে। শেষ শেখ হাসিনার নির্বাচনকে বৈধতা দিয়েছে। মানুষকে খুন করার বৈধতা দিয়েছে। এর চেয়েও বড় অপরাধ আর কি হতে পারে।,murtaza,NEUTRAL
58f1bff86e59840f,"মাশরাফির উদ্বেগেই নড়াইল বাসীর কথা চিন্তা করে কালনা সেতু করা হয়েছিল, হায়রে নড়াইল বাসি তোমরা রত্ন চিনলে না,",murtaza,NEUTRAL
ae993dcb42976afa,বিসিবির এই কমিটির পরিবর্তন চাই মাশরাফিকে সভাপতি পদে দেখতে চাই,murtaza,NEUTRAL
778a3d9e47909b66,"মাশরাফি একজন খেলোয়াড়, রাজনীতিতে নবীন- যদি এত এমনি দুঃখ পেয়ে থাকে, তবে বঙ্গবন্ধু কন্যা শেখ হাসিনা যার রক্তে রাজনীতি, যিনি বার বার মৃত্যুর ফাঁদ থেকে ফিরে এসেও এই দেশের মানুষের ভাগ্য উন্নয়নের জন্য, মানুষের আরাম আয়েশের জন্য কী না করেছে, অথচ এদেশের মানুষ তার সাথে কী করলো। নিজের মতো করে একটু ভাবুন তার কেমন লাগছে। ৫ আগস্টের পর মেট্রোরেলে বসেই শেখ হাসিনাকে গালি দিতে দেখেছি। কী নিমকহারাম,অকৃতজ্ঞ এই মানুষগুলো ভাবা যায়?",murtaza,NEUTRAL
7efda93c8b909122,মাশরাফির ক্রিকেটে অবদান মলিন হতনা যদি ভোট চোর এমপি না হতো। পাবলিক এর সাথে গাদ্দারী না করলে হতোনা??,murtaza,NEUTRAL
cc72150806d1b597,মাশরাফি ভাই ঠিক বলেছেন আমরা প্রতিহিংসা পরায়ণ হয়ে যাচ্ছি,murtaza,FAVOR
7e9ec3b56c951212,মাশরাফি একজন শুধু ক্রিকেটার নয় সে ক্রিকেটের নেতা। অবস্যাই সে ঠিক বলেছে। কোন ক্রিকেটার অবসরের পর ক্রিকেটের সম্পূর্ণ বাইরে থেকে ক্রিকেট কে এতটা সাপোর্ট করেনি যতটা মাশরাফি করে দেখাচ্ছে। ধন্যবাদ ভাই দলের জন্য আপনি কতই না চিন্তা করেন ❤❤,murtaza,AGAINST
1d6a9046742396fa,"মাশরাফি ভাই আপনাকে সম্মান করি, এদেশের মানুষ অসুস্থ নয় । আপনি অসুস্থ আপনাকে জয়বাংলা রোগে পাইছে। দয়া করে নিজের ট্রিটমেন্ট করান😊😊😊",murtaza,NEUTRAL
0f5a9087d347f928,"মাশরাফি বসের আমাদের একহাত দেওয়ার আগে চিন্তা করে বলতে বলেন, আমাদের মানসিকতা নিয়ে প্রশ্ন নিয়ে যদি কথা বলে, তাহলে কেনো বলি এটা জাতে নিজের মাথায় রাখে, উনার জা ইচ্ছে তাই বলতে পারেনা, আর একতরফা কথায়তো আমাদের কিছু জায় আসেনা।",murtaza,NEUTRAL
8e1fe73aa8cca39f,"মাশরাফি যা বলবি ভেবে চিন্তা করে বলবি, অসুস্থ কে তুই, তোরাই যারা জাতীয় টিমকে নিজের বাবার সম্পত্তি মনে করে। আমরা ক্রিকেট ফ্যান, আমরাই ক্রিকেটের প্রান।",murtaza,NEUTRAL
d28ca12b2007d927,দেশের ১৫-২০% ভোটার আওয়ামী লীগ ও বিএনপি এই দুই দলকে একদম ভালবাসেনা যারা পরিবারতন্ত্র থেকে বেরিয়ে আসতে চায়। মাশরাফি ভাই যদি অবসর পরবর্তী সময়ে সমমনা মানুষদের নিয়ে নতুন দল তৈরি করতেন তবে উনার জন্যও ভাল হতো আর নতুন দলের জন্যও ভাল হতো বলে আমি মনে করি।,murtaza,NEUTRAL
025a141443a12cdf,"আমি সেটাই বলার চেষ্টা করেছি, মাশরাফি যেন তার প্রতি ভালবাসাকে দুভাগে ভাগ করে ফেললেন। অবশ্য এতে তার কোন দোষ দেখি না। এটা আমাদের প্রেক্টিস।",murtaza,NEUTRAL
ee8dbd64bb4ac4db,Congratulations BOSS.. we love you BOSS MASHRAFE,murtaza,FAVOR
95db3fc2808a65cf,Best captain Mashrafi bin Murtaza and Bangladesh will win the the ICC World Cup 2019,murtaza,FAVOR
8d57cc8185b808ba,চট্টগ্রাম পারে নাই বড়ন করতে কিন্তু সিলেট দেখিয়েছে। আআমার বাড়ি সিলেট না তবুও আমার মত অনেকে সিলেট সাপোর্ট করে মাশরাফির জন্য।,murtaza,NEUTRAL
c7784cd55544a2a8,অন্যদিকে মাশরাফি বস তেল ঢালতে শুরু করেছে 🤣🤣,murtaza,NEUTRAL
dcdc5de745ac817d,মাশরাফি ভাইয়ের মত আর কেউ হবেনা বাংলাদেশ টিমে.. মাশরাফি is the best captain in Bangladesh cricket team tigers,murtaza,NEUTRAL
7a715266c50d4d9d,"মাশরাফি ভাই সেরা,,এরকম ক্যাপ্টেন আর মিলবে কিনা সন্দেহ আছে",murtaza,FAVOR
ed05ccb8689d89b1,"@hasaratali6362 ঠিক বলছেন ভাই,,, কিন্তু ভালো খেল্লেই হবে না।মনটাও ভালো হতে হবে। যেটা মাশরাফির মধ্যে আমরা পাই❤️",murtaza,FAVOR
771a734cac93b4ec,@abdullahalhisham945 একা কেনো হবে ক্রিকেট প্রেমি যারা আছে তারা সবাই মাশরাফিকে পছন্দ করে এবং সাপোর্ট করে।কারণ মাশরাফি একজন ভালো মনের মানুষ।,murtaza,FAVOR
efa62105596bf516,@foysalahmed9172 শুধু ভালো খেলাটাই বড় কথা নয়। একটা ভালো অধিনায়ক কতটা গুরুত্বপূর্ণ সেটা সবাই জানে।আর মাশরাফি যে ভালো অধিনায়ক সেটাও সবার জানা।,murtaza,FAVOR
af42e5d87c3aca99,"এটি সত্যিই মানতে হবে যে, শেষ সময়ে মাশরাফি বিন মুর্তজা ভালো খেলতে পারেনি, তবে ক্যাপ্টেন ছিল এক নম্বর❤️",murtaza,FAVOR
d4b22c5e8875533d,মাশরাফি ক্রিকেট ছাড়লেও মাশরাফির বক্ত কমবে না কেননা মাশরাফি ভালো মনের মানুষ,murtaza,FAVOR
9eaa9f9a3a7c5c27,মাশরাফিকে নিজের কাতারে কিভাবে রাখবে?? সে কি মাশরাফি এর কাতারে কখনো যেতে পারবে নাকি সেইটা সে ভাবুক,murtaza,NEUTRAL
a23587ebc7d51c70,সব কথা ঠিক আছে কিন্তু মাশরাফির বিষয় নিয়ে কথা বলাটা ঠিক হয়নি,murtaza,NEUTRAL
4d2335430228a3cc,Mashrafe ashraful javed omar are legend who first see world yes Bangladesh can win,murtaza,FAVOR
6ad1d49fae2fa2c7,মাসরাফির সমান হতে হলে আপনাকে আরো চারবার জন্ম নিতে হবে। শুধু ভালো খেলোয়াড় হলেই হয়না। মানুষের সবচেয়ে বড় পাওয়া মানুষের ভালোবাসা সেটা পেতে হলে ভালো মনের মানুষ হতে হয়। মাশরাফি ❤️❤️❤️,murtaza,FAVOR
0a508954dfbb52a8,সবচেয়ে ভালো হবে বিসিবির সভাপতি বানানো হোক মাশরাফিকে,murtaza,FAVOR
c60ae7463f149b44,"মাশরাফি বিন মর্তুজা ভাইয়া কে চাই,,,, আর ইমরুল কায়েস এবং সাব্বির কে চাই,,,",murtaza,NEUTRAL
e48bd70a546c718c,"আমরা ক্রিকেট প্রেমীরা আবারো মাশরাফিকে পুরনো রূপে দেখতে চাই, মাশরাফির হাতে ক্যাপ্টেন্সি তুলে দেওয়া হোক।",murtaza,NEUTRAL
80571b3a8c0befc8,আমরা চাই মাশরাফি কে আবার লিডার হিসেবে দেখতে,murtaza,NEUTRAL
3cb7ced56db8e361,একজন চীনা নাগরিক হিসেবে আমিও চাই মাশরাফি ভাইয়ের পদার্পন,murtaza,NEUTRAL
fa316403efabbc68,বিসিবি সভাপতি মাশরাফি ভাইকে দেখতে চাই ইনশাল্লাহ আশা করি সেটা দেখতে পারবো কিছুদিনের মধ্যেই,murtaza,NEUTRAL
631b73ff26c35ec2,কিসের মেন্টর মাশরাফিকে ক্রিকেট বোড সভাপতি হিসেবে চাই,murtaza,NEUTRAL
8ebe894dbaa995da,মাশরাফি কে বাংলাদেশ জাতীয় ক্রিকেট দলের সভাপতি হিসাবে দেখতে চাই আমারা।,murtaza,NEUTRAL
caacdeb6ea8b716a,মাশরাফিকে বিসিবি এর সভাপতি হিসেবে ভালো হবে। বাংলাদেশে টীম অনেক অনেক এগিয়ে যাবে।।।,murtaza,FAVOR
a82bd49177586550,মাশরাফিকে মেন্টর নয় বিসিবির সভাপতি হিসেবে দেখতে চাই।,murtaza,NEUTRAL
7cc2e25f778a28a1,মাশরাফি কে বাংলাদেশ জাতীয় ক্রিকেট দলের মেন্টর বা টিম ডিরেক্টর হিসাবে আমার খুব দ্রুত দেখতে চাই ।।,murtaza,NEUTRAL
a17600b312819722,"দলের এই দুঃসময়ে মাশরাফি কে প্রয়োজন, মাশরাফি এমন এক ব্যক্তি যে দলকে তলানি উপরে তুলতে অপরিহার্য ভূমিকা পালন করে।",murtaza,NEUTRAL
300a20353884a66f,"মাশরাফিকে বিসিবি সভাপতি চাই, কে কে একমত 🥰🥰",murtaza,NEUTRAL
738b057c1d937432,ফালতু টাইম পাস করেন কেন❓ মাশরাফি তো বলে দিয়েছেন ও ফিরে আসবে না,murtaza,NEUTRAL
cd9f5db2870cfd78,মাশরাফির অনেক গুলি অপারেশন করা হয়েছিল। তার শারিরিক ফিটনেস আগের মত আছে কিনা?,murtaza,NEUTRAL
a77aa66a857e6811,"অন্যের তা নকল না করলে হয় না, আপনাদের নিজের থেকে কোনো আইডিয়া নাই।আর মাশরাফি ভাই মেন্টর হলেই কি দল পালটিয়ে যাবে এই ধারণা কে দিয়েছে আপনাকে। আপনি চাইলে ভাই থেকে পরামর্শ নিয়ে দল গঠন করেন,আর যদি পারেন তাকে ODI format আবার ডাকানো হক 😊",murtaza,NEUTRAL
075b44d475bb1962,শিরোনাম দেইখা তো মনে করলাম bcb president করা হইসে মাশরাফি ভাই কে কি headline দেয় news channel গুলা?,murtaza,NEUTRAL
174fa4a385848e96,"কেনো পাপন চাইলেই একজন মাশরাফি বানাতে পারবেন। তাকে বললেই তো হয়, সে অর্ডার দিয়ে বানাতে পারবে। তার কথাবার্তায় তো সেরকমই মনে হয়।",murtaza,NEUTRAL
17efbbb377f42ee7,"আরে ভাই,মাশরাফি ত অফিসিয়ালি এখনো প্লেয়ার....উনি ত এখনো অবসর নেননি,ত মেন্টর হবেন কি করে??",murtaza,AGAINST
7eb3695dd36bc91b,আমিও মাশরাফি ভাই কে সভাপতি হিসেবে দেখতে চাই,murtaza,NEUTRAL
21542d2b5293ead6,"মাশরাফি শুধু খেলোয়াড় হিসেবেই ভালো, অন্যপদে বসালে সমালোচনার পাত্র হতে হবে, কারন এদেশের সিস্টেম এখন ভিন্ন্য দিকে যাচ্ছে",murtaza,FAVOR
8e5bfda586de0eef,মাশরাফি কখনোই বাংলাদেশ ক্রিকেট বোর্ডের সভাপতি হতে পারবে না! এটার ও একটা কারণ আছে কিন্তু..??,murtaza,NEUTRAL
5dcdb6cdf30cb86c,হঠাও পাপন বাচাঁও ক্রিকেট মাশরাফি ভাইকে সভাপতি হিসাবে দেখতে চাই,murtaza,NEUTRAL
8a43608036660a95,মাশরাফি ভাই কে বিসিবির প্রেসিডেন্ট হিসেবে দেখতে চাই,murtaza,NEUTRAL
64e3ef7f614d4ee1,Che Guevara এর প্রতিবাদী ক্যাপে ভালো লাগছে মাশরাফিকে😮,murtaza,FAVOR
bd97f611bee22a91,"সিচুয়েশনেতো এখন হয়েছে, ভবিষ্যতে কি হবে তা কি আমরা জানি। মাশরাফির এমন অবুঝ হবার ভান করার কারণ বুঝলাম না। মাশরাফির স্পষ্টভাবে বলে দেয়া উচিত আমি খেলা হতে সম্পূর্ণ দূরে আছি, আমি শুধুমাত্র রাজনীতির জন্য। তাহলে কেউ তাকে বিরক্ত করবেনা।",murtaza,NEUTRAL
abfdaa1f4d8e8872,1:46 Mashrafe has won the love and respect of all and if a legend says this then everyone has to accept it ❤️,murtaza,FAVOR
58784dbb05a7be0a,ক্যাপ্টেন fantastic মাশরাফি বিন মর্তুজার নেতৃত্বের গুণটা আবারও ফুটে উঠলো ধন্যবাদ ক্যাপ্টেন! ❤️,murtaza,AGAINST
9a3b926eba30851a,মাশরাফি ভাইকে দেখে আরো বেশি ভালো লাগছে,murtaza,FAVOR
e189926ce43844f5,ধন্যবাদ মাননীয় প্রধানমন্ত্রী এবং মাশরাফি ভাই এর জন্য।। মাশরাফি কে বিসিবির বোর্ড সভাপতি হিসেবে দেখতে চাই #Mashrafe,murtaza,AGAINST
6a192862cf08ba7f,"মাশরাফি ভাই একজন ভালো মনের মানুষ। তার ভিতর কোনো অহংকার নেই। মাশরাফি ভাই রাজনীতিতে এসেছে শুধু মানুষের ভালবাসার কারণে। আমি নিশ্চিত হয়ে বলতে পারি যে,মাশরাফি এখনো পরযন্ত কারো কোনো ক্ষতি করেনি।",murtaza,FAVOR
a61c439e2356b350,মাশরাফির মতো লোকের নামে এসব ঘৃণা জনক,murtaza,AGAINST
cdf847667f3668b7,মাশরাফি মানুষ হিসেবে কখনো খারাপ হতে পারেনা,murtaza,AGAINST
96c70de59cfd4862,রাজনীতিতে কারো আশা মানা নেই। যারা এসে খারাপ করে। তাদের চেয়ে ভালো। যারা এসে ভালো করতেছে সেটাই ভালো ভাই । ভাই আপনি ভুল কথা বুঝতেছেন। ভুল বুঝাচ্ছেন মানুষদেরকে। রাজনীতিতে এসে ১০০ জনের মধ্যে ৯৯ জনই খারাপ। তবে মাশরাফি রাজনীতিতেও ভালো। ক্রিকেটও ভালো। একজন মানুষ হিসেবে। মানুষটাও ভালো। রাজনীতিতে এসেও তাই দেশের জন্য অনেক করেছে। । ভালোকে ভালো বলতেই হবে। আপনি আওয়ামী লীগ করেন। বিএনপি করেন। অন্য দল করেন এটা কোন বিষয় না। তবে ভালো মানুষকে ভালো বলার সৎ সাহস থাকতে হবে ভাই।,murtaza,NEUTRAL
d174fd8f48745adc,মাশরাফি যদি ভালো হতো লোকজন তার বাড়ি কি পুরাই দিত??,murtaza,FAVOR
7fdfc82ac3cb7c3f,মাশরাফি বিন মর্তুজা তিনি খুব একজন ভালো মানুষ তিনি যখন এমপি ছিলেন কারো উপরে অন্যায় অত্যাচার করেন নাই অযথা এই লোকটাকে হয়রানি না করার জন্য করা হলো,murtaza,FAVOR
629bebe9e8968653,"খুন করা আর খুনিকে সাপোট করা একি, ওনাদের উচিত চিল আন্দোলনের সময় পতিক্রিয়া জানানো, এবং খুনির বিরুদ্ধে দাড়ানো, আর মাশরাফি ভালো মনের মানুষ",murtaza,FAVOR
ebd6d778dae09db1,আমরা অতিদ্রুত মাশরাফিকে বোর্ডপ্রেসিডেন্ট হিসেবে দেখতে চাই।,murtaza,NEUTRAL
bed7fe97aa5fcc6b,মাশরাফি ভাইকে ক্রিকেট বোর্ডের সভাপতি হিসেবে দেখতে চাই। এবং পাপন ভাইয়ের পদত্যাগ চাই।,murtaza,NEUTRAL
aed939213e3cbc8f,মাশরাফি আমাকে চেনা বড়ো দায় আজও আপনার জন্য আমার নৌকার কাজ করতে হয় কাজ টা এই মুহূর্তে অনেক কঠিন শুধু মাশরাফি শুধু মাশরাফি জন্য আমার এই লড়াই চালিয়ে যেতে হয় নড়াইল বাসী জন্য আপনার অফিসে লোকজন আমার এখানে বন্ধু তাদের কথার মধ্যে শেখ হাসিনা সরকারের ছবিতে আমার লেখা আছে। নড়াইলের বাসী আমাকে পেয়ে ধন্য হয়েছে আমাকে অনেক বার বার গান শুনেছে আমার মনে আছে। আমার মাশরাফি শুধু মাশরাফি।,murtaza,NEUTRAL
c21ea1857dc6f081,মাশরাফি এমন একজন মানুষ যাকে চোখ বন্ধ করে বিশ্বাস করা যায় ।,murtaza,NEUTRAL
680329b8d84ac84b,একদিন বিসিবি এর সভাপতি হিসাবে মাশরাফি ভাইকেই দেখতে চাই।,murtaza,NEUTRAL
2bafb99babc5be99,মাশরাফির কথা হতে অনেক কিছু শেখার আছে বোর্ডের।,murtaza,NEUTRAL
7757ef476032a4cd,মাশরাফি ভাইকে বিসিবির সভাপতি হিসেবে দেখতে চাই,murtaza,NEUTRAL
de84fa4401b074c1,"0:48 মাশরাফিঃ বাইরের দেশেও ক্রিকেট বোর্ড এ কিন্তু, প্লেয়ার রা যতই অন্যায় করুক, সেটি কিন্তু মিডিয়ার সামনে হুট-হাট করে বলাবলি করে না!",murtaza,NEUTRAL
d2362d5789387fc1,"কি ভাবে কথা বলতে হয়, মাশরাফি ভাই থেকে শিক্ষা দরকার",murtaza,NEUTRAL
fd5a2ca5a0090d9c,"মাশরাফির কাছ থেকে আকরাম খানের অনেক কিছু শেখার আছে,,আমরা বস মাশরাফি কে ই বিসিবির সভাপতি হিসেবে দেখতে চাই",murtaza,NEUTRAL
ebbf65cc26d61138,মাশরাফির বয়স হয়ে গেছে অবসর নেয়া উচিত।,murtaza,AGAINST
32084e4204461377,"হ্যা, সারাজীবন খেলুক। বুড়ো হয়ে মরার আগ পর্যন্ত খেলুক। ও ছাড়া বাংলাদেশ দল তো ধইঞ্চা। মাশরাফি মাঠে খেলে একা, আর বাকি সব শো অফ। মাশরাফি মরলেও মমি করে ওরে দলে রাখার আবেদন জানাচ্ছি।",murtaza,NEUTRAL
7d4a5c4994aa298c,৫ বছর আগেই অবসর নেয়া উচিৎ ছিল। ৪ লাখ টাকার লোভনীয় চাকুরী কে ছাড়তে চায় বলুন। ১ ম্যাচ খারাপ খেলে রুবেল কে বাদ দেয়া হল আর মাশরাফি ৬ ম্যাচ খারাপ খেলে অধিনায়ক! ১ উইকেট ৬ ম্যাচে!! আবেগ বাদ দিয়ে বাংলাদেশ কে ভালোবাসুন।,murtaza,NEUTRAL
84f4d046e9a5025f,সুজন নান্নু পাপন হটাও মাশরাফির ভালো মনের মানুষ আনো দেখবে বাংলাদেশ ক্রিকেট দল কতটা উন্নত হয় কে কে একমত সারা দেও👍👍👍🤞🤞🤞🤞,murtaza,FAVOR
250b4be66bf295e1,Mashrafe koto taka khawaise togore oita bol . Mashrafe 1 ta batpar,murtaza,NEUTRAL
f8275329da125670,মাশরাফি ভাই ট্রফি তো দূরের কথা। এই অবস্থায় চায়ের কাপ ওআসবেনা । আপনি এতো সুন্দর করে সব প্লেয়ারের মন জয় করে নিয়েছেন তাও আমাদের ভাগ্গ খারাপ কাপ পাইনাই।আর এখনতো হযবরল অবস্থায় প্রসনোই আসে না। এরা ০০০০০০ এটা নিয়ে আসবে।,murtaza,AGAINST
703b879e21e7adfa,কিছু বলার ভাষা খুজে পাচ্ছি না।😢 কাঁদো কাঁদো কণ্ঠে বলে দিচ্ছে সে ক্যাপ্টেন্সি ছাড়তে চাচ্ছেন না। কিন্তু বিসিবির চাপের কারণে হয়তো । খুব মিস করবো তাকে । সর্বকালের সর্বশ্রেষ্ঠ অধিনায়ক মাশরাফি বিন মর্তুজা।।😢😢,murtaza,NEUTRAL
680f9e3a18940545,"মাশরাফি ভাই , পরকালে যেন আল্লাহ তোমায় জান্নাত দান করেন, আমীন",murtaza,NEUTRAL
a7a99506e505976f,একটা বিদায়ী ম্যাচ খেলার সুযোগ চাই মাশরাফি ভাইয়ের।,murtaza,NEUTRAL
695693745dc1314c,I miss you mashrafe Bin mortaza but I have I am heart you,murtaza,NEUTRAL
c26157ed15c7ab9b,Mashrafe is the best captain in our country,murtaza,FAVOR
0dcfa3dd61caf63a,মাশরাফি আমি এক নাম্বার আমি ভালো মন্দ কিছু জানি আমি কাজ না করলে ও পারি আমি ভালো বাসি মাশরাফি আমি এখানে স্বাধীন আমার ইচ্ছে আমি মরতে ও পারি আমি ভয়ে আতংক হই না যা হবে বিধাতার ইচ্ছেই হয় আমি ভয় কে জয় করবো ইনশাআল্লাহ সেলিনা চৌধুরী।,murtaza,FAVOR
76c01ae19bab2d50,মাশরাফি অনেক ভালো ভদ্র নম্র ছেলে অবশেষে সংসদ সদস্য হতে পারবেন জনগণের আলোকিত সেবক সফল হতে পেরেছেন মাশরাফি।,murtaza,FAVOR
0a20816c8985a09f,মাশরাফি বিন মর্তুজা কে পর্বতের বিছিবি দেখতে চাই,murtaza,NEUTRAL
eec48777a2c05ee6,"মাশরাফি ভাই ছিল একটা মাটির মানুষ ,দলবল না দেখে তার মন-মানসিকতা টা দেখা দরকার ছিল",murtaza,NEUTRAL
b180376fe1089165,এই মাশরাফি মানুষকে অনেক ভালবাসত এজন্য তার ভালবাসার ফল ভোগ করল!,murtaza,FAVOR
b4417d7dc4428727,"অথচ এমনটা হবার কথা ছিলো না।রাজনীতিতে না আসলে,পা না চাটলে আজকে এমন অপমান হতে হতো না।কিভাবে আর এলাকায় ফিরবেন মাশরাফি?",murtaza,NEUTRAL
f992bce8c5ae021a,"স্বাধীন দেশে যদি একজন মানুষ প্রাণভয়ে লুকিয়ে থাকে, তার বাড়িঘর লুটপাট করা হয়, সেটা কিভাবে মেনে নিতে বলছেন আপনি? মাশরাফি কি এমন কাজ করেছে, যে তার আজ এই পরিণতির শিকার হতে হচ্ছে? ভাই, ভুলটা মেনে নিতে বলেন, তবে স্বাধীনতা আর পরাধীনতার মধ্যে পার্থক্য কী?",murtaza,AGAINST
9a90e8ff00722eb0,আসসালামু আলাইকুম আমি পসাসনের দৃষ্টি আকর্ষণ করে বলছি যে বা যাহারা মাশরাফির বাড়িতে ভাংচুর লুটপাট করেছে তাদেরকে আইনের আওতায় আনা হোক,murtaza,NEUTRAL
1f66d4f84d5ae8ca,"মাশরাফি উনার আসনের অনেক উন্নয়ন মূলক কাজ করেছেন, যদিও মাশরাফি আওয়ামী লীগের হয়ে কাজ করেছেন। মাশরাফির জায়গায় অন্য কোন দূর্নীতিবাজ লোক থাকলে, ওই আসনের অবস্থা আরও খারাপ হয়ে কি যেত না? তাই এই সব অন্যায় কাজ থেকে বিরত থাকা উচিত।",murtaza,AGAINST
5d2927c6ccbf8b61,মাশরাফির বাড়ি ভাঙচুর করা উচিত হয় না সে একজন আমলিক করল সে ভালো একজন নেতা,murtaza,FAVOR
a298731c9aa5de87,"মাশরাফি একজন এমপি হিসেবে নড়াইল জন্য কখনোই খারাপ কিছু করেনি,,, এটা মাথায় রাখা উচিত",murtaza,AGAINST
96b4debe82092bea,আমি সৌদি আরব থাকি। আমার বাড়ি নড়াইল মাইজ পাড়া। মাশরাফি ভাইয়ের বাড়িতে আগুন লাগানো ঠিক হয় নাই। আমার খুব খারাপ লেগেছে। সে ভালো মণের মানুষ।,murtaza,FAVOR
98b11fdd98e29d2f,"আমি একজন ছাত্র হিসেবে নিজের বিবেক থেকে বলছি,,,নিরঅপরাধ এমপি কিংবা নেতাদের উপর এভাবে অন্যায় অবিচার না করে যারা সত্যিকারের দোষী তাদের কে শায়েস্তা করেন।।মাশরাফির মতো অনেক ভালো মানুষ এমপি হিসেবে কাজ করেছিলেন আওয়ামী লীগের হয়ে তাই বলছি অন্তত আওয়ামী লীগের ভালো মানুষদের ছাড় দেন।",murtaza,FAVOR
9b6c6a14d6b9f2d6,ভাই 15 বছরের চাপা ক্ষোভ। একটু তো হবেই। অনেকে বড় কথা বলতেছেন। এই সময় এই কথা মানায় না। 15 বছর অসহ্য যন্ত্রণা সহ্য করার পরে এটা হওয়াটা স্বাভাবিক। তবে হ্যাঁ মা মাশরাফি নড়াইলে ব্যক্তিগতভাবে অনেক ভালো কাজ করছে। এজন্য তার কোন ক্ষতি আমি চাইনা,murtaza,FAVOR
5a587ab8e255778e,মাশরাফি একজন ভাল মানুষ। সে যদি কারও ক্ষতি না করে থাকে শুধু ভিন্ন মতাবলম্বী হওয়ার জন্য এই অসভ্যতা করতে হবে! আগামীতে হয়ত কোনও ভদ্রলোক আর রাজনীতিতে আসতে চাইবে না।,murtaza,FAVOR
3731e0b76dc3da3a,হারলে ও বাংলাদেশ জিতলে ও বাংলাদেশ অনেক ভালো খেলছে আমার সোনার বাংলাদেশ ছেলেরা অনেক ভালোবাসি মাশরাফি ভাই কে সবাইকে অনেক ভালোবাসি শুভ কামনা সামনের খেলার জন্য ❤️❤️❤️❤️,murtaza,FAVOR
050b47446a0c6ce3,মাশরাফি হিসেব করে কথা বলছে। কথায় বুঝা যায় উনি জ্ঞানী মানুষ।,murtaza,NEUTRAL
da3ba72fea0482bd,মাশরাফি অনেক সুন্দর মনের মতো মানুষ কে ভালো বাসি ভালো করে দেখতে পাই আমি শুধু হয়ে যাই মাশরাফি,murtaza,FAVOR
fa1bdce0a237587a,এক কথায় বিশেষ করে মাশরাফি বিন মুর্তজা অসাধারণভাবে সুন্দরভাবে উত্তর দিয়েছেন শুনে খুব ভালো লাগলো,murtaza,FAVOR
d28e379b7be94b1b,মাশরাফি অনেক সত্য ভাবে প্রশ্নের উত্তর দিতে পেরেছেন অনেক ভালো লেগেছে খুব সুন্দর মাশরাফি।,murtaza,FAVOR
d2a75376462f7b36,আমি অনেক অনেক ভালো মানুষ কে পছন্দ করি ও ভালো বাসি মাশরাফি শুধু মাশরাফি।,murtaza,FAVOR
1d5540466756f56f,মাশরাফি ভাইকে বাংলাদেশের টিম ম্যানেজার হিসেবে দেখতে চাই,murtaza,NEUTRAL
03af5608327a8ace,মাশরাফি জনগণের আলোকিত সেবক সফল হতে পেরেছেন আমি ভালো বাসি মাশরাফি।,murtaza,FAVOR
836f356bfd30637f,মাশরাফি ভাই কে বিসিবি প্রেসিডেন্ট হিসেবে দেখতে চাই আমার সাথে কে কে একমত আছো হাত তুলো,murtaza,NEUTRAL
98b579c52cd5d5ae,মাশরাফির ভাইয়ের কথা গুলো খুব ভালো লাগলো,murtaza,FAVOR
a75ed6802a6c704d,মাশরাফি শুধু মাশরাফি আমি অনেক ভালো মানুষ কে ভালো বাসি।,murtaza,FAVOR
14a578a24beac2a4,মাশরাফি কে ঘরে তোলে নিন আপনি অনেক অনেক ভালো মানুষ সৎ সততা শতভাগ সহজ সরল স্বভাবের আচরণ তাঁর মধ্যে ঝামেলা মুক্ত মাশরাফি।,murtaza,FAVOR
cced2da92d21a041,মাশরাফি শুধু মাশরাফি আমি আপনাকে ভালো বাসি ভালো বাসাবো ভালো বেসেছি মাশরাফি শুধু মাশরাফি।,murtaza,FAVOR
7daa558fcbeec8ad,আমি ভালো বাসি ভালো বাসবো ভালো বেসেছি মাশরাফি শুধু মাশরাফি।,murtaza,FAVOR
642509cefff265fa,মাশরাফি অনেক অনেক ভালো মানুষ কে ভালো বাসি ভালো বাসা সুসম্পর্ক এই না আমার সংসার করতে হবে তার সাথে ছোট থেকে বড়ো সৎ মানুষ কে ভালো বাসি তার মধ্যে আমার জীবনে সেরা খেলোয়াড় মাশরাফি বিন মুর্তজা আমি ভালো বাসি মাশরাফি।,murtaza,FAVOR
445403afa8465aff,মাশরাফি শুধু মাশরাফি আমি ভালো বাসি ভালো বাসবো ভালো বেসেছি মাশরাফি শুধু মাশরাফি।,murtaza,FAVOR
bc3984015a7133eb,মাশরাফি শুধু মাশরাফি আমি আপনাকে ভালো বাসি ভালো বাসবো ও ভালো বেসেছি আপনার নির্বাচন পযর্ন্ত দেখি পরিস্থিতি কি আমি আশা করছি ভালো হবে মাশরাফি শুধু মাশরাফি।,murtaza,FAVOR
27989a959e4da1b3,"মাশরাফি ভাই এক সময় আমার প্রিয় খেলোয়াড় ছিল, কিন্তু তার কিছু ভুল সিদ্ধান্তের কারণে এখন আর তাকে ভালো লাগেনা, প্রথমত তার সম্মানের সাথে অবসর নেওয়া উচিত ছিল এবং গত বিশ্বকাপে 1--2 ম্যাচ পরে নিজে সরে গিয়ে তাসকিনকে চান্স দিলে ভালো কিছু হতো, তার কাছ থেকে এটা আশা করিনি",murtaza,NEUTRAL
ee30588466f1350c,মাশরাফি অনেক সহজ সরল স্বভাবের আচরণ তাঁর মধ্যে আমি পেয়েছি অন্য কে প্রসংশা করেন। নিজে বড়ো মনে করেন না।,murtaza,NEUTRAL
f38f13a079c13701,মাশরাফি কে বিসিবির সভাপতি হিসাবে দেখতে চাই,murtaza,NEUTRAL
9defacb23502e4c5,মহিলা হুদাই একগুলো প্রশ্ন করছে। মাশরাফি বিরক্ত হয়ে গেছিলো। ভালো স্পোর্টস উপস্থাপক দ্বারা ইন্টারভিউ নেওয়া উচিত ছিলো।,murtaza,FAVOR
9bda5eb7c9b36ec8,Amar proshno Mashrafe vai vaibele ki sob sotik naki...??,murtaza,NEUTRAL
6cc5657b9b0d91da,মাশরাফি শুধু মাশরাফি আমি অনেক অনেক ভালো বাসি মাশরাফি কে দেখা মাএ আমি পাগল হয়ে যাই এই ভালো বাসার বাসনাকে কেউ মেনে নিতে চায়না আমি ভালো বাসি মাশরাফি।,murtaza,FAVOR
33b2daf470653d15,মাশরাফি শুধু মাশরাফি আমাকে কতো প্রক্রিয়ার মন্ত্র উচ্চারণ শিখে দিয়েছেন বলে দিচ্ছি তাতে কি আমি নীচু স্তরের নেমেছি তা নয় নিশ্চিত থাকুন সমাধান করা টাই আগলে রাখা দায়িত্ব টা র ভার নেওয়া শুধু মাশরাফি শুধু মাশরাফি আমি অনেক অনেক ভালো বাসি।,murtaza,FAVOR
6e6d2976f7c617ac,মাশরাফি আপনি আমাকে ছেড়ে কতো দূরে যেতে পারবেন।আমাকে জানাবেন কি?,murtaza,NEUTRAL
0d9efece13afa0a0,"মাশরাফি ভাই কে বিসিবি বস হিসেবে দরকার,মাশরাফি ভাই বলেছেন যে প্লেয়াররা ভালো খেলে আর এখন প্লেয়ার ভালো হওয়ার পর ও বর্তমান কোচ সিলেকশন প্যানেল মনে করে তাদের বুদ্ধির গুনে ম্যাচ যেতে আর হারলে তখন প্লেয়ারের দোষ হাহাহাহা😂",murtaza,FAVOR
ba7417ffe542eb7e,মাশরাফি আমার লেখা টা ভুল হয়ে যায়। আমি ভালো বাসি এবং জনগণের আলোকিত সেবক সফল হতে পেরেছে। এক কথায় মাশরাফি ভালো মানুষ তার মধ্যে কোন প্যাচানো কথা বুঝতে পারে না সহজ সরল স্বভাবের আচরণ তাহার ভেতরে ভালো কাজ ছাড়া কিছু নেই শুধু ভালো। সবাই কে আপন মনে করেন। মাশরাফি।,murtaza,FAVOR
1e5ba1d70a25a1cd,একটা বাচ্চা মেয়েকে উপস্থাপনার দায়িত্ব দিলে যা হয়।হাসতে হাসতে শেষ।মাশরাফি প্রশ্ন শুনে নিজেও বিরক্ত।Dont try to show your smartness by wearing t shirt...educate yourself first.,murtaza,NEUTRAL
3676ab043f7e3260,"মাশরাফি ভাইয়ের কথার সাথে আমি একমত, কারন লিটন দাস আর নুরুল হাসান তারা ২ জন অধিনায়ক হিসেবে কি খেলছে খেলাওয়ার রাই ভাল করে দল জিতিয়েছে পরে নাম হইছে অধিনায়কের",murtaza,FAVOR
6f33f7713357574b,journalist ta bolod er moto questions kortese.... give mashrafe all the time he needs man!,murtaza,NEUTRAL
d9949a8dc17ebaf9,মাশরাফি শুধু মাশরাফি আমি ভালো বাসি ভালো বাসবো ভালো বেসেছি আপনি আমাকে সরিয়ে দেন তাই আমি যাই মাশরাফি শুধু মাশরাফি আমি সুন্দর কথার উওর আমার সম্পর্কে ভালো হয়। মাশরাফি শুধু মাশরাফি আমার সাথে আপনি ছিলেন তাই আস্তে আস্তে জোরে জোরে শক্তি সঞ্চয় হয় সত্য কথা তাই আপনাকে ভুলে যাওয়া সম্ভব না পাঁচ তারিখে আপনি আমি একে বারে এলোমেলো হতে পেরবো না আমি চিন্তা করতে পারিনা আমার মাথা ভার আমি ভালো বাসি মাশরাফি শুধু মাশরাফি।,murtaza,FAVOR
9214c867b66618ba,মাশরাফি ভাই নাই তাই খেলা দেখতে ভালো লাগে না আমার,murtaza,FAVOR
6cb4d004040283b0,উপস্থাপক আফার ড্রেস মাশরাফি ভাইরের মত মেচিং করে পাঞ্জাবি পড়লে ভালো লাগতো 😅😅😅,murtaza,FAVOR
78a22f29f57e3719,মাশরাফি খেলার দিকে থেকে ও সহজ সরল স্বভাবের আচরণ তাহার ভদ্রতা কে ভালো বলে শেয করা অসম্ভব তাহার চিন্তা চেতনা চৈতন্য বিবেক বিরাজ করেন সব সময়। লোক,murtaza,FAVOR
d9dee6f5752536e6,ক্যাপ্টেন MASH কে চাই বাংলার কোটি মানুষের প্রাণ এর দাবি একটাই বিসিবিৱ বস দরকার মাশরাফি ভাই ❤😢,murtaza,NEUTRAL
7a75d0e3a6ad937e,মাশরাফি ভাইয়ের কথা শুনে বোঝা যায় সে কত মহান অধিনায়ক ও একজন ভালো মানুষ ❤❤,murtaza,FAVOR
26cb3b6419739fc4,মাশরাফি স্যারকে অনেক ধন্যবাদ। যিনি ভালো মানুষের পাশে থাকে।,murtaza,FAVOR
de923a094d1ab8b9,"শুধু বড় হলেই হয়না কিংবা ভালো খেললেই হয়না, ম্যানেজমেন্ট একটা বিশেষ দক্ষতা যেটা সবার থাকেনা। ধন্যবাদ মাশরাফি। ❤❤❤",murtaza,FAVOR
7be9261e70487bf9,মাশরাফি ভাইকে বাংলাদেশ ক্রিকেট বোর্ডের সভাপতি হিসাবে দেখতে চাই।,murtaza,NEUTRAL
2594ecac2788abf9,"মাশরাফির কথাগুলো ওজন এতোটাই ভারি,বিসিবির বুঝার ক্ষমতা আছে বলে মনে হয় না। LOVE YOU❤❤MAS❤❤",murtaza,FAVOR
3e8e981769b59776,ভাই আমি মনে করি মাশরাফি বিন মুর্তজা বাই সঠিক কথা বলেছে বড় বিষয় হচ্ছে সঠিক লাইনে কথা,murtaza,NEUTRAL
f2dc63667306ef7e,মাশরাফি ভাইয়ের কথা গুলো খবই ভালো লাগলো,murtaza,FAVOR
fe2ac5b17d7fe97d,"মাশরাফি সেরা অধিনায়ক। কিন্তু ভালো মানুষ না, ভালো মানুষ কখনো আওয়ামী লীগ করতে পারে না।",murtaza,FAVOR
26bb23b0c9031c63,মাশরাফি ভাই বাংলাদেশের টিম ম্যানেজমেন্ট পদান হিসেবে দেখতে চাই,murtaza,NEUTRAL
6dc7d3fc26efeb78,"ভদ্র,ভালো একমাত্র কেপটেন্সি করে গেছে আমাদের মাশরাফি ভাই।ভাই জন্য অনেক দোয়া রইলো।",murtaza,FAVOR
b8bb68a3bc58a015,বস মানে মাশরাফি ভাই আমার অনেক ভালো লাগার একজন পিয় মানুষ,murtaza,FAVOR
8a8d7301277989dc,"মাশরাফি ভাইয়ের এই ভিডিও বিসিবির অনুরোধে করা হয়েছে বলে আমি বিশ্বাস করি, এর মাধ্যমে এটা প্রমাণিত হয় বিসিবিতে যারা উর্ধ্তন কর্মকর্তা আছেন, তারা ওই পজিশনে কাজ করার যোগ্য না, তো যেখানে ঝামেলা সেখানেই সমাধান করা উচিত, যাতে পরবর্তীতে এই ধরনের সমস্যা না হয়, বিসিবি বিষয়ে প্রধানমন্ত্রীর সুদৃষ্টি কামনা করছি",murtaza,NEUTRAL
076ea58ea9955a51,আমি আপনার অপেক্ষায় ছিলাম জে আপনে কিছু বলবেন ধন্যবাদ আপনাকে মাশরাফি ভাই ভালো মানুষের পাশে আপনাকেই মানায় ❤❤❤,murtaza,FAVOR
0717dfb5e0cc1251,অনেক অনেক ধন্যবাদ। সুন্দর করে বুঝিয়ে কথাগুলো বলার জন্য। এর নামই মাশরাফি।,murtaza,AGAINST
d0f658bee99a7575,S🤔 মাশরাফি তুমি অনেক ভালো মনের মানুষ ❤M❤),murtaza,FAVOR
f1461814f3590720,মাশরাফি ভাই কে খুব ভালো লাগে কারণ তিনি খুব বড় মানের মানুষ,murtaza,FAVOR
a0eb43f24b631ffd,❤প্রিয় মাশরাফি ভাই একজন বড়ো ভালো মানুষ ❤,murtaza,FAVOR
25a4ea076feb13f1,মাশরাফি বিন মর্তুজা উনি আসলে একজন বড় মনের মানুষ মাশরাফি বিন মর্তুজা ভাইকে আবার ক্রিকেট বোর্ডে আমরা দেখতে চাই,murtaza,NEUTRAL
eba1ed4b0f47513a,"বড়দের কথা তো বড়দের মতোই হয়, একজন সিনিয়র ভাই হয়ে কি করতে হয় আর কি তার কর্তব্য তা আমাদের মাশরাফি ভাই বুঝিয়ে দিলেন। আপনাকে বাংলাদেশ ক্রিকেটে অনেক প্রয়োজন ভাই। যদিও সে আশা কোনদিন পূরণ হবে কিনা জানিনা। 😢",murtaza,NEUTRAL
4748b71be6297bcb,"মাশরাফি বিন মর্তুজা ভাই আসলেই আপনি মহান আল্লাহ পাক আপনাকে নেক হায়াত দান করুক আপনি অনেক ভালো মানের মানুষ,,,,, আমি মন থেকে চাই আপনি বিসিবির সভাপতি হলে বাংলাদেশ অনেক আগাবে ধন্যবাদ ভাইয়া ❤❤",murtaza,FAVOR
a3b09ec1d5e28b55,মাশরাফি ভাইকে ক্রিকেট বোর্ড এর প্রেসিডেন্ট হিসেবে দেখতে চাই ❤,murtaza,NEUTRAL
b4cf452d006393e0,মাশরাফি বস কত দক্ষ ও নিখুঁত ভাবে কথা গুলো উপস্থাপন করেছে এরাই প্রকৃত দেশপ্রেমিক। এদের ক্রিকেট বোটের সভাপতি করা উচিত। তা না করে ছাগল পাগল রা ক্রিকেট বোট চালায়😭😡😡😁,murtaza,NEUTRAL
834e9aad1d3aeae5,"মাশরাফি: আমি নিজেকে এতো সস্তা মনে করিনা, কিন্তু আমি জানি আমি নিজে ছাড়া বাকি সবাই আমাকে সস্তা বলেই মনে করে। 😂😂😂 কাংলু দেশ (বাংলাদেশ)",murtaza,NEUTRAL
0676fd43a4a2ad2f,"বৃস্টি মাশরাফিকে স্বাগত জানাচ্ছে,,যেমন কুমার ছাংগাকারা কে জানিয়ে ছিল,,,,",murtaza,NEUTRAL
596f3e5b11a86091,"এবার বুঝলাম আপনারা সাংবাদিকরাই মাশরাফির ক্যারিয়ারের ১২টা বাজালেন, যেখানে মাশরাফি বললেন তিনি অধিনায়কত্বের ইতি টানছেন, এটাই তার শেষ অধিনায়কত্ব, তিনি খেলা চালিয়ে যাবেন, এখনিই খেলা থেকে অবসর নেননি, সেখানে আপনারা বলছেন শেষ...... বাহ! হলুদ সাংবাদিকতা বাহ! 👏👏",murtaza,AGAINST
fc7f83d790983099,এইটা কোন ধরনের টাইটেল? Toss তো আর মাশরাফি ভাইয়ের হাতে নাই এটা ভাগ্যের উপর depand করে।,murtaza,NEUTRAL
1c0e2c0d46a4713f,ছেলেটা মাশরাফি কে অনেক ভালোবাসে তাকে থানায় নেওয়ার তো কিছু নেই বুঝিয়ে দিলেই হয় ।,murtaza,FAVOR
b2faa2d2b4dd5391,আগে ছিল খেলোয়ার মাশরাফি....আর এখন এমপি মাশরাফি বলে কথা...😁😁😁😁😁😁😁,murtaza,NEUTRAL
dd4008134aedf268,বাংলাদেশের সফল অধিনায়কের নাম হলো মাশরাফি বিন মুর্তজা ম্যাশ ওনার মন সফল অধিনায়ক এইভাবে অধিনায়কত্ব ছাড়া টা মানতে পারি না খুব কষ্ট লাগতেছে অসাধারণ একটা মানুষ আসলে মাশরাফির কথা বলতে গেলে রাত শেষে আবার বোর হয়ে যাবে.... আর বেশি কিছু না বলে শুধু একটি কথা বলতে চাই মাশরাফির মত অধিনায়ক আর আসবেনা বাংলাদেশ দলে আর কেউ জীবন বাজি রেখে দেশের জন্য নিরলসভাবে খেলবেনা.. অবশেষে বলতে হয় মাশরাফি সবার সেরা ওনার কথা বা ওনার অবদান হাজার কোটি বক্ত সব সময় মনে রাখবে এবং বলবে ম্যাশ তুমি সবার সেরা.।।। স্যালুট ম্যাশ স্যালুট..,murtaza,FAVOR
e66a62bcd6c040c7,মাশরাফি ভাই আপনি আমাদের ছেড়ে চলে যাবেন না ‌। আপনি আমাদের মাঝে থাকুন। আমরা আপনাকে ভবিষ্যতে বিসিবির সভাপতি হিসেবে দেখতে চাই।,murtaza,NEUTRAL
1230dbceb1321d83,"Always we""re Very love you bro Mashrafe ♥️♥️",murtaza,FAVOR
a4c80818fb7b2eb7,মাশরাফির ভাই কে বিসিবির সভাপতি দেখতে চাই তাহলে বাংলাদেশে ক্রিকেট বদলে যাবে,murtaza,NEUTRAL
e4ccb00e06bea7c1,মাশরাফি কে বিবিসির সভাপতি চায়.. সত মানুষ তিনি।,murtaza,NEUTRAL
c316a5d1e3912d5b,এই কারণেই মাশরাফির আন্ডারে প্লেয়ারদের বেস্টটা বের হয়ে আসে!! কতো সুন্দরভাবে প্লেয়ারদের মোটিভেট করে❤️,murtaza,NEUTRAL
eaef278415354ca5,বিসিবির সভাপতি হিসেবে মাশরাফিকে দেখতে চাই। দেশের খেলার স্বার্থে।,murtaza,NEUTRAL
ee120126ee3960ac,"আমরা মাশরাফিকে সম্মান দিতে পারলাম না আপসোস, পাপন গং বিদায় না হওয়া পর্যন্ত কেউ ভালোভাবে বিদায় নিতে পারবে না বলে বিশ্বাস করি।",murtaza,FAVOR
8aa29c5c92b3cf3b,"মাননীয় সংসদ সদস্য মাশরাফী বিন মর্তুজা আজ এখন সম্মানীত জায়গা।তাকে কেউ ছোট করেছে তারাই বরং আস্তকূরে যাবে।পাপন মিয়া ব্যসিক্যালি একজন চাকুরীীবি।সংসদ সদস্য হয়েছেন বাবার ছেড়ে দেয়া আসনে।স্বমিহমায় নয়।আর যারা তাদের নাম উচ্চারণ করতে চাই না।তাদের জায়গা আর মাশরাফির জায়গা এক না।তারা কেউ তার পর্যায়ের নয়।তিনি দলীয় ভাবে অনেক উপরের একজন।তাই তাকে খাটো নয়,বরং সম্মানসূচক ভাবেই কথা বলতে হব।মাননীয় প্রধান মন্ত্রী যার কথা বলেছেন একটা হিরা হিসেব।সেখানে পাপনরা কোথায়?",murtaza,NEUTRAL
c60552a34fe82a6a,"মাশরাফিকে ১৯ বিশ্বকাপে অধিনায়ক কোঠায় খেলছে বলে আমরাই ট্রোল করেছিলাম,তাই না!",murtaza,FAVOR
f5c5770e0552712f,২০১৯ বিশ্বকাপে মাশরাফির পারফরম্যান্স অনেক খারাপ ছিলো ৮ ম্যাচে মাএ ১ উইকেট পাইছিলো,murtaza,AGAINST
56b23bfce13ea2b8,গুনিজনরা এভাবেই কথা বলেন।।।। ভালবাসার আর এক নাম মাশরাফি। ভালবাসি আপনাকে বস।,murtaza,FAVOR
85cb95b7a25e4f5d,মাশরাফি একটা অন্যরকমের ভালো মানুষ 😍 অবিরাম ভালোবাসা,murtaza,FAVOR
0be79195da822652,মাশরাফি ভাইয়ের কথা এত ভালো লাগে বলে বুঝাতে পারব না,murtaza,FAVOR
ddde8d7acbc4133f,"ভালোবাসার আরেক নাম মাশরাফি বিন মুর্তজা ❤ কিছুদিন আগেই ফেসবুকে এই লোকটাকে অনেক গালা গালির মুখোমুখি হতে হয়েছে, এখন সেই মানুষ গুলোয় নতুন করে আবার ভালোবাসছে Wohhha❤❤❤💔❤🖤",murtaza,FAVOR
491db9e4e5252b90,মাশরাফি ভাইয়ের কথায় কেমন যেন কান্না কান্না বাব.. তবে ভাই মন তেকে কেপ্টেনসি ছারতে ছাই নাই...,murtaza,NEUTRAL
56827cdc4914c0f8,এটা কি শোনলাম। মাশরাফি দলে না থাকলে খেলা দেখতে ভালো লাগবে নাহ। বিদায়ের কথাটা শোনার সাথে সাথে চোখের কণে পানি চলে আসলো। miss u boss all time,murtaza,FAVOR
33dbaa8a54c95e96,বস কে অনেক মিস করবো ভালোবাসার আরেক নাম মাশরাফি বিন..,murtaza,FAVOR
7a5ad75cc2c8db08,আল্লাহ তোমাকে ভাল রাখুক মাশরাফি ভাই তুমি জানো আর ভাল করে খেলতে পারো,murtaza,FAVOR
63eba9e16fe96e37,"বিষয়টা ভালো হল না মনে হয়,আরো অনেক কিছু পেতে পারতো বাংলাদেশ দল মাশরাফির কাছ থেকে।আপনাকে অনেক মিস করবো।",murtaza,FAVOR
b6edcfd07c12303a,পাপন হাটাও ক্রিকেট বাচাও #মাশরাফি কে ক্রিকেট বোর্ড সভাপতি দেখতে চাই,murtaza,NEUTRAL
897b8f5bb944f87a,মাশরাফি ভাই কে বিসিবি সভাপতি হিসেবে দেখতে চাই,murtaza,NEUTRAL
5f4e1d05358b2f6a,"He is the Successful Captain of Bangladesh Cricket : The Tigers history.In Bangladesh he is called about Captain Fantastic.The people of Bangladesh Love & Respect him.In his Captaincy 2014-2020 Bangladesh Cricket was Broaken all the records! Bangladesh wins beside many biggest team by his Captaincy! On the other hand,Bangladesh was played 1world cup Quarter Final,1 ICC Champions Tophy Semi-Final,2 Asia Cup Final,5 Tournament Final, Bangladesh won first tournament vs West Indies in his period! there are also many series vs India,vs Pakistan,vs South Africa,vs Zimbabwe 5times,vs Sri Lanka,vs Afghanistan,vs West Indies 3 times,vs Ire land 2 times,vs New Zealnad in his period that proved he is one of the best Captain in the world! Masrafe is a name of Dedication,Punctulity,Helpful,True Leader & very special a True Patriotism! When he will come to field after tomorrow's match I will not think he is our ex.captain. Yes,Mash is our Captain & he always be captain by his personality. Salute Captain Fantastic Masrafe Bin Mortaza the True leader!☺",murtaza,NEUTRAL
2b9a7c97b8644a5c,"মাশরাফিকে বিসিবির সভাপতি করা হোক,একমত থাকলে লাইক এবং শেয়ার করেন।",murtaza,NEUTRAL
ec402a31f168289f,"মাশরাফি নিয়ে কেউ বাজে কথা বলবেন,,,,বাংলাদেশের ১৬ কোটি মানুষ আমাদের বুজা উচিত,, খারাপ খেলা বা ভালো খেলা দুই টাই আমাদের মেনে নিতে হবে,,,,,❤❤",murtaza,NEUTRAL
bb167cdebe1e63b5,মাশরাফি আমার এই মুহূর্তে বলার কিছু নেই চোখের পানিতে আষাঢ়ে আমি বর্ষা মাশরাফি শুধু মাশরাফি।,murtaza,NEUTRAL
ec120204ebdcd59b,তোমার জন্য দোয়া করি মাশরাফি ভাই তুমি ভালো থেকো,murtaza,FAVOR
6268143bc4593fbc,"একজন মানুষ কতটুকু কষ্ট পাইলে এই ধরনের কথা বলে,কত অভিমান জমে আছে মাশরাফি বুকে, মানুষ জন্য কতটুকু মায়া ছিল এই ভাষার মাসে ফুটে উঠল।।",murtaza,NEUTRAL
a82af3d8bef3826f,মাশরাফি বিন মুর্তজা দেশের জন্য না কিছু করলেও নিজের এলাকার জন্য ভালো কিছু করেছে এই রাজনীতি না রাজনৈতিক না একজন মানুষ এটাই বড় পরিচয় ভাই আপনাকে শ্রদ্ধা করি ভালোবাসা রইলো আপনার জন্য মানুষ কি বলে না বলে তাতে কান দেবেন না মানুষ হয়ে জন্মেছি মানুষ অনেক কথাই বলবে তবে ভেঙে পড়া যাবে না আল্লাহ একদিন আমাদের পাশে থাকবে ইনশাল্লাহ,murtaza,FAVOR
ce36d254686d88b8,মাশরাফি শুধু মাশরাফি আমি ভালো বাসি ভালো বাসাবো ভালো বেসেছি মাশরাফি শুধু মাশরাফি।,murtaza,FAVOR
c63e94edfa0c62ca,মাশরাফি স্যার অনেক ভালো মানুষ দেশের উন্নয়ন আছে তার বাংলাদেশ কিসি নিছে মাশরাফির জন্য জন্য বাংলাদেশ তাদের কাছে ট্রেন,murtaza,FAVOR
e8b2ab422bd365af,"রাজনীতি এমন একটা জিনিস, যা মানুষের জীবনকে শেষ করে দেয়, সবার উপরে ছিলো মাশরাফি,,,,,,",murtaza,NEUTRAL
645e514d70d320d0,মাশরাফির বাড়ি পড়েছে তাদের একদিন বিচার চাই বিচার,murtaza,NEUTRAL
88f84af021ff633e,অসাধারন ভাই গানটা মাশরাফি ভাই অনেক ভালো মনের মানুষ,murtaza,FAVOR
ae0798412cf8c6a1,অতি ক্ষোভ ও দুঃখে মানুষ এত বড় কথা বলে মাশরাফি তুমি মানুষের হৃদয়ে বস তোমার ব্যথায় ব্যথিত আমরা সবাই আমরা ম্যাচ ভক্ত,murtaza,NEUTRAL
7b47ba8344bebb9b,সালামুআলাইকুম দেশবাসী সালাম জানাই নড়াইল এক্সপ্রেস মাশরাফি মুর্তজা কেমন আছেন জানিনা আমি সন্ধ্যার জন্য দোয়া করি আল্লাহতালা সুস্থ রাখেন দেশের সরকার কে হাত জোড় করে আবেদন করি মাসের ভাই তোর বাড়িটা আমার জান আগের মতন করে দেন এটাই সরকারের কাছে আমার পক্ষ থেকে আবেদন জানাই আর খেলার স্মৃতি খেলার স্মৃতি কত কিছু জোরে আসলে তার বাড়িতে সবকিছু সবকিছু সরকার করে দিয়েছি তার একটাই দোষ ছিল সে আওয়ামী লীগ করতো,murtaza,AGAINST
dc80f39105d81226,"সপ্ন আর ব্যাস্তবতা কখনও এক হয় না ? মাশরাফি র চারিদিকে তাকিয়ে দেখা উচিত ? তার একটা বাড়ী পুড়েছে ? অথচ আওয়ামিলীগের হাজার হাজার নেতার কর্মির বাড়ী,কারখানা,ব্যবসা পতিষ্ঠান জ্বালিয়ে ধংস করে দিয়াছে ?",murtaza,NEUTRAL
a20d193d058df151,আমার বিশ্বাস আছে আপনার সবই হবে সততা পরীক্ষায় বেঁচে থাকতে হয় আমি আগ্রহ হই বাড়ি টা পুড়িয়ে ছাই তার পরেও কি দোষ খুঁজে পাই না দেখি না আমি জুলাই মাসে দেখি ও পাঁচ তারিখে লেখা লেখি শুরু আমার ও আপনার চোখ বেশি কেউ না যে বেশি হতে চায় তারা এক নাম্বার বাটপারির বাটপার ও মিথ্যা বানোয়াট করে এরা লোভে ঔ জুলাই কারিগরি সহায়তা বড়ো হতে চায় এই খারাপ মনের মানুষ গুলো দেশ ধ্বস হবে ধ্বসে মানুষের প্রতি টা উত্তর আমি দিয়ে যাব তখন আমি ভাই বোনের সম্পর্ক জানি না ও চিনতে পারবো না আমার নাম সেলিনা চৌধুরী আমি ভালো বাসি মাশরাফি।,murtaza,NEUTRAL
205ac48bf9aa5ac8,আমি দোয়া করি ইমরান খানের মতো মাশরাফি ভাই ও একদিন বাংলাদেশের পধান মন্তি হবে। দোয়া রইলো বস্.............,murtaza,NEUTRAL
c7f65c7fa3527950,মাশরাফির ইমরান খানের মত দল নিজের করা উচিত ছিলো,murtaza,NEUTRAL
dc939e3b893094af,দর্শক দেখতেই পাচ্ছেন শুধুমাত্র Mashrafe Mortaza নন বিশ্বের অনেক Cricketers খেলার পর Politicians হয়েছেন। তবে খেলা থেকে অবসর নেয়ার আগেই রাজনীতিতে জড়ানো ক্রিকেটে খুব বেশি ঘটেনি। কিন্তু দর্শক আপনার কি মনে হয়? রাজনীতিবিদ হিসেবে কেমন করতে পারেন মাশরাফি বিন মর্তুজা? জানান নিচের কমেন্ট সেকশনে!,murtaza,AGAINST
caac1e57e9a6eb1a,আসসালামু আলাইকুম ওয়া রাহমাতুল্লাহি ওয়া বারাকাতুহু যে মাশরাফি ভাই আবার বাংলাদেশ ক্রিকেট বোর্ডে চলে আসুক এই মানুষটাকে যে যেন বাংলাদেশ ক্রিকেট বোর্ডের ছিটকিয়ে ফেলে না দেয় এই বাংলাদেশ ক্রিকেট বোর্ডের সাথে যে দৈনিক কাজ করে আলহামদুলিল্লাহ বাংলাদেশ ক্রিকেট টি আর উন্নত হবে ইনশাআল্লাহ,murtaza,NEUTRAL
e18cd55c583aa067,মাশরাফি কে এই দেশের একজন ক্রিকেটার যে মাশরাফি হাঁটুর ব্যান্ডেজ নিয়েও দেশের হয়ে ভূত ম্যাচ খেলেছে আজ কেন সেই মাশরাফি নিজের ঘরে জেলখানা বন্দি এর উত্তর দিবে কে,murtaza,NEUTRAL
00fa8ea856e05ade,কেন তুমি মাশরাফির মর্তুজা কথার উত্তর দিতে পারলে না উত্তর একটাই মাশরাফিকে বাংলাদেশের প্রতিটি মানুষ ভালবাসত কিন্তু আওয়ামী লীগ বাংলাদেশের প্রতিটি মানুষ ভালোবাসতো না অপরাধ আওয়ামী লীগ হয়ে এমপি হওয়াটাই বড় অপরাধ উত্তর এটাই,murtaza,FAVOR
38e4ac3ca648162a,মর্তুজা আওয়ামী গে যোগ দিয়ে ভুল করছেন তিনি রাতের ভোটে এম পি হয়েছেন এই টা ই তাহার ভুল এ লোব ছিল,murtaza,AGAINST
5b7efba76540685e,মাশরাফি ভাই আমার ভাবতেও ঘৃণা লাগে আপনি আমাদেরকে ছেড়ে কোন একটা দলে চলে যাবেন আমরা আপনাকে হৃদয়ে জায়গা দিয়েছিলাম এখন আমাদের চোখে ঘৃণার পাত্র হয়ে গেছে আসলে সেটা ভাবা যায় না আপনি এরকম একটা কাজ করবে 16 কোটি মানুষের সাথে প্রতারণা করবে না😭😭,murtaza,AGAINST
e8ec1893f1f92857,আহারে মাশরাফি!😞 কেনো রাজনৈতিতে আসলি 😥.. Soooø sad...__😭😭,murtaza,NEUTRAL
9e186cd050e83373,প্রিয় দর্শক নড়াইল থেকে মাশরাফি বিন মর্তুজার এক্সক্লুসিভ সব আপডেট পেতে চ্যানেলটি সাবস্ক্রাইব করে সাথে থাকুন।,murtaza,NEUTRAL
5e3c3fdb2743eabd,"আমার বাসা নড়াইল ১ আসনে তবুও আমরা বলতে পারি মাশরাফি ভাই কি করেছে আর কি করি নাই,,, দীর্ঘ ৫০ বছর ধরে যা করতে পারি নাই অন্যান্য এমপিরা তাই মাশরাফি ভাই করে দেখিয়েছে,, আর এমন এমপি যদি আমরা বাংলাদেশের সব আসনেই পাইতাম,,, তাহলে বাংলাদেশ বাংলাদেশ থাকতো না,, মাশরাফি ভাই বেস্ট ☺️🥰",murtaza,NEUTRAL
fabf18391324c1e8,মাশরাফির থেকেও বাংলাদেশ আরো ভালো এমপি আছে বলা যায় মানবতার ফেরিওয়ালা। দিনাজপুর 6 আসন নাম শিবলী সাদিক।,murtaza,FAVOR
b52b46520abe7d37,জনগনের মুখোমুখি হতে সৎ সাহস থাকা লাগে।যেটা মাশরাফির আছে অন্যদের নেই।,murtaza,NEUTRAL
9ccabf866b64127e,আমাদের দেশের গর্ব মাশরাফি ভাই আমার খুব প্রিয় একজন মানুষ আমি দোয়া করি আল্লাহ যেন তাকে সবসময় সহিসালামতে রাখে এবং তিনি যেন মৃত্যুর আগ পর্যন্ত মানুষের কল্যাণে কাজ করে যেতে পারে এটা আমাদের কাম্য মাশরাফি ভাই তিনি শুধু আমাদের গর্বই না আমাদের দেশের একটি মূল্যবান রত্ন যার কদর আমরা দিতে পারি না মাশরাফি ভাইয়ের জন্য রইল অনেক অনেক শুভকামনা,murtaza,FAVOR
a0667ffcc3b9cf8c,মাশরাফি ভাই একজন ভালো মানুষ এটা আমরা জানি কিন্তু উনি ক্রিকেট ছেড়ে আসার পরে বাংলাদেশ ক্রিকেটের অবস্থা খুব খারাপ,murtaza,FAVOR
a3d235fdd2bb8421,"একটা কথায় বলতে চাই অধিনায়ক হলে মাশরাফির মতো,মন্ত্রী হলে মাশরাফির মতো,একটা এলাকার অবিভাবক হলে মাশরাফির মতো,মাশরাফির কোন তুলনা হয় না।স্যালুট মাশরাফি বিন মুর্তজা,তুমি এগিয়ে গেলে এগিয়ে যাবে বাংলাদেশ।অনেক অনেক শুভ কামনা রইল। ❤️❤️❤️🇧🇩🇧🇩🇧🇩✌️✌️✌️",murtaza,FAVOR
d52d4e2a512089b1,মাশরাফি বিন মুর্তজা। শুধু ক্রিকেটের নয় । এমপি হওয়ার পরেও মানুষের পাশে গিয়ে দাঁড়িয়েছে। আমরা চাই এভাবেই যেন সর্ব সময় মানুষের পাশে থাকে।,murtaza,NEUTRAL
ccb5344c286298a5,মাশাআল্লাহ। রাষ্ট্র উন্নয়নের পেছনে জবাবদিহিতা গুরুত্বপূর্ণ ভূমিকা পালন করে যা মাশরাফি ভাই করেছেন। এমন নেতা বাংলাদেশের সর্বত্র জেলায় থাকলে আমাদের দেশ আসলেই অনেক উন্নত হবে।,murtaza,NEUTRAL
cc8ef18826a7b7ef,মাশরাফি ভাই কে মন্ত্রী হিসেবে দেখতে চাই। উনাকে নেক হায়াত দান করুন,murtaza,NEUTRAL
2e21a39dd59fcc4b,"প্রত্যেক টা জেলা এমন একটা করে মাশরাফি চাই,,,,, love you boss ❤❤❤❤",murtaza,FAVOR
5e4e96de310e381d,"আমি খেলায় নয়, রাজনীতিতে মাশরাফি কে আমি বস হিসেবে দেখি। ভাইকে একদিন প্রধানমন্ত্রী হিসেবে দেখতে চাই ইনশাআল্লাহ",murtaza,NEUTRAL
f54d4203185b84d7,"ভাই,, তোর তো ভাগ্য তুই মাশরাফি ভাইয়ার সামনে কথা বলতে পারতেছিস,,, অন্য কোনো MP হইলে,তার সামনেও দাঁড়াইতে পারতি না...! আর অন্য দিকে,, অন্য কোনো MP কখনোই এভাবে কাউকে জবাবদিহি দেয় নি,,,আমি কখনো দেখিও নি... মাশরাফি ভাইয়ার এলাকার মানুষের ভাগ্য ভালো,,,এইজন্য উনাকে পেয়েছেন.. আর এইদিকে আমার এলা বা আমরা দোয়া করি,, আমাদের ভাগ্যেও যেনো এরকম একটা MP আসে",murtaza,FAVOR
1a4607960b2a452a,"মাশরাফির মতো এমপি বাংলাদেশের ৩০০ শ আসনে চাই জে কিনা সবার সামনে সবা করে কাজের হিসাব দেয় ও নেয় অভিনন্দন মাশরাফি কে, নোয়াখালী সেনবাগ থেকে বলছি",murtaza,NEUTRAL
d552b198595ddff4,নেতা দেখছি... বস মাশরাফির মতো নেতা কোথাও দেখি নাই...!😊💯,murtaza,NEUTRAL
afcffc3c291d578f,"এমন নেতা যদি প্রত্যেকটা জেলায় জেলায় থাকতো,তাহলে বাংলাদেশের অবস্থা এত খারাপ হত না, খুব ভালো লাগলো জনগণকে প্রশ্ন করার সুযোগ দেওয়াতে, সুন্দর, মাশরাফি ভাইয়ের জন্য আমার পক্ষ থেকে রইল শুভকামনা,",murtaza,FAVOR
7e28c0e8c63bd68d,আমার দেশের নেতা হিসাবে মাশরাফি বস কে চাই,murtaza,NEUTRAL
a5ebc3be11c75782,আমরা চাই মাশরাফি স্যার আবারও নড়াইলের এম পি হউক ও সেই সাথে তাকে মুন্ত্রির পদে নিয়োগ করা হউক।,murtaza,NEUTRAL
192c15795268e831,"আমার ইচ্ছে করে, মাদারীপুর থেকে নড়াইল মাশরাফি ভাইর এলাকায় বাড়ি করার, তাহলে তার মতো একজন নেতা পেতাম❤️❤️❤️❤️❤️",murtaza,NEUTRAL
67be224909c7bf1d,থালাপতি যোহন এমপি হতে পারছে মাশরাফি ও এমপি হতে পারতো জনর রায়ের ভিতর দিয়া কোন দলে অংশগ্রহণ না নেওয়া উচিত ছিল দলে অংশগ্রহণ নিয়েই আজকে বসের এই অবস্থা হয়েছে ভাই তবে ভাই তবে মাশরাফি বাংলাদেশের একজন গণ্যমান্য ব্যক্তি এবং একজন খেলোয়াড় এবং একজন ক্যাপ্টেন ছিলেন এবং উদার মনের মানুষ ছিলেন তবে কোনভাবেই কোন দলে যোগ দেওয়া ঠিক হয়নি জনগণ তাকে এমনিই এমপি বানায় নিত এবং তার মনের ভাব বোঝা উচিত ছিল কারণ হে কোন দলেরই হওয়া উচিত ছিল না থালাপতি কি কোন দলের ছিল কোন দলের ছিল না থালাতে নিজের রাজনৈতিক দল গঠন করে সংখ্যাগরিষ্ঠতা ভাবে জয়লাভ করলো হয়তো হাতে গড়ায় দুইটা একটা সিটের জন্য তবে সে অবশ্যই তোমরা মুখ্যমন্ত্রী হয়ে গেল ইনশাআল্লাহ তবে মাশরাফি বিন মুর্তজা যাও এভাবেই বাংলাদেশের একজন বড় একজন মন্ত্রী হয়ে যেত ইনশাল্লাহ কিন্তু একটু,murtaza,NEUTRAL
a74b6d110a0badb6,মাশরাফি নিজের দোষেই দুষি। কেন সে রাজনীতিতে আসলো? সেতো লিজেন্ড ছিল।।,murtaza,NEUTRAL
2b5302981600b764,মাশরাফি ভাইকে ছাড় দেওয়া উচিত!হাসিনার লোক হলেও সভ্যতার দিক দিয়ে মাশরাফি এবং জুয়ারীর মধ্যে অনেক পার্থক্য আছে!,murtaza,NEUTRAL
52f63b1d9a5c0933,মাশরাফি ভাই যদি দেশে থেকে থাকেন তাহলে আপনার যাওয়া উচিত ছিল কারণ হচ্ছে এটা ক্রিকেটের স্বার্থে আর আপনি হচ্ছেন বাংলাদেশের সর্বকালের সেরা অধিনায়ক আমার দেখা মতে। আপনাকে কোন ব্যক্তি প্রাইস দেয়নি এটা বিসিবি থেকে দেওয়া হয়েছে সম্মাননা এমনকি আপনি এখনো অবসর নেন নি,murtaza,NEUTRAL
3dbc6b87790248c7,মাশরাফি ভাই কে সভাপতি পদে দেখতে চাই 🙏,murtaza,NEUTRAL
8a5da131bb9c6c99,আমার মতে আকরাম খানকে চাই কারন স্বার্থপর মাশরাফিকে চাই না ।,murtaza,AGAINST
5b762cad159fe93b,মাশরাফির মত সৎ ও দায়িত্বশীল মানুষকে এখনই বিসিবির সভাপতি হিসেবে নিয়োগ দেওয়া উচিত,murtaza,NEUTRAL
eb29441c36ac59f8,বিসিবির বরখাস্ত চাই মাশরাফি বিন মুর্তজা ভাইকে বিসিবি সভাপতি হিসেবে দেখতে চাই!!!,murtaza,NEUTRAL
9ac3ed62996c8553,মাশরাফি ভাই কে বিসিবি সভাপতি পদে চাই ❤❤❤,murtaza,NEUTRAL
c71a8bddb3387bad,মাশরাফিকে বিসিবির সভাপতি করলে অনেক ভালো হবে।,murtaza,FAVOR
f3ae783c3928155d,মাশরাফি ভাই কে বিসিবি সভাপতি পদে চাই,murtaza,NEUTRAL
79f57637607cccf4,মাশরাফিকে বিসিবির সভাপতি করা হোক। যারা খেলা বুঝেন না তাদের কোন দায়িত্বে থাকার প্রয়োজন আছে কি?,murtaza,NEUTRAL
8580de755ce533c2,ইনশাআল্লাহ মাশরাফির নেতৃত্বে সিলেট এবার ভালো করবে 🇧🇩,murtaza,FAVOR
b5f5383381e73e5b,আর কখনো এমন মাশরাফি আসবে না। তার মত বড় মনের আর ভালোবাসা মানুষ কখনো হয় কি না জানা নেই। স্যালুট বস ❤️❤️,murtaza,FAVOR
344df768532d947c,"মাশরাফি ভাইয়ের মতো মানুষ হয় না। আশা করি ম্যাশ বসের নেতৃত্বে এবার সিলেট জিতবে, ❤️❤️",murtaza,NEUTRAL
6f9a0a6bcf1ba7fe,"সত্যি মাশরাফি ভাই অসাধারণ,, তাকে যত দেখি তত মুগ্ধ হয়ে যাই। 🥰❤️",murtaza,NEUTRAL
3cdf8106bf812f82,থ্যাংক ইউ ভেরি মাচ মাশরাফি ভাই মাঠে খেলবেন খুবই ভালো লাগলো❤,murtaza,FAVOR
e02669edbff9712c,মাশাল্লাহ মাশাল্লাহ যতই দেখি মাশরাফি ভাইকে যতই ভালো লাগে,murtaza,FAVOR
acbd8cd125115373,আমাদের প্রিয় ক্রিকেটার প্রিয় মানুষ সে আর কেউ নয় আমাদের মাশরাফি ভাই সে নিজেই ভুলে যায় সে একটা ভালো মানে ক্রিকেটার এবং এমপি সেই সাধারণ মানুষের সাথে মিশে থাকতে খুবই ভালোবাসে তাই সারা বাংলার মানুষও তাকে সবাই ভালোবাসে নির্দ্বিধায় দলমত নির্বিশেষে,murtaza,FAVOR
354b4643b36f69c4,মাশরাফি ভাইয়ের মতন ভালো মানুষ হয় না। আলহামদুলিল্লাহ❤️❤️,murtaza,FAVOR
5cc6407579c78cc7,বিসিবির উচিত মাশরাফি ও আশরাফুল কে একসঙ্গে জাতীয়দল হতে সম্মানের সাথে আন্তর্জাতিক ম্যাচ খেলে অবসরের সুযোগ দেয়া হোক,murtaza,AGAINST
4a1d68b11e6cba6b,এত গণমাধ্যম কর্মী একটা সময় মাশরাফি ভাই এর প্রশংসা করতেন এখন সেই গণমাধ্যমকর্মী মাশরাফির ভাই বদনাম করছে আপনারা ভাই পারেন সাংবাদিকতা সম্মানটা আপনারা নষ্ট করে দিয়েছেন।,murtaza,AGAINST
1202cf37fa33db05,টিসু ধার করি মাশরাফি ভাই হাত মুছে খবর কি আপনাদের কাছে আছে 😆,murtaza,NEUTRAL
22ed49e5bf0cf954,আমাদের ক্রিকেট ক্যাপ্টেন মাশরাফি বিন মর্তুজা আওয়ামী লীগ থেকে নিয়ে নির্বাচন না করতেন তার জনপ্রিয়তা থাকতেন কোন প্রধানমন্ত্রী জনপ্রিয়তা থাকত না যেটা তার সম্ভাবনা ছিল তবে আমাদের মতে তিনি দলীয় রাজনীতিতে জড়িয়ে ভুল করেছেন,murtaza,AGAINST
104adf1f428d1290,"একমাত্র ইউটিউবে ক্যাপ্টেন মাশরাফি বিন মর্তুজার সকল আপডেট পেতে এই চ্যানেলটি সাবস্ক্রাইব করে সাথে থাকুন, ধন্যবাদ। ❤❤",murtaza,AGAINST
9c9d40548cbe5ad2,মাশরাফির নির্বাচনের সব খবর পেতে এই চ্যানেলটি সাবস্ক্রাইব করে সঙ্গে থাকুন। ❤,murtaza,NEUTRAL
e84b6b88913b596d,আশেপাশে কোনো চামচা নেই। নেই প্রটোকল। আছে শুধু সকলের অকুন্ঠ ভালোবাসা যা আদায় করতে লাগেনী পেশি শক্তি কিংবা গলাবাজি। লাগেনি মিথ্যা কথার ফুলঝুরি। অন্তরে নিখাদ ভালোবাসা থাকলে কাউকে জোর করতে হয়না। অবিরাম ভালোবাসা মাশরাফি ভাই❤❤❤❤❤,murtaza,FAVOR
7b171b0f4d7f76f9,মাশরাফি ভাই কে আমি খুব পছন্দ করি তার মাঝে কোনো ঘৃণা নেই সব সময় গরিবের মতো পোশাক পরে এই জন্য দোয়া করি ভাইকে,murtaza,AGAINST
ef1aab162e0d5c4d,"নীল আকাশে লক্ষ লক্ষ তাঁরা কিন্তু চাঁদ একটায় , মাশরাফি ভাই হলেন সেই চাঁদ , যার কুন তুলনা হয় না , ভালবাসা নিবেন ভাই ।",murtaza,FAVOR
2a2e32ade84900d1,এগিয়ে যাও মাশরাফি বিন মুর্তজার সাথে আছি আমরা ্সাবস্ক্রাইব করে দিলাম সদস্য হলাম,murtaza,NEUTRAL
4caf186946b44166,মাশরাফি বাইকে আগামী নির্বাচনের পর কিরেকেট সভাপতি পদে দেখতে চাই,murtaza,NEUTRAL
266364909d77f130,মাশরাফি বিন মুর্তজা ভাই আমার একটা সমস্যা যদি আপনি সমাধান করে দিতেন।ভাই খুব উপকার হতো।আপনি কি মাশরাফি ভাইকে একটু জানাবেন,murtaza,NEUTRAL
6095287f8f94cdfd,"মাশরাফি ভাই এর মতো আমাদেরও এক এমপি পায়ছি ভালো মনের,,, সিবলি সাদিক ভাই,,,",murtaza,FAVOR
0c62a5eca9ffb709,আমার বাড়ি যদি নড়াইলে হতো আমি মাশরাফি ভাইয়ের সাথে নির্বাচনে প্রচারণা করতাম কিন্তু ভাগ্য খারাপ আমার বাসা পাবনা আর পাবনাতে কোন প্রকার নেতাই ভালো না সব নেতাই খারাপ আমি বিবিএ কমপ্লিট করে কোন প্রকার চাকরি পাচ্ছি না আমার নেতারা আমাকে চোখে পড়ে না আর আমি একজন প্রতিবন্ধী তবুও আমাকে কোন প্রকার কোটা থেকে চাকরি দেয় না কারণ তারা শুধু টাকাই চেনে আমার পরিবারে এখন টাকা দেয়ার মত কোন প্রকার সমর্থ্য নাই আমার বাবা নেই আমার মা নেই আমার পাঁচ বোন দুই ভাই আমর ভাই ও আমাকে দেখে না তবু আমার একটা চাকরি-বাকরি কেউ দিল না মাশরাফি ভাইয়ের এলাকায় যদি থাকতাম নড়াইলে থাকতাম আশেপাশে কোন না কোন ব্যবস্থা আমাকে তিনি করেই দিতেন এই জন্য আমার মন চায় যে মাশরাফি ভাইয়ের এলাকায় নড়াইলে কে কোন প্রকার থাকতে পারতাম,murtaza,FAVOR
c1c2211870c51636,মাশরাফির মত জয়ের চেয়ে হিরু আলমের নির্বাচন বর্জন অনেক সম্মানের!,murtaza,NEUTRAL
93e303db4adde8a2,মাশরাফিকে ভালোবাসার মত এদেশে অসংখ্য অসংখ্য মানুষ আছে। কিন্তূ মাশরাফির উচিত ছিল সেই ভালোবাসার দিকে তাকিয়ে হলেও ২৪শে জুলাইয়ে গণহত্যার সময় গণমানুষের পক্ষে কিছু বলার দরকার ছিল। যাই হোক মাশরাফি ক্ষমা চেয়েছেন। তাকে ক্ষমা করে দেওয়া উচিত।আর মাশরাফির বাড়ির উপর আক্রমণ করা ঠিক হয় নাই।,murtaza,FAVOR
a092817e0245b8ce,"সাংবাদিক ভাই ফ্যাসিস্ট বলছেন,দুর্নীতির কথা বলছেন।দুর্নীতির কোন প্রমাণ কি এখনো হয়েছে?আচ্ছা ওটা বাদ দিলাম, ধরে নিলাম দুর্নীতি শেখ হাসিনা করেছেন, কিন্তুু ব্যাক্তি মাশরাফি কি নড়াইলে কোন উন্নয়নে দুর্নীতি করেছেন বলে বলতে পারবেন?যদি বলতে না পারেন তাহলে কেন মাশরাফির ঘর পোড়ানো হলো?",murtaza,AGAINST
4d87794ed3744f33,আমরা কেমন জানি কষ্ট ভুলে যায় অতীতের ফ্যাসিস্ট শেখ হাসিনা মাশরাফি যখন নমিনেশন দেয় তখনও একবারও দেশের জন্য কথা ভাবিনি নিরীহ মানুষের কথা ভাবিনি সে নমিনেশন গ্রহণ করে আজ তার এই অবস্থা কেন তাকে তো সবাই ভালোবাসতো,murtaza,FAVOR
6cc5ddfc77fe1ea3,"মাশরাফি বিন মোর্তজা কে আমি, আমরা সবাই ভালোবাসী আমরা আজীবন ভালোবাসবো। এখানে ওনাকে আমরা কেউ দোষ দিব না,উনার বাবা গোলাম মোর্তজা একজন লোভী মানুষ, আমরা ছোটকাল থেকে দেখে আসছি এবং শুনে আসছি উনি একজন বিএনপির সাপটার ছিলেন বা নেতা ছিলেন উনি লোভে পড়ে আর স্বৈরাচারী হাসিনার চক্রান্তে পড়ে মাশরাফি বিন মর্তুজার জীবনটা নষ্ট করে দিলেন। সাংবাদিক যারা আছেন তারা নড়াইলে খোঁজ-খবর নিয়ে দেখেন মাশরাফিকে এখনো মানুষ ভালোবাসে এখনো মনেপ্রাণে তাকে চায়। স্বৈরাচারী হাসিনা কত মানুষের যে জীবন নষ্ট করে দিয়েছে তার কোনো ইয়ে নাই।",murtaza,NEUTRAL
d0c381ab6c9031fd,যারা মাশরাফি কবর রচনা করেন তাদের কবর হবে কি না আললাহ্ ভালো জানেন।,murtaza,FAVOR
ab3fe6e5b9dcecdd,মাশরাফি নড়াইলের মানুষের জন্য কত কিছুই এনা করেছে মাশরাফির জীবনের যত ইনকামের টাকা আছে সব নড়াইল বাসির পিছে খরচ করেছে আর সরকারি ফান্ডের থেকে নড়াইল বাসের জন্য সব রকম সুযোগ সুবিধা নিয়েছে নড়াইলকে উন্নত একটি শহর হিসেবে গড়ে তুলেছে আর নড়াইলের মানুষ মাশরাফির পিঠে ছুরি মেরেছে,murtaza,NEUTRAL
284963a92e816c97,ভাই মাশরাফি ভাই অত ভালো মানুষ না তিনি ২০১৮ সালে নির্বাচিত হয়েছে ২০২৪ সালে ক্ষমতা হারিয়েছে এই ছয় বছরের মধ্যে উনি নড়াইলে সেরকম কোনো উন্নয়ন করেননি উনার পিছনে থাকা ছাত্রলীগ যা করেছে নড়াইলে তা বলার মতো না শুনেন যে যা করবে সে সেটা ভোগ করবে। মাশরাফি ভাই তার নিজের কর্মের ফল পেয়ে গিয়েছে,murtaza,FAVOR
204ac3b4fa091fe5,মাশরাফির জন্য শুভকামনা রইল আমি চাই যে মাশরাফি আগামীতে এমপি হক,murtaza,NEUTRAL
d38b0a40eda36c15,মাশরাফি ভাই ঠিক করেছে কারন আওয়ামীলীগ সরকার দেশের উন্নয়নের সরকার যোগ্য মানুষ যোগ্য দল মাশরাফি ভাই জন্য শুভ কামনা রইল জয় বাংলা জয় বঙ্গবন্ধু,murtaza,NEUTRAL
cd91523bd1102fe5,মাশরাফি একজন দেশের সম্পদ।হয়তো আজ তার ভক্ত অনেক কিন্তু দিন শেষে সে একা।তার নিজের স্বাধীনতা আছে আর তার মতো প্রতিভাবান মানুষ দেশের দরকার শুধু খেলায় নয় রাজনৈতিতে ও প্রয়োজন।।। Best of luck #boss,murtaza,FAVOR
f6dbc9cf610e15d1,মাশরাফি নির্বাচন নিয়ে কি বলবো।। কিন্তু হ্যা সে নরাইলে জন্য যা করছে। সব কিছু নিজের জন্য করছে। তার মনে রাজনিতি চিলো সে রাজনিতি করবে। এই কারনে নরাইলে উন্নতি করছে।। যা করছে রাজনিতি জন্য।।। ভালো থাকবেন মাশরাফি ভাই।।।,murtaza,FAVOR
5f6d786fdd78fa57,মাশরাফির যদি দেশের জন্যই রাজনীতিতে যোগ দেন তাহলে সে নিজের থেকেই একটি দল তৈরী করতে পারতেন কোনো দলের সাথে যোগ দেয়াটা আমি মনে করি ঠিক হয় নি,murtaza,NEUTRAL
307498bad5efc7d6,মাশরাফি কে নিয়ে ব্যাবসা শুরু করে দিয়েছে,murtaza,NEUTRAL
31a2027f7d8bca02,বাই বাংলাদেশের 16 কোটি মানুষের যেরকম মাশরাফি ছিল এরকম বাংলাদেশের 16 কোটি মানুষের আসিফও ছিল এখন দেখা গেল আসিফ নীরব ধানের শীষ মার্কা মাশরাফি নৌকা একথা থেকে আপনারা কি বুঝলেন একটু বলবেন আমাকে বুঝছেন আপনাদের সমস্যা একটাই কেন তোমার ছবি নৌকা নিল কেন দানেশ নিল না,murtaza,NEUTRAL
8318e3b1b53787f2,হুট করে অাওয়ামিলীগের যোগ দেওয়ায় অনেকেই অভাক হইছে।।মাশরাফি ভাই অাপনার যদি এতই জনপ্রিয় তাহলে সতন্ত্র থেকে নিবাচন করলেন না কেন.. মাশরাফি কে অামিও সম্মান করি ব্যক্তি ও বাংলাদেশ জাতীয় দলের অধিনায়ক হিসাবে।।। পরিশেষে বলতে চাই রাজনীতি ও খেলা এক নয় দুইটা ভিন্ন।।,murtaza,FAVOR
d9fa3cfb78dd68be,আমি মনে করি মাশরাফি কাছ থেকে অনেক কিছু শেখার আছে দেশের মানুষ অনেক কথা বলে তাকে নিয়ে আমি মনে৷ করি রাজনীতি খারাপ কিছু না,murtaza,AGAINST
36d780e241015a68,"সম্পুর্ণ বাংলাদেশকে রেখে সুধু একটি বিতর্কিত রাজনৈতিক দলের হয়ে কেনো? আমাদের মন থেকে দূরে সরিয়ে নেয়া কেনো? আগে ভাবতাম মাশরাফি অপর নাম বাংলাদেশ আর এখন ভাবতে হচ্ছে সে আওয়ামীলীগ। মাশরাফি ভাই দয়া করে একটি নতুন দল গঠন করুন আর দেশকে কলুষ মুক্ত রাজনীতি উপহার দিন, তবেই আপনার সাথে আজীবন নিজেকে দেশের সেবা দেয়ার জন্য বিলিয়ে দিবো ইন-শা আল্লাহ।",murtaza,NEUTRAL
96365bd38f006cba,"তোমরা আর মানুষ পাইলা না,, মাশরাফি তো আর সারা বাংলাদেশের নেতা হবে না,,, সে দেশের অনেক উন্নতি করে ফেলবো,,,সব যে পাগলের দল,,,বুদ্ধিমান মানুষের ইন্টারবিউ নেও তাহলে সঠিক কথা পাবে,,,",murtaza,NEUTRAL
cce1957c6d98d923,এই সালা দুই নাম্বারি করেছে এখানে। তোর জুতা মারবো সালার কুকুরলিগ। সাজিয়ে কথা চুদাও। ৯০ % মানুষে মাশরাফি কে ধিক্কার জানায় আর তোর প্রতিবেদনে সবাই উনার ভালো বলে। সালার কুকুর লিগ।,murtaza,FAVOR
a5cb640479e5d511,মাশরাফি কাজ টা ভালো করলো না সি সি মাশরাফি,murtaza,FAVOR
d42e5053296c9871,চেয়ারম্যান ভাই জায়গা মতো পরছেন দুরনিতী কইরেন না মাশরাফি ভাই আছে,murtaza,NEUTRAL
0cbee558ab6a86fa,মাশরাফিকে এমপি হিসাবে ভালো লাগে না। মন্ত্রী চাই।,murtaza,FAVOR
874785d588b7b4eb,ভালো লাগলো কথা গুলো। সব সময় ই শুভ কামনা থাকবা বস মাশরাফির জন্য।,murtaza,FAVOR
42f2eb43e7e87f42,মাশরাফির মত অন্যরা কি করে হবে।। অন্য সবাই তো প্রচুর টাকা খরচ করে এমপি হইছে।। সেই চালান উঠাইবে তার পর ছেলে মেয়েদের বিদেশে পাঠাবে পড়া শোনার জন্য।। শিক্ষিত হোক আর নাই হোক।।।,murtaza,NEUTRAL
472234d41926e0b0,"মাশরাফি ভাইয়ের কথা শুনে অনেক ভালো লাগলো এরকম যদি সবাই কাজ করতো তা হলে,,, দেশ অনেক উনয়নে পরিনত হতো।",murtaza,FAVOR
5d8a0ed32ed25289,মাশরাফি অনেক সুন্দর কথা গুলো বলছেন। জনগণ ভালো উপদেশ দিচ্ছেন।,murtaza,FAVOR
b6dfee78464e3e32,আসসালামুয়ালাইকুম মাশরাফি ভাই আশা করি আপনি ভালো আছেন এবং সব সময় আপনি ভালোর পক্ষে আল্লাহর কাছে আপনার দীর্ঘায়ু কামনা করছি তবে আমি আমার লাইফে সবচেয়ে বেশিসাফল্যময় লাইফ মনে করতাম যদি আপনার এলাকায় আমার জন্ম হতো,murtaza,FAVOR
4e8bd695dfd1de5e,মাশরাফি বিন মর্তুজাকে বাংলাদেশ ওর জন্য দোয়া করি শুভকামনা সব সময় মুখে হাসি থাকে মাশরাফি বিন মর্তুজাকে আপনাদের জন্য অনেক কিছু করছেন আমি চাই বর্তমান ক্রিকেট বিসিবির প্রধান হিসেবে আপনাকে দেখতে চাই,murtaza,NEUTRAL
6eb5836f0318b219,মাশরাফির কথা গুলা আমার কাছে অনেক ভালো লেগেছে।সকল নেতা যদি মাশরাফির মত হত তাহলে আমাদের দেশটা সোনার বাংলা তে রুপান্তরিত হত।জয় বাংলা।,murtaza,FAVOR
68a7e50081d03d80,অনেক ভালো লাগলো মাশরাফি ভাই। আপনি বাংলাদেশের রোল মডেল। আপনি এগিয়ে যান। আমরা সব সময় আপনার পাশে আছি।,murtaza,FAVOR
6873b814aa7610da,মাশরাফির মত করে বাংলাদেশ সব রাজনৈতিক নেতাদের দেশ ও জনগন নিয়ে ভাবতে হবে ।। আর মাশরাফিকে দেখে বাকিরা শিক্ষা নিতে পারেন।।।,murtaza,NEUTRAL
ed1112a01b90ecd0,মাশরাফি বিন মর্তুজা শুধু মাঠের অধিনায়ক নয় আমরা তাকে পুরো জাতির অধিনায়ক হিসেবে দেখতে চাই,murtaza,NEUTRAL
1a50973dfa019530,আমার বাড়ী মাদারীপুর মাশরাফিকে অনেক ভালো জানি তাই তার জন্য দোয়া করবেন,murtaza,FAVOR
51d5bc8b16032c99,মাশরাফি ভাইকে বিসিবি সভাপতি হিসেবে দেখতে চাই এটা নিয়ে আপনারা কাজ করেন,murtaza,NEUTRAL
4e31474b692e6804,মাশরাফিকে বাংলাদেশ এিকেট বোড হিসাবে দেখতে চাই আমার বাড়ী মাদারীপুর বতমানে আমি আছি ভৈরব নাজমুল হাসান পাপনের বাড়ীর কাছে,murtaza,NEUTRAL
14517078a649b1f9,সত্যু্িই তোমাকে পেয়ে ও যদি খোদার দরবারে শুকরিয়া আদায় না করে আপনার আসনের লোক তাহলে আমি মনে করি আপনার এলাকার বা আসনের লোকদের ভালো মানুষ বা ভালো নেতা চিনার কোনো যুজ্ঞাতা নাই আই লাভ ইউ বস্ মাশরাফি। আমরা যদি আপনার মত একটা নেতা পাইতাম তাহলে আমাদের ব্রাহ্মানবাড়িয়ার জমিন দন্য হইতো।।।।।,murtaza,FAVOR
2aaaad502df727fe,মাশরাফি শুধু মাশরাফি কাজে দুর্নীতি ঠেকাতে পারে না আবার পারে। আমি ভালো বাসি ভালো মানুষ কে পছন্দ করি তার নাম মাশরাফি।,murtaza,FAVOR
4f199ba87e35e64d,সব এমপি যদি এমন হত! যারা সোনার বাংলা গড়ার কথা বলি আগে মাশরাফি ভাইয়ের মতো হয়ে তারপর বলি,murtaza,NEUTRAL
750129964b7c0ef4,মাশরাফির মত নেতারাই ইহকাল এবং পরকালে ভালো কিছু পাওয়ার আশা রাখেন। বিশ্বাস যোগ্য নেতা হচ্ছেন মাশরাফি বিন মর্তুজা।,murtaza,FAVOR
cfea15ca1914de3f,মাশরাফি ভাই আপনি নেতা হন খেলোয়াড় হন আর যা-ই হননা কেনো আপনা প্ররিশরম আপনার কাজ ও আপনার দক্ষতা কে ভালো লাগে তাই আপনাকে ভালোবাসি কিন্তু এমন নেতা আপনার ছাইয়ার পাশেও রাখবেন না যে নেতা গোরিবের আহার কেরে নেই,murtaza,FAVOR
54a1e9071efeca44,ইমরান খানের মত মাশরাফি কে বাংলাদেশের প্রধানমন্ত্রী চাই,murtaza,NEUTRAL
8078dad0224b7ba2,"কাউয়া কাদের কে সরিয়ে,, আওয়ামী লীগের সাধারণ সম্পাদক এবং সড়ক ও সেতুমন্ত্রী মাশরাফিকে বানানো হোক,,এতে করে শুধু নড়াইল বাসির নয়,, গোটা বাংলাদেশের জন্য ভালো হবে,, মাশরাফিকে দায়িত্ব দিলে বাংলাদেশের সমস্ত কাজ মান সম্পূর্ণভাবে তৈরি হবে,, এবং সমস্ত কাজ দ্রুতগতিতে এগিয়ে যাবে,,",murtaza,FAVOR
a0aa5bb86efc0059,মাশরাফি ভাই কে খুব মনে পড়ে আমি মাশরাফি ভাই কে খুব ভালো বাসিমাশরাফি ভাই কে ক্রিকেট দলে না দেখলে আমি খুব দুঃখ পাই আপনাদের কাছে অনুরোধ মাশরাফি ভাই কে যেভাবে ই হক আপনি কথাটা বলবেন আপনার কাছে অনুরোধ রহিল,murtaza,FAVOR
5a603517b3e7bd31,মাশরাফি আমাদের দেশের গর্ব।। আমাদের সবার নেতা।। আমরা সবাই মাশরাফি কে ভালবাসি।। তার খেলা আমরা মিস করি।। সবাই চাই সে যেন খেলায় ফিরে আসে।। 😇😇😇😇,murtaza,FAVOR
0ee1adb6e982c4c4,Love you mortaza from nepal you really hero,murtaza,FAVOR
71f54f6796275ec1,"মাশরাফি ভাই, আমাদের মাশরাফি ভাই! ক্যাপ্টেন ম্যাশকে লাল সালাম জানাই। 👏👏👏👏👏👏",murtaza,NEUTRAL
75edcdff1c0c3b71,Top 10 captain of history 1. Ricky Ponting (Father of all Captain) 2. Sourav Ganguly (Most struggling one) 3. Mashrafe Mortaza (Most unlucky one but won everyone's heart) 4. Michael Clarke (the coolest guy) 6. Imran Khan (the lone ranger) 7. Kapil Dev (the guardian) 8. Arjuna Ranatunga (the game planner) 9. Steve Waugh (Captain Australia) 10. M.S. Dhoni (the most luckiest and most unethical captain of history),murtaza,NEUTRAL
dd4f84393e5df193,When that fan came and mortaza save him from guards ..my respect for him just grow up ...I am his fan always but now he is my legend...love u M mortaza,murtaza,FAVOR
76618f0eb793b5aa,মাশরাফি আমি অনেক অনেক ভালো বাসি ভালো বাসবো ভালো বেসেছি ভালো লেগে যায় আমি করি করব?,murtaza,FAVOR
bc8d5aa9ff589524,My love to mortaza ....he is the only person with a good attitude in bangladesh cricket team #my respect to him From India,murtaza,FAVOR
8d0a355e751a3fc9,Great mortaza. I like ur attitude and fans respect,murtaza,FAVOR
35d3eccadbdd7ae7,Very humble person mortaza and fav cricketer ...,murtaza,NEUTRAL
41082a32576a3285,murtaza ..lucky to born bangaladesh. .india not even get chance state level cricket. .eatai satti,murtaza,NEUTRAL
0dbb7d1a57b39a62,Murtuza is the best captain and human being.,murtaza,FAVOR
1bec217686ebcabd,ইলিশের বাড়ি চাঁদপুর থেকে... মাশরাফি ভাইকে সালাম জানাই।,murtaza,NEUTRAL
e821d2f9f56a50df,মাশরাফি বিন মর্তুজা খুব ভালো মনের মানুষ এরকম একটি নেতা প্রয়োজন দেশে সত চরিত্র ভালো একটা মানুষ মাশরাফি বিন মর্তুজা খুব ভালো দোয়া করি আল্লাহ সফল করে,murtaza,FAVOR
17759467155bab2f,বাংলাদেশের নেতাদের উনাদের কাছ থেকে শেখা উচিত। মাশরাফি এবং জুনাইদ আহমেদ পলক দুজনই অসাধারণ ব্যাক্তিত্ব। 💝💝,murtaza,NEUTRAL
db61e21dfb189603,"মাশরাফি ভাইয়ের জন্য শুভ কামনা ও ভালোবাসা...রইলো.. বগুরা থেকে,,।।",murtaza,FAVOR
dd6375c6360956e3,গান টা ভালো লাগলো।মাশরাফি অনেক ভালো মানুষ। ওনার জন্য অন্তর থেকে অনেক দোয়া রইলো।আললাহ ওনার নেক হায়াত দান করুন।,murtaza,FAVOR
6741f6dae66aaeba,মাশরাফি নড়াইলে সদর ২ আসনে জনগণের আলোকিত সেবক সফল হতে পেরেছেন খুব সুন্দর সাধারণ মানুষের মতো জীবন যাবন করেন সাহসের অনুপ্রেরণা বিশ্বাস জনগণের মাশরাফি।,murtaza,NEUTRAL
c75bb8b94d590038,বাংলাদেশের ৩০০ আসনে যদি মাশরাফির মতো এরকম এম পি পাইতাম?,murtaza,NEUTRAL
4413540615635a28,Personally Mashrafee Bin Mortaza is famous man.Congratulations him.,murtaza,NEUTRAL
3cf4e22b48047e3c,"জননেত্রী শেখ হাসিনার কাছে অনুরোধ করে বলবো, যে মাশরাফি ভাইয়ের মতন, এমপি প্রতিটা আসনে যেনো দেয়।",murtaza,NEUTRAL
fcc1174b8bd2ed40,মাশরাফি ভাই তোমাকে সেলুট জানাই ভাই। আমার দেখা সেরা নেতা আপনে ভাই। আপনার জন্য প্রাণ খুলে দুয়া করি আপনি আরো ভালো কিছু করেন ভাই। 💪💪💪,murtaza,FAVOR
98d8057a2f2693bf,মাননীয় প্রধানমন্ত্রী শেখ হাসিনা সরকার বারবার বলা হয়েছে সবাই আমরা আশা বাদী মাশরাফি কে তাঁহার হৃদয় স্থান করে নিবেন।,murtaza,AGAINST
cfc1a4b9432be1d2,সত্যি মাশরাফি ভাইয়ের তুলনা নেই আমি ময়মনসিং থেকে বলছি,murtaza,NEUTRAL
4d4030f688a9cfc4,আমি কোন পথ খুঁজে বের করে পাই না আমার গলা টা চেপে ধরে আবার ধরে না শুধু যুক্তি দিয়ে কথা বলতে হচ্ছে আমি নির্বাচন হয়ে গেছে আমার কথা গুলো সফল হতে পারে নেই এখন আমার কথা শুনতে হবে বীনা পয়সার মাতুব্বর। আমার কোথাও জায়গা নেই আমাকে জায়গা থেকে শূন্য করে রাখা এ জীবন। আমার এই সেলিনা চৌধুরী আইডি তে ফেসবুকে অনেক বন্ধু আমাকে করে ছিলো প্রধান মানুষ গুলো আমি কেটে দেই তাহার কথায় এখন আমার কি উপায় সবই আমার শূন্য খাতায় এই ছিলো মনে রে বন্ধু মাশরাফি।,murtaza,NEUTRAL
11b8088f4b393993,মাননীয় প্রধানমন্ত্রী শেখ হাসিনা সরকার আওয়ামী লীগ নৌকা জয়বাংলা মধ্যে আমি ও নড়াইল সদর ২ আসনে মাশরাফি কে দেখ তে চাই আমার পাঁচ তারিখে মেয়ের দুঃখ আঘাত মুছে যাবে মাশরাফি অনেক ভালো মানুষ জয় বাংলা।,murtaza,FAVOR
d3ea7dc60c7b51ce,মাশরাফি ভাইকে বোর্ডের সভাপতি হিসাবে দেখতে চাই,murtaza,NEUTRAL
dbf698ad511923c7,মাশরাফি ভাই এরকম এত বুদ্ধি দীপ্ত কথা বলে আমাকে অবাক করে দিলেন। তার এই মেধাকে রাজনৈতিক অঙ্গনে কাজে লাগানো উচিত।,murtaza,NEUTRAL
bfc9c5e67ac3027a,বাংলাদেশ জাতীয়তলা যে কোন দায়িত্বে চাই মাশরাফিকে,murtaza,NEUTRAL
05cc42eb99bf2434,আমি দুইজন মানুষের খুব ভক্ত এক শিল্পী আসিফ আকবর তুই মাশরাফি বড় ভাইয়ের মত লাগে তাদের খোলামেলা কথা তাদের ব্যক্তিত্ব বেশি ভালো লাগে,murtaza,FAVOR
dd68a6e76cf26701,যে যতোই চাপাচাপি করেন লাভ নাই কারণ সামনে জাতীয় নির্বাচন আর মাশরাফি ও একজন মাননীয় সংসদ সদস্য তাই আমার মনে হয় নির্বাচনে ব্যাস্ত থাকবেন 😊,murtaza,NEUTRAL
690f6768860594d3,বোর্ডের দুর্নীতি দূর করে দেশের ক্রীড়াঙ্গন বিশেষ করে ক্রিকেটকে এগিয়ে নিতে ক্রিড়ামন্ত্রী অথবা বিসিবির প্রধান হিসেবে মাশরাফি ভাইয়ের বিকল্প নাই 👍,murtaza,AGAINST
5fd7d4761922fc48,মাশরাফিকে বাংলাদেশ ক্রিকেট বোর্ড প্রেসিডেন্ট হিসেবে দেখতে চাই,murtaza,NEUTRAL
26ed21f50363413d,মাশরাফি কে বোর্ডের সভাপতি হিসেবে দেখতে চাই।,murtaza,NEUTRAL
84983fe8b05757b1,পাপন সাহেব আপনি অবসর নেন ক্রিকেট বোর্ড থেকে এবং আপনি মাশরাফিকে এই দায়িত্ব দিয়ে যান বলতে পারি আমি চ্যালেঞ্জ করে অতি দ্রুত বাংলাদেশ বিশ্বের ভিতরে র্যাঙ্কিংয়ে 2 3 থাকবে আপনার সুন্দর জীবন কামনা করছি,murtaza,AGAINST
bf4e910e7e5afce7,"আপনি ওতো অনেক ব্যস্ত , মাশরাফি চাইতেও বেশি, আপনার বিসিবি থেকে অবসর নেয়া উচিত।",murtaza,AGAINST
a4e9c0cd0fbc1a90,মাশরাফি কখনও ফিটনেস টেস্টে ফেল করে নি।,murtaza,NEUTRAL
100358a552accff8,শেষে একটা ভালো কথা কইছে ;মাশরাফি ভাই ক্যাপ্টেন হিসেবে বিশ্বকাপ খেললে দেশের মানুষ খুশি হইতো;আসলেই ঠিক তাই,murtaza,FAVOR
fc1cf30f2594f81b,"নারে এটা বলে নাই,,পরে আরো অনেক কিছু ই বলছে, মাশরাফি বা সাপোর্টাস কে নিয়ে,,ওইটুক আর দেই নাই,tsports এ গিয়ে দেখেন, কেমন তুচ্ছ তাচ্ছিল্য করছে",murtaza,NEUTRAL
e2272a7c60391426,Mashrafe is the best captain in our cricket history. No doubt about it.,murtaza,FAVOR
050760f4341ecd74,"Mashrafe is a gem of a person. Not on this one occasion, he has shown that he is a kind human being on so many occasions. He is humble, despite being hugely talented and being the Captain of the national cricket team of Cricket crazy country like Bangladesh, he has not let fame and adulation get into his head. Remarkable individual and very good cricketer. He made good observations, India , is stronger side but none the less , it would be a well fought out match tomorrow. Insha Allah best team on that day wins. !!",murtaza,NEUTRAL
aba055de7dab539d,Mortaza had been very good ambassador for Bangladesh for long time...very successful captain for Bangladesh...his press conference was excellent,murtaza,FAVOR
b4aac204e1ccfca2,"A 19yo Pakistani student in China, its 3:37 a.m. here right now and i am laying on my bed alone in my room listening to this on repeat. It has been over a year since i last saw my family and this song just healed something in me which I did not know was broken. Moments like these for sure are unforgettable. Thanks Murtaza!",murtaza,FAVOR
6a5c3349ecddc040,"To future listeners, I was here when Murtaza was still being underrated!",murtaza,NEUTRAL
6a0a6eee81587772,"This song is not just for relationship and love . This song is for those people who are mentally fighting with their career, relationship, failure, struggles . These people find peace in this song . I am one of them . I am going through a lot of struggle for past 1-2 years . I failed at university entrance admission exam , I was always willing to study at these universities,but unfortunately I failed. Also in those failure period, my family was going through a lot of financial problems and hardship. You can say I saw all the struggles in my 20 . Gradually I am trying to fix up my mental issue and my family condition are also improving. I find peace in this song . Whenever I remembered those bad times ,I find escape through this song . Thank you murtaza for this beautiful song ♥️",murtaza,AGAINST
65132eba4b03e489,A 22yo Indian student in Kyrgystan its 4:19am. And eid al adha namaj at 7:30am. I don't know what bothering me inside this is my first eid al adha without my people i don't have any special clothes to wear like i have too many new clothes but not decided what to wear i don't know what i will do tomorrow i'm missing my parents too much and i have listened this song for more than 10 times on loop and i don't know it healed me a lot i know Moments like these for sure are unforgettable. Thanks Murtaza!,murtaza,NEUTRAL
23e64ca428e9e77e,"To future listeners, I was here when Murtaza was still being underrated! 🙃",murtaza,NEUTRAL
495321dd3bd4a29d,"It’s around 3 am in Bangladesh right now. I am with my best friend having fun, laughing together having an warm light in the background and listening to this amazing masterpiece you just launched. Forever grateful for moments like this Murtaza.",murtaza,FAVOR
6d7eb7db7188c9a7,"To future listeners, I was here when Murtaza was still underrated.",murtaza,NEUTRAL
931b0c1eda2f9c07,"For future listeners: remember, I was around when Murtaza hadn’t gotten the recognition he deserved.....",murtaza,NEUTRAL
e2d6d8d5b9e4ba5e,Most of Murtaza's magical songs can make you travel out of the world instant ! 🌻,murtaza,NEUTRAL
c1ee2190e4a94770,"A few days ago i listened this song in a reel on instagram..n damn idk how i forgot to listen this complete song.today i was jus scrolling to listen something new .. n i finally listen his song hum n after tgat tum or now im listening this song in which i got stuck a few days ago .. murtaza literally nailed it .. The music, voice,lytics everything is so perfect n attractive that i cant ignore it",murtaza,NEUTRAL
8bb0938497e7d6bc,I heard murtaza for the first time at lums music fest and he opened that concert singing this song there it was truly amazing ❤️❤️ this song is close to my heart from that day.,murtaza,NEUTRAL
ddfdfa7bf0ea1909,This guys has revolutionized the Pakistani music era!!! After a long time I heard such beautiful songs. Keep up the Good work Murtaza Qizilbash,murtaza,NEUTRAL
030955252c76ca12,"At first, I was a girl who didn't even know about Murtaza Qizilbash. But my best friend told me about this song, and I covered it. From that day, this song became my obsession. I don't know why, but I literally started to love it. It felt like something in that song was waiting for me to find it. Then came the moment I'll never forget. Once, he and I were listening to this song at the same time without even knowing. Both of us, miles apart, lost in the same melody, the same lyrics, the same feelings — neither of us aware that the other was right there in that same moment. And then I sent him a voice message. And he said, ""Yes, I am also listening to that song."" My heart stopped. In that moment, it felt like the universe was whispering to me: This is not just a coincidence. This is something more. From that day, whenever I miss him — and I miss him every single day — I listen to this song. It's like his presence wraps around me through those notes. It's the closest I can get to him without actually having him. ""Bhool"" isn't just a song to me anymore. It's the story of us. It's every feeling I couldn't say. It's the ache of loving someone from a distance. It's my heart speaking in melodies because my lips don't have the courage. And maybe that's why I became obsessed. Because somewhere in that song, I found a piece of him — and a piece of me that I never knew was lost.",murtaza,FAVOR
075832da6312545a,"Murtaza bhaya, yhi quality chahiye, cuz I'm fallin in love with this Masterpiece 😩",murtaza,FAVOR
0309861508a25cf4,Came to know about Murtaza's Hum song from Samar's performance with him. Listened Murtaza's almost 10 songs in a day along with his Hum version. Became fan of Bhool and Hum Don't know how many times I have played both these songs from last 2 days❤,murtaza,NEUTRAL
b706503d5afe20c9,"While Murtaza’s masterpiece fills the room, I sit alone, tears spilling as I picture the love of my life ...her phone confiscated, her freedom stolen by her sister who won’t let her step outside or speak to me. Her family has beaten her simply for loving me, and each note feels like a fresh wound. I pray for her safety and health, yet the hopelessness presses hard; I feel done with this world. I love you alot bbe😢 #19",murtaza,FAVOR
69c3cdc326bf17f8,"It’s been three days since I found this masterpiece, and it’s been playing on loop ever since. I can’t explain how deeply it touched my heart. ❤️❤️ Just imagine — Kaavish and Murtaza together on one track.",murtaza,NEUTRAL
2a380cdbe09485b7,"To future listeners, I was here when Murtaza was still underrated.💓💓💓",murtaza,NEUTRAL
c5f99ab64b698347,Js let it remain underrated it doesn’t deserve to lose it’s magic by some shi- ppl out there. A pure gem by murtaza qizilbash and it’s one the songs that’ll always remain in my daily playlist.,murtaza,NEUTRAL
cdf7cb0ac79f8f25,"murtaza bro one day you’ll rise as a great artist, and countless hearts will be touched by your songs.🎶🇧🇩❤️",murtaza,FAVOR
244f9c11f4ee655e,It's so unfair that murtaza has only 11 songs 😭,murtaza,NEUTRAL
b4c0fccf09c3c3ec,Murtaza underRated te tub se apka fan ho.Mujhe yaqeen tha K Allah apko zaror kamyab krega.,murtaza,NEUTRAL
aea3eae256cc092f,"Murtaza, You are my favourite singer... I wish I could meet you guyz. Really Appreciate your music Murtaza. lots of love for both of you.",murtaza,FAVOR
121ded2e7b0f2907,Murtaza Qizilbash has an angel sent voice!,murtaza,NEUTRAL
75350e5402d0b3d3,"Murtaza quibilish has a another talent on song lyrics,i love him, Love you boss from Bangladesh 🇧🇩🇧🇩",murtaza,FAVOR
6be5c26d201167fb,Magic hai bhai murtaza or iskay songs he is truely going to become a much prominent singer.. I wish he may ever get peered with anural khalid on any coming song,murtaza,NEUTRAL
5fa04afad62b89c3,Murtaza big big thanks... Ap k song loop m sunti hn ghanto in me time m.,murtaza,NEUTRAL
dda059b968473526,Lowkey manifesting a Kaavish × Murtaza × Samar × Abdul Hanan collab 😩✨ I NEED to witness this in my lifetime bro 😭🤌.,murtaza,NEUTRAL
4fbea0f32fc4daf6,"Trusting a song before hearing it is rare, but somehow Samar and Murtaza Qizilbash made it effortless🤍",murtaza,NEUTRAL
03a527d6aec33514,When the combination is Murtaza and Samar you can easily trust that,murtaza,NEUTRAL
96d9b25bcd0a1650,"I can proudly say that this is Pure Masterpiece.✨ All the unsaid things in my hearts comes out in the form of this songs..”sawaal on k jawab dhondta..yeh baat hai purani” this hits hard and real…😞🤞🏻🫶🏻 To Samar ~ I was a follower listen and love all the songs of you but this time it hits really hard after Chalo door khain, khwab, recently khsara….and now this🤍⭐️ Last time in December I was having my exams when u released Khwab..instead of studying solving maths problems..I was stuck on khwab and deep down crying and now This (Har baat) Bhai mere finals papers chal rhe, i really want to focus..don’t even have time to go on in depression but don’t getting good vibes.. this song would not let me study..pehle hi pure din khayaloh se bahir nHi nikalte.💐 Murtaza Qizilbash is on the top of list of my favourite singers since the era of HUM❤ “HAR PAAL DUAON MEIN TUJ KI HI MANGTE HAI PHIR BHI TU ATA HAI NHI..💕 MUJH MEIN JO KOI KAMI HAI THORI PURI WO TUMSE HAI HOYII JAB TUM ANA GALE LAG JANA TERE SIWA NA HAI KOIII..HAM TU TUMKO PUKARTE HAI YOUN YAAAD KRTE HAI DIL JO GHABRA JATA HAI KABHI..KHUD KO SAWALON MEIN BARBAAD KRTE HAI JAB TU JAWAB DETA HAI NHII..CHORO YEH BAAT PURANI HAI PHIR SE LIKHNI EK NAYI KHANI HAI..KARTE HAI TUMSE YEH WADA TU HAM HAR BAR AYEINGE TUJHKO MANAENGE TERE GUNN GHAYE GE HAR GHARI..HAR PAAL DUAON MEIN TUJHKO HI MANGE GYETU AH HI JAHE GA HAI YAQEEN”🫀🫶🏻 CHALE DIYE TUM KHA MERE MARNE K BAAD😔🙌🏻 PURE MAGIC 🌺🫂",murtaza,FAVOR
62a8d85c62779985,Was thinking about Murtaza X Quratulain Baloch,murtaza,FAVOR
bcb0cc6c549ee559,"This track is not as simple as it sounds when you first listen to it. It is very well composed and mixed, with a very subtle musical arrangement and understated beats. Musically, it's a very deep track. Fewer instruments, more atmosphere. Nothing feels overcrowded, yet every layer quietly adds emotion and depth. The production leaves space for the vocals and emotions to breathe instead of forcing unnecessary complexity. Even the pauses and silences feel intentional. The guitar textures, ambient elements, soft percussion, and vocal placement all work together in a very restrained but mature way. What I also like is how the song slowly grows emotionally without dramatically changing its structure. It stays intimate throughout, but the emotional weight keeps increasing with every section. Samar Jafri’s smooth melodic delivery and Murtaza Qizilbash’s raw indie-style vocals complement each other beautifully. That contrast is probably one of the strongest aspects of the track. Lyrically too, it avoids overly poetic exaggeration and instead feels honest, personal, and conversational — which makes the emotions hit harder. It’s the kind of song that reveals more details with repeated listens, especially if you pay attention to the mix, background textures, and the way the vocals sit inside the instrumental rather than above it. Overall, “Har Baar” feels less like a mainstream commercial song and more like an emotional atmosphere carefully crafted through simplicity.",murtaza,NEUTRAL
bfc7b8605eae4f94,Brooo whatbout Murtaza? This 2 tune remix actually born for this song.🐐,murtaza,NEUTRAL
10e6d7b170e4bfd6,Samar is the Ahmed Jahanzaib of the future. Murtaza + Samar + Abdul Hanan + Aashir Wajahat..... Future of music is secured... 🙌,murtaza,NEUTRAL
44cbd587eaf5c80b,"This song feels even more special because someone once introduced me to Murtaza’s music, and since then I’ve been completely addicted to every lyric, every melody, every feeling your songs carry. Funny how people can leave but still leave pieces of themselves behind in the things they loved. He’s not in my life anymore, but wherever he is, I truly hope he’s doing well and has found whoever he was searching for. And thank you for making music that keeps some memories alive in the softest way possible.",murtaza,FAVOR
f02d68afcdccec7a,Murtaza not coming slow. So much awesome collabs and Samar was cherry on the top. Masterpiece as it was expected!,murtaza,NEUTRAL
1e89a492ebfbc6db,2:52 Love the song. Nice touch: Murtaza's part (Urdu Lyrics) Samar's part (Roman Urdu Lyrics),murtaza,FAVOR
fffd6f4ba9895049,This year is officially for Murtaza Qizilbash and Samar Jafri Pagluzz🤍🌷,murtaza,NEUTRAL
339d8fa4df5f7758,"Samar Jafri doesn't just sing lyrics; he sings emotions. And Murtaza? A visionary. 🎯""❤️‍🩹",murtaza,NEUTRAL
32aa1fbe9f16e0ef,Murtaza is not human because no human can drop a banger every time.,murtaza,AGAINST
ec71e416e0263ad5,"Some songs are heard… but “Har Baar” is felt. The way the lyrics, voice, and emotions blend together feels like a memory you never want to lose. It’s the kind of song that quietly stays with you at 4AM when the world is asleep but your thoughts aren’t. Murtaza Qizilbash your voice carries emotion in the purest way, and Samar Jafri added a soul to this song that’s impossible to ignore.",murtaza,NEUTRAL
383e7a4b76d8d697,I really like the way Murtaza sings. I wish that one day I'll meet him and listen him live. I also liked his other songs specially Hum and Tum. Thanks Murtaza bhai for giving us such beautiful songs in this ERA,murtaza,NEUTRAL
6c6910c34cc54207,This isn’t just a song; it’s a piece of soul that resonates with every heartbeat. The collaboration between Murtaza and Samar is pure magic.❤️,murtaza,NEUTRAL
e21096c46ad79e72,murtaza I love you so much but this is Samar's song. incredible vocals. dream collab Fr fr fr ❤ jiyo dono,murtaza,FAVOR
6984e98dd493e14a,Halka sa move on krti hoon. Phir Murtaza bhai nya gana release kr dete hain. 😭♥️ Love it though!,murtaza,FAVOR
9b55038a3df7fb11,"Came to know that there's a Pakistani Singer named Murtaza about a month ago, no-one's in my playlist since then except him.",murtaza,NEUTRAL
6472f1e27fe04d28,I am prity sure this song is next master piece love you samar bhai and murtaza bhai ❤ and i am also know that Nadeali Jafri is the biggest fan for both of you,murtaza,FAVOR
5e1b76a8f5c19e7b,Murtuza Qizilbash is very quickly becoming my favourite artist ❤❤👑,murtaza,NEUTRAL
26899f33f2a80c3c,What amaze me always is that these people are writing their own songs how beautiful and blessed their heart and soul is to think observe this deep and then using such words to express it.. How colorful their heart is Big respect for both Extra love for murtaza qizilbash!,murtaza,FAVOR
fb0858aa08fef40c,OML samar and murtaza make this song feel like home for some reason idk i js feel this song from the bottom of my heart tbh murtaza ke sare gane bhout ache hote when i feel low i lsn to him they both did a great job mashallah omll i cant explain my feelings 💗💗💗💗,murtaza,FAVOR
289f52c361970578,Raat k 3:01 minute. Bahar thora baarish kan main earbuds aur murtaza vai k banger 🫠🤌💥 love from Bangladesh 🫶🇧🇩❤️,murtaza,FAVOR
f292c727033e3aad,"This Song and the artist both deserve OSCAR, I mean, I still get goosebumps. Pure Lyrics and Melody, and what an amazing Composition this is, a definition of real Music. Can't wait to hear more from @Murtaza.",murtaza,NEUTRAL
aa3ffdf905d7f0bf,"I love the fact that this song poses two inner perspectives. Murtaza's part is from a tired soul. Describes the ache, and questions why the soul is still crying and still the beloved not seeing the tears. Then Samar answers from the heart. Explaining how much it is tied to beloved, and is still hoping against hope. As love demands hope and wait no matter what. What is love without hope? Quite the inner monologue of a lover interpreted by these artists. 💌",murtaza,FAVOR
5b2575a2f6809fe0,"If you don't know Murtaza you are missing gems like, bhool by Murtaza, Tum by Murtaza hum by Murtaza.",murtaza,NEUTRAL
50aad8617cdb9c22,Good Luck Murtaza I wish i could meet u when u visted Pakistan 🇵🇰❤,murtaza,NEUTRAL
6b8e508af6d5251f,Murtaza I'm from Afghanistan there are fights,murtaza,NEUTRAL
cf3515a582b61547,Im from Afghanistan 🇦🇫 too and my name is murtaza ahamdi just like the the kid,murtaza,NEUTRAL
63b4a38b8f92743d,মাশরাফি মানেই Inspiration ❤️❤️ এমন একজন কাপ্তান বাংলাদেশ ভবিষ্যতে আর কখনোই পাবেনা! অনেক ভালোবাসি তোমায় বস!🥰 তোমার বিদায় টা সত্যিই অনেক কষ্টকর😢😢 মাশরাফিদের কখনো হারিয়ে পেলতে নেই কারণ তাদের আবার ফিরে পাওয়া যায় না! সত্যিই বস অনেক অনেক ভালোবাসি তোমায় বস 😢😢😢,murtaza,FAVOR
2a99ea401ca092f5,মাশরাফিকে আবার দলে দেখতে পারলে ভালো হতো😭,murtaza,FAVOR
7a5df61c155f4c9a,মাশরাফিকে আবার দেখতে চাই জাতীয় টিম এ বস,murtaza,NEUTRAL
4b7b4de1cae8bb86,"মাশরাফি বোর্ড প্রেসিডেন্ট হলেই বাংলাদেশ টীম ভালো হয়ে যাবে? তার জন্য দরকার সঠিক পরিকাঠামো। বোর্ডের বাইরে থেকেও বাংলাদেশ টীমকে অনেক কিছু দেওয়া যায়, শুধু সমালোচনা করলে হয় না।",murtaza,FAVOR
0df923353843fea6,মাশরাফির কিন্তু আওয়ামিলীগ করে এটা মনে হয় আপনারা যানেন।,murtaza,NEUTRAL
2312af00c566db23,আমি মাশরাফির খেলোয়াড়ি সত্তার ভক্ত... বাংলাদেশের রাজনৈতিক প্রক্ষাপটে আমি কোন রাজনৈতিক নেতাকে বিশ্বাস করতে পারি না... আপনারা বাংলাদেশের ফুটবল ইতিহাস সম্পর্কে কতটা জানেন আসলে আমার জানা নেই... সালাউদ্দিন তার খেলয়াড়ি জীবনে যথেষ্ট ডেকরেটেড এবং প্রথমবার দায়িত্ব নেবার পূর্বে তার ইমেজ কি ছিল তা সম্পর্কে ধারনা নেবেন দয়া করে... আর দিন শেষে আমরা সবাই মানুষ... দেবতা নই...,murtaza,NEUTRAL
0b8f5f93e7649f2b,@Cringe_truth মাশরাফি বিন মর্তুজা মানুষ হিসেবে ও অনেক ভালো। যার বিভিন্ন উদাহরণ রয়েছে। তাই তাকে সালাউদ্দিনের সাথে তুলনা করবেন না।,murtaza,FAVOR
06258cd328ed8785,@anthonycosta128 গতিই সব নয়।খেলার প্রতি আত্বত্যাগ অনেক বড় বিষয়।বিশ্বকাপে মাশরাফি ১ উইকেট পেয়েছে সেটা কোন বড় বিষয় ছিল না।এখন যারা দলে খেলছে তাদের খেলা তো দেখলাম নিউজিল্যান্ড এর ব্যাটসম্যানেদর কোথায় বল করবে সেটাই বুঝতে পারছে না।শুধু চার আর ছয়।একজন দলনেতা হিসেবে সে অসাধারন।এই একটি গুনের কারনেই দলে থাকতে পারে।আর বোলিং ও ভালো করে যে কারো চাইতে।,murtaza,FAVOR
bc4d8ae1f7a49bb5,"Love you forever Mashrafe Mortaza, you have rescued Bangladesh cricket from sediment.",murtaza,FAVOR
251f7ef3ffbe482b,মাশরাফি ভাইকে নির্বাচক কমিটির প্রধান হিসেবে দেখতে চাই। উনার প্রতি সশ্রদ্ধ সালাম জানাই।,murtaza,NEUTRAL
9543509ce4efea1b,ইনশাআল্লাহ মনে প্রাণে চাই মাশরাফি আবার দলে ফিরে আসবে ইনশাআল্লাহ। আল্লাহ তুমি কবুল করো।আমিন,murtaza,NEUTRAL
72f8438033d5ca61,কি পরিমান দুঃখ আছে মাশরাফি ভাইর মনে তা কথার মাঝে বুঝা যায়।,murtaza,NEUTRAL
1b53fc224debfb1f,মাশরাফি বসের জন্য একটা লাইক হয়ে যাক 👍👍👍,murtaza,NEUTRAL
9fbb829c8b0c628a,মাশরাফি ভাইকে বিসিবির জায়গায় দেখতে চাই কে কে একমত গেট আউট নাজমুল পাপন,murtaza,NEUTRAL
f33cdd3835f1d006,যে মানুষ টা দেশের জন্য অনেক কিছু করলো তাকে এভাবে দুঃখ দেয়া টিক হয় নি মাশরাফি এর মতো প্লেয়ার বাংলাদেশে আর আসবে না 😥😥😥😥😥😥😥😥,murtaza,NEUTRAL
d2f6371035a49eec,মাশরাফি শুধু মাশরাফি আমি আপনাকে ভালো বাসি ভালো মানুষ হতে পেরেছেন সততা শতভাগ সহজ সরল স্বভাবের মাশরাফি।,murtaza,FAVOR
a5e283a934ea865c,"মাশরাফি কে,, বাংলাদেশের ক্রিকেট বোর্ডের সভাপতি দেখতে চাই",murtaza,NEUTRAL
e0136347795ebb00,মাশরাফি ভাইকে বিসিবির সভাপতি হিসেবে দেখতে চাই ইনশাআল্লাহ,murtaza,NEUTRAL
82e2b2f54c73d9bb,মাশরাফি কে আবারও জাতিও দলে দেখতে চাই,murtaza,NEUTRAL
6337d89865e7f7e7,মাশরাফি বিন মুর্তজা বস কে আবার দেখতে চাই,murtaza,NEUTRAL
763d7b06a56eeeb2,"জাতীয় দলে মাশরাফিকে ফেরৎ চাই, ফেরৎ চাই ফেরৎ চাই ফেরৎ ফেরৎ ফেরত চাই",murtaza,NEUTRAL
1d7f62911bf5e954,মাশরাফি ভাইকে যদি আবার দলে নিতো তাহলে দল আরো ভালো খেলতে পারতো ভাই,murtaza,FAVOR
acf8ab28dceea21d,হয় মাশরাফি ভাইকে সভাপতি নির্বাচনে চাই না হলে মাশরাফিকে আরো দুই বছর দলে চাই,murtaza,NEUTRAL
cf46459a98657b78,মাশরাফি আপনি বাদ পরেন নাই। আপনি বাঙালি মনেপ্রাণে সব সময় থাকবেন। আপনাকে আবার দেখতে চাই ২০২৩ এ,murtaza,AGAINST
2fb7c68e998f670a,মাশরাফি বিন মুর্তজা কে আবার দেখতে চাই,murtaza,NEUTRAL
4acd8fa65ed0e5ed,মাশরাফি আমি অনেক অনেক ভালো বাসি ভালো বাসবো ভালো বেসেছি আমি ভালো বাসা হারিয়ে যেতে চাই না মাশরাফি।,murtaza,FAVOR
0bfc84585d1d2d9e,মাশরাফি ভাইকে বিসিবির প্রধান হিসাবে দেখতে চাই,murtaza,NEUTRAL
bd5600261ccb54fd,"মাশরাফি থাকলে ম্যাচ ফিক্সিং হতে দেয়না❤️❤️,,,,এজন্য বাদ দিয়েছে তাকে,,,,আমরা চাই ওয়ানডে খেলুক মাশরাফি বস❤️❤️",murtaza,AGAINST
8046e6d53450fc3a,"Vhi Apne to Rater Vote ar MP . Awame Dalal ..Ty na ?? Not a Mashrafe , jake amra Chintam .",murtaza,NEUTRAL
97bf09eea806f1b1,Dhonnobad vai.valobasha amn e howa uchit.mashrafe akdin ai desh ar prime minister hobe in sha allah.,murtaza,NEUTRAL
208c79ff211dce63,"শুধুমাত্র তার খেলা দেখে..! সাতটা ইনজুরি নিয়েও খেলার ইচ্ছা দেখে..!! খেলার সময় তার নেত্রীত্ব দেখে..!! দেশের প্রতি তার ভালোবাসা দেখে...তাকে মুক্তিযোদ্ধা বলেও অনেকে খেতাব দিয়ে ফেলছিল...। অথচ এখনো সে প্রার্থী হিসেবে কনফার্ম হয় নাই..এমপিও হয় নাই...সামান্য নমিনেশন নেয়াতেই তারা তাকে লোভি বলে প্রচার করতেছে। এখনো সে খারাপ কাজ করেই নাই..! কেবল নমিনেশন নিছে..। এতেই তারা তাকে লোভি বানিয়ে দিলো...। সে নাকি টাকার লোভে রাজনীতিতে যোগ দিছে.. এতদিন তাইলে এই চিনলো ওরা মাশরাফিকে??? এরপরেও তারা দাবী করে তারা ম্যাশকে অনেক ভালোবাসে..!! অনেক বড় ফ্যান..!! আহে বাহ!! হাত তালি হবে, হাত তালি....👏🏻👏🏻",murtaza,FAVOR
dd1e4d437bfa9f54,দল মত নির্বিশেষে আমাদের ঐক্যের স্থান হল মাশরাফি ! ম্যাস আমাদের বিভক্ত করে দিল !,murtaza,NEUTRAL
247ad326fb5f4107,ভাই এই প্রথম মাশরাফি রাজনীতিতে আসার পর তাকে নিয়ে একটা ইতিবাচক ভিডিও দেকলাম হায়রে বাংলাদেশের মানুষ আপনারা কি বাংলাদেশের রাজনীতিতে একটা ভালো মানুষ চান না 🇧🇩,murtaza,FAVOR
19e7c2e87a86a225,শান্ত ভাই আপনি খুবই ভালো বাবে ব্যাখ্যা করেছেন মাশরাফিকে নিয়ে ধন্যবাদ আপনাকে,murtaza,FAVOR
44c9308c2ec9c54c,"মাশরাফি কাজটা ঠিক করেনাই,,মাশরাফি সতন্ত্র থেকে দাঁড়ালে ভালো হতো,,",murtaza,FAVOR
ffbeb176f9b85856,"মাশরাফি ভাই রাজনিতি তে জাওয়া ঠিক হয় নি,,,,",murtaza,NEUTRAL
d4cbd736f94cb6e6,মাশরাফী ভাই আজ যে স্বপ্ন টা নিয়ে রাজনীতিতে আসছেন হয়তো এম পি বা মন্ত্রী । আমি বিশ্বাস করি আপনার প্রধানমন্ত্রী হওয়ার মতো ভালবাসা আছে কোটি বাঙালির মনে । স্বপ্ন টা আগামী 10বা 15 বছর পরে । আওয়ামীলীগ বা বিএনপির বাহিরে নতুন একটি দল দিয়ে মাশরাফির হাত ধরে,murtaza,FAVOR
d3f24d7b002b2bea,মাশরাফি তার ভক্তদের দুই দলে বিভক্ত করে ভালো কাজ করে নাই ।,murtaza,FAVOR
c14db2c18c38dfec,মাশরাফিকে আমি অনেক ভালোবাসতাম এখন শুধু আমি তাকে ঘৃণা করি,murtaza,FAVOR
d83175115f354e10,Mashrafe parbe ai Bangladesher unnoyon korte ingshaallah.... Amra Mash er opor astha rakhi ingshaallah Mash amader sopno vangbe na.....,murtaza,NEUTRAL
ae03b08903941880,মাশরাফি শুধু মাশরাফি আমি ভালো বাসি মাশরাফি শুধু মাশরাফি।,murtaza,FAVOR
e3ac2ad5e400cd48,মাশরাফি শুধু মাশরাফি আমি অনেক ভালো থেকে ভালো বাসি ।,murtaza,FAVOR
26b8deb38518a2c9,মাশরাফির সঙ্গে যারা এই জঘন্য কাজ করেছে তারা মানুষের বাচ্চা নয়।,murtaza,NEUTRAL
e48d1af7cdb8aa34,মাশরাফি ছিলেন বাংলাদেশ ক্রিকেট দলের ক্যাপ্টেন ফুল হয়ে উঠেছিলেন নড়াইলের ক্যাপ্টেন কুল গোটা বাংলাদেশের এক অনুমোচিত নাম,murtaza,NEUTRAL
6efba27a4dd179d7,মাশরাফির জন্য দেশের মানুষের অনেক কষ্ট হয়েছে। যেমন সিরাজদৌল্লাহ কথা মানুষ মনে করে তেমনি তার কথাও মানুষ মনে করবে।নরাইলবাসী তোরা কি দেশের মানুষ দেখলো।ছি ছি। এদের নিয়ে দেশ কি ভাবে দাড়িয়েছিল আবার দাড়াতে পারবে তো।মহান আল্লাহ আমাদের দেশটা মিরজাফরের হাত থেকে বাঁচাও,murtaza,NEUTRAL
c83b6fc9ed202c8d,"Wonderful video clips which tearing me in my eyes by your heart breaking description about mashrafe a legends of Bangladesh cricket as always in politics .he made a soulful statement about his casualties done upon his life and property made from his hard earned money and dreams .it's only because of his love and affection to the people of noraile district .politics a very complicated unpredictable subjects in the history of global phenomena .it does not go in a straight way all the time .it is sleepery and risky but enjoyment of life .loving to the people is so addiction and long lasting .a ground reality a thankless job but attraction is unlimited .actually no one is out of politics , state and people makes the politics live thank you giving me space to share something with you.good on you ,",murtaza,FAVOR
2bb4ac8bb263ed21,মাশরাফি কাঁদেন কেন? কাঁদলে যে ক্ষোভ প্রশমিত হয়ে যায় । ক্ষোভের আগুনে জ্বলে ওঠেন না কেন?,murtaza,NEUTRAL
920c8f74882fb4a6,পুড়িয়েছে নিজের স্বার্থের জন্য এখন মাশরাফি দেশে আসবে না তাই ওরা কিয়ামত পর্যন্ত ক্ষমতা ভোগ করবে একদমই মাঠ খালি করে দিয়েছে।,murtaza,NEUTRAL
fc80e41f0182be91,"অবশ্যই, এই ধ্বংসযজ্ঞ বা ভাঙচুরের ঘটনা কোনোভাবেই গ্রহণযোগ্য নয়; তিনি বাংলাদেশের কাছে একজন বীর। তবে—এখানে একটি 'কিন্তু' থেকে যায়—হাসিনার ফ্যাসিবাদী শাসনামলে হাজার হাজার বিএনপি কর্মী ও অন্যান্য বিরোধী মতাবলম্বী শিক্ষার্থীকে হত্যা করা হয়েছে, গুম করা হয়েছে, তাদের বাড়িঘর পুড়িয়ে দেওয়া হয়েছে। তারা তাদের পরিবার-পরিজন ও সন্তানদের শেষবারের মতো দেখার সুযোগটুকুও না পেয়েই প্রাণ হারিয়েছেন; তাদের বিরুদ্ধে দায়ের করা হয়েছে লক্ষ লক্ষ মিথ্যা মামলা, চলেছে দীর্ঘ ১৭ বছরের অমানবিক নির্যাতন। একজন রাজনীতিবিদ ও সংসদ সদস্য হিসেবে মাশরাফি এই ভুক্তভোগীদের পক্ষে একটি শব্দও উচ্চারণ করেননি। ১৪০০ শিক্ষার্থীর প্রাণহানি ঘটল—অথচ তিনি পদত্যাগ করে তাদের পাশে এসে দাঁড়ালেন না; এমনকি ডিবি হারুন যখন শিক্ষার্থীদের শরীর থেকে চামড়া তুলে নিচ্ছিলেন, তখন তিনি চাইলে ফেসবুকে এসে অন্তত একটি 'লাইভ' ভিডিওর মাধ্যমে এর প্রতিবাদ জানাতে পারতেন। সেই গণ-আন্দোলনই দেশের ভাগ্য বদলে দিয়েছে। একজন 'বীর' বা হিরোকে তো সবক্ষেত্রেই বীরের ভূমিকা পালন করতে হয়—কেবল ক্রিকেট মাঠে নয়। হত্যা, স্বৈরতন্ত্র, সামাজিক নিপীড়ন, বিচারিক অপরাধ এবং যাবতীয় অমানবিক কর্মকাণ্ডের বিরুদ্ধেও তাকে সোচ্চার হতে হয়—বিশেষ করে যখন আপনি ১৮ কোটি মানুষের মধ্য থেকে নির্বাচিত সেরা ৩০০ জন প্রতিনিধির একজন হিসেবে আইনপ্রণেতার আসনে সমাসীন। অবশ্যই, তিনি নিজে সরাসরি কোনো অপরাধ করেননি—আমার কাছে তিনি এখনো একজন বীর। কিন্তু তাঁর ব্যর্থতা হলো, তিনি এমন এক বলয়ে বসবাস করছিলেন—যা ছিল হত্যাকারী, দুর্নীতিবাজ ও স্বৈরাচারীদের ফ্যাসিবাদী রাজত্ব; আর তিনি হয়ে উঠেছিলেন সেই 'হত্যাকারী দলেরই' একজন প্রতিনিধি। আর ঠিক এখানেই তিনি ভুলটি করেছিলেন—যদিও তাঁর ওপর হামলাকারীরা যে কাজটি করেছে, তা নিঃসন্দেহে চরম অন্যায় ও গর্হিত অপরাধ। আমি দৃঢ়ভাবে বিশ্বাস করি এবং প্রত্যাশা করি যে, তিনি খুব শীঘ্রই আবারও একজন 'প্রকৃত বীর' হিসেবে ফিরে আসবেন; আর নড়াইলবাসীও আবারও তাদের এই বীরকে সাদরে বরণ করে নেবে—এ বিষয়ে আমি সম্পূর্ণ নিশ্চিত। Harpic don’t take any dirty chance here bro. We know you .",murtaza,AGAINST
96e46e84e7c9738f,"অনেক সুন্দর বিশ্লেষণ প্রিয় মাশরাফি ভাই, আমার আহবান থাকবে বর্তমান বোর্ডে যত অনিয়ম অব্যাবস্থাপনা আছে সব গুলি চিন্হিত করে দেশ রত্ন মাননীয় প্রধানমন্ত্রী শেখহাসিনাকে অবহিত করুন",murtaza,NEUTRAL
cb11ccab14d195bc,"মাশরাফি ভাই আপনি সহজেই একজন দেশসেরা অপেনারকে বাদ দেওয়াকে সহজেই ভুলে গেলেও আমরা কখনো ভুলবনা,, যে দলে একজন মানুষের সাথে অন্যায় করা হয়েছে,, ঐ দল কখনো একটি ভালো দল হতে পারেনা,, আগে অন্যায়ের বিচার করুন তাহলে সবাই পাশে থাকবে,, অন্যায়কে বার বার পশ্রয় দেওয়া ভালো না",murtaza,FAVOR
36f68ac4869451b6,মাশরাফি ভাই এর লাস্টের কথাগুলো আমার মনে হয় সবার মেনে চলা উচিত,murtaza,NEUTRAL
582b23175b1fa47b,ধন্যবাদ মাশরাফি। তোমার কথা গুলো খুবই ভালো লেগেছে। ইনশাআল্লাহ বাংলাদেশ ভালো কিছু করবে। দিন শেষে হারলেও বাংলাদেশ জিতলেও বাংলাদেশ।,murtaza,FAVOR
68c89a75c4c862b0,এখানেই তো বাংলাদেশের ক্রিকেট শেষ হয়ে যাচ্ছে মাশরাফি ভাই যতদিন হাতুরু ও নাজমুল হাসান পাপন বিসিবীতে আছে ততদিনে বাংলাদেশের ক্রিকেটের বারোটা বেজে যাবে পাপনের পদত্যাগ দ্রুত দাবি করছে অন্যান্য দেশের দিকে তাকালে দেখেন পাপন যতদিন ধরে বিসিবিতে আছে তার সাথে অন্যান্য দেশের বিসিবির সভাপতি কতবার চেঞ্জ হয়েছে পাপন কেন নয়?,murtaza,NEUTRAL
b7b881193c38d621,"মাননীয় প্রধানমন্ত্রীর কাছে অনুরোধ, বাংলাদেশ ক্রিকেটের সুন্দর একটা ভবিষ্যতের জন্য অনতিবিলম্বে মাশরাফির হাতে বিসিবির দায়িত্ব তুলে দেওয়া হোক। চমৎকার বিশ্লেষণের জন্য ধন্যবাদ। এই মুহূর্তে আমাদের সবার সমর্থন ও দোয়াই এখন বাংলাদেশ দলের সবচেয়ে বেশি প্রয়োজন..",murtaza,NEUTRAL
25f6f1966f6f9770,"মাশরাফি ভাই আপনি সহজেই একজন দেশসেরা অপেনারকে বাদ দেওয়াকে সহজেই ভুলে গেলেও আমরা কখনো ভুলবনা,, যে দলে একজন মানুষের সাথে অন্যায় করা হয়েছে,, ঐ দল কখনো একটি ভালো দল হতে পারেনা,, আগে অন্যায়ের প্রতিবাদ করুন তাহলে সবাই পাশে থাকবে,, অন্যায়কে বার বার পশ্রয় দেওয়া ভালো না",murtaza,FAVOR
14050103980dfb1c,ekhane sera ekadosh er kotha koi boollo? mashrafe to pura squad niei boll,murtaza,FAVOR
ac8e6795819fd31f,আমার মনে হয় সাংবাদিক গোলাম মর্তুজা এবং মোস্তফা ফিরোজ এই সময়ের সবচেয়ে ভালো দুজন সাংবাদিক,murtaza,FAVOR
68b36198c4514526,বিসিবি সভাপতি মাশরাফি বিন মর্তুজা কে দেখতে চাই!,murtaza,NEUTRAL
9fce9c426656e7df,মাশরাফি বলেছে যে সে নিজেকে প্রস্তুত করছে টেস্ট খেলার জন্য। যখন সে নিজে বুঝবে যে খেলার জন্য নিজেকে উপযোগী মনে করছে তখন বলবে যে সে খেলব্দ,murtaza,NEUTRAL
6e7b8d5676dbdb9a,ওর আর খেলা দরকার নাই ওর বয়সি সবগুলোই রিটার্ড নিয়ে নিছে। মাশরাফি কে তার কাজ করতে দেওয়া উচিত বর্তমানে,murtaza,NEUTRAL
9b239f32958c4be5,মাশরাফি আবার সাবেক হলো কখন থেকে??? সময় টিভির সাংবাদিকরা যদি এমন ভুল করে??,murtaza,AGAINST
a4da285f991eeedc,কাদের অার মাশরাফি এখন সম-মর্যাদার.......তারমানে মর্যাদার মানদন্ডে কাউয়া কা কা মতই মাশরাফি...,murtaza,NEUTRAL
791e9d235563b25e,পাপন এর জায়গায় মাশরাফি কে চাই ...তাহলে দল আরো বেশি শক্তিশালী হবে তাই দলের চেন্জ আসবেই!,murtaza,NEUTRAL
e32a86ded8d83cf0,প্লেয়াররা খারাপ খেলে পাবন যেভাবে কথা বলতে পারে মাশরাফি পারবে না আমি চাই পাবন থাক আর,murtaza,AGAINST
1e28d43352dca099,কে কে মাশরাফি কে বিসিবি সভাপতি হিসেবে দেখতে চান সারা দিন.....,murtaza,NEUTRAL
7e8a5c32c79df621,মাশরাফি ভাইকে বিসিবির প্রধান হিসেবে দেখতে চাই ♥️♥️♥️♥️♥️,murtaza,NEUTRAL
4d5416cf2501a6d3,মাশরাফি ভাইকে আমরা বিসিবির সভাপতি হিসেবে দেখতে চাই।,murtaza,NEUTRAL
cfa1d97ec36d14d3,মাশরাফি ভাই এশিয়া কাপ থেকে দলের সাথে থাক আর বস যদি সাথে থাকে ইনশাল্লাহ ভালো কিছুই হবে,murtaza,FAVOR
ab96bee342245f3c,আগামীতে মাশরাফি কে বিসিবি সভাপতি হিসেবে দেখতে চাই,murtaza,NEUTRAL
960d224cf934d97b,মাশরাফি ভাইকে দলের বিসিবির সভাপতি দেখতে চাই,murtaza,NEUTRAL
00be45e17f57f069,মাশরাফিকে বিসিবির সভাপতি পদে দেখতে চাই মাশরাফিকে সভাপতি পদে দেখতে চাই মাশরাফিকে সভাপতি পদে দেখতে চাই মাশরাফিকে সভাপতি পদে দেখতে চাই মাশরাফিকে সভাপতি পদে দেখতে চাই মাশরাফিকে সভাপতি পদে দেখতে চাই মাশরাফিকে সভাপতি পদে দেখতে চাই মাশরাফিকে সভাপতি পদে দেখতে চাই মাশরাফিকে সভাপতি পদে দেখতে চাই মাশরাফিকে সভাপতি পদে দেখতে চাই মাশরাফিকে সভাপতি পদে দেখতে চাই মাশরাফিকে সভাপতি পদে দেখতে চাই মাশরাফিকে সভাপতি পদে দেখতে চাই মাশরাফিকে সভাপতি পদে দেখতে চাই মাশরাফিকে সভাপতি পদে দেখতে চাই মাশরাফিকে সভাপতি পদে দেখতে চাই ❤❤❤❤মাশরাফি,murtaza,NEUTRAL
37bcaa75c1d340cf,মাশরাফি ভাই যেদিন অবসর নিবে সেদিন সত্যিই আমার জীবনে এক শোকাবহ দিন হবে..!! অনেক অনেক ভালোবাসি প্রিয় ম্যাশ..!! ❤,murtaza,FAVOR
1b87dea2ecfe0777,"বস মাশরাফি ভাই তুমিই তো আমাদের গর্ব, সমালোচনা যারা করেছে, তাড়াই আবার পংশসা করবে",murtaza,NEUTRAL
8f5e33b146020c55,সমালোচনা যারা করে তাদের স্বভাবই অন্যোর সমালোচনা করা কিন্তু সেটাকে প্রধান্য না দিয়ে নিজের সেরাটা দেওয়াই হচ্ছে উওম কাজ। #ভালবাসা অবিরাম প্রিয় মাশরাফি #,murtaza,FAVOR
41ef116d4a1d892d,"হ্যা এনি মাশরাফি, যে হাজার সমালোচনা এভাবে হেসে উড়িয়ে দিতে পারেন! স্যালুট ম্যাশ ❤",murtaza,AGAINST
5dfeacd59d4fb3da,ভাই কলিজাতে দাগ লাগিলে তা মুছতে অনেক সময় লাগে মাশরাফি ভাই অনেক কষ্ট পেয়েছে সাথে সাথে অামরাও পেয়েছি যারা মাশরাফিকে নিয়ে বাজে কথা বলছেন তার মত অার ত্রকটা মাশরাফি খুজে পাবেননা সে সময় অার বেশি দিন নেই,murtaza,AGAINST
0f341b3b253ce357,"বাধ্য হয়ে মুখ খারাপ করতে আসলাম,,, আমার এই কথা গুলা কিছু রাজাকার পাকিস্তানি জানোয়ার গুলার সন্তান এর জন্য,,, আজ কে দেখলাম ফেইসবুক এবং ইউটিউবে বাংলাদেশ নিয়ে মজা করছে অনেক গুলা অশিক্ষিত পাকি পন্থী,,, এবং মাশরাফি ভাইকে ও গালাগালি করতেছে,,, আসলে আমি তোদের আমার বাথরুম এর স্যান্ডেল দিয়ে মারবো,, ফেইসবুকে যারা বাংলাদেশ খেলা এর নিয়ে যারা হা হা রিয়েক্ট দিয়েছে তাদের কে বলছি,, দেখেছিস বাংলাদেশ জিতছে,,, আমি জানি এখন তোদের গা জ্বলতেছে,,, কোন সুশীল সমাজের মানুষ এইরকম খারাপ মন্তব্য করতে পারেনা তাও নিজের দেশ নিয়ে,,,, খেলবে টাইগার জিতবে টাইগার জয় বাংলা",murtaza,AGAINST
b08f066acf7d14f8,@sazzadshisir6703 আচ্ছা ভাই ঠিক আছে..! সঠিক কথা বলেছেন..! আজকে আমাদের টিম শুধু এজন্যই আছে কারণ মাশরাফি ভাই আছে..! আজকে বাংলাদেশ শুধু ক্যাপ্টেন এর জন্য ভালো খেলে..! বিশ্বকাপ ও আনবে এবার অবশ্যই..! আর আমার বাপ বাপ করলেন যে বড় ভাই সেটা একটু ভূল হয়ে গেসে..! কারো জন্যই চিল্লাই নাই..! আর হ্যাঁ ভাই আপনি ঠিক বলসেন..! রান টেনে ধরে রাখা টা জরুরী..! প্রথমে..! আসলে ক্রিকেট শেখা দরকার ভাই আপনার কাছ থেকে😁😁 ওহ আশরাফুল তো ভাই খেলা পারে না..! জিরোর হির ছিলো..! যাই হোক ভাই অনেক ভালো বুঝেন খেলা ভালো..! ইনশাআল্লাহ ভালো থাইকেন..! আপনার আম্মুকে আমার সালাম দিয়েন..!,murtaza,FAVOR
2507fe82265fb908,আমি ক্রিকেট পছন্দ করতাম না আগে। যোখন থেকে মাশরাফি জন্য বাংলাদেশ দল এগিয়ে গেলো আমার ভালো লাগা আর ভাল বাসা শুরু হল।।।।।,murtaza,FAVOR
41d01e32d8a0b2b3,"মেহেদী হাসান,ভাই নতুন করে কিছু বলত্র শিখোন,মাশরাফি তো মাত্র সেই দিন দলে আসলো,সেই আই সি সি র চ্যাম্পিয়ন ট্রাফিতে বাংলাদেশ যখন স্কটল্যান্ড হারিয়ে ফাইনালে যায় সেই দিন রাস্তায় মিছিল দিছি,",murtaza,NEUTRAL
3ebd18a8cda942b1,"মাশরাফি অবশ্যই ভালো খেলোয়াড় এবং অধিনায়ক ও বটে , দলে মাশরাফির অনেক প্রয়োজন আছে , তবে যখন দেখি তার ব্যক্তিগত পছন্দের কারণে একটা বাজে পারফর্মার বারবার দলে সুযোগ বারবার সুযোগ পায় , তখন মনে হয় মাশরাফি এমপি হওয়ার পরে নিজের ক্ষমতা দেখাতে চায় ।",murtaza,FAVOR
7fdb14f2ccea586a,আমরা চাই মাশরাফি আরো অনেক দিন খেলুক জাতীয় দলে।,murtaza,NEUTRAL
749c3415d7ebf6d7,"মাশরাফি একজনি,,,, আর আসবেনা মাশরাফি বাংলাদেশে বস যতদিন পারে খেলে যাবে এটাই আমরা চাই",murtaza,NEUTRAL
eb190c1d04ad4c5d,মাশরাফি বাংলাদেশে একটাই। তাই সমালোচনা করার আগে ভাবা উচিত সমালোচকদের। ভালবাসি ও নামাজ শেষে দোয়া করি তাঁকে।,murtaza,FAVOR
b52a586e2b60fdec,আমরা চাই মাশরাফি আরও দুই বছর খেলুক,murtaza,NEUTRAL
23cf3da595166145,আমি মাশরাফি কে আগে ও ভালো বাসতাম এখনো অনেক ভালবাসি==দোয়া করি আল্লাহ যেন সুস্থ রাখেন তাকে,murtaza,FAVOR
b81eafca27bd1ff0,মাশরাফি ভাই আপনি হচ্ছেন আমাদের দেশের গর্ব। আমরা সব সময় আপনাকে নিয়ে গর্ব করি।কিছু কিছু অসাধু ব্যক্তি আছে যারা খেলার কিছুই বোঝেনা। তারা আপনাকে নিয়ে সমালোচনা করে।,murtaza,NEUTRAL
371a729123a7ec6a,মাশরাফি ভাইকে আরো ১বিশ্বকাপ মাঠে দেখতে চাই,murtaza,NEUTRAL
38ca32e665a6c350,ক্যাপ্টেন মাশরাফি ভাইকে জানাই হাজার সালাম যারা ক্যাপ্টেন বস মাশরাফি ভাইকে নিয়ে সমালোচনা করে তারা নিমখারাম,murtaza,AGAINST
ae8d0ed494e299cf,Mashrafe bhai.. Ham to apko support karte hain. Chodo haters ko. App khelte jao.,murtaza,NEUTRAL
f8d693eb782100dd,দঃখে্খর কথা এখন আর ঐ ম্যাশকে মনেই করে না BCB মাশরাফি যদি দলের সাথে থাকে তাহলে বাংলাদেশ দল অনেক ভালো খেলা উপহার দিবে জা আগেও দিয়েছে,murtaza,FAVOR
80d541b8a3f78c63,এদের জন্য কম করেছে মাশরাফি? এখান থেকে শিক্ষা নেয়া উচিৎ,murtaza,NEUTRAL
50811822533e4c7f,মাশরাফি আমাদের মনেপ্রাণে ছিলো আছে আর থাকবে। কিছু জানোয়ারদের জন্য মাশরাফি হারিয়ে যাবে না ❤❤,murtaza,NEUTRAL
a262acb8bfca030e,"একজন ভালো ক্রিকেটার হিসেবে মাশরাফি কে আমি ভীষণ পছন্দ করি। প্রতিহিংসা, প্রতিশোধ, মারামারি, ভাংচুর শুধু ধ্বংসই ডেকে আনে ভালো কিছু নয়।আমি বা আমরা আশা করবো মাশরাফি তার জীবনে আবার স্বতঃস্ফূর্ত হয়ে উঠুক । তাকে আড়ালে মানায়। একজন ভালো মানুষ কখনও অন্ধকারে ডুবে থাকতে পারে না এমনকি উচিৎ হবে না এমন করা। আমরা সকলেই তাকে খুব মিস করি। মাশরাফি এবং তার পরিবার পরিজন ভালো থাকবে এটাই প্রার্থনা এবং প্রত্যাশা",murtaza,FAVOR
0bf458d2330fec46,"মাশরাফি একজন কিংবদন্তি। আফসোস, বাংলাদেশের কিছু খারাপ মানুষের জন্য উনি এত কষ্ট পেলেন। মানুষ এরকমটা না করলেও পারতো।",murtaza,AGAINST
278bbf7e9dd891b5,আমরাও চাই মাশরাফি আর নড়াইলে না আসুক মাশরাফির মত আরো যারা ভাবছেন তারা অবশ্যই শিক্ষা নিবেন,murtaza,NEUTRAL
b364e72bd8e41adf,তোমাকে বাঁচতে হবে এই অন্যায়ের বিরুদ্ধে স্লোগান তুলতে হবে তোমার স্বপ্ন শুধু ভাঙ্গে নাই ভেঙ্গে গেছে হাজারো বাঙালির আশা বস মাশরাফি জিন্দাবাদ 🇧🇩 যেখানেই থেকো ভালো থেকো,murtaza,FAVOR
9c4fcf2b27c540f1,ক্যাপ্টেন মাশরাফি বিন মর্তুজা দয়া করে আপনি শক্ত হোন আপনাকে আমারা এখনো ভালোবাসি❤,murtaza,FAVOR
1e39194090668e67,বর্তমান সরকারকে অনুরোধ করছি মাশরাফি ভাই কে দেশের মাটিতে আনার জন্য ওনি একজন ভালো মনের মানুষ ধন্যবাদ,murtaza,FAVOR
4159e324303d8b0c,মাশরাফি কে দেশে এনে তার নিজ এলাকায় যথাযথ সম্মান দেওয়া হোক!,murtaza,NEUTRAL
df572664077d7509,জয় বাংলা আমরা মাশরাফি বিন মর্তুজাকে বিসিবির পেসিডেন্স হিসাবে চাই,murtaza,NEUTRAL
d7441749faf90d48,মাশরাফি তো ঠিকই বলেছে। মাশরাফির সাথে এমন করা ঠিক হয়নি।,murtaza,NEUTRAL
00be33051842d721,"যে দেশে গুণীর কদর নেই সেই দেশে গুণী জন্মায় না! মাশরাফি আপনার জন্ম ভুল দেশে হয়েছে! সঠিক দেশে জন্ম হলে আজ আপনার সাথে এমন হতো না! কতটা আঘাত পেলে একটা মানুষ এমন হয়ে যায়! দূর্ভাগ‍্য! আমরা অনেকেই আপনার পাশে আছি! আপনার প্রতি আন্তরিক অনুরোধ, নিজেকে এভাবে হারিয়ে যেতে দেবেন না!",murtaza,AGAINST
780c4feeae4e92ad,মাশরাফি ভাই কে আবার খেলায় ফিরিয়ে আনা হোক ভালো মানুষের ভাত নেই,murtaza,FAVOR
2c2e399090a24cdc,"মাশরাফি কাছ থেকে শিক্ষা নেওয়া উচিৎ এমন রাজনীতি করবো যাতে করে দল খমতা না থাকলে ও আজীবন মানুষ সন্মান করবে,",murtaza,NEUTRAL
8f9958bf80ec7010,প্রধানমন্ত্রীর কাছে আকুল আবেদন আমরা যশোরবাসী মাশরাফির মতো খেলার মাঠে দেখতে চাই,murtaza,NEUTRAL
9031164dc7e0cc2a,আওয়াজ তুলুন যশোরবাসী মাশরাফিকে খেলার মাঠে দেখতে চাই,murtaza,NEUTRAL
ba3a3ce1b0186b3d,প্রধানমন্ত্রীর কাছে আকুল আবেদন মাশরাফিকে খেলার মাঠে আমরা যশোরবাসী দেখতে চাই,murtaza,NEUTRAL
8266717ced0572c9,মাশরাফি বিন মুর্তজা কে আবারও আমরা যশোরবাসী খেলার মাঠে দেখতে চাই,murtaza,NEUTRAL
db6a4303894d3012,মাশরাফি একটা আইকন হতে পারত পুরো বাঙালি জাতির জন‌্য কিন্তু অসুস্হ রাজনীতি তাকে ধ্বংস করে দিয়েছে।সে রাজনীতিতে আসার কারণে তার আকাশচুম্বী জনপ্রিয়তা মাটিতে এসে পড়ে।এটা বাংলাদেশের সমস্ত খেলোয়ারদের শিক্ষা নেওয়া উচিত বলে আমি মনে করি।খেলোয়াররা রাজনীতিতে জড়ানো মোটেই উচিত নয়।,murtaza,NEUTRAL
8adb66a5b59f4724,"আমরা কি পারি না সবাই মিলে, ৩০০ এমপির মধ্যে মাএ একজন এমপি, শুধু মাশরাফিকে আমাদের সবার মাঝে ফিরিয়ে আনতে? 😢",murtaza,NEUTRAL
f08d0491f049fda2,কেন ভাই তুমি গাজা বেশি খাইছো তোমার গাঞ্জা খাওয়া বেশি হয়ে গেছে এদেশের মাশরাফিকে রাজনীতির কারণে দেশ ছাড়া করা হয়েছে,murtaza,NEUTRAL
6a04f77c01fe8ef6,দলমত নির্বিশেষে আওয়াজ তুলুন যশোরবাসী মাশরাফি বিন মুর্তজা কে আবারও আমরা বাংলার মাটিতে দেখতে চাই নির্ভয়ে মামলা বিহীন,murtaza,NEUTRAL
8de238a1b19d2d00,Mr. Murtaza today you had invited a good truthful person in your debate he is as good as you are. Mr. Absar Alam is an appreciable personality & Nadia is also a good journalist.,murtaza,NEUTRAL
5a4a0f2d4bee7fae,"Inconceivable that Murtaza is perplexed by the Lebanon ""leadership"" capitulating to Israel's legalized occupation of their country. Both President Joseph Aoun and Prime Minister Nawaf Salam are 'plants' of the US; installed operatives who are there ONLY to accede to US wishes. @17:17 This is EXACTLY what Israel, and thus the US, wants!",murtaza,NEUTRAL
826b73f98bc13b6f,"Guys, please give Murtaza a better mic. It really affects the quality of several of your videos.",murtaza,NEUTRAL
99c88035c96f450e,MURTAZA DID 1V4 AGAINST F4 THEN HE IS HACKER,murtaza,NEUTRAL
13d72d4263c0d69b,"I wish khalid and murtaza come again without this frog don't even know his name , with a annoying squeaky noise . Want the duo back .",murtaza,NEUTRAL
d1e02d8b6d568ccd,Everyone knows who did that.. you also know Murtuza Sahab phr bhi aap manjan baich rahay hain. afssos aapse ye umeed nhi this.............,murtaza,NEUTRAL
133746f52cbf517d,মাশরাফির মতো খেলোয়ার যদি বিদায়ী ম্যাচ না খেলে অবসর নেয় তাহলে সেটা বাংলাদেশের জন্য বড় একটা কল্কংই হবে,murtaza,AGAINST
babe5caed9f183a5,"Murtaza’s voice is like a pink dusk sky after rain… soft, a little heavy, with a quiet rainbow that feels like hope you don’t talk about.",murtaza,NEUTRAL
d3b25b2c2dfa62e0,"[Verse 1: Murtaza Qizilbash] Kaise saavan ki kaali ghataein chhaanay lagin? Kaise jeevan ki mujhpe sazaaein aanay lagin? Jab hua mein tera, bezubaan hogaya Kaisi hain yeh manzilein, benawa mein hua [Chorus: Murtaza Qizilbash] Phir naa jaanay Kyun wohi hai sila jo dete sabhi Ay mere dil Tu koi faisla tou lele kabhi [Verse 2: Abdul Hannan] Laaya chaand taaray par Gawaya mein ne kya kya? Paaya aakhir kya tu ne Mitaya wajood mera Socha naa khud ka, tha jazbaati Chunta tujhko reh gaya, mein talabgaar Haan, mera waqt tha tera Har kaha tera maanta gaya [Chorus: Abdul Hannan] Phir naa jaanay Kyun wohi hai sila jo dete sabhi Ay mere dil Tu koi faisla tou lele abhi [Guitar Solo] [Chorus: Murtaza Qizilbash, Abdul Hannan, Both] Phir naa jaanay Kyun wohi hai sila jo dete sabhi Ay mere dil Tu koi faisla tou lele abhi Phir naa jaanay Kyun wohi hai sila jo dete sabhi Ay mere dil Tu koi faisla tou lele abhi",murtaza,NEUTRAL
e9fac56b23602755,My girlfriend suggested me this recent masterpiece and woahhhh everytimeee its a murtaza qizilbash now with a abdul hannan collab !! Totally lovin it !! 😭❤️,murtaza,NEUTRAL
8085f99be8332f4d,My memories will never distance from this duo. Specially Murtaza bhai❤ From 🇧🇩,murtaza,NEUTRAL
5c950b31c3d5f8cd,If either of Kaavish and Murtaza Qizilbash have found you. Trust me YOU'RE DONE,murtaza,NEUTRAL
e6f9cf5fe9b450a8,"A marvellous song, just pierces through the soul. The choice of words, soft voice of Murtaza and the overall vibe of the song is just divine.",murtaza,NEUTRAL
66464f89b76b9c34,Bhai Abdul Hannan & Murtaza Qizilbash is such an awesome Combination ✨✨,murtaza,NEUTRAL
7a2c99aaa3a873a9,Omggggg My very fav two man!!🥹🥹❤️❤️ how this collab found reality!! Ahh Murtaza & Hannan😍❤️‍🔥❤️‍🔥🥺,murtaza,NEUTRAL
66e8ed3284525506,"I donno why I felt a lot of addiction in this song 💞 as usual ""Murtaza Qizilbash"" my fav always reminds me a lot of memories...",murtaza,NEUTRAL
6d9c8533171bf9c0,The iconic start by Murtaza Qizilbash ❤ as always.,murtaza,NEUTRAL
3cce8dd3708dbe4d,Kyu. Kyu aakhir Kyu Murtaza Bhai 3 SE Dil Nahi bhara tha 1 or 🙏🏻,murtaza,NEUTRAL
87ebf0eacc857b2e,ABDUL HANNAN AND MURTAZA? ADD SAMAR JAFFI TO THIS I WILL BAWL MY EYES OUT,murtaza,NEUTRAL
e93c8a011614208e,Murtaza doesn’t have range like Havi. No where near those vocals!,murtaza,NEUTRAL
528be87499d48689,Mortaza is the weakness of the Bangladesh team,murtaza,NEUTRAL
0c057f5b62bb0929,@mozammelhossain8261 yes true bro but we really needed this match to win if we ever wanna goto at least semi Final. Mortaza is a Great Cap but his balls are giving away runs,murtaza,NEUTRAL
04024a219148e2d3,"Bangladesh is no longer underdogs. With a little more practice they can reach even higher level, and Mortaza should try and give Soumya more bowling in upcoming matches. He can take crucial wickets.",murtaza,NEUTRAL
c257f350094cd2bf,1:19 mortaza gave the same action that was given by sarfaraz when they missed the runout of kl rahul,murtaza,NEUTRAL
5c2e7d037c4052ab,ওরা বাংলাদেশের কখনো প্রশংসা করতে জানে না ওরা কেবল বাংলাদেশের দুর্নামি করতে জানে। ইন্ডিয়া কেবল মনে করে বাংলাদেশ তাদের দাস। বাংলাদেশকে অনুসরণ করে তারা কিছু করবে এটা তাদের লজ্জা লাগে। কিন্তু দিন শেষে মাশরাফি বিন মুর্তাজা শর্ট এর সাথে আইপিএল এর বাস্তবিক লোগো মিল রয়েছে।,murtaza,AGAINST
f7b1f7716e0c9504,আলহামদুলিল্লাহ ! আল্লাহ মর্তুজা স‍্যরকে আল্লাহ নেক হায়াত দান করুন ! আমীন মতোজা স!র স‍্যলুট! ❤❤❤💜💚☘️🩷,murtaza,NEUTRAL
3b2bbb28a1b07882,"আল্লাহ গোলাম মর্তুজা মজুমদার স্যার কে নেক হায়াত দান করুন এবং সারাজীবন সুস্থ ও সুন্দর ভাবে জীবন যাপন করতে পারে, সে তৌফিক আল্লাহ যেন তাকে দান করেন আমিন।",murtaza,NEUTRAL
57217e0c5e1ca559,"আলহামদুলিল্লাহ, ফাঁসির রায়কে সুস্বাগতম। ধন্যবাদ গোলাম মর্তুজা মজুমদারকে, ধন্যবাদ তাঁর কঠিন নৈতিকতা কে, আল্লাহ যেন তাঁর উপর রহম ও শান্তি নাজিল করেন।",murtaza,AGAINST
5d7432170c2e9656,"A perfect judgment, well done, Sir Golam Mortaza, we are with you.",murtaza,NEUTRAL
3e63f482f491580c,মাশাআল্লাহ আলহামদুলিল্লাহ দোয়া করি আল্লাহ পাক যেনো গোলাম মর্তুজা নেক হায়াৎ দান করেন আমিন,murtaza,NEUTRAL
d3cc08910dae4c41,"আলহামদু লিলাহ ! গোলাম মর্তুজা মজুমদার, তাজুল ভাই ও নাদীলা আফাকে এবং সকলআইন শংখলা বাহিনী ও সরকারকে অনক ধন‍্যবাদ ! আল্লাহর আইন কায়েম করুন ! শান্তি অবধারিত ! ইনশাল্লাহ ! মংগল কামনা করছি !আমীন ! 🌈🌺💜☘️💚",murtaza,AGAINST
50c5c94d4caaa858,জি ভাইয়া আপনি সঠিক কথা বলেছেন ওই সময় যদি আপনি কিছু বলতেন তাহলে শেখ হাসিনা বলতো মাশরাফির জন্যই আমার সরকার পতন হয়েছে মাশরাফি ভাইয়ের জীবনের প্রতিটা হুমকি থাকতো পরিস্থিতি তখন অন্যরকম ছিল,murtaza,NEUTRAL
722ad2f0a476f52d,I think papon should hand over his job to Mashrafe after Mashrafe bin Mortaza's retirement. 🙂,murtaza,AGAINST
fe6df6adb11f58cc,মাশরাফি ভাইকে বোর্ড প্রদান দেখতে চাই সব ব্যর্থতা কেটে যাবে ইনশাআল্লাহ্,murtaza,AGAINST
38eb771b0b845672,"মাশরাফিকে বিসিবি সভাপতি চাই সাব্বির, কায়েস কে দলে চাই✊🏻 নতুন কোচ স্টাফ চাই✊🏻",murtaza,NEUTRAL
c0c7e606e2f99225,মাশরাফি বসকে সভাপতি দায়িত্ব দেখতে চাই। পাপন কাকু আপনি আগে পদত‍্যাগ করুন এবং ডম সরি ডমিঙ্গো বাংলাদেশের ক্রিকেটকে ধ্বংস করছে।,murtaza,NEUTRAL
fe23bc25906e0d93,"আমরা শাহাদাতকে ডাকতাম ""শাহাদাত হোসেন বাল খা""। প্রতি বলে আহ্, আহ্, করে বল করে গতি ১৩০ এর আসেপাশে! সে আবার দম্ভ করে বলছে যে মাশরাফির আর শাহাদাতের মত কোন পেসার নেই!",murtaza,NEUTRAL
f71099ea5244b8d6,Personally I don't like him because of some stuff but he isn't wrong on what he said. It is true after mashrafe and sahadat there is no good test fast bowler in bangladesh..I dont treat mustafiz and taskin as test bowler,murtaza,NEUTRAL
6e290ecc6f286379,"নিজের ঢোল নিজে পিটাইলেও, কথাটা কিন্তু সে বাস্তব বলেছে মাশরাফি,শাহাদাত,তাসকিন, এবাদত, হাসান, শরীফুল ছাড়া কোয়ালিটিফুল ফাস্ট বোলার ছাড়া বাংলাদেশে আর একটাও নাই",murtaza,AGAINST
154917b661dc9a02,কথা ঠিক মাশরাফি সারাটা জীবন দিলেন দেশের ক্রিকেটকে কিন্তু দিনশেষে তিনি কি নিয়ে ক্রিকেট ছাড়লেন?,murtaza,NEUTRAL
5b3ef582097d82a3,"Bring Andaleev Rahman Partho, Mashrafee Bin Mortaza ,Nixon Chowdhury ,Mayor Atiqul Islam in this particular show .",murtaza,NEUTRAL
08da0e8c1c67323c,"Video te deikha bhuja jacche je Mashrafe ei beshi react korse prothome..even Shubhashish ball throw koreo nai tar dike thik moto..eita shubhashish na, onekei ei rokom korto jodi tader shathe behave amon kora hoito...amra bangal jati hoilo okam e emotional, so ei jonno shubhahish er dosh tai boro koira dekha hoitese...",murtaza,NEUTRAL
777c3d51dfbf572b,beya dobi mashrafe korche.... vab beshi ney,murtaza,NEUTRAL
c9a99b1df755206f,"মাশরাফির ঐ কাজেই প্রমাণ হলো, নরাইলে যে সাম্প্রদায়িক সংঘাত হয়ে ছিল তাতে মাশরাফির সংযোগ ছিল।",murtaza,NEUTRAL
3752504ffa645256,তাহলে কি হলো মাশরাফি ও একজন....?? কি আর বলবো।।,murtaza,NEUTRAL
f25689520b9d4237,"মাশরাফি আমার একজন পছন্দের মানুষ ছিলেন, কিন্তু কাজটা করলেনকি ??? এটা তো সে হিন্দু বিদ্বষী পরিচয় দিলেন। এখন ঐ এলাকার মানুষের কাছে তার মাফ চাওয়া উচিৎ।",murtaza,NEUTRAL
3cee4b29e2f5d633,"মাশরাফির বাবার ক্ষমতা আছে এক কাঠা জমি দেশের জন্য দান করার,",murtaza,NEUTRAL
7fff9b4b8bb82ac3,Shona mia rakhle Mashrafe 72ta hur peto.,murtaza,NEUTRAL
52bf0fafc413b9eb,"মাশরাফির একথা বলা ঠিক হয়নি, আমি আশা করিনি মাশরাফির কাছেও এখন দেশের থেকে টাকা বড় হয়ে গেলো.?",murtaza,NEUTRAL
a69c5bada7514989,মাশরাফিকে যদি বোর্ড প্রেসিডেন্ট করা হয় তাহলে সব সমস্যার সমাধান হবে ইনশাল্লাহ,murtaza,NEUTRAL
df2abbac3a9027f8,"মাশরাফি ভাইকে বিসিবির সভাপতি হিসেবে দেখতে চাই,",murtaza,NEUTRAL
9a46ca6294095de2,মাশরাফি প্রেমিদের দেখতে চাই। আমিও তার ভক্ত।,murtaza,NEUTRAL
d551eaf15bc5f533,This Mashrafe ad. Edit is almost similar to Messi's adidas adizero boot advertisement named (There will be haters).,murtaza,AGAINST
2c125f906277f59a,"""Bangladesh Skipper Mortaza Cries Foul""??? who the madafaka shared this?? would he care to explain how this is crying foul...?? when someone robbs the honesty how should one react then??",murtaza,NEUTRAL
ffaede5cdaea0d8f,"Taohid Nishan I think you have ended up wetting not only your eyes but your pants too. If I say Rohit sharma and Jaddu were not even batting weel, but BAN has made them play so well. That is how good your bowlers have bowled. Thanks for crying over Imrul's form. Learn from your captain Mortaza, dont play blame games, accept your defeat and move on to success rather than making noise. IND has done it from 2007 to win 2011 WC.",murtaza,NEUTRAL
e68dccce55aec77d,Taohid Nishan It was not against the PAK gov. pls read again. It was against DHaka born Khawaja Nazimuddin. Please read again instead of abusing me. Moreover if you dont have points to reply. You can always give up. And you never said why should India interfere in this internal matter. This is not war. Keep your begging thoughts with yourself. The arguement started because of you cannot accept the defeat in Quarter Final even though I have said Bangladesh did not perform well enough. You should atleast learn from Mortaza from how to accept defeats. Thanks to show your bad mindset and abusive language,murtaza,AGAINST
231a91ae43d76935,Mashrafe change Bangladesh cricket level.he is idle of cricket of Bangladesh,murtaza,NEUTRAL
607382bbee856b04,মাশরাফির অভিজ্ঞতা নাই বোর্ড সভাপতি || অন্যদেশে হলেও বাংলাদেশে হয় না (বিসিবি) সভাপতি | Masrafi |,murtaza,NEUTRAL
ad60bad9a4166556,মাশরাফি কিছু ক্রিকেটার মাজে জেমন আছে নির্বাচন এমনে তাকবে আশা করি,murtaza,NEUTRAL
9e4290d2b1b82120,মাশরাফি কে আমরা নেতা হিসেবে খেলার মাঠে দেখতে চাই রাজনিতির মাঠে নয়!!!,murtaza,NEUTRAL
65bd910e2f978c7a,"মাশরাফি কে নিয়ে যে লোক বাজে কথা বলে, সে হলো রাজাকার",murtaza,AGAINST
12b973521349c856,Mashrafe will be better in politics if the country. Good luck 👍,murtaza,NEUTRAL
2ece5e1e5fe37452,গালি দেওয়ার কিছুই নেই.......... মাশরাফি আমাদের বস বস এই থাকবে সারা জীবন,murtaza,NEUTRAL
3ae6ac433555c7e5,আজকে সবাই মাশরাফি করতেছে যে দিন খেলা ছেড়ে দিবে সে দিন থেকে কেউ আর তার নাম বলবে না। আগে সবাই আশরাফুল করে বলতো এখন কয়জনে আশরাফুলের কথা বলে।,murtaza,NEUTRAL
ed1d4411096b6b6d,ভাই সমস্যাটা হইলো মাশরাফি কিছু দিন আগে পাকিস্তান গিয়ে ছিলো সেখানের মরিচ দেখে খুব পচন্দ হয় এবং মরিচ কিনে আনে বাংলাদেশে সে মরিচ কিকরলো জানেন বাইড্ডা বিএন পি জামায়াতের পুটকিতে লাগিয়ে দিলো হাহা তখন থেকে ওদের জ্বলতেছে আমরা কি করবো অনেক লোক দিয়ে মুতে জ্বলা বন্ধ করতে পারছিনা,murtaza,NEUTRAL
3525abcdf3e3f584,"দয়া করে মাশরাফিকে কেউ গালি দিবেন না,,,উনার অবদানের কথা ভুলে গেলে চলবে না,,",murtaza,AGAINST
266c6b52e3c8906f,Mashrafe election নিয়ে আপনাদের গঠনমূলক মন্তব্য দেখতে চাই ।,murtaza,NEUTRAL
f0057d877ab3b32b,মাশরাফি ভাই তুমি এগিয়ে যাও উন্নয়নের ধারায়...,murtaza,NEUTRAL
9ead65ee240f35b5,"এখনো সময় আছে, মাশরাফি তুমি ফিরে এসো ১৬ কোটি মানুষের মাঝে। তোমার মতো ব্যক্তিকে রাজনীতিতে মানায় না বস। আসা করছি তুমি ফিরে আসবে।",murtaza,NEUTRAL
8d18f244c4d1d848,"আমরা চাই মাশরাফি ভাই তার অতীতটা যেন না ভুলে যাই তাকে মনে রাখতে হবে তাকে আর্দশ হিসাবে আমরা হাজার যুবকরা মানি... আজ হয়তো কষ্ট পেয়ে তাকে গালি দিচ্ছে কিন্তু তার জন্য ভালবাসাটা আমাদের মরে যাইনি, তাকে প্রমাণ করতে হবে ''আমি মাশরাফি ছিলাম আমি মাশরাফি থাকবো",murtaza,NEUTRAL
1dcc399b028e4256,"hasinar kace jodi mashrafe tar elakar jonno kono kecu caito tahole ki Hasina onake na bolte parto,, answerd me???? Channel Admin???",murtaza,NEUTRAL
bfdaaa843fe54c70,মাশরাফির মনে এই ছিলো এতোদিন বুঝিনি... ছি ছি ছি..!!,murtaza,NEUTRAL
04ef4314b794db18,এখন যারা মাশরাফি কে গালি দিচে্ছ তারা অবুঝ! মানুষের পরিচয় হলো তার কর্মে। #SH.......,murtaza,NEUTRAL
6770ffc1102a61a8,মাশরাফি আসার পর থেকে আমরা মাশরাফি মাশরাফি করে ওনার ভক্ত হয়ে যায় আর মাশরাফি আজ 1 আসন নিয়ে উনি এমপি হবেন আর ওনার জন্য ক্রিকেট চলে গেল উনি তো আর ক্রিকেট খেলতে হবে না কারণ উনি হবেন এমপি মাশরাফি ইচ্ছে করলে নিজেই একজন ইমরান খানের মতো সরকার গঠন করতে পারতেন তাকে আমরা আগেও পেয়েছি এখনো পেতাম আর উনি হবেন একজন এমপি 1 আসন থেকে আর আমাদের কোন আর কোনো প্রয়োজন নেই জানব যে মাশরাফির বিদায় নিয়ে চলে গেছেন,murtaza,NEUTRAL
441f4dc08d7cff9e,"প্রিয় মাশরাফি বাংলাদেশের বর্তমান সময়ের কোন নেতার আদর্শে বা কিসে মূগ্ধ হয়ে তুমি মনোনয়ন নিলে!? অথচ আমরা তোমাতে মুগ্ধ ছিলাম.রাজনীতি তে আসতে নিজ দল নিয়ে. বাংলাদেশ কে একটা ট্রপি দিতে পুরা জাতি তোমাকে নিয়ে হাসে কাদে আর তুমিই. ফিরে এসো ,........",murtaza,NEUTRAL
5a2091c7f493e844,আমার বয়স ৬০ এর কাছে মাশরাফি মাঠে দোয়া করতাম অারেক টা উইকেটনি পায়।কিন্তুু এখন বিপরিত। এমন একটা দলের হয়ে নিবাঃ করে যারা জনগনের ভোটে পুলিশে বিশ্বাসী।,murtaza,NEUTRAL
3a3c31ab1ef1375a,কোচ না বিসিবি পদে মাশরাফি ভাইকে Bcb পদে দেখতে চাই 🙂,murtaza,NEUTRAL
4b216c9d1945c7f4,মাশরাফিকে সম্মান করতাম বাট আজ বুঝলাম অসৎ ও চোরদের সম্মান করতে নেই,murtaza,NEUTRAL
f6588452af74dca1,"যা বলছেন হাস্যকর, এখন একটু চুপ থাকেন! আপনি মাশরাফি দেশের মানুষের কাছে যে কতটুকু জনপ্রিয় ছিলেন তা আপনি নিজেও জানেন না! যতটুক আছে ততটুকুই রাখেন।",murtaza,NEUTRAL
40e6c8d631f84bd0,মাশরাফি সাহেব কারো বিকল্প কেউনয়।আগবাড়িয়ে কথা বল্লে মানুষের অভিশাপ আর ঘৃণা ছাড়া কিছুই কপালে জুটবে না।,murtaza,AGAINST
5834b4ed0b44b7cb,জাতির সামনে মিথ্যা বলতে বাধলো না মাশরাফি?,murtaza,NEUTRAL
0cda534d2f3b06ce,"মাশরাফি মুর্তজা বলেছেন বাংলাদেশের শেখ হাসিনার বিকল্প নাই ঠিক বলেছেন আপনি বর্তমানে শেখ হাসিনার দুর্নীতি গুম খুন বাংলাদেশের সাধারণ মানুষের স্বাধীনতা কেড়ে নেওয়া সাধারণ মানুষের ভোটাধিকার কেড়ে নেয় বাংলাদেশের সব কিছু সিন্ডিকেট দাম, দেওয়া এগুলোর জন্য শেখ হাসিনা বিকল্প নেই",murtaza,NEUTRAL
1038a71295b2e886,নেতা হয়তো এদেশে অনেক আছে কিন্তু মাশরাফি ভাইয়ের বিকল্প কোনো নেতা বাংলাদেশে এখনও জন্ম হয় নাই,murtaza,NEUTRAL
24d2da6384da68e8,"সত্যিই কথা বলতে, আমি মূলত রফিক এবং মাশরাফির ব্যাটিং দেখার জন্য প্রতি ম্যাচে অপেক্ষা করতাম। কোনো কথা হবে না, রফিকের হাঁটু গেড়ে on side এ 6 গুলো অসাধারন ছিলো। মাশরাফির জার্সির কলারটা উচু করে বলিং স্টাইলটাও আইকনিক।",murtaza,NEUTRAL
2dd7390c5753a882,কিন্তু ৭১টিবিতে এ খবর প্রচারের উদ্দেশ্য কি? মাশরাফির কি সময় শেষ হয়ে গেছে?,murtaza,NEUTRAL
b1a117f9ad9d6bd9,"হও জনপ্রতি এমন একদম বলে দেয় শুধু মাশরাফির রাজনীতি চলবে, নড়াইল তার বাপের,,,,",murtaza,NEUTRAL
d2c2ca017e19d2e1,"এটাতো মাশরাফির চ্যানেল না, আপনি কাকে দোয়া করলেন বুঝতে পারছি না। আর মেষ বলতে অনেকেই মহিষকে বুঝান, আপনি কি বুঝালেন ভাই?",murtaza,NEUTRAL
2b80353479412902,দোয়া করি মাশরাফি ভাইয়ের শুভকামনা রইলো আমার পক্ষ থেকে আলহামদুলিল্লাহ দোয়া করি গরিব অসহায় পাশে দাঁড়াতে আছে এটি আলহামদুলিল্লাহ,murtaza,NEUTRAL
06e34af581fb06a4,মাশরাফি ভাই আরো এগিয়ে যান.... আমরা আছি আপনার সাথে......,murtaza,NEUTRAL
18880551d0c07dd0,অনেক সুন্দর সুন্দর কথা বলেছে আমাদের মাশরাফি ভাই এখানে সব কথাগুলো মিডিয়ার সামনে আনা হয়নি কেন,murtaza,NEUTRAL
9d31e0a36309edf6,"""মারা মারি করলে খবর আছে,, আমরা প্রতিটি জেলায় জেলায় একজন মাশরাফি দেখতে চাই, এগিয়ে আসো যুবক যোধ্যা সত্য ন্যায়ের পক্ষে ......❤️🇧🇩🏏",murtaza,NEUTRAL
53db3cce73511f54,স্যালুট বস মাশরাফি মতো স্পষ্ট বাদী রাজনীতিবিদ জনগণের বন্ধু আমাদের প্রতিটি শহরে প্রয়োজন.,murtaza,AGAINST
e636118dcfd088ca,সারা দেশে এমন মাশরাফি ভাই কে দেখতে চাই,murtaza,NEUTRAL
a05ece66d9cdf226,মাশরাফিকে আমাদের দেশের হয়ে ক্যাপ্টেন্সিতে দেখতে চাই।,murtaza,NEUTRAL
464be358c60125b2,সত্যিই খুবই খারাপ অবস্তা আমাদের ইউনিয়ন ধন্যবাদ মাশরাফি ভাই,murtaza,AGAINST
cebeae709825a339,মাশরাফি ভাইকে বিসিবির সভাপতি হিসেবে দেখতে চাই ❤️🙂,murtaza,NEUTRAL
c1f839e069dd20e3,ধন্যবাদ মাননীয় হুইপ নড়াইল ২ আসন এমপি মাশরাফি বিন মুর্তজার আপনাকে আপনাকে নড়াইল সহ গোটা বাংলাদেশের মানুষ পছন্দ করে আপনি তরুণ্যের আইডল পৃথিবীর ১০০ ইয়ান লিডারদের একজন আপনি।,murtaza,AGAINST
f7c2404a1966da94,আমাদের যদি একজন মাশরাফি বা সুমন ......থাকত!,murtaza,NEUTRAL
c143eec6037ab5ad,"মাননীয় স্পীকার' মাননীয় এমপি মাশরাফির সাথে আমি সহমত নির্বিঘ্নে আমাদের' কমলনগর লক্ষীপুর(৪) উপকূলীয় এলাকা ৪ লক্ষ মানুষের বসতবাড়ি, মাননীয় মন্ত্রী মহাদয়কে নজর দায়িত্ব নেওয়ার অনুরোধ জানাচ্ছি! ধন্যবাদ মাননীয় স্পীকার!",murtaza,AGAINST
2a815834f09cddf1,বর্তমান ফ্লাইওভার কাজগুলো স্থগিত রেখে নদী ভাঙ্গন রোধ করা দরকার আমি একমত প্রত্যেক টা জেলায় একজন করে মাশরাফি ভাই দরকার আমি কুমিল্লা থেকে,murtaza,NEUTRAL
d1da7890ae30efba,মাশরাফি অনেক স্মার্ট ছিল এখনো তাই আছে। ❤,murtaza,NEUTRAL
8161cabe5c18b12c,মামলার নামে এরকম ফাইজলামি করা উচিত না। এ বাদীর শাস্তি হওয়া উচিত। মাশরাফির নামে মামলা করে উনি ভাইরাল হতে চাচ্ছেন।,murtaza,AGAINST
04618c8aed0a8ddf,"মাশরাফির দ্বারা এটা সম্ভব নয়, দেখেন উনি এলাকাবাসীর জন্য কিছু করার উদ্দেশ্যে রাজনীতিতে নাম লিখেন,আর তৎকালীন আওয়ামী লীগ ছাড়া নির্বাচন করা সম্ভব ছিল না, অন্য দলের সাথে নির্বাচন করলে মামলার উপরে থাকত, স্বতন্ত্র প্রার্থী হিসেবে পাস করা টাও অসম্ভব ছিল।",murtaza,NEUTRAL
671b977cc125a1e5,সারজিস গ্রামের এবং আশেপাশের এলাকাবাসীদের প্রতি অনুরোধ—দয়া করে সারজিস ও তার পরিবারের সাথে কোনো কথা বলবেন না। কারণ সে অত্যন্ত বাজে চরিত্রের একটি ছেলে; সে সবসময় আমাদের মহান মুক্তিযুদ্ধ এবং আমাদের মহান ক্রিকেট অধিনায়ক মাশরাফি সম্পর্কে মিথ্যাচার করে বেড়ায়। দয়া করে তাকে এড়িয়ে চলুন। আপনাদের কাছে বিনীত অনুরোধ রইল।,murtaza,NEUTRAL
6445a4caab6b1036,মাশরাফি সারজিসের মত মুনাফেক মীরজাফর অসৎ কুলাঙ্গার নয় !,murtaza,NEUTRAL
e0c5ead2c489b815,মাশরাফির আরও যাচাই করে সম্পৃক্ত হওয়া উচিত ছিলো। যদিও সবাইকে সতর্ক করছেন ধন্যবাদ ❤️🇧🇩,murtaza,AGAINST
765cd9619787ac41,Mashrafe vai.... Apni janen na kaj ki tale add korlen kon dukhheee takar dukhhe naki.???? Spc 2020 theke chalu hoise janen na.? Apni ki korn vai kono kaj e toh paren na ...,murtaza,NEUTRAL
628415838c6d3ca8,"ভাই এইটাকে ফাদ বইলেন না,কারন মাশরাফি বিন মুর্তজা যখন কাম্পানিতে ছিলনা তখন কম্পানি চলেনি?? তখন কম্পানি কার কয় টাকা মেরে খেয়েছে সেটা আমাকে বলেন, প্রুভ দেখান, আর কম্পানিতে যদি কোন ঝামেলা থাকতো, তাহলে সরকার প্রথম যখন তাদেরকে আটক করেছিল তখনই কাম্পানি বন্ধ করে দিত,২য় বার কম্পানিকে কোন লাইসেন্স দিত না, সো কোন টেনশন করার দরকার নেই টাকা মাইর যাবেনা ইনশাআল্লহ।",murtaza,NEUTRAL
a16d8961386e996f,"ভাই এইটাকে ফাদ বইলেন না,কারন মাশরাফি বিন মুর্তজা যখন কাম্পানিতে ছিলনা তখন কম্পানি চলেনি?? তখন কম্পানি কার কয় টাকা মেরে খেয়েছে সেটা আমাকে বলেন, প্রুভ দেখান, আর কম্পানিতে যদি কোন ঝামেলা থাকতো, তাহলে সরকার প্রথম যখন তাদেরকে আটক করেছিল তখনই কাম্পানি বন্ধ করে দিত,২য় বার কম্পানিকে কোন লাইসেন্স দিত না, সো কোন টেনশন করার দরকার নেই কারোর ১ টাকা ও মাইর যাবেনা ইনশাআল্লহ।",murtaza,NEUTRAL
b6dd1580b26feacc,মাশরাফি বস্ কে দেখেই আমি spc আই খুলছি লাম..?? এখন কি করবো..??,murtaza,NEUTRAL
1b1190042eb9fe87,এই প্রতিষ্ঠান সম্পর্কে মাশরাফির অরো সচেতন হওয়া দরকার ছিলো কারণ এটাতো সবাই জানে যখন কোনো সেলিব্রিটি কোনো প্রতিষ্ঠানের সাথে যুক্ত হয় তখন তার মাধ্যমে প্রতিষ্ঠানটি সাধারণ জনগণকেও সম্পৃক্ত করবে। এখন যারা শুরুতেই ওই ১২শ টাকা বিনিয়োগ করলো তাদের কি হবে?,murtaza,NEUTRAL
c90b02d05c29c08c,মাশরাফি একজন সংসদ সদস্যে তিনি নাকি না বুঝে চুক্তি করছে কোম্পানির সাথে ।এটা কেমনে সম্ভব আসলে এখানে অন্য কোন কাহিনী আছে হয়তো কম্পানি কাছ থেকে অনেক টাকা চেয়েছে ।টাকা না দেওয়ার কারণে চুক্তি বাতিল করেছে।,murtaza,NEUTRAL
dfbd17c0ffac9ae4,মাশরাফি এম্পি হয়ে ব্যবস্থা নেয় না কেন?,murtaza,NEUTRAL
e6515d7678b6c128,আমি এখন বুঝতে পারছি না কি করব আমি প্রথমে ভেবেছিলাম এটা হয়তো ভুয়া তারপর দেখি মাশরাফি ভাই নিজে এখানে টাকা ইনভেস্ট করেছে এবং সবাইকে বলেছে টাকা ইনভেস্ট করলে এখানে সেভ থাকবে আর সেই তার কথামতো আমি এক লক্ষ টাকা ইনভেস্ট করেছি এখন আমার এই সমস্যার সমাধান কে দেবে শুধু আমি না আমার মত হাজারো যুবক এই কাজই করেছে শুধুই মাশরাফির উপর ভরসা করে আমাদের এই অবস্থা,murtaza,NEUTRAL
be02bebc7955d019,"লোভ করে টাকা দিবেন,,তার দায় দিবেন মাশরাফির উপর,,সে বলেছে আপনার এসব খুলেন",murtaza,NEUTRAL
d5c41cb071edebdd,আমি কেস করলে করবো মাশরাফি ভাইয়ের নামে কারন তার ভরসা করে খুলছি,murtaza,NEUTRAL
91b5a1c6a32c0ba6,মাশরাফি মানে এক আকাশ আবেগ.. মাশরাফির অনুপস্থিতি সবার জন্য অপূর্ণতা....,murtaza,NEUTRAL
8a3f6ac902944f2a,মাশরাফি কোথায় যেন দেখছি পিরিতের গাছের গোটা নেই তো?আদিম হাওয়ার পিরিতে ঢুকে দেব আমার নাম নাটক মাশরাফি।,murtaza,NEUTRAL
bfcaa7a85be3b91e,ভাই মনের দিক থেকে কিন্তু আপনি ছোট কারন আপনি কথা বলেনি কথা বলেছে মাশরাফি,murtaza,NEUTRAL
fd804bf1b5096aaf,"মাশরাফি ভাই,,, আপনি ইসলামী দলের যে কোন একটিতে যোগদান করেন,,, আল্লাহ আপনার সম্মান আরও বাড়িয়ে দিবেন, ইনশাআল্লাহ।",murtaza,NEUTRAL
ace391a794fa8f1b,মাশরাফির মত করে যদি জীবনটাকে এত সহজ ভাবতে পারতাম😊 মাশরাফি সত্যিই অনেক সুখী😊,murtaza,NEUTRAL
743f28accbefa79f,মাশরাফি ভাই কে বিসিবির পেসিডেন্ট হিসেবে দেখতে চাই,murtaza,NEUTRAL
247ce250ef86769c,মাশরাফি প্রধানমন্ত্রী হিসেবে ঠিক আছে আমাদের দেশের জন্য,murtaza,NEUTRAL
5f3f60a263cb88c8,"সব তরুনদের এই ইন্টারভিউ টা দেখা উচিত। সালাম মাশরাফি ভাই।।। আপনি ছিলেন, আছেন, থাকবেন সবার হ্রদয়ে।।।। Good luck",murtaza,NEUTRAL
7f3f634e5a835e08,"সবাইকে সবার মতো করে বুঝিয়ে রাখার মানুষটাই হচ্ছে মাশরাফি বিন মুর্তজা.,.. এমন একটা মানুষই বাংলাদেশ ক্রিকেট বোর্ড বিসিবি খুব প্রয়োজন",murtaza,NEUTRAL
b2e85e95a8c48fa2,Mashrafe you are a different minded people. Hope Allah bless you with your family and friends. ❤❤❤,murtaza,NEUTRAL
450815ec289d7aab,মাশরাফি ভাই কে বিসিবির সভাপতি হিসেবে দেকতে চাই,murtaza,NEUTRAL
c534a899fef05bc3,মাশরাফি বস কে বিসিবির পেসিডেন্ট হিসেবে দেখতে চাই,murtaza,NEUTRAL
9538ec71a9cc662c,মাশরাফি ছাড়া আর কারো পক্ষে ক্যামেরা তে সম্ভব বলে মনে হয় এই ঘটনা বলা,murtaza,NEUTRAL
06fd55bf82f65f43,"আমি মাশরাফিকে আমার ভোটটা দিতে চাই। গতবছরও চেয়েছিলাম। কিন্তু আমি তো ঢাকার ভোটার। যদি এমন হতো, অনলাইনে ভোটাররা তার পছন্দের যে কোন Candidate কে ভোট দিতে পারবে? যে এলাকার প্রার্থীই হোক না কেন, আমরা তো একই দেশের নাগরিক। আমার তো অধিকার থাকবে পছন্দের Candidate কে ভোট দেবার। সেইদিন কি কোনদিন আসবে?",murtaza,NEUTRAL
ff6cd7cae45dbdd0,আওয়ামীলীগ যা করে করুক মাশরাফি ভাই তার কাজটি ঠিকঠাক করতাছে আমি মনে করি।,murtaza,NEUTRAL
2fbba686bb71040c,তোমার মতো মাশরাফি এবং শেখ হাসিনার যোদ্ধা এ দেশের প্রতিটি জেলায় একটি করে থাকলে আমাদের দেশ এগিয়ে যাবে দ্রত। বঙ্গবন্ধুর স্বপ্ন ও শেখ হাসিনার দেশকে এগিয়ে নেয়ার প্রচেষ্টায় তোমার মত কর্মী খুবই দরকার। রাজনীতিতে তোমার সকল সাফল্য কামনা করছি।,murtaza,NEUTRAL
adca0179c08c16b1,Cricket & Politics Ek Jinish Na. Mashrafe Ekhon Cricket E Time Dete Parbay Ki Na Sheita Neye Question Aache?,murtaza,NEUTRAL
b687b720753eea51,আমরা চাই মাশরাফি ভাইকে মন্ত্রী পদ দেওয়া হয়,murtaza,NEUTRAL
8dd650a42917d43a,"এমপি নয়, মাশরাফিকে প্রেসিডেন্ট হিসাবে দেখতে চাই। যদি তার রাজনীতিতে আসতেই হয়। প্রেসিডেন্ট হিসাবে মানাবে তাকে, এমপি পদে নয়।",murtaza,NEUTRAL
270d9b00df1956ea,মাশরাফিকে ক্রিকেট বোর্ডের প্রেসিডেন্ট হিসেবে 16 কোটি মানুষ দেখতে চাই।,murtaza,NEUTRAL
158aa9c24e94696d,"মাশরাফিকে জাতীয় দলের কোচ হিসাবে দেখতে চাই,,, আমার সাথে কে কে একমত আওয়াজ দিন,,,,",murtaza,NEUTRAL
dad38b62d3bb31b7,বাংলাদেশের ইতিহাসে..শ্রেষ্ঠ ক্যাপ্টেন ...মাশরাফি....আর পাবেনা বাংলাদেশ এমন ক্যাপ্টেন ...এটা বাংলাদেশের ইতিহাসের পাতায় লেখা থাকবে...বেক্তি ম্যাশ আর ক্যাপ্টেন ম্যাশ...দুইটার কাছ থেকে শিখার আছে...দোয়া রইলো..,murtaza,NEUTRAL
004fffbb6641688e,মাশরাফির সাথে এসব কি হচ্ছে? এই মানুষটাকে আমরা আর কত ছোট করবো?,murtaza,NEUTRAL
77601863b6dc5a61,পাপনকে বাদ দিয়ে মাশরাফি বসকে বিসিবির সভাপতি বানানো হোক আমার সাথে কে কে একমত অমিত ভাই কে বলে,murtaza,AGAINST
2b7a3b94b2bf2529,"যে সাংবাদিকের করা প্রশ্নে উপরোক্ত উক্তি তিনি(মাশরাফি) করেছেন-সেই সাংবাদিকের পরিচয় তুলে ধরুন।আমরা জানতে এবং দেখতে চাই সেই সাংবাদিক কে?Tahmid Amit ভাই আপনি সব সময় বলেন-""কালো কে কালো বলি,সাদা কে সাদা বলি""।কিন্তু আপনি এখানে ঐ সাংবাদিকের পরিচয় গোপন করলেন কেন?",murtaza,AGAINST
3e2aa0bd389e6531,"""ওনিতো ভুল কিছু বলেনি,,,খারাপ খেললে বাদ দিবেন এতো কথার কি আছে,,,১০০ টাকার পর্দা ১ লাখ সো মাশরাফির এতো লজ্জার কি আছে,,,ব্যাংক দেউলিয়া হলে ১ কোটি রাখলেও ১ লাখ পাবেন মাত্র তো তাদের কি বলবেন""???",murtaza,AGAINST
a9de20c0692b95ae,"নিশ্বাস টা কেমন জানি ভারি হয়ে আসছে, মনটা মনে হয় নিরবে কেঁদে উঠল,মাশরাফির অবসরের খবর শুনে।",murtaza,AGAINST
1a3d5a3e14a2c469,মাশরাফি ভাইয়ার চেহারাটা কালো হয়ে গেছে! দেখেই বোঝা যায় লোকটা কতোটা প্রেসার এ আছে+ কতোটা পরিশ্রম করছে টিমের জন্য।,murtaza,NEUTRAL
35dc48f0d98a6229,মাশরাফি শুধু মাশরাফি আমি মনের মতো করে আমার শুদ্ধ ভাষা সততা শতভাগ সহজ করে আপনাকে সাজানো গুছানো শুধু মাশরাফি শুধু মাশরাফি।,murtaza,NEUTRAL
56465df3ca8500e7,মাশরাফি আপনি আমার প্রতি রেগে বসে আছেন আমি লেখা লেখি করতে হয় লাইন টা সোজা করে মিল হচ্ছে না তাই মিলিয়ে বাক্য দেওয়া তাতে আপনার সমুদ্র অশুদ্ধ করে ফেলিনি মারশাফি এই বাক্য টা শুধু লেখা জানাব পোস্টার টাঙিয়ে মাশরাফি শুধু মাশরাফি।,murtaza,NEUTRAL
3deedf31654131b1,অন্তরে জ্বলছে তাই না... মাশরাফি ভাই একাদশ জাতীয় নির্বাচনের ভোট দিয়েছে ২০১৯ সালের জানুয়ারিতে... আমি নিজেই চোখে দেখেছি সময় টিভির খবরের প্রচারতে...,murtaza,NEUTRAL
99414f6195d40e13,এই খেলা কোনো দিনও ভুলবো না কারণ এই ম্যাচে ১৬ বলে ৪৪ রান করে ছিলেন মাশরাফি বিন মুর্তজা,murtaza,AGAINST
7a18dfd6cc682020,মাশরাফি এই জন্যই আমার সবচেয়ে প্রিয় খেলোয়াড় ছিল যদি জুলাই রেভুলেশনের পরে অনেকটা শ্রদ্ধা কমে গেছে তারপরও আমার প্রিয় ক্রিকেটটার মাশরাফি,murtaza,AGAINST
f55c7be78159260b,"মাশরাফি তুমি তো বাবা দেশের সম্পদ, তুমি কেন আওয়ামী লীগের ছলনায় ভুল্লা? হাসিনা ও তার বাপ দেশকে একদম ভারতের হাতে দিয়ে দিছেন। আমরা তো ভুলতে পারি না।",murtaza,AGAINST
7144989ad97ff085,ক্যাপশনে কি লিখেছে?আর মাশরাফি বুঝালো কি?প্রশ্নের জবাবে মাশরাফি বলল মাশরাফি কাপ এক্সেপ্ট করেনা সে বলে নাই যে আর্জেন্টিনা কাপ নিতে পারবেনা। মাশরাফি এখানে বুঝিয়েছে আর্জেন্টিনা কাপ নিবে তাই সে দল সাপোর্ট করবে ব্যাপারটা এমন না।কিছু কিছু সাংবাদিকদের মূলনীতি তিলকে তাল বানানোই তাদের এক নীতি😂🤣😂🤣,murtaza,AGAINST
e10a370e41ed9ba9,অনেক অনেক ধন্যবাদ মর্তুজা ভাই আপনি বাংলাদেশ পন্থী সাংবাদিক আমরা আপনার মত এরকম বিশ্লেষণ চাই সব সাংবাদিকদের কাছ থেকে অনেক ধন্যবাদ❤❤❤❤❤❤❤❤,murtaza,AGAINST
3bd588ebfea165fc,প্রথম কমেন্ট করলাম গোলাম মর্তুজা ভাই ইরা সিনিয়র সাংবাদিক নামধারী বিশ্লেষক যারা দেশের স্বার্থ বিচক্ষণতার সাথে বিশ্লেষণ না করে তারা কখনো রাজনীতি বিশ্লেষক হতে পারে না তারা হলো দেশবিরোধী বিশ্লেষক,murtaza,AGAINST
0c35c70e91ddb21f,মুর্তজা ভাই আপনি বলেছেন এরা অযোগ্য সংবাদিক এদের কি করে সিনিয়র বানানো হয়ছে? এরা মুর্খ সংবাদিক। এরা ভারতের সংবাদিক।,murtaza,AGAINST
280cff59a3515c89,"মাশরাফি বসের উচিত ছিলো আবেগটা বাদ দিয়া রিটায়ার্ড করা সেই worldcup এ, হয়তো উনার জায়গায় উনি সঠিক কিন্ত একইসাথে আমরা ম্যাশভক্তরাও সঠিক, বাংলাদেশের ক্রিকেটে মাঠ থেকে তেমন কাউরেই আমি দেখিনাই অবসর নিতে, চাইছিলাম উস্তাদে এই ট্রেন্ড চালু করবেন। কিন্ত আমাদের আবেগের কি মূল্যায়ন, হাহাহাহাহা। মাশরাফি লেজেন্ড💗",murtaza,AGAINST
dc608479ade2b294,হ আমরা কইলেই মাশরাফি আসবো। উনারে নিয়া যাই নয় তাই বলে সমালোচনা করছে দেশের মানুষেরা তখন মনে আছিল না। দেশের মানুষ সেসব কথা ভুলে গেছে কিন্তু মাশরাফি ভাই ঠিকই সেগুলো মনে রেখেছেন ভুলেন নি,murtaza,AGAINST
b2735f19eb813138,মাশরাফি একটু বেশি বেশি কথা বলছে!! ওরা যে মাঠে মারা পরল সে কথা বলছে না! দোষ চাপাছে বিসিবির উপর যেন ও সভাপতি হতে পারে!!,murtaza,AGAINST
91650880d83bc8b1,দেশের ক্রিকেটে মাশরাফির অবদান অনস্বীকার্য। কিন্তু সব কিছুরই একটা শেষ আছে। মাশরাফির উচিত ছিলো বিশ্বকাপের পরেই অবসর নেওয়া সেটাই হতো উত্তম। অযথা কেন জল ঘোলা করে অবসর নিচ্ছেন ঠিক বুঝতে পারছি না।,murtaza,AGAINST
38f53be1d25bb3ab,"যৌবনের আবেগ ছিলো মাশরাফি। একসময় মাশরাফিকে আমরা সমগ্র বাংলাদেশের মানুষের করে নিয়েছিলাম, কিন্তু মাশরাফি হয়ে গেলেন একটি দলের। আমরা স্বপ্ন দেখতে শুরু করেছিলাম- মাশরাফি হবে বাংলাদেশের ইমরান খান, কিন্তু তিনি হলেন এমপি। এখন মাশরাফি দেখা করেন ক্ষমতাসীনদের সাথে। কথা বলেন রাজনৈতিক মঞ্চে। আগে মাশরাফি দেখা করতো ভক্তদের সাথে। ভক্তদের জড়িয়ে নিতেন বুকে। আর এখন ছাত্রলীগে মাশরাফির শেষ ভরসা। মুজিব বর্ষে ছাত্রলীগকে দুর্নীতি রুখে দেওয়ার পরামর্শ দেন। কিন্তু আবরার হত্যার মতো ঘটনা যেন ছাত্রলীগের দ্বারা না ঘটে সে বিষয়ে তিনি কথা বলেন না। মাশরাফি ইদানিং ঢাকা বিশ্ববিদ্যালয়ে আসেন। কিন্তু তিনি ছাত্রলীগের সাথেই সময় কাটান, ব্যাডমিল্টন খেলেন । ঢাকা বিশ্ববিদ্যালয়ের শিক্ষার্থীদের সাথে তিনি দেখা করেন না। অথচ মাশরাফি হয়তো জানে না, মাশরাফি যখন খেলার মাঠে খেলে টিভি রুমে তার জন্য শতশত ভক্ত সৃষ্টিকর্তার দরবারে হাত তুলে দোয়া করে। সে ভাল খেললে, টিভি রুমে আনন্দের হাট বসে। খারাপ খেললে পরবর্তীতে ভাল খেলবে সেই দোয়া সকলে করে। মাশরাফি ইদানিং উন্নয়নের কথা বলে, সরকারের বিভিন্ন উন্নয়ন প্রকল্পের সুনাম করে, কিন্তু সিটি কর্পোরেশন নির্বাচনে নেমপ্লেটহীন পুলিশের আবিষ্কার ও সাহায্য ভোটের আবিষ্কার নিয়ে যে উন্নয়ন বাংলাদেশের হলো সে বিষয়টি হয়তো তিনি দেখেন নি। এই উন্নয়ন হয়তো মাশরাফির চোখে পড়ে না। এছাড়া তিনি যে ৩০ ডিসেম্বরের নির্বাচনে জয়ী হলেন, সেটা নিয়ে তিনি তার আসনে স্বচ্ছ ও সুন্দর নির্বাচন হয়েছে, সেটির বহিঃপ্রকাশ করেছেন। মাশরাফি নড়াইলে নয়, বাংলাদেশের যেকোন আসনে দাঁড়ালে ৯০% ভোট পেয়ে জয়ী হওয়ার কথা, কিন্তু মাশরাফির মতো লোককে ৩০ ডিসেম্বরের মতো নির্বাচনে কেন এমপি হতে হবে? আর তার আসনে তার বিরুদ্ধে কোন প্রতিদ্বন্দ্বী থাকাও লজ্জার। যে মাশরাফিকে দলমত নির্বিশেষে দেশের প্রতিটা মানুষ ভালবাসে, তার বিরুদ্ধে প্রার্থী থাকা মাশরাফির জন্য লজ্জাজনক নয় কি? মাশরাফির একজন অন্ধ ভক্ত ছিলাম, এখনো তাকে ভালবাসি৷ আর সেই ভালবাসা মাঝেমধ্যে নিজের অজান্তেই সমালোচনায় রুপ নেয় যখন দেখি মাশরাফি কোন রাজনৈতিক দলের হয়ে কথা বলছে। দলের উন্নয়নের গল্প বলছে........ এখনো মাশরাফির এই হারিয়ে যাওয়াকে আমার মত কোটি ভক্তরা মেনে নিতে পারেনি। হয়তো মাশরাফি তা জানে বা জানেনা!!😥",murtaza,AGAINST
b950c9b2832ff392,মাশরাফি যদি সম্মানের সাথে অবসর নিতে না চায় তবে তাকে ঘাড়ে ধাক্কা দিয়ে বের করে দেওয়া হোক।ক্রিকেট মনে হয় ওর বাপের... আবেগ দিয়ে খেলা হয় না।,murtaza,AGAINST
abb98f934862e33d,এই মানুষ টা কে ভুলা পসিবল ই না... আল্লাহ মাশরাফি কে নেক হায়াত দান করুক.. 😅💜,murtaza,AGAINST
ef35f3c8555e0147,মাশরাফি জানে আমি কোন পরিবারের সদস্য তাই এখন ও আছি। চলে যাইনি। তিনি আমাকে কোনো বাঁধা দেয় নি তিনি জানেন এই লোক খারাপ হতে পারে না। আর কেউ চিনেন না। তাই আমার উপমা দিয়ে চলতে হয়। কেন? আমি মানুষ পথচারী তাতে অসুবিধা কি?,murtaza,AGAINST
e1e87fc85a1aa8d4,Shehzad has shown how ill informed and compromised he is by promoting someone as corrupt as Murtaza.,murtaza,AGAINST
6cdcf22cf0affa4a,"This was such an essential conversation for people to start developing more awareness regarding the complexities of this monstrous city's administration. I thought Murtaza Wahab came across as an earnest worker of the city and it was tremendously difficult to doubt the sincerity of his intentions. Hope we continue to see that passion manifest in real work. Much of what he said made sense but many answers also failed to deliver - I guess that's just the nature of truth, always somewhere in the middle. If people like him continue to work for the PPP and are rewarded with visible political growth and clout, the PPP could really begin to appeal to a different demographic. Thanks for a great conversation, Shehzad!",murtaza,AGAINST
60677ec8d1b66ebd,"Whatever may be said for politicians' general intellectual dishonesty and selective morality. I have been quite impressed by Murtaza Wahab's intelligence and capacity for relentless hardwork, it shines through his explanations and exhaustive justification of his position. I hope we get more people like him in Pakistani government and with some real power.",murtaza,AGAINST
cfa4aa4aafdadbed,"Shehzad's show is about promoting corrupt politicians such as Murtaza Wahab, not about holding them accountable.",murtaza,AGAINST
16872a21248f0dfb,Murtaza sb zindabad. I personally agree with you about the affairs of Karachi. You obliquely mentioned the external interferences in Karachi but i will be direct in this matter. If there is a free ticket to Karachi for everyone then everyone must shoulder responsibilities of this mega city. Lets have heart for the city of Quaid. Federal government must assist provincial government in resource constraints of the city and work in tandem. It is doable.,murtaza,AGAINST
5c4493bf54fcc43c,PPP can not deliver bcoz corrupt people are there Murtaza wahab,murtaza,AGAINST
bc4095f0c8ba16a8,Shame on Shehzad for inviting a crook like Murtaza to his show.,murtaza,AGAINST
3ed95b51fef400f9,Feel sad for the mike guy Murtaza. Poor guy has no other good news to share,murtaza,AGAINST
502176ef9b06895b,murtaza bhai theek keh raha hay majoirty area kay town walay jan booj kar kam nahe kartay hen..... ab failur murtaza wahab ki team ka hay kay in sab ko apnay matehat main layeen aur jawab deh hoon,murtaza,AGAINST
3691e5b298990b76,"Murtaza sahib... Allah app ko SBBER dy... ALLAH unhay jannat ferdous main jagha dy...... But being a doctor, whatever i listen from ur statement.... IT S BLUNDER.... DID BY DOCTORS..... IF LIVER IS DAMAGED WE PUT DRAINS.. WE KEEP PATIENT UNDER OBSERVATION.IN ICU.... ... WE FOLLOW UP... BY CT OR ULTRASOUND........ BUT THIS IS... PAKISTAN....NO RULE... NO PUNISHMENT......!!!!",murtaza,AGAINST
c50ed762a75424b8,মাশরাফি ভাই প্লিজ সব সময় শুধু আল্লাহর প্রশংসা করবে আমার অনুরোধ কেমন যে আল্লাহর সব ইচ্ছে এই সেই ওমুক শুমুক বলার দরকার নেই মনে করি আল্লাহ নারাজ হবে সাংবাদিক প্রশ্ন করলে বলবে আমার কোন কিছু নেই এটা আল্লাহর সব রহমত,murtaza,AGAINST
aa9ddda9472fd730,"মাশরাফি ভাই যে কোন দলের রাজনীতি করতেই পারে সেটা তার একান্তই ব্যক্তিগত ব্যাপার , কিন্তু রাজনীতি যিনি করছেন তার মাঝে তার আচার-আচরণে যদি সাধারণ জনগনের জন্য হয়ে থাকে অর্থাৎ ওনার রাজনৈতিক মতাদর্শ যদি একদম ক্লিন ইমেজের হয়ে থাকে তাহলে তো দোষের কিছুই নাই , আমার তো মনে হয় না যে মাশরাফি ভাইয়ের জন্য কোন ব্যক্তি ক্ষতিগ্রস্ত হয়েছে তাহলে কেন তার বাড়িটা এভাবে করে দিল এটাই আমার নড়াইল বাসির কাছে প্রশ্ন",murtaza,AGAINST
c5ba370d68c0ec36,মাশরাফিকে পছন্দ করতো না এমন মানুষ ছিলো বলে আমার মনে হয় না। রাজনীতি করা কোনো অপরাধ নয় তবে সে রাজনীতি হতে হবে জনগণের জন্য এবং সচ্চো ভাবে। তার জন্য ভুল সিদ্ধান্ত ছিলো একটা ফ্যাসিবাদী রাজনৈতিক দলের সাথে রাজনিতী করা। কিছুদিন অপেক্ষা করলে তাকে মানুষ মাথায় করে রাখতো। আর কটা দিন কি অপেক্ষা করা যেতোনা?,murtaza,AGAINST
ff0d22ae967f32ef,একজন লোক দল করতেই পারে তাই বলে সর্বস্বান্ত করা এটা সেটা আমার মত কাম্য না নড়াইল নড়াইল বাঁশি মস্ত বড় ভুল করেছে উনারা যদি চায় মাশরাফিকে আবার ফিরিয়ে নিও বুকে টেনে নিও,murtaza,AGAINST
16dc5358d42c4081,১৮ সালের ভূয়া নির্বাচনে নৌকার প্রার্থী হওয়া ছিল মাশরাফির সবচেয়ে বড় ভুল।,murtaza,AGAINST
da82024eb7cdac56,"আপনার অবশ্যই ভুল আছে। আপনি একজন বিখ্যাত ক্রিকেটোর ছিলেন । বাংলাদেশের আঠারো কোটি জনগণ আপনাকে ভালো বাসতো। আমি এমন কোন লোক দেখিনি যে আপনাকে ভালোবাসে না। রাজনীতি করা প্রত্যেক মানুষের অধিকার । কিন্তু আপনার দল যখন দিনকে দিন বাংলার জণগণের উপর সীমাছাড়া জুলুম করা শুরু করলো ভখন আপনি কেন আওয়ামী লীগ থেকে পদত্যাগ করেননি?৫ই আগষ্টের আগে আপনি কেন জুলুমবাজ সরকারের সমালোচনা করেননি?কেন করেননি মাশরাফি ভাই? কি দোষ ছিলো বাংলার জণগণের? আপনার সাথে নড়াইলের জণগণ ঠিকই করেছে । মৃত্যুর পরে আপনার লাস নড়াইলে কেন,বাংলাদেশের কোন জায়গায়ই দাফন করা ঠিক হবেনা। অথচ একসময় আমরা আপনাকে কত ভালো বাসতাম ।",murtaza,AGAINST
dee4a008a66a6e75,বাংলাদেশের কোন মানুষ মাশরাফির কোন অন্যায় অত্যাচার কোন কিছু খুঁজে বের করতে পারবে না তার একটাই অপরাধ সে আওয়ামী লীগ করে বাংলাদেশ আওয়ামী লীগ করে আপনার বাড়ি দেখেছেন এরকম বহু মানুষ জেলে আছে বহু মানুষ মারা গিয়েছে বউ মানুষ মেরে তাদেরকে গাছের সাথে বেঁধে তারপরে মরার পরও গাছের লটকি আগুন দেওয়া আরকি কবর থেকে লাশ নিয়ে পড়া মুক্তিযোদ্ধা লাশের উপর জুতা কুড়ি দিয়ে আগুন লাগানো কি বাকি রয়েছে ভাই বুঝতে এত কিছু বিশ্লেষণ দরকার নেই তো মাশরাফি কল দোষ নাই মাশরাফি শেখ হাসিনার দল করে বঙ্গবন্ধুর দল করে মুক্তিযোদ্ধার দল করে মানুষের জন্য কাজ করে তার অনেক অবদান আছে যা এদেশের মানুষ তার সে মূল্য দিতে পারবে না আল্লাহ তাকে সুস্থ সবল রাখুন তার বাপ মাকে এই দুঃখ আর সহ্য করার মত তার মাকে সহ্য দুঃখ সহ্য করার মত ধৈর্য ধারণ করুন আল্লাহ হাফেজ জয় বাংলা জয় বঙ্গবন্ধু,murtaza,AGAINST
b6ada2cc03e6f640,"মাশরাফির কষ্ট বুঝি। তারপরেও মাশরাফির স্বৈরাচারের সংসদ হওয়ার জন্য মানুষের কাছে ক্ষমা চাওয়া উচিত। সব ধরনের খেলোয়াড়, অভিনেতা, শিল্পী, সাহিত্যিক,সাংবাদিকদের সৎ হতে হবে।",murtaza,AGAINST
05ff077ab4200f57,এটা বাস্তব কর্মের ফল এমনি পাওয়া যায় আমি আপনি যে যে কর্ম করবো সেই কর্মের ফল নিজেই পাব মাশরাফি কর্মের ফল পেয়েছে বারোটা বালো খারাপ না খারাপ মাশরাফির দুই দিকেই আছে বিচার দুইটারই হওয়া উচিত,murtaza,AGAINST
3c92e7024be20459,"কারও বাড়ি পুড়ে দেওয়া অত্যন্ত খারাপ কাজ।তবে পোড়ানীতি যখন শুরু হইছে, সবারই দিন আসবে।তারাও পোড়াবে।এদেশের মানুষের কোন উপকার করো না।এরা কৃতঘ্ন। উদাহরণ মাশরাফি।",murtaza,AGAINST
19ee34bbafeeb97b,নড়াইল জেলার মানুষ মাশরাফির সাথে খুব খারাপ করছে ওদের কে আইনের আওতায় আনা উচৎ,murtaza,AGAINST
c83a2dbaadf4f5d8,"রাজনীতি করা দোষের ছিল না, তার প্রয়োজন ছিল স্বতন্ত্র করা । এমন এক দলের সঙ্গে যোগ দিয়েছিল যে দলের বাস্ট হয়ে যাওয়া আবশ্যক হয়েছিল, আর সেই বাস্ট হওয়ার সঙ্গে মাশরাফি ভাইও উড়ে গেছে।",murtaza,AGAINST
5ff4a98d92e70f1d,"মাশরাফি সম্মান এর জায়গায় আছে ছিল ক্রিকেটার হিসেবে যদি স্বৈরাচারীর দোষর না হয়ে স্বতন্ত্রে অথবা নিরপেক্ষ নির্বাচন এর মাধ্যমে জনগণের রায়ের মাধ্যমে যদি সংসদে যেতো স্বৈরাচারী হাসিনায় মাশরাফি মতো লিজেন্ড এর সামনে রেখে রাতের ভোটে জয়ী হয়ে সংসদে গিয়েছে, এর দায় এড়াতে পারেন না মাশরাফি সুযোগ নিয়েছে, ভুল করেছিল মাশরাফি এর খেসারত দিয়েছে",murtaza,AGAINST
860a572d72904b3d,"মাশরাফি শুধু বাংলাদেশের সম্পদ নয় আন্তর্জাতিক সম্পদ, নড়াইলবাসী কাল বিলম্ব না করে মাশরাফির বক্তব্যের জন্যে *আমরা নড়াইল বাসী * নামকরণ করে মাশরাফির প্রতি সান্ত্বনা দেয়া জরুরী, না হয় নড়াইলের প্রতি সারা বাংলাদেশের মানুষের ঘৃণার চোখে দেখবে,যেখানেই নড়াইলের লোকজন নড়াইল পরিচয় দিবে তৎক্ষনাৎ তাদের সাথে মানুষ খারাপ দৃষ্টিভঙ্গি দেখাবে,এটা নড়াইলর জনগন মনে রাখবেন",murtaza,AGAINST
feea44da1fe2c2bf,মাশরাফির সঙ্গে যা হয়েছে তা খুব খারাপ। কারন শুধু আওয়ামী লীগ করে বলে এটা করা উচিত হয়নি। ব্যক্তি মাশরাফিকে মুল্যয়ন করেনি।,murtaza,AGAINST
83f7e9a69970bafd,রাজনিতি করা কি তার ভুল মোটেও ভুল নয় সে কি করেছে আওয়ামী লীগ করেছে তাই কি তার ভুল আওয়ামী লীগ যে করে সবাই কি খারাপ যদি তাই হয় তাহলে এখনো বলা যায় বিভিন্ন দল করে যারা তাদের দলের লোক সব খারাপ আরে ভাই তোমরা বোঝার চেষ্টা করো সব মানুষ খারাপ হতে পারে না মাশরাফির কি ভুল ছিলো মাশরাফি তো কম করেনি দেশের জন্য খেলছে এমপি হয়ে নড়াইল বাসির জন্য কি না করেছে হয়রে মানুষ,murtaza,AGAINST
5fcbf496cf84d286,"ভাই তোমাদের এই আবেগ গুলা কোথায় ছিল ভাই ২০১৪ সালের পর থেকে যখন স্টিম রোলার চালানো হয়েছিল, বিএনপি এবং জামাতের বিরুদ্ধে প্রায় এক কোটি মামলা। দেশের অর্থনীতিকে পঙ্গু করে দিয়ে দেশের মানুষকে মানুষকে বিপদের মধ্যে ফেলে দেওয়া , বাংলাদেশ জামায়াতে ইসলামের ৭০ থেকে ৭৫ জন প্রথম সারির নেতাকে জুডিশিয়াল ক্লিন এর মাধ্যমে হত্যা। বিএনপির জামাত সহ অন্যান্য ইসলামী সংগঠনের নেতাকর্মীকে প্রায় ৪৫ থেকে ৫০ হাজার মানুষকে হত্যা করা হয়েছে, ক্রসফায়ার গোম খুন নেতা কর্মীদের নির্যাতন মাধ্যমে হাজার হাজার মানুষের ঘরবাড়ি জ্বালিয়ে দেওয়া হয়েছে ভাঙচুর করা হয়েছে ২০০৮ সাল থেকে ২০২৪ সাল পর্যন্ত বাংলাদেশের মানবাধিকার এবং গণতন্ত্রকে ধ্বংস করেছে ওই ফ্যাসিবাদ হাসিনার অধীনেই মাশরাফি বিন মুর্তজা নির্বাচন করেছে এবং ওই ফ্যাসিবাদের একজন সংসদ সদস্য হয়েছে। দেশের ১৮ কোটি মানুষের চেয়েও যদি মাশরাফি বিন মুর্তজা আপনাদের কাছে গুরুত্বপূর্ণ হয়ে থাকে তাহলে আমি মনে করি আপনাদের কোন বিবেক নাই আপনাদের কোন বুদ্ধি নাই আপনারা আবেগেই চলেন বিবেক দিয়ে না,",murtaza,AGAINST
8c9f954ba043fdee,মাশরাফি বিন মর্তুজার ভুল হয়েছিল স্বৈরাচারী দলের হয়ে নির্বাচিত হয়ে এমপি হওয়া,murtaza,AGAINST
c26c9c01d084c5a7,"এদের কারণে ফ্যাসিস্ট হাসিনা এদেশের শতশত মানুষকে আয়নাঘরে নির্মম নির্যাতন করে অসংখ্য মায়ের বুক খালি করেছে,,,,খুনি হাসানার অত্যাচারের আর্তচিৎকার এখনো অসংখ্য মানুষের মধ্যে রয়েগেছে।।এই মাশরাফিদের মতো মানুষের কারণে ফ্যাসিজম অনেক শক্তিশালী হয়েছিলো।অসংখ্য মানুষ ঘুম খুন হত্যা এবং অনেক মায়ের বুকফাটা কান্নার কথা এদেশের শতশত মানুষ ভুলে যায় নি",murtaza,AGAINST
7de6cf1995644a33,"আমরা বাঙালিরা বেঈমান,আমাদের ইতিহাস ভুলে যাই, আমরা আমাদের আদর্শ ভুলে যাই।যে মাশরাফি ভাই বাংলাদেশের জন্য ক্রিকেট খেলে সম্মান এনেদিয়েছে তাকে আমরা তার অবদানের মর্যাদা না দিয়ে রাজাকার জঙ্গি আর শিবিরের সাথে হাত মিলিয়ে দেশের সাথে বেঈমানী আর এই অসাধারণ মানুষ গুলো কে ছোট করে দিয়েছি। এখন যে তানিম বিএনপির হয়েকাজ করছে তাতে কি দোষ না।মাশরাফি তার বাড়ি রাজনৈতিক টাকা দিয়ে করেনি।সে তার পরিশ্রমের টাকা দিয়ে করছে।বাড়ি পোড়ার অধিকার কারো নাই।আর কবে মানুষ হবে বাঙালি।। এখনো জঙ্গিদের সাথে আছে। দেশের সব শেষ। না খেয়ে মানুষ মারা যাচ্ছে সে খেয়াল নেই। কিন্তু দেশদ্রোহী বিশ্বাসঘাতক রাজাকার জঙ্গি শিবিরদের হয়ে কাজ করে যায়।",murtaza,AGAINST
327937fc4e270878,"মাশরাফির কাছে প্রশ্ন- যদি জুলাই ব্যর্থ হতো, তাহলে আপনি কি আবার ম্যডামের ডাকে সাড়া দিতেন? আপনি কি গার্টস দেখাতে পারতেন? পুরো জুলাইয়ে জাতী আপনাকে মিস করেছে, তারপর আপনার প্রকৃত রং বোঝা গেছে।",murtaza,AGAINST
4f29b2a34d2c8b4f,আমার প্রিয় মাশরাফি ভাই আপনার এই মন্তব্যে আমি একমত নই কারণ তারা আপনার বাড়ি যে আগুন লাগিয়েছে তাদের বিচার আপনাকে করতে হবে আজ না হয় কাল এই কামনা আপনার মেমোরিতে রাখতেই হবে আর যদি না রাখেন তাহলে আমি মনে করব আপনার মধ্যে পুরুষত্ব নেই অসংখ্য ধন্যবাদ আল্লাহ আপনার দীর্ঘ নেক হায়াত দান করুক ❤❤❤❤❤❤,murtaza,AGAINST
e85f0f7e63d04e57,"মাশরাফি ভাইকে সবাইকে ক্ষমার চোখে দেখার দাবি জানাচ্ছি, উনিতো অতটা খারাপ কিছু করেনি।",murtaza,AGAINST
ecd1ef0ef9eac5fe,"জুলাই শহীদের এক ফোটা রক্তের মূল্য সমান না মাশরাফি। বাংলাদেশের জন্য মাশরাফির বরঞ্চ মাশরাফি বাংলাদেশ থেকে সকল সুযোগ সুবিধা নিয়ে বাংলাদেশ জনগণ বিরোধী, রাষ্ট্রেদ্রহী কাজে লিপ্ত ছিল বিগত সময় ফ্যাসিবাদীর দোসর😮😮😮",murtaza,AGAINST
509b8e11cc71b33f,"ব্যক্তি হিসেবে মাশরাফি কে বাংলাদেশের সবাই ভালবাসে শ্রদ্ধা করে, কিন্তু তার ভুল যে দল এত নির্যাতন নিপিড়ন করলো তাদের দলে যোগ দিয়ে নির্বাচন করলো, অন্যায় কে প্রশ্রয় দিলো তাই তো মানুষের এতো রাগ। তার এই আচরণে শুধু নড়াইল বাসি সেদিন কষ্ট পাইনি সারা বাংলাদেশ বিস্মিত এবং কষ্ট পেয়েছিল। তিনি চাইলে একক ভাবে নির্বাচন করতে পারতো। মাশরাফি একটা ভাল জায়গায় ছিল এবং তিনি চাইলে এইসব অন্যায়ের প্রতিবাদ করতে পারতেন। সর্বশেষ যদি ২৪ শে জুলাই এর সময় ন্যায়ের পক্ষে থাকতো তাও হতো। সেই দিনের তার নিরবতাই প্রমাণ করে দিয়েছে তিনি নিজেও জালেহদের অন্তর্ভুক্ত।",murtaza,AGAINST
a042201a77c5178c,যারা মাশরাফি বিন মর্তুজা ভাই কে নিয়ে বাজে মন্তব্য করেছে তারা মাশরাফির একটি আঙ্গুলের সমান হবে না,murtaza,AGAINST
5b9756e360d5517e,"অপ্রত্যাশিত টপিক,আনসাব্সক্রাইভ করলাম, মাশরাফির ভুল আদৌ কি কিছু ছিল?",murtaza,AGAINST
14d36da866fc6c8e,"মাশরাফি আপনাকে ধন্যবাদ,,,জাকির,তৌহিদ,তানজিম,শান্ত, আমাদেরকে চ্যাম্পিয়ন করবে এটা আমাদের বিশ্বাস আছে ✌️✌️❤️❤️❤️",murtaza,AGAINST
8a25839eb557d898,"ভারতের একজন সাংবাদিক আফসোস করে বলেছিল,""আমাদের সবকিছু আছে,নেই শুধু মাশরাফির মতো একজন dedicated খেলোয়াড় """,murtaza,AGAINST
38a855c959e4fc27,মাশরাফির নামে মামলা করার জন্য ঘৃণা জানাই,murtaza,AGAINST
02990b41a347483a,"অবসরের পর বিসিবির দায়িত্ব নিলে, আমার মনে হয় বাংলাদেশ ক্রিকেট অনেক দূর এগিয়ে যাবে মাশরাফি ভাইয়ের হাত ধরে ইনশাআল্লাহ !!",murtaza,AGAINST
8cc35a94b5675ad5,রাজনীতি কথা গুলো আমার ভুল হয়ে যেতে পারে। আমি এক কথায় বলতে পারি মাশরাফি বিন মুর্তজা জনগণের সেবক এক নাম্বার এতে কোন ভুল নেই।,murtaza,AGAINST
92484cb7f460536c,Amder to dakte hobe Mashrafe ke nite kake bad dissi...tastin na robel...Mas.. Amader farona..,murtaza,AGAINST
5efc81ffca39e93c,"এমপি মাশরাফি এবং ক্রিকেটার মাশরাফির সঙ্গে অনেক পর্থক্য আছে, রাজনীতি যারা করে তাদের লোভ বেরে যায় এবং লজ্জা কমে যায়, সম্মান থাকতে ক্রিকেটকে গুডবাই বলা উচিত ছিল।",murtaza,AGAINST
64e0d639879e69bf,ভাই সত্তি আপনার জন্যো মাইয়া লাগতাছে বেশি অবশেষে চোখের পানি টা ধরে রাখতে পারলাম না ভাই আমার মাশরাফি ! তোমার অবসরের কথাটা শোনে ???,murtaza,AGAINST
0b1763a21cb51ca6,বাংলাদেশ ক্রিকেট বোর্ড কি ভুলে গেছে মাশরাফি ভাই বাংলাদেশে দলটাকে এতদূর টেনে আনছে কেন তার উপর বারবার এত জুলুম করা হয় যেমন t20 থেকে জোর করে অবসর নিতে বাধ্য করছে এখন আবারও বাধ্য করছে ওয়ানডে অধিনায়ক দায়িত্বটা ছাড়ার জন্য,murtaza,AGAINST
951d385dc02bde91,Mash is not a player anymore; Awami League MP. He is past not future. He is too old to be a bowler. All fast bowlers retire well before Mashrafe’s age.,murtaza,AGAINST
64d116a0eb43db5c,"মাশরাফি তুমি বস, তোমার তুলনা তুমি নিজেই।তুমি হারতে পার না,তুমি ব্যর্থ হতে শিখনি,তুমি আজকে আরও অভিজ্ঞতা অর্জন করলে... জয় হোক তোমার.....",murtaza,AGAINST
b9dac19d53ca7389,"সাথে করোনা রুগিকে নিয়ে সংবাদ পড়া ঠিক না. উনার কাশি আছে ভাই করোনা নাই তা কি করে বুঝবেন যাইহোক মাশরাফি বিপিএল খেলবে আমরা দেখতেই পাচ্ছি, সবাই বড় গলায় চিল্লায় আমরা দেশের পাগল টাকার পাগল না মাশরাফি ভাইকে দেখলেই বুঝা যায়",murtaza,AGAINST
409a45f19a10098f,"মাশরাফি একজন যোগ্যতা সম্পন্ন কোয়ালিটি ব্যক্তি তাকে নিয়ে সমালোচনা পরাটাও পাপ হবে, তিনি সৎ মানুষ এবং যোগ্য মানুষ, তবে উনার তীব্র কষ্ট হয়তো মানুষ এখন বুঝতে পারছ না তবে ভবিষ্যতে কোন এক সময় বুঝবে আর তিনি কেন চুপ ছিলেন এতদিন এটা বোঝার ক্ষমতা হয়তো সবার নেই",murtaza,AGAINST
fc6fcf7065ff3f8a,নিজের ভুল নিজেই বুঝতে পারছে আমার মনে হয় মাশরাফি কে মাপ করে দেয়া উচিত,murtaza,AGAINST
76a0870a831dadcf,যে মাশরাফি দেশকে একটা এশিয়া কাপ জিততে পারে নাই তার সাথে তিনটি বিশ্বকাপ জয়ী অধিনায়কের তুলনা করা । আহারে সাংবাদিক এই মগা সাংবাদিকের মাথায়‌ জটিল সমস্যা আছে। না হলে সিংহের সাথে গাধার তুলনা করে কিভাবে,murtaza,AGAINST
279c2febbdb9f107,সবারই মনে রাখা উচিৎ মাশরাফি ভাই এখনও আনুষ্ঠানিক ভাবে অবসরের ঘোষণা দেয় নাই * উনার সঙ্গে বিসিবি অন্যায় করে বসিয়ে রেখেছে,murtaza,AGAINST
d6d76eeec0daf820,মাশরাফি ক্যাপ্টেন বাদ দিলে দল এর অবস্থা অনেক খারাপ হয়ে যাচ্ছে এটার কারন কি?,murtaza,AGAINST
22caf2deb5fac041,পাপ কে নয় পাপন কে ঘৃণা করুন🤬🤬🤬 মাশরাফি ভাই পাপন মাদারবোর্ড এর কারনে অবসর এ যাচ্ছে😭 সব সময় মিস করবো তোমাকে😭,murtaza,AGAINST
e4f8b033b0b7c753,নড়াইল বাসীর লজ্জা হওয়া উচিত যেই মানুষটা করুণা কালে হাতের ব্রেসলাইট বেচে নড়াইল বাসীর জন্য সব অনুদান দিয়ে দিয়েছে সেই মানুষটা আজ রাস্তায় বের হতে পারছে না খুব খারাপ লাগে মাশরাফির জন্য শুভকামনা মাশরাফি ভাই,murtaza,AGAINST
001c52418727d338,"ভাইরা আমার আমি সত্যিকারের একজন বাংলাদেশ ক্রিকেট প্রেমি, আই থিং আমার চেয়েও বেশি বাংলাদেশ ক্রিকেট ভক্ত বেশি কিনা আই ডোন্ট নো, বাংলাদেশের খেলা যখন শুর হত প্রতিটি মেচ দেখতাম, এবং প্রতি ওভারে ওভারে প্রথ্যকটা বল আমার দেখতেই হবে ওয়ানডে খেলা ৩০০টা বল একটাও মিস যেতে পারবে না, কেন জানি এটা আমার দেশের প্রতি ভালোবাসা,,আর যাই হোক মুল কথাই আসি মাশরাফি যখন তার সবটুকু দিয়ে চেষ্টা করেছেন একজন বাংলাদেশ প্লেয়ার হিসেবে বাংলাদেশকে বিশ্বে তুলে ধরার তার ইনজুরি এবং হাঠুতে লোহার রড লাগিয়ে প্রযান্ত খেলেছেন দেশের জন্য,, বাকিটা আপনারা সবাই জানেন,, কিন্তুু হয়ত আপনারা এটা জানেন না যে বাস্তবে এই নড়াইল এক্সপ্রেস কি চাইত মাশরাফি ততকালীন সরকারের কাছে একটা আবদার করেছিলেন ওনি খেলা থেকে অবসরে গেলে এর পরও জেন মাশরাফি ওনার নড়াইল মানুষের সেবা করতে পারেন এই জিনিস টা সরকারের কাছে চেয়েছিলেন, বাট যদি ওনি নড়াইল বাসি মানুষের সেবা করতে চান তাহলে ওনাকে সংসদ সদস্য হতে হবে ইজিলি, কেননা ওনি নড়াইল বাসির জন্য কিছু একটা করতে চাইলে সংসদে গিয়ে নিয়ে আসতে হবে রাইট???? মাশরাফি ভাই কোন দল মল বুঝেন না কোন একটা সরকারএ সুযোগ করে দিলেই হয় দেশের মানুষের সেবা করার জন্য,, এবং ওনাকে সরকার সুযোগ দিয়েছেন এমপি পদে দাঁড়ানো আর জনগণও ওনাকে ভোট দিয়ে জয়যুক্ত করেছেন এলাকার এমপি বানিয়েছেন, বাট মাশরাফি ভাই যখনএ এমপি ছিলেন জনগণকে হতাশ করেন নি,, সবসময় সনগনে সার্থে ঝাপিয়ে পড়তেন, সরকারি কোন গাড়ি ব্যাবহার করতেন না, কিছু কিছু জায়গায় বন্ধু বাইকে করে গ্রাম পরিদর্শন করতেন নিজের একাউন্ট থেকে টাকা বিলিয়েছেন গরিব অসহায় মানুষের কাছে, দেশের মানুষের জন্য এতকিছুই নিমিষেই ভুলে গেলেন নড়াইল বাসি প্রশ্ন নড়াইল বাসি র কাছে রেখে গেলাম. ক্রিকেট এ মাঠে ঘাম ঝরানো টাকা দিয়ে বানানো বাড়ি এমপি হওয়ার আগের বানানো বাড়ি এভাবেই পুড়ে ভেঙে চুরমার করে দিলেন, আপনারা ইনকোয়ারি করে দেখেন এমপি হওয়ার পরে কত কোটি টাকা অবদই ভাবে কামিয়েছেন ওনি, ওনি কোন লোভ লালসা নিয়ে রাজনৈতিকএ আসেননি ওনি এসেছিলেন নড়াইল বাসি ডাল হয়ে,, আর যাই হোক মাশরাফি ভাইয়ের উপর অমানবিক নির্যাতন ঘৃণা ছাড়া কিছুই বলার নেই,,,,",murtaza,AGAINST
e475761b1b3f1bbc,"অন্যায় যে করে আর অন্যায় যে সহে, তব ঘৃণা তারে যেন তৃণসম দহে। জুলাই বিপ্লব এর সময় যখন আওয়ামীলীগ স্বৈরাচারী হাসিনার নির্দেশে হাজার হাজার ছাত্র, জনতা খুন করছিলো তখন মাশরাফির আদৰ্শ, নীতিকথা কই ছিলো। এসব এর বিরুদ্ধে কেন আওয়াজ উঠায় নাই। নিজ দলের অন্যায়ের পক্ষে stand নিসে তাই মাশরাফি সমান অপরাধী।",murtaza,AGAINST
c994f2cdc2110d7f,"মাশরাফি কি শুধু player ছিলো? সে খুনী হাসিনার দল করছে, এইটাকে ভুলে গেলে হল? যা হোক, সমালোচনা সমালোচনার জায়গায়। মাশরাফিকে সৎ মানুষ মনে করি, উনার বাড়িতে হামলা ন্যাক্কারজনক।",murtaza,AGAINST
da36923a07d39698,ভোট চুরি কি মাশরাফি করেছিল? এই ২০২৬ এর ভোট যে আওয়ামিলীগ কে বাদ দিয়ে করলেন তাতে কি জনগণ আপনাদের বিচার করবে না? অবশ্যই করবে।,murtaza,AGAINST
cc72f67e3e70185b,"মাশরাফি ভাই কেউ দলে নিলে কেমন হয়? অফ স্পিনার বল করবে মাঝেমধ্যে মিডিয়াম পেশ করবে সাথে একটু আধটু ব্যাট করবে, খারাপ হয় না। বিসিবি ভেবে দেখতে পারে কিন্তু 😂😂😂",murtaza,AGAINST
83cfdd4156b0e602,Bangla Tv shei deshe mati te ekhono valo bowler kentu India England Australia moto team a shate valo khelte parbe na sheta proman world cup a hoye gese r feature a amader boro boro team sathe khela feature kotha vebe take baad dewa hoise.. karon mashrafe theke onek valo youngster bowler ase tader shojog kore dewa jonno.. eta to kharap kisu kore nai sheta bojen na keno?,murtaza,AGAINST
5021364f4cfe76e0,"মাশরাফি ভাই এর উচিত ছিলো বিশ্বকাপ শেষেই অবসর নিয়ে নেওয়া!😥 এখন উনাকে অবহেলা আর অবহেলা! ম্যাশ ছিলো একটা অধ্যায়! এখন উনি অবহেলিত, অবসর নিয়ে নিলেই উনাকে নিয়ে এমন হতো না! খুব খারাপ লাগছে এমন পরিস্থিতি দেখে!😥",murtaza,AGAINST
775be45e4e6e53b3,মাশরাফি কে আরো কয়েকটি ম্যাচ খেলিয়ে অবসর দেওয়া উচিত ছিল।,murtaza,AGAINST
20d616d366db06a8,মাশরাফি অনেক কিছু দিয়েছিল। তবে আমার মনে হয় সম্মান থাকতেই তা নিয়ে বিদায় হতে হয়। ইমোশন দিয়ে তো আর একটা দেশে ক্রিকেট চলে না।তাই যদি মাথা উচু করে অবসর টা নিতো আজ এই বিতর্কিত হতে হত না,murtaza,AGAINST
e0c6c1a6f3c22d61,মাশরাফি যা বলে তা সত্যিই বলে এই দেশে সবাই সমালোচনা কারি তবে কাজে দেখানো মানুষ খুব কম,murtaza,AGAINST
ee190749cd3b877a,অবশ্যই গোপনে খেলা দেখালেন মাশরাফি। আমরা মাশরাফিকে বি সি বি প্রেসিডেন্ট হিসেবে দেখতে চাই।।। ধন্যবাদ প্রধান মন্ত্রী কে ধন্যবাদ।। ❤❤,murtaza,AGAINST
7b93bc9bf1d7a2da,"মাশরাফির প্রশংসা করতেই হয়,, ধন্যবাদ বস।। সেইসাথে পাপনের পদত্যাগ করা উচিত 💝",murtaza,AGAINST
e0505567b2825c2c,মাশরাফি ভাইয়ের উচিত অবসর নিয়ে বিসিবির প্রধানে দারানোর।।।,murtaza,AGAINST
2c9da374749e80fe,মাশরাফির অবসর নেওয়া উচিত। মাশরাফির অবদান অস্বীকার করার কোন উপায় নাই। তবে কিয়ামত পর্যন্ত খেলার চিন্তা করাটা নিতান্তই ভুল। ধাক্কা দিয়ে মাশরাফিকে বিদায় দিতে হবে কেন? মাশরাফি কি বোঝে না?,murtaza,AGAINST
f127057408ef1e79,"মাশরাফিকে বাদ দিয়ে তরুণদের সুযোগ দেয়া উচিত, আবেগ দিয়ে সবকিছু চলেনা। তা নাহলে আশরাফুলের কি দোষ তাকে কেনো দলে সুযোগ দেয়া হচ্ছে না,",murtaza,AGAINST
54a6510e07ca3320,"যদি মাশরাফি এই সিরিজে খেলে আমার মনে হয় সব থেকে বেশি উইকেট নিবে।চ্যালেঞ্জ করলাম, তবে কেন সাংঘাতিক সাংবাদিক ও কিছু আবুল জল ঘোলা করতাছে।",murtaza,AGAINST
7b9a898dc96ea833,আমি চাই মাশরাফি অবসর নিয়ে পাপন কে সরিয়ে মাশরাফি বিসিবির প্রেসিডেন্ট হোক,murtaza,AGAINST
11696b3630ebbad9,একটা সময় সবাইর অবসরে যেতে হবে মাশরাফির ও অবসরে গিয়ে তরুণদের সুযোগ করে দেওয়া উচিত,murtaza,AGAINST
8a6e11a4c5dae8f8,সাংবাদিক ভাইয়েরা আপনারা কি অন্য কোন প্রশ্ন করতে পারেন না আপনাদের কেন এত মাথাব্যথা মাশরাফি কে নিয়ে সময় হলে মারশাফি নিজেই অবসরে চলে যাবে আপনাদের এত মাথাব্যথার কোন দরকার নেই আশা করি আপনারা এই প্রশ্ন আর করবেন না,murtaza,AGAINST
085b5f12a4f1ee04,"ডিয়ার মাশরাফি, এটা কোন ধরণের কথা? আমাকে অবসর নিতে বললেও অবসর নিবো না, আবার বলছেন বোর্ড চাইলে অবসর নিতে রাজি। আওয়ামী এমপি হওয়ার সাথে সাথে দেখি নিজের আত্মসম্মান ও দেখি জলাঞ্জলি দিয়েছেন!",murtaza,AGAINST
d188c58478bdf5fc,"মাশরাফি ভাই যদি প্রতিটা জেলায় জেলায় একটা করে হতো, ভাইয়ের জন্য ভালোবাসা কুমিল্লা থেকে ❤❤",murtaza,FAVOR
3221c158dded623b,এই একটা মানুষকে আমার অনেক ভালো লাগে ❤মাশরাফি,murtaza,FAVOR
a7494ae66beb4df7,এই প্রথম মাশরাফির কোন সংসদের ভিডিও দেখার ইচ্ছা পোষণ করলাম এবং ভিডিও টাইটেল দেখেই আজকে প্রথম মাশরাফির ভিডিও দেখলাম।। সেজে স্বৈরাচারী শাসক শেখ হাসিনার দলের তবুও তার এগুলো ভালো দিকের জন্য তাকে পছন্দ করব ইনশাল্লাহ।।,murtaza,FAVOR
fc2a50f25caba480,"মাননীয় হুইপ, মাশরাফি ভাই কে ভালো মানিয়েছেন",murtaza,FAVOR
e632f666523fe36e,আমি আগেই জানতাম মাশরাফি ভাই আমাদের মেসি জিতবে এবং অনেক ভালো লাগছে সবাই অনেক খুশি যারা লিজেন্ড রয়েছে যারা খেলা বোঝে তারা অবশ্যই আর্জেন্টিনা সাপোর্ট দিবে এবং আজীবন ভালোবাসা এভাবেই থাকবে প্রিয় টিমের জন্য অবিরাম ভালোবাসা অফুরন্ত প্রেম মায়া আবেগ এখন লিওনেল মেসি জিতে গেছে লাখো কোটি ভক্তরাও জিতে গেছে,murtaza,FAVOR
a6df1c5fb217bacf,মেসি যেমন আমার প্রিয় ফুটবলার তেমনি মাশরাফি আমার প্রিয় ক্রিকেটার। অনেক ভালো লাগলো প্রিয় একজনের জয়ে প্রিয় একজনের আনন্দ উৎযাপন দেখে। 🥰🥰 🇧🇩❤️🇦🇷 ✌️✌️ 💕💕💕💕,murtaza,FAVOR
a3103c3e8e62b5bb,Mashrafe is every Argentina fan in Bangladesh right now,murtaza,FAVOR
471669985c14b1db,রতনে রতন চেনে মাশরাফি চেনে মেসি তাইতো মাশরাফিকে এত ভালবাসি,murtaza,FAVOR
c6e7f4a2c1a2bb86,মাশরাফি অনেক ভালো মনের মানুষ ও আমার প্রিয় খেলোয়াড় তবে কেন যে লীগের সাথে উনার সম্পর্ক জানা নেই,murtaza,FAVOR
4fec5e5b449f37e9,Mashrafe Bin Mortaza my boss I always salute you. I am proud of you my boss,murtaza,FAVOR
ad143fb814dacaa0,@arrowmax6189 apnar ki mone hoy? mashrafe ki age perform kore ni.,murtaza,NEUTRAL
d5f9e46f7a8f1538,"ভারতে যেমন একবার জন্ম হয় টেন্ডুলকার, শ্রীলঙ্কায় যেমন একবার জন্ম হয় সাঙ্গাকারার, তেমনি বাংলার বুকে একবারে জন্ম নেয় মাশরাফি ❤যে বীরের বেশে জন্ম নিয়ে বিশ্ব জয় করে সেই মাশরাফি❤ 😍ভালোবাসার প্রিয় বস😍😍",murtaza,FAVOR
816b36af481f0380,জীবন্ত কিংবদন্তী। #মাশরাফিকে বোর্ড সভাপতি হিসাবে দেখতে চাই ❤❤,murtaza,NEUTRAL
8cbbd0e5550310a5,৬ই মার্চ ২০২০!! ক্রিকেট ইতিহাস থেকে বিদায় নিলো এক কিংবদন্তী #মাশরাফি। খুব মিস করবো বস তোমাকে। যারা মাশরাফি কে ভালোবাসেন তারা লাইক দেন। 😭😭,murtaza,FAVOR
f3907fd89d0e41ec,I'm from India 🇮🇳 and Mashrafe is my all time favourite Bangladeshi player ❤️,murtaza,NEUTRAL
1009f0741e0a7205,"মাশরাফি তুমি বলেছো ""আমি মুক্তিযুদ্ধা নয়, খেলোয়ার। আমরা দেশের কোন উপকার করছি না এটা আমাদের পেশা আমাদের দ্বারা দেশের কোন উপকার হয় না। দেশের জন্য যারা কাজ করে, দেশের জন্য যারা জীবন উৎসর্গ তাদের কেই বেশি শ্রদ্ধা করা উচিত। "" এ কথা গুলোই প্রমান করে তুমি আসলে ক্রিকেটে যেরকম জিনিয়াস এবং একজন প্রকৃত দেশপ্রেমিক তুমি সত্যি ই অসাধারণ আর তোমার তুলনা তুমি নিজেই।",murtaza,NEUTRAL
a4ddccac9d0cfc1a,"মাশরাফি ছিল,মাশরাফি থাকবে সকলের বুকের মাঝে....We also love you Mashrafee...😍😍",murtaza,FAVOR
d741a7422d077e30,@akib1099 মাশরাফির মতো ক্যাপ্টেন আমি বাংলাদেশের ক্রিকেট ইতিহাসে আমি আর দেখিনি। Thank you Captain.,murtaza,NEUTRAL
58caa1014fc74e0a,Mash spelling is wrong the right spelling is MASHRAFE,murtaza,FAVOR
72e5e27a94558b8e,"Zeesun Islam Yeah we like loser, We respect that loser who always made us dream to win. Whatever you say Mashrafe will remain Legend in our hearts",murtaza,FAVOR
84b12e46299d0c9c,"Not for only Bangladesh but for entire cricket World. Mashrafe, the legend , Narail Express 🇧🇩🇧🇩🇧🇩",murtaza,FAVOR
8eccf9f964f00ac6,Suchak Chowdhury Ankur vi amio Bangladesh ar pore india term k saport kore but apnader kase jamon sochin boss tamon amader Bangladeshi der kase Mashrafe boss.,murtaza,FAVOR
788fe22594e6b496,Mashrafe is what Sourav Ganguly & MS Dhoni are for India.He is the greatest BANGLADESHi captain of all time.He changed BANGLADESH cricket.Under his captaincy we learn to fight against the big teams,murtaza,NEUTRAL
ef4a2b7f8f56eae2,ভাই মাশরাফি এর পরিবর্তে আরও অনেক দুর্দান্ত আরও অনেক খেলোয়াড় আসবে দুঃখ করেন না। প্লিজ। 😃😃😃😃,murtaza,NEUTRAL
72577e472d915af1,"vai, varoter prithvi shaw ache zake new tendulkar mone kora hoy. sri lanka te onno kew asbe. kintu 2nd mashrafe paowa shohoz noy.",murtaza,NEUTRAL
d78698c8a05eb5c9,MD yeasin miah you are all the best capten mashrafe via,murtaza,FAVOR
ff1a0b1b71534e90,"translated from google translator: You have time to write posters The name Thank you from the bottom of heart Salam thousand You win You win You understand language of victory ""Mashrafe Mortaza You expect a million lives Mashrafe Mortaza I love the red-green "". Tetuliyaya from Teknaf Your voice should be heard Bengali for the mother Many have given up You're in love you I hope tomorrow ""Mashrafe Mortaza You expect a million lives Mashrafe Mortaza I love the red-green "". Blood on the last point You have to fight for it You do not know the color of darkness Only the light cinecho You're in love you I hope tomorrow ""Mashrafe Mortaza You expect a million lives Mashrafe Mortaza I love the red-green",murtaza,FAVOR
4938c28afc7c0e46,​ @NafiulHasanSufi-ps7ss ব্রো কি ২০১৯ এর পর থেকে ক্রিকেট দেখেন নাকি? ২০১৫ এর ক্যাপ্টেন্সির কথা এভাবে ভুলে গেলেন? আর হ্যাঁ শুধু মাশরাফির বেলায় নয় সব প্লেয়ারের হেটার্সরা এমনেও প্লেয়ারের খারাপ দিকগুলোই টেনে আনবে। তার ভালো দিক থাকা সত্ত্বেও। এটাই স্বাভাবিক।,murtaza,NEUTRAL
24b35f56d01557fe,"সময়ের পোস্টারে লিখে যাও তুমি বাংলাদেশের নাম হৃদয় গভীর থেকে জানাই তোমায় হাজারও সালাম তুমি জেতো তুমি জেতাও তুমি বোঝো বিজয়ের ভাষা ""মাশরাফি মাশরাফি তুমি কোটি প্রাণের আশা মাশরাফি মাশরাফি তুমি লাল-সবুজের ভালোবাসা"" ॥ টেকনাফ থেকে তেতুলিয়ায় শোনা যায় তোমার গর্জন বাংলা মায়ের জন্য তুমি দিয়েছো অনেক বিসর্জন তুমি প্রিয় তুমি সেরা তুমি আগামীর প্রত্যাশা ""মাশরাফি মাশরাফি তুমি কোটি প্রাণের আশা মাশরাফি মাশরাফি তুমি লাল-সবুজের ভালোবাসা"" ॥ রক্তের শেষ বিন্দু দিয়ে করে যাও তুমি লড়াই আঁধারের রঙ চেনো না তুমি চিনেছো শুধু আলোটাই তুমি প্রিয় তুমি সেরা তুমি আগামীর প্রত্যাশা ""মাশরাফি মাশরাফি তুমি কোটি প্রাণের আশা মাশরাফি মাশরাফি তুমি লাল-সবুজের ভালোবাসা"" ॥",murtaza,FAVOR
607f5073ba688457,এক হার না মান যোদ্ধা ছিলো মাশরাফি🔥🔥 হয়তো এমন লিজেন্ড আর আসবে না বাংলাদেশ ক্রিকেটে😥 সেলুট বস্ তোমাকে💝 শত কষ্টের মাঝেও যুদ্ধ করে বাংলাদেশের জয় এনে দেওয়ার জন্য💝 বাংলাদেশ ক্রিকেটের প্রাণ তুমি❤️,murtaza,FAVOR
2752ebbb410c3613,মাশরাফি অনেক ভালো বাসি যা জীবনো শেষ হবে না মাশরাফি।,murtaza,FAVOR
3c653dc468b65a0d,আমি আমার অন্তর থেকে ভালো বাসি ভালো মানুষ কে পছন্দ করি মাশরাফি।,murtaza,FAVOR
bd1555f4bb1e44fa,মাশরাফি আমি আপনাকে অনেক ভালো বাসি আমার মনে হয় এই ভালো বাসা পর কালে ও দেখা পাই সত্য চির দিন কাটিয়ে পার করা অসম্ভব না কারণ আমি মেয়ে কে ও আশা করিনা আমার মেয়ে জানে জীবনের জন্য শেষ করে দেয় আম্মু তাই আর যোগাযোগ নেই আমি ভালো বাসি আপনাকে শেষ কোথায় দূরে থেকে দেখা যায় এক নাম্বার হতে হয় আমি মনে থেকে ভালো বাসি মাশরাফি।,murtaza,FAVOR
52a745316cfbf50c,মাশরাফির এ অবস্থা থেকে জাতির অনেক কিছু শিক্ষা নেওয়া উচিত...,murtaza,NEUTRAL
14facf14fa54ee05,রাজনৈতিক মাশরাফি ব্যাড পারসন বাট খেলোয়ার মাশরাফি কে অনেক অনেক ভালবাসি এখনও।,murtaza,FAVOR
06c5e7d1e3405b24,মাশরাফি আমি অনেক ভালো বাসি মাশরাফি শুধু মাশরাফি আমি পারি আজরাইলের সাথে প্রেম করে আপনাকে বেঁচে রাখা দায়িত্ব নিয়ে আসবো আমি ভালো বাসি মাশরাফি শুধু মাশরাফি।,murtaza,FAVOR
2bfc313e06a81253,"মাশরাফি তো আওয়ামী লীগে নাম মাত্র ছিল! কারো কোন ক্ষতি করে নাই,,,, উপকার ছাড়া!! এই মাশরাফি দলের ক্ষমতা ব্যবহার করে কাউকে বঞ্চিত করে নাই! তারপরেও মানুষরূপে অমানুষেরা..... কি করে পারল? তার মত এমন একজন ভালো মানুষের সাথে এরূপ আচরণ করতে??",murtaza,FAVOR
7d33ef8a53cef2e8,নড়াইলের মানুষ গুলো এত অমানবিক। কিছু মানুষ হয়ত শয়তান ছিল তারা বাড়ি ভাংচুর করেছে আর সব মানুষ সেটা দাঁড়িয়ে দাঁড়িয়ে দেখছে। মাশরাফি তো ভালো মানুষ ছিল।সে তো নড়াইল এর উন্নয়ন করছে। আল্লাহ এবার নড়াইল বাসির জন্য এমন নেতা দেবেন এদের যেন সুদে আসলে সব ফেরত পায়। মাশরাফির মত নেতা আমাদের অনেক অনেক প্রয়োজন ❤❤❤,murtaza,FAVOR
f37a90274a69fdb5,"মাশরাফির জনপ্রিয়তা, ছিল, আছে, থাকবে,, বাংলাদেশ আওয়ামী লীগও,ছিল, আছে, থাকবে,, তোরা শুধু ইয়া নাফসি ইয়া নাফসি করতে থাক,, এই জন্য যে,, একবার যদি প্রেক্ষাপট চেঞ্জ হয়,, তোদেরকে নাকে খৎ দেয়াব ও জয় বাংলা বলাবো,,, খোদার কসম",murtaza,NEUTRAL
32e99a523be711e8,মাশরাফি ভাই আপনাি নড়াইলের মানুষের জন্য যা করে গেছেন তাহা তো ইতিহাস হয়ে থাকবে ভাই নড়াইলের মানুষকে আপনি কতটুকু ভালবাসতেন তা কখনো ভোলার মত নয় তার বিনিময়ে আপনি আমাদের প্রাণপ্রিয় প্রধানমন্ত্রী দেশরত্ন শেখ হাসিনা কি উপহার পেলেন বাংলাদেশের মানুষের কাছ থেকে মাশরাফি ভাই আমাদের মাননীয় প্রধানমন্ত্রী শেখ হাসিনা যেমন কষ্ট পেয়েছে আপনিও তেমনি কষ্ট পেয়েছেন কাদের জন্য আপনি ভালো কাজ করবেন কাদেরকে ভালবাসবেন যে জাতি সবকিছু ভুলে যায় তাদেরকে ভালবেসে লাভ কি,murtaza,FAVOR
fdde9435ca558060,Sorry মাশরাফি ভাই আপনি রাজনীতিতে না ঢুকলে আপনি সারাজীবন বেঁচে থাকতেন বাংলাদেশের জাতীয় হিরো হয়ে,murtaza,NEUTRAL
395e27edc0fe8e15,"না ভাই,তোমাকে আমি অসময়ে হারাতে চাইনা,আমার জীবন আমার নিকট যেমন তোমার জীবনও আমার নিকট তেমন। তুমি একজন অসাধারণ ও বিরল চিন্তার মানুষ । নড়াইলের মানুষ এতো অকৃতজ্ঞ হলো কেমন করে। মাশরাফিকে আমি অনেক সন্মান করি আর ভালবাসি,আমার সন্তানের মতো আবেগে তাকে আমি আগলে রাখি। হে আল্লাহ ও বাংলাদেশের মানুষ আপনারা আমার ও আমাদের এই প্রিয় মানুষকে বাঁচান,আপনারা হারিয়ে কান্না করিয়েননা।",murtaza,FAVOR
4b93d2dc9b012d75,আসলে মাশরাফি ভাই একজন ভালো মানুষ তার রাজনীতির সাথে জড়িত হওয়া ঠিক হয়নি,murtaza,FAVOR
6f24a077a1d2599c,নাড়াইল এ আমার রিলেটিভ আছে। মাশরাফি কে কাছ থেকে চিনে খুবই ভালো মানুষ। শুধুই মানুষের কল্যানে কাজ করে গেছে। Othoc🌹সেই মানুষ বেইমানি করেছে 😥,murtaza,FAVOR
dbc80a6287845d24,"বাংলাদেশের এমন কোনো মানুষ ছিলনা বাকি মাশরাফিকে ভালো বাসতোনা,কিন্তুু রাজনীতির কারণে.....?",murtaza,FAVOR
d15ea12e44f1fcda,কে আওয়ামী লীগ করলে বিএনপি করল এরা তার ব্যক্তগত বিষয় কিন্তু মানুষ হিসেবে এসে কেমন সেটাই আসল বিষয় মাশরাফি একজন সত্যিকারে ভালো মানুষ দেশ প্রেমিক।,murtaza,FAVOR
35d66b618749c856,We Love you so much মাশরাফি allah karim❤,murtaza,FAVOR
a248498154306cb4,সবার আগে দেশ কথাটা যেমন সত্যি। ঠিক তেমনি এ কথাটাও সত্যিই উন্নয়ন ছাড়া দেশ চলতে পারবে না। মাশরাফি বিন মুর্তজা কখনো সরাসরি ভাবে আন্দোলনের পক্ষে অথবা বিপক্ষে কথা বলেনি। যেহেতু সে সময় তিনি সংসদ সদস্য ছিলেন তাই এ বিষয়ে তিনি সরাসরি কথা বলতে পারবেন না এটা চিরন্তন সত্য। সে জনগণের টাকা মেরে খায় নি। সে তার এলাকার প্রচুর উন্নয়ন করেছে।,murtaza,NEUTRAL
9a0ad3dc02fc75dd,মাশরাফি ভাই যে দলেরই হোক না কেন তার প্রতি পুরোপুরি বিশ্বাস আছে সে কখনো অন্যায় করতে পারে না,murtaza,NEUTRAL
9f6651ca67ccff14,ভাই মাশরাফি আপনি যেই দল করেন আপনি মানুষ টা অনেক ভালো দোয়া করি আল্লাহ আপনাকে অনেক বছরের নেক হায়েত দান করেন আমিন,murtaza,FAVOR
1a554ea2a88658c2,"মাশরাফি বিন মর্তুজা ভাই... অসাধারণ একজন লোক ... হায় আল্লাহ্‌ আপনি মাশরাফি ভাই কে , নেক হায়াত দান করুন আমিন,আমিন,আমিন...।",murtaza,NEUTRAL
bed411e06928e3d0,মাশরাফি শুধু মাশরাফি এই কষ্ট টার জন্য আমি বেশি করে ভালো বাসি।,murtaza,FAVOR
be1da973ad830c7a,মাশরাফির মতো আর দুই জন নেই আর হবেও না।👍👍👍,murtaza,NEUTRAL
ad429a14e67bdada,দেখা না দিলে বন্ধু কথা কইওনা মাশরাফি। আমি অনেক অনেক ভালো বাসি মাশরাফি।,murtaza,FAVOR
9b3d9bde33824e4e,ভাই আপনার চেনেলের মাধ্যমে আমি মাশরাফি ভাই এর ঠিকানা চাই আমার খুবই দরকার,murtaza,NEUTRAL
a51d2791c2d414ff,"বাংলাদেশের ইতিহাসের ১ম ফাস্ট বোলার হলেন মাশরাফি বিন মুর্তজা ❤️🇧🇩 অভিষেকের অল্প সময়েই বল করেছিলেন সর্বোচ্চ ১৪০-৪৮ কিলোমিটার গতিতে! ধারনা করা যায়, ঘন ঘন ইনজুরিতে না পড়লে হতে পারতেন ফুল পেসার। সেইসাথে হতে পারতেন বিশ্বের সেরা গতিতারকাদের একজন 😎 পাশাপাশি ব্যাটিং টাও ভাল করতেন। ধারনা করা যায়, ঘন ঘন ইনজুরি না হলে থাকতে পারতেন বিশ্বসেরা অলরাউন্ডারদের কাতারে!",murtaza,FAVOR
13bf4606a0d09621,"মাশরাফি ভাইরে নিয়ে কোন কথা বলার যোগ্যতা তোর নাই,,,,Love u ম্যাশ....যতই ভুল বুঝাস লাভ নাই,ভালোবাসা কমবে না....",murtaza,FAVOR
64a813ebd28ae246,"মাশরাফির মনে কোন অহংকার নেই তবে লোকটি যদি সেলফি না তুলত এবং তার সাথে মোসাফা করে জিজ্ঞেস করতো ভাই আপনি কেমন আছেন তবে তিনি তার সাথে এই ব্যবহার ঠিক করতেন না এটাই আমার ধারণা,",murtaza,NEUTRAL
68a3d81ca09f612d,মাশরাফি ভাই আপনি এই জিনিসটা কোন মতেই করতে পারেন না আপনি 16 কোটি মানুষের হৃদয় স্পন্দন ছুঁয়ে রাখছেন তারপরও আপনার ভালোবাসায় হয়তো আপনার গায়ে হাত দিয়ে আপনি চলে যাচ্ছেন সে বিদায় ধরছে তারপরে এই জন্য এরকম করে যাকে দেওয়া আপনার একদমই ঠিক হয়নি,murtaza,FAVOR
edcfc16ffb153bdd,Mashrafe is always boss এটা শুধু একটা সাধারণ ঘটনা এটা নিয়ে বাড়াবাড়ি করার কিছু নাই,murtaza,FAVOR
a713bcc7412a06e0,Mashrafe vai to ekhon mp... Ei tar jonno khub savabik kintu amader moto fans der kase khuboi bedona dayok,murtaza,NEUTRAL
3855386ddf9efb11,"এর মানে কী??! মাশরাফি ভাই আমাদের গরব ,,, মাশরাফি ভাই অনেক অনেক ভালো",murtaza,FAVOR
ec9268679edab73e,তবে মাসরাফি এমন কেন করল। সে তার ভক্ত ছিলো। আমরা পশ্ন????? কেন কেন। মাশরাফি সাথে কথা বলতে চাই,murtaza,NEUTRAL
5d02c66d5d3b312e,আমি মাশরাফি ভাইয়ের উদ্দেশ্যে বলছি এত অহংকার ভালো না,murtaza,FAVOR
0695c5f3a67f2fc6,মাশরাফি বসের এই ভালোবাসার কারনেই তিনি কোটি ভক্তদের হৃদয়ে জায়গা করে আছেন Love you mash boss 💖🥰💖,murtaza,FAVOR
da543bcdeeac4551,ভালোবাসাই সবচে বড় আমি চাই মাশরাফি ভাই ক্রিকেট বোডে দায়িত্বে আসুক বাংলাদেশ ক্রিকেট অনেক দুরে এগিয়ে যাবে আমি চ্যালেঞ্জ দিয়ে বলতে পারি উন্নত হবে হবে মাশরাফি ভাই দায়িত্বে আসলে,murtaza,FAVOR
3f0f9c833394272d,"মাশরাফি ভালোবাসা টা আসলে কারো ভোলার মতো না,একটা ভক্ত কে এই ভানে জড়িয়ে ধরে যে দেখা যায় শুধু মাশরাফি কাছে,তাঁকে ছেড়ে দেওয়া হউক, তাঁর মুক্তি চাই",murtaza,FAVOR
ca1c83c1c1e31e44,দারুন একেই বলে বস মাশরাফি বিন মুর্তজা,murtaza,NEUTRAL
fca9f54dca1d1592,মাশরাফি এর জন্য সবার বুকে জায়গা করে নিয়েছে,murtaza,NEUTRAL
d1135d9ab6e8b35a,"মাশরাফি এমন একজন মানুষ,সে সবজায়গাতেই সেরা, আসলে ভালো মনের মানুষ হলে এমনি হবে",murtaza,FAVOR
3121bc230aec69f3,আমি সিলেট সাপোর্ট করি শুধু মাত্র মাশরাফির জন্য mas is the boss,murtaza,FAVOR
4e54d3348bba515a,"মাশরাফি একজন সত্যিকারের নেতা,,,, এটা আবারও প্রমাণিত,,, love you boss",murtaza,FAVOR
0fb5b7d3f2a714ee,নেতা মাশরাফিকে যত দেখি ততোই মুগ্ধ হয়ে যাই মাশরাফির মত আর কেউ হয়তো আমাদের মাঝে আর কখনো আসবেনা যতদিন বেঁচে থাকব মাশরাফিকে মনে থাকবে লাভ ইউ বস লাভ ইউ মেস ✌️✌️✌️✌️✌️✌️💐💐💐💐💐💐congratulation today win,murtaza,NEUTRAL
d86a8189254f7746,মাশরাফিকে এতো বেশি ভালবাসার আর একটা কারণ হচ্ছে সে তরুন ক্রিকেটারদের খুব সাপোর্ট করে।,murtaza,FAVOR
9c0c9bd5262042f1,sylhet name ar jonno support korina amara Mashrafe Mortaza jonno kori 💝💝💝,murtaza,FAVOR
eb605771392605e0,মাশরাফি কে নিয়ে অনেক বড় বড় মানুষ অনেক কথা বলেছে অতীতে।মজার ব্যাপার হলো নতুন জন্ম নেওয়া অনেক ক্রিকেট ফ্যান তা জানে ও না আবার তর্কে জড়ায়,murtaza,NEUTRAL
25756c8bb0f8aca6,কবে বলছিলো এবং কে বলছিলো শুনি মাশরাফির থেকেও কত ভালো খেলোয়াড় ভারতে আছে,murtaza,FAVOR
90173a7963de5597,বস মাশরাফি ভাই কে সভাপতি হিসাবে দেখতে চাই পাপন হঠাও ক্রিকেট বাঁচাও,murtaza,NEUTRAL
2c64bd46e5a00a70,Mashrafe is a Miracle But We are Comilla Victorians ✌️,murtaza,NEUTRAL
7d36fd5cd241b210,"অসাধারণ ভালো লাগার মতো একজন মানুষ, আমার প্রিয় মানুষ জনাব মাশরাফি বিন মুর্তজা।",murtaza,FAVOR
32d965f1bff315c9,মাশরাফি ভাই সত্যি একজন ভালো মনের মানুষ।যার কারনে আল্লাহ পাকের রহমত আছে মাশরাফি ভাইয়ের উপর।এজন্যই আল্লাহ পাক উনাকে এতো সম্মান দান করেছেন।,murtaza,FAVOR
3f73fb0afac827c8,Ami Rangpur ar hoye o Sylhet k support kori aktai karone boss Mashrafe ace bole,murtaza,FAVOR
097ada3a0ccb35ba,এবার কাপ নিবে সিলেট ইনশাআল্লাহ মাশরাফির বসের হাতে কাপ দেখতে চাই 💚🥰,murtaza,NEUTRAL
e1dd961827a7ee39,"যুদ্ধে হার না মানা একজনই আছে মার শাফি বিন মুর্তজা,",murtaza,NEUTRAL
b89081641687b703,"মাশরাফির কাছে সিনিয়র জুনিয়ে বলে কোনো খেলোয়াড় নেই, সবার ভিতর থেকে কিভাবে সেরাটা বের করে আনতে হয় সেটা সে খুব ভালো ভাবেই জানে। সবার প্রতি কত সম্মান রেখে কথাগুলো বললো।❤️ লাভ ইউ বস।❤️",murtaza,FAVOR
64c10476f6555508,একজন ক্যাপ্টেনের যতগুলো বিষয় নিয়ে ভাবা উচিত মাশরাফি তার থেকে বেশিই ভাবেন যার কারণে সে আল্লাহর রহমতে সাকসেস হয়,murtaza,NEUTRAL
2f26df1bdfe9607a,Ey Doroner MP Amader chittagong e paytam. Onek unnayan hoto. Salute MP. Mashrafe Bin Mortaza In action.,murtaza,NEUTRAL
384a53808d1119f1,"মাশরাফির মত সকল এমপি, মন্ত্রী হওয়া উচিৎ ছিল।",murtaza,NEUTRAL
138ea4d77f7c15ca,It would have been better if Mashrafe Bhai was the MP of my area,murtaza,NEUTRAL
adddc8214987dd7d,মাশরাফি আলস্য না আমি প্রায় দুই বছর পরিশ্রম করেছি আমি মনের ভেতরে ঢোকে সবই জানি মাশরাফি এক নাম্বার সততা শতভাগ সহজ সরল স্বভাবের আচরণ কাজে সমাধান করে গড়ে তোলে শুধু মাশরাফি আমি অনেক ভালো বাসি।,murtaza,FAVOR
4e1a7624b397f36c,বাঁশের চেয়ে তার কঞ্চি মোটা মাশরাফি কত সিম্পল অথচ তার আশেপাশের পৈতাগুলার কি ভাব.........!!!,murtaza,NEUTRAL
ce76c9c1ed64d15b,বোকা মাশরাফি ..পাবলিক চাঁদাবাজি সরকারি চাঁদাবাজি সম্পর্ন আলাদা সরকারি চাদাবাজির ই মূল . প্রায় টেন্ডার এই ঘটবে এইটার কী কোরবেনক ম্যাশ ?,murtaza,NEUTRAL
08107590750c43bb,❝মাশরাফি❞ নামটার সাথেই কেমন একটা আবেগ জড়িয়ে আছে বাংলার মানুষের মনে। মাশরাফির সাথে এমন প্রাণহীন প্রতিবেদন মানায় নাহ। শরীরে কাটা দিয়ে উঠবে এমন ধরনের প্রতিবেদন তাঁকে নিয়ে হওয়া উচিৎ। শুভ জন্মদিন ম্যাশ।❤️💐,murtaza,NEUTRAL
d6432598c7ec5f87,শুভ জন্মদিন বস 🎂 জন্মদিনের অনেক অনেক শুভেচ্ছা ও অভিনন্দন 🥰 তোমার জন্য রইলো ভালো বাসা আর দোয়া মাশরাফি ভাই ❤️ মিস করি তোমাকে বাংলাদেশ ক্রিকেট মাঠে 🥲 ভালো থাকো তোমার ফেমিলী সবাইকে নিয়ে 😊,murtaza,FAVOR
25b5f59b15c3f950,শুভ জন্মদিন বাংলাদেশের সর্বকালের সেরা খেলোয়াড় মাশরাফি 💙🇧🇩।We miss you all time.,murtaza,FAVOR
abed9c35402aacec,"Captain, Leader, Legend our pride Mashrafe Bin Mortaza. You are my idol after Messi.",murtaza,FAVOR
edae0accabbd53cf,শুভ জন্মদিন কিংবদন্তি. Mashrafe Bin Mortaza আপনার জন্য অনেক দোয়া ও শুভকামনা রইল। 🙏🏽,murtaza,NEUTRAL
6640268e71ff8c25,"শুভ জন্মদিন দ্যাক্যাপ্টেন ফ্যান্টাস্টিক - মাশরাফি বিন মর্তুজা!""🇧🇩❤️ ক্রিকেট থাকুক আর না থাকুক আপনি ভালোবাসায় ছিলেন,আছেন, আর চিরকাল থাকবেন!""❤️🌺💙ক্রিকেট মাঠে আপনার মত লিডার আর কখনো পাবেনা বাংলাদেশ!""😓🙏 হৃদয়ের গভীর থেকে জানাই তোমায় হাজারো সালাম!""❤️🥰 সবসময় ভালো থাকুন!""☺️💙 - শুভ জন্মদিন বস - !""🇧🇩❤️🌺",murtaza,FAVOR
b5bb05e71aa7158f,Mashrage noy Mashrafe banan ta tik koren.,murtaza,NEUTRAL
0b054d3609d464a7,কাপিল দেবের নেতৃত্বে ভারত বিশ্ব জয় আর মাশরাফির জন্মদিন নিয়ে বলার কোন প্রয়োজনীয়তা আছে বলে মনে করি না। দেশের সেরা ক্যাপ্টেন প্রসঙ্গে কাপিল দেব বা ভারতের গুন - গান গাওয়ার বিষয়টি হাস্যকর। ভারতের চাটুকারিতা,murtaza,FAVOR
3f107fb66c48d4da,মাশরাফি শুধু মাশরাফি আমি অনেক অনেক ভালো বাসি ভালো বাসবো ভালো বেসেছি এখন ও সন্দেহের মধ্যে আছি আমি ভালো বাসি মাশরাফি শুধু মাশরাফি।,murtaza,FAVOR
ad4a7f7e8b89d90f,এ দালালি করার জন্য আপনাকে কয় টাকা পাইছেন আপনি আওয়ামী লীগের দালালি করতেছেন মাশরাফির নামে কথা বলে,murtaza,NEUTRAL
6ba5229e77038cc8,Mashrafe became so matured but unfortunately most of our supporters are still very unmatured.,murtaza,FAVOR
f29757c8412026a5,ভারত পাকিস্তান দুই টিমকে হারিয়ে বাংলাদেশের সেমিফাইনালে যাওয়াটা অনেক কঠিন হবে।মাশরাফি যদি মনে করে এখনও ভালো খেলার মত যোগ্যতা তার আছে তবে অবশ্যই তার খেলা উচিৎ। তাহলে অবসর নিবে কেন।,murtaza,FAVOR
5a0cf5495650e4c4,মাশরাফি ভাইয়ের একটাই দোষ তাহলে উনি রাজনীতিতে যোগ দেয়া। আর রাজনীতি করলে তাদের ভাগ্যে খারাপ ছাড়া ভালো কখনোই হয় না।উনি ব্যক্তি মাশরাফি ভালো আদর্শবান কিন্তু রাজনীতিবিদ মাশরাফি ছিঁটে ফোটা ও ভালো না। আমি ক্রিকেটার মাশরাফিকে অনেক ভালোবাসি এখনো ভালবাসি। ❤,murtaza,FAVOR
8e8e467e2192d43f,"আওয়ামী লীগের জন্য আজ একজন অসাধারণ, সৎ ও ভালো মানুষের করুন অবস্থা। দেশবাসী এখন মাশরাফিকে ভালোবাসে ও‌ বিশ্বাস করে।",murtaza,FAVOR
04fab1e2760a1aef,"দলকানা বা মূর্খ দের সড়িয়ে দিয়ে ভালো মানুষ এর জায়গা হোক এদেশে, মাশরাফি কে তার সম্মান নিয়ে দেশে আনুন। লিগেল কোন অন্যায় থাকলে শাস্তি দিন। কিন্তু হুজুগে বাঙালি তাকে আঘাত বেশি দিয়ে ফেলসে। এদের ও শাস্তি হউয়া দরকার",murtaza,FAVOR
ccc97608ec9e8632,মাশরাফি আমি আপনাকে মানুষ হিসেবে মানুষ দেখতে চাই লাশ দেখতে চাই না আমি দেখতে মাশরাফি আমার ভালো বাসা বিশাল আকা বাঁকা করে রাখি আমি অনেক দুষ্ট নারী।,murtaza,FAVOR
b0008b50138213bb,স্বৈরাচার কে সমর্থন করলে সে নিজের স্বৈরাচার এজন্য 18 কোটি মানুষের চোখে মাশরাফি ভিলেন,murtaza,FAVOR
4b348f28e8d88b18,"শুধু মাত্র মব সৃষ্টি করে,,, মাশরাফির বাড়িতে আগুন লাগিয়ে,,, সকল অর্জন ধ্বংস করে দেয়,,, মাশরাফি বিন মর্তুজার মতো অধিনায়কত্ব বাংলাদেশ আর পাবে না,,,,",murtaza,FAVOR
505359fd43cdbb78,হে বাঙালি জাতি তোমরা মাশরাফিকে ভুলে যেও না মিশিয়ে দিও না বরং তোমরা আগে যেভাবে বুকে জড়িয়ে রাখতে মাথার মুকুট মনে করতে। বাংলার সম্মান সুখ্যাতি যিনি বিশ্বের মাঝে লাল সবুজের পতাকা পতপত করে উড়িয়ে দিত গড়বে তখন আমাদের হৃদয়টা জুড়িয়ে যেত। আর যাই হোক মেসকে তোমরা ভুলে যেও না মেসের সম্মানটা তোমরা ফিরিয়ে দাও মনের ব্যথা কি গুছিয়ে দাও। মেস ব্যক্তি হিসেবে ভালো যোগ্য অনুন্নত।,murtaza,FAVOR
bd56eb09db30dfcf,"মাশরাফি, আপনি এতো জলদি ভেঙ্গে পরবেন না। এখনো এদেশের নি:স্বার্থ সাধারণ কোটি জনতার ভালোবাসা আছে আপনার জন্য ‌। এমন একদিন আসবে। যে দিন এদেশের মানুষ জিয়া ,খালেদা জিয়াকে ভুলে যাবে, শেখ হাসিনাকে ভুলে যাবে, ভুলে যাবে এরশাদের কথা। কিন্তু বাংলাদেশ যতদিন পৃথিবীর মানচিত্রে থাকবে। ততদিন বাঙালিদের হৃদয়ে নক্ষত্রের মতো আলোকিত হয়ে জেগে থাকবে একটি নাম: "" মাশরাফি বিন মর্তুজা""।",murtaza,FAVOR
5d13dfb398dfb617,Love Bangladesh team masrafi mortaza good luck,murtaza,FAVOR
2bbcfc54f390413b,J manus ta tar sob dilo Cricket a tar kharap somoy pashe kew ney. Obosor niben but tar aga r ekbar Mashrafe ki sobay degbe. Amra jani Mashrafe parbe. Nijer best ta diye obosor a jete,murtaza,NEUTRAL
acee85f25a31710d,বাংলাদেশের জনগণ দেখেন এখন বাংলাদেশের বর্তমান রাজনৈতিক পরিস্থিতি ও আইন । আজকে একজন ভালো মানুষ মাশরাফি পরে হয়তো আপনি আমি সবাই হয়তে পারি,murtaza,FAVOR
79812ebf13468d08,যদিও মাশরাফি ভাই আওমী লীগের রাজনীতি করতো কিন্তু তিনি একজন সৎ এবং ভালো মানুষ ছিল তার বিরুদ্ধে মামলা ডায়ের করা একদম উচিত হয়নি আমি তার তীব্র নিন্দা জানাই,murtaza,FAVOR
ff9c5536ea8c2767,আমার যতটুকু জানার মাশরাফি একজন অনেক ভালো লোক এই সন্দেহমূলক মামলা দেওয়াটা ঠিক হয়নি সে যাতে আওয়ামী লীগের এমপি হোক কিন্তু মানুষ হিসেবে অনেক ভালো,murtaza,FAVOR
bd3b778c36545661,মাশরাফি ভাই যখন ক্ষমতা ছিল তখন বিএনপি বা জামাত ইসলাম আওয়ামী লীগ নড়াইলে দাঙ্গা হাঙ্গামা হয় নাই তা আমরা যানি মাশরাফি ভাই একজন ভালো মানুষ যে মামলা করেছে মাশরাফি ভাইকে সমাজে ছােট করার জন্য আমি তীব্র নিন্দা জানাই ব্যক্তি হিসেবে মারশাফি সাহেব অনেক ভালো মানুষ আপনার ব্যক্তি দেখেন সে ভালো কিনা খারাপ,murtaza,FAVOR
08f224183a19fb52,Mash the boss. Bangladesh er manush er prane Mashrafe,murtaza,FAVOR
4328fdfbb4cca67b,অনেক অনেক ভালো হবে... মাশরাফি ভাই অবসরের পর বাংলাদেশ দলের কোচ হিসেবে যোগদান করুক.. কি বলেন সবাই???,murtaza,FAVOR
c5150c8ca5b1eaf8,জাতীয় দলের কোচ হওয়ার চেয়ে তরুণদের গাইডলাইন হিসেবেই চাই মাশরাফি দ্যা বসকে। কারণ তরুণদের সাথে নিজের এক্সপেরিয়েন্স শেয়ার করতে পারলে তরুনদের কাছ থেকেও আরেকজন মাশরাফি না পাই মাশরাফির গুণাবলি সম্পন্ন একজন প্লেয়ার পেতে পারি। মাশরাফির অভাব যেনো মাশরাফি ই দিয়ে যেতে পারে সে দোয়াই করি😊😊,murtaza,NEUTRAL
40c7c33050ffe649,"মাশরাফিকে বিসিবির সভাপতি করা হোক,,,ভাল কোচ নির্বাচন,ভাল প্লেয়ার নির্বাচন সব কিছু সুন্দর করে করতে পারবে,,,আর বাংলাদেশ খুব শক্ত একটা টিম হবে,,,সব ফরমেটে।",murtaza,FAVOR
0923ddf33c20e3f6,Best of luck masrafi bin mortaza. You are always best. 😋,murtaza,FAVOR
1fd7fd8d52696328,মাশরাফি ভাইকে বাংলাদেশ জাতীয় দলের প্রদান কোচ হিসাবে দেখতে চাই।,murtaza,NEUTRAL
76715a0ff806cca3,আমাদের এমন চাওয়া ছিল মাশরাফি একদিন জাতীয় দলের কোচ হবে।,murtaza,NEUTRAL
e8c8d84c5d40728a,মাশরাফিকে আগামীতে বিসিবি হিসেবে দেখতে চাই যারা আমার কথায় একমত তারা লাইক দিন,murtaza,NEUTRAL
cc3d1ffd8db1c03c,আমার মনে হয় মাশরাফি কোচিং এ যুগ দিলে বাংলাদেশ ক্রিকেটের আরও উন্নতি হবে। কারা কারা একমত? এটা শুধু আমার মনে হয়। কারও নাও হতে পারে!,murtaza,NEUTRAL
5af0fe174ba98619,মাশরাফির জন্য কোটি মানুষের দোয়া আছে ইনশাআল্লাহ কিছু হবেনা,murtaza,NEUTRAL
36929e9336509c5a,"আল্লাহ মাশরাফি ভাইকে তারাতারি সুহস্ত করে দাও। আমিন,,,",murtaza,NEUTRAL
57e4315d198e66bb,বাংলাদেশের ক্রিকেটের সেরা অধিনায়ক সেরা ব্যক্তিত্ব একজন ই রয়েছে যার কথা স্বর্ণ অক্ষরে লেখা থাকবে তিনি হলেন ক্যাপটেন ফান্টাস্টিক মাশরাফি বিন মুর্তজা love you Boss 🥰🥰🌹🌹🌹❤️❤️❤️,murtaza,FAVOR
cef57d3f149f3681,ক্যাপ্টেন মাশরাফি বাহিনীর জন্য শুভ কামনা রইল দোয়া রইল আল্লাহ ভরসা চেষ্টা করেন আল্লাহ পাক সফলতা দিবে,murtaza,NEUTRAL
5b4d370df49b9a7f,মাশরাফি তুমি বেঞ্চে থাকো অন্যদের সুযোগ করে দেও,murtaza,NEUTRAL
a3e92b06363f68de,কত কালকের ইন্ডিয়ার ম্যাচটা ফলো করো বিশেষ করে হার্দিক পান্ডে ইনিংসটা আর আমাদের সব সিনিয়রা সব দায়িত্ব নিয়ে নে এর পর তারা পেইল করলে তখন আর ভালো কিছু হয় না। আর তখন জুনিয়রা সেই পথে চলে আমি চাই নতুন যারা আছেন তাদের কে চার পাচে ব্যাট করিয়ে ভালো একটা ইনিংস ফের করা মাশরাফির কাজ। যে করে হার্দিকপান্ডেকে দিয়ে যেটা করে ভারতের কোহলি,murtaza,FAVOR
f50999255673b846,ভাই মাশরাফি আপনি মাঠের বাইরে থেকে নির্দেশনা দেন প্লিজ।মাশরাফি একটু ত্যাগ করেন।বাট আপনি অনেক মেধাবী একজন ভালো প্লেয়ার এটা সারা বিশ্ব জানে।,murtaza,FAVOR
f6854b48872cf561,মাশরাফি ভাই সভাপতি হইলে ক্রিকেট খেলা চেঞ্জ হয়ে যাবে ভালো থাকবে বাংলাদেশ কারণ মাশরাফি ভাইর জে গুন এটা কারো নাই,murtaza,FAVOR
7e103c2eb1ed438a,খালেদ মাসুদ পাইলট এবং মাশরাফি বিন মর্তুজা কথাগুলো আমার কাছে অনেক ভালো লাগলো সত্যি তারা সবসময় বাস্তবতার সাথে লড়াই এবং গুরুত্বপূর্ণ পয়েন্টগুলোতে ধরে সেজন্য আমার খুব ভালো লাগে আমিও তাদের সাথে একমত এবং আশা রাখবো বাংলাদেশের জনগণ তাদের সাথে একরাত থাকবে কারণ যারা খেলা বোঝে না তাদের এই সেক্টরে আশাটা ভুল,murtaza,FAVOR
4fea7c86d3b71eca,মাশরাফি জানে কিভাবে বাজে পারফরমেন্স করেও দলে থেকে সুবিধাগুলো ব্যাগে নেয়া যায় । এগুলো বিশ্বকাপ ইতিহাস হয়ে থাকবে ।,murtaza,AGAINST
bf4bfc03c025794d,"আসলে আমি মনে মনে অনেক পছন্দ করতাম মাশরাফি কে,,,কিন্তু না ওনি একজন তেলবাজ মানুষ কারন ওনি মুখে একটা বলেন আর করেন একটা",murtaza,NEUTRAL
0bb26f73952dd5bd,আমি আমার মতো করে ভালো বাসি মাশরাফি কালকে ঐ লোকের মতো মাশরাফি।,murtaza,FAVOR
50ede1b2ab02f46a,মাশরাফি শুধু মাশরাফি আমি আপনাকে অনেক ভালো বাসি ভালো বাসার সম্মান ও বড়ো দের?????? প্রশ্নবোধক চিহ্নটি আমার পরিবার দেওয়া যাবে না তাকে অপমান করা হয় আমি অনেক জায়গায় জেদে আমি দিয়েছি মাশরাফি শুধু মাশরাফি আমি অনেক ভালো বাসি।,murtaza,FAVOR
1826578bf4f020a3,একদম ঠক বলছেন। এরা বেশি মাতামাতি করতেছে মাশরাফি ইশুতে। আলহামদুলিল্লাহ বোর্ড কর্মকর্তাদের মাথা এদের মত না। এদের মত হলে আশরাফুলকে আবার নিয়ে দলটাকে শেষ করে দিতো।,murtaza,NEUTRAL
0da53bd020196653,"Mashrafe je hutu 2023 world khelben na, se hutu onake team a rakha hoy nai bujlam kintu baki der performance onek darun se jonno tader rakha hoice??? Darun vabe kotha gulo tule dhorechen Noman bhai 💚❤️💙",murtaza,NEUTRAL
c7b61ea392079284,মাশরাফি কে বোর্ড প্রেসিডেন্ট হিসেবে দেখতে চাই,murtaza,NEUTRAL
46df18a4462afc55,Vaia akta question... Mashrafe ka akta match khelta dila e ki 2023 world cup postoti nosto hoto,murtaza,NEUTRAL
476ca326e2f5d966,"মাশরাফি রিটায়ার্ড এর চিন্তা একবারেও করেন না, go ahead bro",murtaza,NEUTRAL
4ddadbc998dc4c01,"ফিটনেস ছাড়া ই এতদিন মাশরাফি খেলেছেন ফিটনেস ওয়ালাদের থেকেও ভালো। ভাই এইটা বলে লাভ নেই যে ""ফিটনেস"" সে হিসেবে কেন তাহলে ম্যাশকে t20 ছাড়তে দেওয়া হলো এবং ODI এর অধিনায়ক রাখা হলো। ভিতরের খবর জানি না তবে নোমান ভাই ঠিক ই বলেছেন। Criteria same ছিল না",murtaza,FAVOR
aca202f38a8b891b,পাপন দা আপনি BCB কে অনেক কিছুই তো দিয়েছেন। শেষ বারের আপনার চেয়ারটা মাশরাফিকে দেন না। তরুণ ও যোগ্য আবার ক্রিকেটারও হয়তবা আপনার চেয়ে ভাল কিছু করবে বাংলাদেশ ক্রিকেট টিমের জন্য। বিসিবি থেকে বাফুফে আপনার প্রয়োজনটা মনে হয় বেশি। কারন সালাউদ্দিন ভাইয়েরও তো বায়স হইছে। খালি বাংলাদেশ ক্রিকেট টিমের কেনরে ভাই? সব জায়গায়জায়গায় তারুণ্যের ছোঁয়া লাগুক না ? 😉😉😉😆😆😆,murtaza,FAVOR
d2a354df4942a25d,মাশরাফির টি 20 খেলা উচিত।। ওয়ানডে নয়।। কিন্তু মাশরাফি ওয়ানডে ই খেলবেন।। তার এখন বয়স হয়েছে এটা তার মাথায় রাখা উচিত,murtaza,NEUTRAL
e3ed24e77cedbaf5,মাশরাফি লাস্ট ১০বছর ফিটনেস বিহীন খেলে আসছে ওই সময় ফিটনেসের কথা মাথায় আসে নাই এখন আসছে কেন?,murtaza,NEUTRAL
007b96750b6ffb33,আমার মতে এই সিরিজে মাশরাফি ভাইকে রাখা উচিত ছিলছিলো,murtaza,NEUTRAL
9c377c49619ed4ce,Amr mone hoi Mashrafe 2023 world cup e dekha jabe...,murtaza,NEUTRAL
87fab0278f287dad,একমাত্র আপনার কথা সঠিক মাশরাফি বিন মুর্তজা দলে চাই,murtaza,NEUTRAL
9dc91a63761c328b,Mashrafe jotodin khelshe ami khela dekhshi.kintu ar nh..,murtaza,NEUTRAL
dae59b25d24e1724,নতুন দের সুযোগ দেয়া হোক আমরাও চাই তবে বিসিবি বছ হিসাবে মাশরাফিকে চাই নয়তো ২০২৩ বিশ্বকাপ বয়কট করবো,murtaza,NEUTRAL
073b2906816ffb9e,মাশরাফি ভাই কে অন্তত প্রাথমিক দলে রাখা যেতো। তারপর প্রস্তুতি ম্যাচের পার্ফরমেন্সের উপর ভিত্তি করে পরবর্তী সিদ্ধান্ত নেওয়া উচিত ছিলো,murtaza,NEUTRAL
92a821618cc91451,"পাপন,, আক্রাম,, দুর্জয়,, নান্নু,, সুমনকে অন্য করো বেলায় হলে এক হাত দেখে নিত,, কিন্তু মাশরাফির মন মানুষিকতা ভালো তাই ও কোন বেবস্থা নিবেনা।।।",murtaza,FAVOR
83dc5dddba84e677,আমরা পাপনকে চাইনা পাপনে যায় গাই মাশরাফি ভাইকে চাই,murtaza,NEUTRAL
4369520fc66866f1,chi bangladesh cricket board...... mashrafe ke kno ato obohela kore...... j jai boluk na kno..... i support mashrafe....... our boss....our captain fantastic....... i love you mashrafe,murtaza,FAVOR
1d4ff88e7cc1c083,"অনেকদিন আগেই বলেছিলাম, মাশরাফি বাংলাদেশের জার্সিতে শেষ ম্যাচ খেলে ফেলেছে। কথাটা সত্যি হলো",murtaza,NEUTRAL
e6f591941c5caf81,"Mashrafe boss you are legend , and one thing you mind it Legends never die",murtaza,FAVOR
92935d9d03caeeb0,"বাংলাদেশের একজন সফল খেলয়ারের নাম মাশরাফি, বয়সটা কোন বিষয় নয়।ভাল পেলেয়ারদের বাদ দিয়ে নির্বাচকরাএমন খেলোয়ার নেয় যারা coming and going doing for nathing.যাতে বাংলাদেশের ক্রিকেট প্রেমিক মানুষ খেলা না দেখে,জিততে না পারে।2023 বিশকাপ খেলার মত পারফর্ম মারফির আছে।",murtaza,NEUTRAL
be263d6538e7cc9e,মাশরাফি ভাই সত্যি একজন ভালো মনের মানুষ।এবং শিক্ষার্থীরা তাকে দেখে বেশ উচ্ছ্বসিত। খুব ভালো লাগলো দেখে।,murtaza,FAVOR
c8e7582b017ae800,মাশরাফির জন্য দোয়া করি আল্লাহ তায়ালা যেন তাকে দীর্ঘ নেক হায়াত দান করেন আমিন,murtaza,NEUTRAL
f8a262c5392f153e,মানুষের এতো ভালোবাসা দেখে আমার অনেক ভালো লেগেছে। ভালোবাসা অবিরাম মাশরাফি বিন মর্তাজা ভাই।,murtaza,FAVOR
d966dfaf841f3673,"""মাশরাফি ভাই একজন ভালো মনের মানুষ।২০১৪ সালে মাশরাফির ভাইয়ের সাথে আমার প্রথম দেখা হয়,হ্যান্ডশেখ হয়,এবং কিছু সময় কথা হয়।",murtaza,FAVOR
3b7a1ce85cc8a33b,সত্যি প্রতিটি মানুষকে মাশরাফির মত হওয়া উচিত???,murtaza,NEUTRAL
792e9700cda38873,Mashrafe vai holo bdr real hero💕💕💕i love him and big fan,murtaza,FAVOR
85072d4c20ac2859,মাশরাফি ভাইয়ের চেহারার দিকে তাকালেই কেন জানি আপন মানুষ মনে হয়. সর্বকালের সেরা হিরো. লাভ ইউ ম্যাশ,murtaza,FAVOR
98b0dc3e70a1d41d,"মাশরাফি ভালো পারফর্ম করেনি বলে বাদ গেছে, লোকের দোষ দিয়ে লাভ নেই।",murtaza,NEUTRAL
65f3d5e3c31106fc,বস মাশরাফি বিন মুর্তজা মানুষের ভালো বাসার নাম,murtaza,FAVOR
73a04a52176829d0,মাশরাফি শুধু মাশরাফি আমি আপনাকে অনেক অনেক ভালো মানুষ কে ভালো বাসি মাশরাফি শুধু মাশরাফি।,murtaza,FAVOR
bff080b094ea4bcf,মাশরাফি শুধু মাশরাফি মাশরাফি অনেক অনেক ভালো মানুষ সবাই সবার জন্য ভালো বাসার অনুভূতির নাম হচ্ছে মাশরাফি শুধু মাশরাফি।,murtaza,FAVOR
9dff3fedb1ed6e0c,i am not a big fan of mashrafe but i don't know why i feel so bad when he was talking today. my eyes full of tears .i miss u bro and best of luck in your future life.,murtaza,FAVOR
7877fc058650c015,মাশরাফি অনেক অনেক ভালো বাসি ভালো বাসাবো ভালো বেসেছি ভালো লেগে আছে অটুট বিশ্বাসে আমার পরিশ্রম একটাই মাশরাফি শুধু মাশরাফি এগিয়ে যাবে যাবে আমি চাই মাশরাফি শুধু মাশরাফি।,murtaza,FAVOR
bbba3ffa47b2ff9f,মাশরাফি শুধু মাশরাফি আমি আপনাকে অনেক অনেক ভালো বাসি। মাশরাফি শুধু মাশরাফি।,murtaza,FAVOR
0d322fc1fa731f55,"মাশরাফি ভাই, নিজের অজান্তেই চোখে পানি চলে আসল,,,ভাবতেই পারতেছিনা,, আর আপনাকে কেপ্টেন হিসেবে দেখতে পার বনা,, অনেক ভালবাসি ভাই আপনাকে,, কতটা ভালবাসি আপনাকে বলার মতো ভাষা আমার জানা নেই,, দোয়া ও অফুরন্ত ভালবাসা রইল ভাই আপনার জন্য,, আপনাকে যারা কেপ্টেনসি ও খেলা থেকে বাদ দেওয়ার জন্য যারা উঠে পরে লেগেছে তাদের বিচার মহান আল্লাহ তালা একদিন করবে,,, যেখানে থাকেন ভালো থাইকেন,,, আল্লাহ আপনাকে ভালো রাখুক,, বাংলাদেশের ত্রিকেট বোড টাই নষ্ট হয়ে যাবে নোংরা রাজনীতির,, জন্য,,, বাংলাদেশের প্রধানমন্ত্রীর কাছে আমার আকুল আবেদন BCB র সভাপতি হিসাবে দেখতে চাই মাশরাফি ভাই কে,,❤❤❤, 😂😂😂😂😂😂",murtaza,FAVOR
a4929d6f3f9f6775,মাশরাফি ভাই বিসিবি প্রধান হিসেবে আমরা দেখতে চাই,murtaza,NEUTRAL
39d32f4fe71d9014,মাশরাফি শুধু মাশরাফি আমি অনেক অনেক ভালো বাসি রাজ নীতি হয় সকল নারীর কাছে আমি ভালো বাসি মাশরাফি।,murtaza,FAVOR
5cdbed60ed2b058f,পাপন এর জায়গায় মাশরাফি কে দেখতে চাই,murtaza,NEUTRAL
3f57014b2472dac8,মাশরাফি ভাই আপনার অবস্থান কেউ তৈরি করতে পারবে না কখনো যেভাবে আপনি দলের নেতৃত্ব দিয়েছেন সারা জীবন সেভাবেই দেশের নেতৃত্ব আপনি অটল থাকুনদেশের মানুষের সেবা করুন ইনশাআল্লাহ একদিন আপনি এ দেশের প্রধানমন্ত্রী হবেন ইনশাআল্লাহ ইনশাআল্লাহ এবং এবং প্রতিটা মানুষ আপনাকে অনেক ভালোবাসে আপনাকে অনেক সম্মান করে,murtaza,FAVOR
ae619ee1786df80a,বিসিবির সভাপতি হিসেবে মাশরাফি ভাইকে আমরা সকলে দেখতে চাই,murtaza,NEUTRAL
46ca8951cde4d17d,পাপন কে বিদায় করে মাশরাফি বসস কে এই জাগায় দেউ হুউক,murtaza,NEUTRAL
8f17fab2dbc3bd62,মাশরাফি শুধু মাশরাফি ভোট হয় রাতের এক দিন শুধু মাশরাফি।,murtaza,NEUTRAL
70871a23ff4b74ef,Bcb এর সভসপতি হিসাবে দেখতে চাই মাশরাফিকে,murtaza,NEUTRAL
f227bba33ebee421,বিসিবির সভাপতি মাশরাফি কে দেওয়া উচিত। তাহলে ভালো হবে,murtaza,FAVOR
c36c3d82f4a3d213,মাশরাফি ভাই আপনি অবসর নেন বা নেন । সেটা আপনার ব্যক্তিগত ব্যাপার। আপনি আমাদের 16 কোটি মানুষের অন্তরে জায়গা করে নিয়েছেন এটা কেউ নিতে পারবে না। আপনার তুলনা কারো সাথে হয়না ‌। আমরা সবাই আপনাকে মিস করবো। দোয়া করি আল্লাহ তাআলা আপনাকে ভাল রাখুক। আপনার ভবিষ্যৎ সুন্দর।।।।।,murtaza,NEUTRAL
4f71fca3b33de55b,মাশরাফি শুধু মাশরাফি প্রান ভরে আছে চঞ্চলতায় আমি ভালো ভালো বাসি মাশরাফি শুধু মাশরাফি।,murtaza,FAVOR
87dfbeda12cefcf0,যশোর মনিরামপুর থানার মদন পুর মানুষের সাথে কথা বলে শেষ করে এখানে এসেছি মাশরাফি খুঁজে পাই আমি অনেক ভালো বাসি মাশরাফি আমি অনেক ভালো বাসবো মাশরাফি।,murtaza,FAVOR
f4ddb9f60148b533,"২০২৪ টি২০ বিশ্বকাপে সুপার ৮ এ আফগানিস্তানের বিপক্ষে কাপুরুষের মতো ম্যাচ হারার পর , এই গান টা আবার দেখতে আসলাম। মাশরাফির ক্যাপ্টেন্সিতে বাংলাদেশ দল প্রত্যেকটা ম্যাচ কিভাবে জানপ্রাণ দিয়ে খেলতো! অথচ আজ?? আহ্, খুব মিস করি ম্যাশ ভাই... মারাত্মক মিস করি আপনার খেলা! আপনার নেতৃত্ব!",murtaza,NEUTRAL
6459ba7bd7014a07,মাশরাফি শুধু মাশরাফি আমি অনেক ভালো বাসবো মাশরাফি।,murtaza,FAVOR
729f3c27fefd993a,মাশরাফি অনেক অনেক ভালো বাসি ভালো বাসাবো আমি কথার উওর দেওয়া মানুষ তাই উওর আমি মনে থেকে ভালো বাসি মাশরাফি।,murtaza,FAVOR
cc8ef99a5471b6e5,মাশরাফি অনেক ভালো ভালো বাসি আপনাকে ভালো বাসা শেষ করতে পারিনা অন্তকাল নতুন নতুন করে ভালো বাসি মাশরাফি।,murtaza,FAVOR
70e9d53d5344e2ae,Cricketer Mashrafe will remain in our hearts forever ❤️,murtaza,NEUTRAL
7102869eed6c52d9,মাশরাফি অনেক অনেক ভালো মানুষ তাই আমি ছেড়ে যেতে পারবো না আমার অনেক মায়া লাগে মাশরাফি।,murtaza,FAVOR
2a5c98cfe8ead47c,মাশরাফি শুধু মাশরাফি আমি ভালো বাসি ভালো বাসবো ও ভালো বেসেছি শুধু মাশরাফি।,murtaza,FAVOR
10ea7ee2cbdddde5,মাশরাফি আমি অনেক অনেক ভালো বাসি ভালো মানুষ কে পছন্দ করি তার নাম মাশরাফি।,murtaza,FAVOR
e0280d799d344554,I love Mashrafe bin Murtaza So I love my country In Bangladesh,murtaza,FAVOR
109c5d95ccbb05ec,Always Love You Boss Mashrafee Bin Mortaza 😊❤,murtaza,FAVOR
8084cfcb10ee5452,মাশরাফি শুধু মাশরাফি এই লাইনের ও ক্রিকেটার দের দাম দেওয়া একান্ত কর্তব্য ও জরুরি এ-রা বাংলা দেশের সম্পদ নষ্ট করা উচিত হবে না আমি তাই লেগে আছি। মাশরাফি শুধু মাশরাফি।,murtaza,NEUTRAL
d09068c7a3f13eb4,মাশরাফি আমার জীবন সম্পর্ক কেউ বুঝতে পারবে না আমি এমন ভাবে চলি কেন?এটা মধ্যে রহস্য লুকিয়ে আছে আমি ভালো মন্দ সবই জানি কিন্তু মানুষের দাম কোথায় পোশাকে না মনে হৃদয় ৬০হাজার টাকা দাম শাড়ি আছে। সোনার জিনিস ও আছে। কখন কোথায় কাজে লাগে আগেই বিসর্জ্জন দেওয়া আছে। আমি ভালো বাসি মাশরাফি।,murtaza,FAVOR
2bdb27f3d621ef6f,মাশরাফি ভালো বাসা তো ভালো বাসা তাল গাছে কি পাখি বাসা বাঁধে আমি লক্ষ করেছি সবার কষ্টে করে তৈরি করে বাতাসে পরে যায় আবার কিছু থেকে যায় তার মধ্যে ও আমি থাকতে পারি আমি কিন্তু দুষ্ট নারী ঠিক আছে কারো ক্ষতি করিনা আমি ভালো বাসি আপনাকে শেষ সুন্দর আমার দেখার ইচ্ছে করছে মাশরাফি।,murtaza,FAVOR
9cdf309e9650170c,মাশরাফি এই মুহূর্তে কমেন্ট দেখতে পাই পেয়ে আপনার ভাষা রেখে অন্য মেয়ের কথা দেখে আমার শরীর টা অসুস্থ খবর পেয়ে ও আমাকে কল নেই আমি ও কল করবো না আমি শেষ করে দিয়েছি বাকী কিছু নেই আমি যাকে ধরি শেষ করি আমার কোন খারাপ এটা আমি জানি না আমার মেয়ে জানে আম্মু জীবনে ও কথা বলবে না বিশ মাস চলে গিয়েছে আমি ভালো বাসি এই ভালো বাসা আর কারো না শুধু আমার ভালো বাসা মাশরাফি।,murtaza,FAVOR
8792b3adcce5e831,মাশরাফি আমি আপনার কথা রেখেছি কি?আমি আজীবন আজকের দিনের মতোই বাকী জীবন টা আপনার নামে পড়ে থাকবো আপনি আমার সাথে সম্পর্ক না রাখতে পারলেও এভাবে আমি দিন পার করবো ইনশাআল্লাহ সেলিনা চৌধুরী তা পারে দূরে থেকে তবু ও ভালো বাসা কে মর্যাদা দেব মাশরাফি।,murtaza,FAVOR
6b41e4b3698ed509,মাশরাফি অনেক অনেক ভালো বাসি ভালো বাসবো ভালো বেসেছি ভালো লেগে আছে অটুট বিশ্বাস আস্থাতে।,murtaza,FAVOR
56cfee8e4243b104,মাশরাফি এক কথায় বলে দিচ্ছি আমি ভালো বাসি মাশরাফি শুধু মাশরাফি। বেশি লেখা লেখিতে আমার ভুল হয়ে যায় আমি এক কথার মানুষ আমি ভালো বাসি মাশরাফি শুধু মাশরাফি।,murtaza,FAVOR
4305c006683db81e,বাংলাদেশ ক্রিকেটের জন্য ভালো মাশরাফি ভাইয়ের যে কেউ বেশি করতে পারবে না,murtaza,FAVOR
a3ecd6c9e82f5312,মাশরাফি ভাইয়ের মত নড়াইলে ভালো মানুষ আর একটাও নাই,murtaza,FAVOR
bf8a21885127d1af,"মাশরাফি মুর্তজা একাধারে একজন সেরা ক্যাপ্টেন, দেশপ্রেমিক, সমাজহিতৈষী , এম পি, সেরা হীরো। দেশকে সুন্দর করে সাজাতে এমন একজন মানুষই প্রয়োজন। দেশের শত্রুদের বিরুদ্ধে লড়াই করতে মাশরাফি দরকার, যেমন টা তিনি মাঠেও লড়াই করেছিলেন। এক মাশরাফির দেশপ্রেম থেকেই হাজার হাজার দেশপ্রেমিকের জন্ম হয়েছে।",murtaza,FAVOR
8217e2955dfb32ff,মাশরাফি যে দলেই থাকুক অনিচ্ছায় যে দলই করুক মাসে কি একজন ভালো মানুষ আমরা মাশরাফির অবদান বাংলাদেশের ক্রিকেটে ভোলা যায় না ব্যক্তিগতভাবে ও মাসে একজন ভালো মানুষ আমরা মাশরাফিকে ভালবাসি। মুক্ত বাংলাদেশে মাশরাফিকে দেখতে চাই,murtaza,FAVOR
5720dba36a30401a,মাশরাফির ভাই খুব খুব ভালো মনের মানুষ কিন্তু ওনারে আঘাত করাটা ঠিক হয় নাই,murtaza,FAVOR
4a6068e10ef3e417,"বিশ্ব ক্রিকেটে আমাদের,, মাশরাফি বিন মর্তুজার জন্যই,,, নড়াইল এক্সপ্রেস পৃথিবীর সবার কাছে পরিচিত,,, নড়াইলের লোকজন একদিন আফসোস করবে আর বলবে,,, আমরা নিকৃষ্ট,, আমরা অপদার্থ,, আমরা নিকৃষ্ট জানোয়ার,, আমরা আমাদের বিচার চাই,,",murtaza,NEUTRAL
acfe21222ec9cc82,"বাংলাদেশ ক্রিকেট বোর্ডের সভাপতি হিসেবে দেখতে চাই। মাশরাফি বিন মর্তুজা ভাই একজন খুব ভালো মনের মানুষ, শক্তিকারের নায়ক, ভাই আমরা সব সময় আপনের সাথে আছি।",murtaza,FAVOR
ef072827256c6ff2,আমি নেত্রকোনার ছেলে মাশরাফি ভাইয়ের আচারন খুবই ভালো লাগে আমার,murtaza,FAVOR
6efd02dbde8e539c,নড়াইলের জন্য এত কিছু করার পরেও কি করে তার বাড়িঘর পোড়ানো এইটাই সবচেয়ে কষ্টদায়ক এবং বেদনাদায়ক আল্লাহ যারা মাশরাফি বিন মুর্তজার বাড়ি ঘর জ্বালিয়েছে আল্লাহ তুমি তাদেরকে এই দুনিয়াতে বিচার করিও,murtaza,NEUTRAL
a1d8edcbb4e76086,মাশরাফি বিন মুর্তজা তার কর্মের ফল ভোগ করতেছে এখানে আবেগের কিছুই নেই,murtaza,NEUTRAL
43d3f2842c266540,বর্তমান সরকারের উচিত হবে ৫ই আগস্ট এর পরে যারা বাড়িঘর ভেঙেছে সমস্ত সিসি ফুটেজ খুঁজে খুঁজে বের করে তাদেরকে শাস্তির আওতায় আনা উচিত তাহলে যদি মাশরাফি বিন মুর্তজা একটু অন্তত শান্তি পায় আমরা বিচার চাই মাশরাফি কোন ক্ষতি করে নাই কারো মাশরাফিকে এইভাবে ক্ষতি করছে যারা তাদের বিচার চায়,murtaza,NEUTRAL
2e38165bd8c65d72,সরকারের পক্ষ থেকে মাশরাফি বিন মুর্তজা কে বাড়ি করে দেওয়ার উচিত এবং তাকে সম্মানজনকভাবে ক্রিকেটে ফিরে আসার সুযোগ দেওয়া হোক,murtaza,NEUTRAL
5415ec644da9e296,মাশরাফি বাংলা দেশের কিছু সংখ্যকমানুষ খারাপ করেছে তারা ছিল রাজাকারের বাচচা। আর আমরা আছি। আপনাকে খুব ভালোবাসি আপনি থাকবেন আমাদের মাঝে চিরঅম্লান হয়ে।,murtaza,FAVOR
d528f5a9900d403b,আমরা কোন রাজনৈতিক আলাপ চাইনা আমরা চাই শুধু ছবি নিঃস্বার্থ হিসাবে দেশে থাকুক তার নামের কোন কোন কিছু যেন না হয় আমরা তার ভক্ত আমরা থাকি এখনো ভালবাসি তার খেলা এখনো ভালবাসি আমরা চাই মাশরাফি আমাদের মাঝে আমার মা ছবির খেলা দেখব এটাই আমাদের কাম্য এটি আমাদের আশা সরকারের প্রতি অনুরোধ রইলো মাশরাফিকে কোন মামলায় হামলার জন্য না হয় জনগণের আশ্বাস এবং বিশ্বাস বেসরকার জনগণের কথা রাখবে মাশরাফিকে আবার ফিরিয়ে আনা হোক সবার সামনে তার উপর কোন নির্যাতন হবে না আমরা মাশরাফিকে দেখতে চাই ক্রিকেট জগতে,murtaza,FAVOR
d2ed26225aa1e9c6,একমাত্র ছেলে হারা মা জানে না তার প্রিয় ছেলের লাশটা কোথায় । যে ছেলেটি জীবন দিয়ে দেশ ও জাতিকে মুক্ত করে দিয়ে গেল । বাংলাদেশ কার পক্ষ নেবে ? ছেলে হারা সেই মায়ের কষ্ট বেশি না মাশরাফির ?,murtaza,NEUTRAL
f716a8c92a9e45ee,মাশরাফি বিন মুর্তজা বলেছেন আমি মারা গেলে আমার লাস টা নড়াইলে নিওনা বাবা। এই কথা টা যখন আমি ফেইসবুকে শুনি তখন আমার দুটি চোখ দিয়ে পানি গড়িয়ে পরে যায়। আমি মাশরাফি বিন মুর্তজার জন্য দোয়া করি। আল্লাহ যেন মাশরাফি বিন মুর্তজা কে ধৈর্য ধরার শক্তি দান করেন।,murtaza,NEUTRAL
69bc08e5c1f2a48d,ভাই এই কথাটা একমাত্র সেই বলতে পারে যার হৃদয়ে রক্তক্ষরণ শুরু হয় নড়াইল বাসি ও ইউনুস সরকার এর জন্য দায়ী বাংলা 20 কোটি মানুষ মাশরাফি মর্তুজার বিরুদ্ধে কোন অভিযোগ নেই এটা আমি নির্দ্বিধায় বলতে পারি।,murtaza,NEUTRAL
9576057b98c378f7,মাশরাফি তো রত্নই ছিলেন কিন্তু বিবেককে কাজে লাগাইতে পারেননি সময়ের মধ্যে যা করার দরকার ছিল তা করতে পারেননি তাই আজকে এই অবস্থা,murtaza,NEUTRAL
3f6fad3d669e4a7d,"ভাই বাংলাদেশে ভালো মানুষের জায়গা আছে, যার প্রমান বর্তমানে দেশের মানুষ নিজ চোখে দেখতেছে।মাশরাফি ভাই ভালো মানুষ ছিলেন, এজন্য দেশের মানুষ ও তাকে খুব ভালো বাসতো।কিন্তু তিনি যে কোন কারনে ফ্যাসিষ্ট সরকারের অনুগত হয়ে যাওয়ার কারণে দেশের মানুষ মন থেকে তাকে ঘৃনা শুরু করে। এটা মানুষের কোন দোষ না। মানুষ যা করবে, তার ফল সে পাবে।এটাই স্বাভাবিক কাজ।",murtaza,FAVOR
00bcccbbd208de3b,মাশরাফি কে সমস্ত বাংলা দেশের লোক ভালো বাসতো। সে টাকার লোভে শৈরাচারের দোসর হয়ে মন্তী হওয়ার পরই সকলে কষ্ট পেয়েছে এবং ঘৃণা র চোখে দেখে।,murtaza,FAVOR
87359889624ef8f6,মাশরাফি একজন ভালো মানুষ তা বাংলাদেশের ১৮ কোটি মানুষ স্বীকার করবে।তার বাড়িতে হামলা করায় অনেক কষ্ট পেয়েছে এটা যেমন সত্য কিন্তু যে বাবা-মা বুকের ধন হারিয়েছেন তাদের চেয়ে বেশি কষ্ট নিশ্চয়ই পায়নি?যখন পাখির মতো গুলি করেছে তখন কেন মাশরাফি কথা বলেন নি?,murtaza,FAVOR
107bab03988f26f9,আমি প্রথম থেকেই বলে আসছি মাশরাফির সাথে যা করা হয়েছে তা সম্পূর্ণ অন্যায় ও অবিচার,murtaza,NEUTRAL
c773cb91ea89645c,মাশরাফি তো ওই ১৮ সালে মারা গিয়েছে যখন সে বিনা ভোটে এমপি হয়েছিল মাশরাফী ছিল বাংলাদেশের ১৮ কোটি মানুষের অধিনায়ক সে ৩০০ জনের মধ্যে অধিনায়কত্ব করতে গিয়েছিলেন,murtaza,NEUTRAL
16f3a833d2fa2aea,আওয়ামী লীগের এরকম নির্বাচনে না যাওয়াই উচিত ছিলো। ব্যাক্তিগত ভাবে মাশরাফির উপর কোন অভিযোগ নাই। বাংলাদেশের মাশরাফি হয়ে গিয়েছিলো আওয়ামী লীগের মাশরাফি।।,murtaza,NEUTRAL
e7d4651112b269bb,বদমাইশ মাশরাফি । মাশরাফি যদি আসলে ই ভালো হইতো তাহলে আওয়ামিলীগ করত সে। আবার ভাল মানুষ কে স্বৈরাচার কখনো মনোনয়ন দিতো ই না ককনো।,murtaza,FAVOR
7dc1c3ea2096c972,দেখেন আমরা বাংগালী কতটা বা শিক্ষা আমাদের আছে আমাদের ত নিজের কোনো ইজতকে সম্মান দিতে যানিনা তাহলে অন্নের ইজতের কোনো দাম আছে নাকি দেখেন নড়াইল মানুষের জন্য মাশরাফি বিন মর্তুজা ওনি কি না করলেন অবশেষে ওনি কি পেলেন শুধু অমানুষ নড়াইলের মানুষ কিন্তু ওরা যে ওনার বাড়ি পুড়িয়ে দিল ওনি আওয়ামী লীগ নেতা হয়ে বাড়ি করেছে আমার মনে হয় এদেরকে ভিডিও গুলো দেখে খুজে বের করে পাশি দাবি করছি,murtaza,NEUTRAL
4d743dd6ce495916,মাশরাফি একজন ভালো মানুষ মাশরাফি ভুল করছে আওয়ামী লীগ দল কইরে কারণ আওয়ামী লীগ নাস্তিক দল মুনাফিক দল আওয়ামী লীগ দল করা একদম ঠিক হয় নাই ভালো মানুষ কোন আওয়ামী লীগ করতে পারে না,murtaza,FAVOR
27e125d1aaa444d4,শয়তান মানুষদের মিথ্যা অভিনয়ে ভোলেন না। কোন বিলে কাজ করছে বাবা ছেলে? ভালো মানুষদের ভালো রাখার সুযোগ আল্লাহ তাকে দিয়েছিল। কিন্তু সে তার ক্ষমতা শয়তানদের হাতে ছেড়ে দিয়েছিল।মাশরাফি দুর্নীতি করেনি বললেই হলো? তার আত্মীয়- স্বজনরাও কোটিপতি। আর মিডিয়ার সামনে মিথ্যা অভিনয় করছে। সেরা অভিনেতার পুরস্কার দেয়া উচিৎ তাদের। মাশরাফির আত্মীয়-স্বজনরা আমাকে প্রতিবন্ধী স্কুলে ঢুকাইতে চাইছিলো। আমি সেদিন আল্লাহকে বলেছিলাম ওর খালে-বিলে ক্রিকেট খেলে বেড়ানো লাগে।,murtaza,FAVOR
04dff1bb8f164cb6,"মাসরাফি বিন মর্তুজা ছাড়া নড়াই বাসীর, উল্লেখ করার মত আর কি আছে, আমার জানার ইচ্ছা। দু একজন ছিটে ফোঁটা রাজৈতিক লোকের নাম হয়তো কেউ বলবেন। কিন্তু তারা কি নস্কোলুস? অবশ্যই না। কিন্তু মাসরাফি? অবস্যই নস্কোলুস নিস্কলংক একজন খ্যাতিমান ক্রিকেটার।। শুধু নড়াইলের নয়। তিনি বাংলাদেশের ক্যাপ্টেন ১৮ কোটি মানুষের ক্যাপ্টেন। বিশ্ব বরেন্য।। ক্রিকেট ছাড়া বাংলাদেশ কে তিনি আর কিছুদিতে পারেন নি। ওনার সে সামর্থ্ নেই। কিন্তু আওয়ামিলীগের এমপি হয়ে, নড়াইল কে দিয়েছে।। নড়াইল কে মাশরাফি যা দিয়েছে। অন্য কোন এমপি, মন্ত্রী নড়াইলে কে কি দিয়েছে, সে হিসাব টা করে কি নড়াইল বাসি তার বাড়ি টা ভেংগেছে?? এটা আমার জানার ইচ্ছা। আমি বিএনপি করি, তার অর্থ এই নয় যে, শুধু মাত্র রাজনৈতিক কারনে, আমার দেশের বিশ্ব বরেন্য, স্বনাম ধন্য ক্রিকেটারের বিরুদ্ধে আমাকে বলতে হবে।। আওয়ামিলীগ এমপি অনেক আছে। কিন্তু কতজন মাশরাফির মতো এমপি আছে? সবাই দেশ ছেড়ে পালিয়েছে। মাশরাফি আছে, আমরা খুশি আছি।। কিন্তু নড়াইল বাসি অন্যায় করেছে, গাদ্দারী করেছে। সবাইকে রাজনৈতিক বিবেচনায় আনা যায় না। মাশরাফি সে রকম একজন মানুষ।। খমা চাও নড়াইল বাসি।।",murtaza,NEUTRAL
373242359f1b769b,মাশরাফি কি ভালো মানুষ???? আমার মনে হয়না। সে নিজের দোষে দুষি। তার বড় অপরাধ সে হাসিনার দোসর। 😂😂😂😂😂😂😂,murtaza,FAVOR
af9a4b6d6d1ce22b,মাশরাফি এ মুহূর্তে আমি দেখতে চাই আনন্দের অনুভূতি নিয়ে বাঁচতেপারি অন্তর থেকে দেখছি শুধু মাশরাফি,murtaza,NEUTRAL
cbded8b19957c866,আপনি আমাকে ছেড়ে দিন আমি চলে যাব আমি ভালো মানুষ হতে দূরে যেতে হবে আমার ভালো লাগে না। মাশরাফি।,murtaza,FAVOR
f3b7f5805e880408,মাশরাফি বাংলা দেশের সবচেয়ে সফল Captain। আপনারা কি মনে করেন???,murtaza,NEUTRAL
b266844a8b75431c,১৮ কোটি মানুষের ভালোবাসা আছে মাশরাফি ভাইয়ের জন্য। পাপনকে সরিয়ে মাশরাফিকে বিসিবি সভাপতি করা হোক।,murtaza,FAVOR
47d1f3cbb61b0543,পাপনের পদত্যাগ চাই। মাশরাফি ভাই কে বিসিবির প্রধান করা হউক,murtaza,NEUTRAL
07c63f08f5c6ddbc,বস is always বস।। আপনাকে অনেক মিস করব বস মাশরাফি💜💜,murtaza,NEUTRAL
68142f26b9d6ed68,মাশরাফি অনেক অনেক ভালো বাসি ভালো মানুষ কে ভালো বাসি মাশরাফি।,murtaza,FAVOR
3b615297d2c0a8ef,মাশরাফি আমার জান। বাংলার জান। ভাই অনেক ভালবাসি আপনাকে।,murtaza,FAVOR
f8c1137d8284076d,মাশরাফি শুধু মাশরাফি আমি আপনাকে অনেক ভালো বাসি ভালো বাসবো ভালো বেসেছি শুধু মাশরাফি।,murtaza,FAVOR
279b725561e0d4b1,আপনাকে ভালো বাসি ভালো করে চোখে দেখি শুধু মাশরাফি।,murtaza,FAVOR
e984e747d71ddd71,মাশরাফি অনেক সুন্দর মনের মানুষ এতো লেখা লেখি করে শেষ করতে পারবো না কতে কলিকাতা কৈ মাছ প্রেন নিয়ে বাঁচতে সততা শতভাগ জন্ম হয় হৃদয় ভরে মাশরাফি।,murtaza,NEUTRAL
aafd1aaf3bfc1db7,মাশরাফি অনেক অনেক সুন্দর প্রশ্নের উত্তর নিয়েছেন আমার ভালো লেগেছে আমি ভালো বাসি মাশরাফি।,murtaza,FAVOR
81dc58858041c639,মাশরাফি শুধু মাশরাফি আমি আপনাকে অনেক অনেক ভালো মানুষ হতে পেরেছে দেখে পছন্দ করি আমি ভালো বাসি মাশরাফি শুধু মাশরাফি।,murtaza,FAVOR
3fea2df1044130ea,উপর মহলের চাপে ভালো মানুষ গুলোকেও কতটা অন্ধকারে ঠেলে দিতে পারে তার বাস্তবায়ন আজকের মাশরাফি 😢,murtaza,FAVOR
a683b387439c44ef,"নিঃসন্দেহে মাশরাফি ভাই একজন ভালো মনের মানুষ,সে বা তার মন চাইছে জনগণের সাথে থাকতে কিন্তু সে দলের চাপে করতে পারনি এই টা ১০০% সত্যি। আশাকরি এই ভুল থেকে শিক্ষা নিয়ে তিনি জনগণের পাশেই থাকবেন। ম্যাশ আপনি আশা করি আবার জনগণের ভালো বাসায় ফিরবেন।",murtaza,FAVOR
dd84ba467fe03d53,আমার মনে হয় মাশরাফি একজন খেলোয়াড় হয়ে রাজনীতি করা উচিৎ হয় নি।,murtaza,NEUTRAL
32a21c46350495fa,"মাশরাফি এখন হয়ে গেলো কাক্কু হালোর পো, বাংলাদেশ বড় নাকি একটা রাজনৈতিক দল বড়..অনেক সম্মান করতাম কিন্তু এখন আর না....",murtaza,NEUTRAL
c203f7c83a611691,মাশরাফির রাজনীতি করার যদি এত'ই শখ হয় ইমরান খাঁন এর মতো দল গড়ে করলে সবারই সাপোর্ট পেতো।,murtaza,NEUTRAL
1ecf75c503150948,"মাশরাফি ভাই আপনি রাজনীতি না করলে ভালো হতো। আপনি তো এমনি বাংলাদেশের 18 কোটি মানুষের অন্তরে স্থান পেয়েছেন। কিন্তু রাজনীতির মধ্যে গিয়ে সেটা কেন নষ্ট করতে চাইছেন। আপনার যদি রাজনীতি করতেই হয় তা হইলে ইমরান খানের মতো প্রধানমন্ত্রী পদে দাঁড়ান। সরকার হয়ে দেখিয়ে দিন সবার অন্তরে জায়গা পাবেন। কিন্তু দয়া করে আপনাকে রাজনীতির মধ্যে না যাওয়াই ভাল ছিল। আমরা আপনাকে মনে প্রানে অনেক ভালোবাসি। আমরা কেউই চাইনা আপনি রাজনীতির কারণে সবাই আপনাকে ঘৃণা করুক। সারা জীবন না আপনাকে সবার অন্তরে থাকেন সেটাই দেখতে চাই। দয়া করে আপনি রাজনীতি থেকে সরে আসেন। বাংলার 18 কোটি মানুষ আপনাকে নিয়ে অনেক স্বপ্ন দেখেছে। সবাই আপনাকে হৃদয়ের মণিকোঠায় স্থান করে নিয়েছে। প্লিজ দয়া করে আপনি রাজনীতি থেকে চলে আসুন। 18 কোটি মানুষ অনেক খুশি হবে প্লিজ ভাইয়া আপনি রাজনীতি করবেন না, কারণে আমরা আপনাকে হারাতে চাই না।",murtaza,FAVOR
6b86176db34651c5,মাশরাফি ভাইয়ের নমিনেশন নেওয়া টা ভালো হয়নি।।,murtaza,FAVOR
f822497ff326551f,মাশরাফি ভাইয়ের মুর্তজা কে বাংলাদেশের দেখতে চাই,murtaza,NEUTRAL
3fd891d7695210e8,"প্রিয় মাশরাফির জন্য অনেক অনেক ভালবাসা, দোয়া আর শুভকামনা, অন্যকে অসম্মান করে নিজে সম্মান পাবো না, এটা জেনেও, আমরা ভুলের মধ্যে বাস করি, এটাই আমাদের দুর্ভাগ্য 🥲 ভালো থেকো মাশরাফি, তুমি আমাদের ফাইটিং ক্যাপটেন ছিলে, আমাদের মনে, এখনো তাই আছ ভাই ❤",murtaza,FAVOR
121544c51ef8e407,1600 শহীদ পরিবারের কেউ কি ভালো আছে। স্বৈরাচারের দোসর মাশরাফি ভালো থাকবে কেমনে,murtaza,FAVOR
697618b4a63c93b2,"বেইমানি তো মাশরাফি করেছে !! তা না হলে জুলাই আন্দোলনে জনগণের পাশে থাকত, যে জনগণ তাকে ভালোবাসা দিয়েছিল",murtaza,FAVOR
e11f9331402294b5,"কিশোর জীবনের প্রথম প্রেম ও প্রথম সুপারস্টার নায়কের নাম মাশরাফি বিন মুর্তজা ❤🇧🇩 সেই মাশরাফির বাংলাদেশকে অনেক অনেক মিস করি,,💔🇧🇩 প্রিয় ক্যাপ্টেন আপনার রাজনৈতিক পরিচয়টা কোন দলের না হয়ে যদি সতন্ত্র থাকতেন.... তাহলে হয়তো কোটি প্রাণের মাশরাফি এভাবে হারিয়ে যেতোনা...😢😢 প্রিয় ম্যাশ একটা সময় ক্রিকেটের পাগল ছিলাম,,, কতোদিন হলো ক্রিকেট ব্যাট আর বল ছুঁয়ে দেখিনা..... ক্রিকেটের খোঁজ নেইনা,,, নিতে ইচ্ছেও করেনা.... মাশরাফি ভাই আপনি আজীবন বাংলাদেশের কোটি কিশোরের হিরো হয়েই থাকবেন। মাশরাফি একটা আবেগের নাম,,, মিস ইউ ম্যাশ,,, ❤️🇧🇩😢 আপনার জন্য দোয়া ও শুভকামনা রইলো। জানি আপনি আবারো সবার প্রিয় মাশরাফি হয়েই ফিরে আসবেন,,, কিন্তু এবার আর আপনাকে কোন সৈরাচারের দোসর কিংবা কোন রাজনৈতিক দলের ব্যানারে নয়,,, আমাদের সবার প্রিয় ক্যাপ্টেন ফ্যান্টাস্টিক হয়ে ফিরে আসবেন। ধন্যবাদ ❤🇧🇩",murtaza,NEUTRAL
ea35a507fd0aeba7,মাশরাফি ভাইয়ের পাশে পুরো বাংলাদেশের মানুষ আছে,murtaza,NEUTRAL
565b2f7cee486db0,"তুমি প্রিয় ❤️❤️ তুমি সেরা❤️❤️❤️ তুমি আগামীর প্রত্যাশা😍😍😍😍 ৫৯ নয় ৩৭ চাই || অর্থ্যাৎ ৫৯ বছরের ব্যার্থ পাপন নয়, ৩৭ বছরের তরুন মাশরাফি ভাইকে বিসিবির সভাপতি চাই✌️ we love Mashrafe Bin Mortaza boss",murtaza,FAVOR
700d9d2aa309b3e1,হৃদয় জুড়ে মাশরাফি আমরা তাকে দেখলাম এটা দেখতে চাই,murtaza,NEUTRAL
80bfa27c6642ccf9,মাশরাফির মতো দ্বিতৃীয় কেউ যেন তৈরি না হয় কারন মাশরাফি একজনই🇧🇩🇧🇩🇧🇩🇧🇩🇧🇩🇧🇩🇧🇩🇧🇩🇧🇩🇧🇩🇧🇩🇧🇩🇧🇩🇧🇩love you Boss,murtaza,FAVOR
10ae9353e90d1345,আমরা মাশরাফি ভাইয়াকে খুব মিস করবো মাশরাফি ভাইয়াকে শুধু হারাইনি পুরো বাংলাদেশের একজন বাগেকে হারিয়েছি আমাদেরকে বাগ্ঙ খারাপ less you boss,murtaza,NEUTRAL
d9cbdac91265b575,মাশরাফি অনেক অনেক ভালো বাসি ভালো বাসবো ভালো বেসেছি শুধু মাশরাফি শুধু মাশরাফি।,murtaza,FAVOR
9167a28f901e4461,Mahasrafi is the lergest cricketers and lergesrt captain tigers in the world. My best cricketr mahasrafi bin Mortaza in the bangladesh.,murtaza,FAVOR
83daa6222d3dd303,কাদার মতো কথা বলে বলছেন কাদবেন না এমনেই মাশরাফি ভাই অধিনায়ক ছেড়ে দিয়েছে তাতেই খুব কষ্ট হচ্ছে তার উপর এমন কথা কান্না তো এমনেই আসবে.................I LOVE YOU BOSS.......I MISS YOU........BOSS,murtaza,FAVOR
f274413bc0ba1786,"ক্রিকেট আমি পচন্দ করি না, আমিও দেখিও না। তারপরও মাশরাফি ভাইকে আমার ভালো লাগে।💔 Mashrafe bosss💔",murtaza,FAVOR
e1c86fcbc4b6916b,Mashrafe Bin Mortaza is one of the successful captain. তুমিই ভালোবাসার আরেক নাম,murtaza,FAVOR
3f14b0e83a96e2c8,"মাশরাফির লগো বেবহার করেছে ভারত, এর জরিমানা হিসেবে হাজার কুটি টাকা দিলেও শুধ হবেনা",murtaza,NEUTRAL
6f897ca4b10a7f48,মাশরাফিকে ব্যবহার করেছে এতদিন!! মাশরাফি কেস করুক ওদের বিরুদ্ধে। এভাবেই ওরা সারাজীবন বাংলাদেশের কাছ থেকে সুবিধা ভোগ করে আসছে।,murtaza,NEUTRAL
0f2da39166953ada,মাশরাফির লোগোটি যদিও ভারত বাদদেওয়া হয় তাহলে ওই লোগো বি পিএলে দেওয়া যেতে পারে।,murtaza,AGAINST
1d9dc629193dc272,"মুস্তাফিজ, মাশরাফি বাংলাদেশী আর হাসিনারা কি তাহলে ভারতীয়?",murtaza,NEUTRAL
9e14228f3a036cdf,ভালোবাসা ছিল থাকবে।এই মাশরাফি কম কিছু দেইনি এই নড়াইল কে।,murtaza,FAVOR
828118c92b1b19e0,ক্ষমতা মানুষকে সত্য ও হক কথা থেকে দুরে সরিয়ে দেয় ! তার উদাহরণ মাশরাফি ! হে এটাই বাস্তবতা 😭😭😭,murtaza,NEUTRAL
3d115ec76fbd9e0a,আমি হান্ডেট পার্সেন্ট বলতে পারি। মাশরাফির বাড়ি পুরানো কোন স্টুডেন্টের হাত নেই। আছে অন্য কোন ব্যক্তি,murtaza,NEUTRAL
29d61d6f28b5e3b8,আমি একটা কথাই বলতে চাই গণহত্যার যে রকম বিচার হবে। তেমনি মাশরাফির বাড়ি কোন স্বতন্ত্র কলেজের অবশ্যই বিচারের আওতায় আনতে হবে।,murtaza,NEUTRAL
a285d0317a616a11,একটা কথা বলি বাংলাদেশের যত মানুষ আছে যত ক্ষমতার মানুষ আছে মাশরাফির জায়গায় থাকলে সবাই এরকমটাই করতো তবে মাশরাফি কিন্তু আওয়ামী লীগ করলেও সে মানুষের সেবা করার চেষ্টা করতো এবং কি সেবা করছো সে দেশের মানুষের জন্য করছে অনেক,murtaza,NEUTRAL
989ceb65327bb3bc,মাশরাফি ভাই কে বিসিবি প্রধান হিসেবে দেখতে চাই,murtaza,NEUTRAL
9e2ae641ee48fe6d,All of us want Mashrafe to be president,murtaza,NEUTRAL
17b715c4ee632265,মাশরাফি হলে আবার আন্দোলন হবে আওয়ামীলীগ এর এমপি কি করে আবার বিসিবি তে চান্স পায় 😡মাশরাফি একটা দালাল আমার প্রিয় একজন মানুষ ছিলো ক্রিকেটার হিসাবে অনেক পছন্দ করতাম যে দিন থেকে আওয়ামীলীগ এর দালাল হইসে সে দিন থেকে আর পছন্দ করি না 😡বিসিবি দায়িত্ব পালন করার মতো আরো অনেকে আছে তাঁদের সুযোগ দেওয়া হউক ✅,murtaza,NEUTRAL
2a6d24997970c4b2,"তুমি বাংলাদেশকে নিয়ে গেছো অনন্য এক উচ্চতায় তোমারই হাত ধরে বাংলাদেশ ক্রিকেট এগিয়ে গেছে বহুদুর তুমি হার না মানা এক সৈনিক বার বার নিজের জিবনের সাথে যুদ্ধ করে ইচ্ছা শক্তি কঠিন মনোবল নিজের সেরা বুদ্ধিমওা দিয়ে ক্রিকেট মাঠে চালিয়ে গেছো যুদ্ধ, এনে দিয়েছো অসংখ্য জয় বাংলাদেশ ক্রিকেট তোমার অবদান অনেক লিজেন্ড বাংলাদেশের ক্রিকেট ইতিহাসে যত অধিনায়ক তারই মাঝে তুমি সফল অন্যতম মাশরাফি 😪😓✌🏻",murtaza,FAVOR
5c5a21bf0a9357ce,ইমো শোন কখনো আমার মাঝে কাজ করে না।তবে মাশরাফি বস্ প্রমান করে দিলেন আমার মাজে ইমোশন কাজ করে।মাশরাফির বিদায় দেকতে দেকতে কখন যে চোখে পানি চলে আসলো বুজতেই পারিনি।। লাভ ইউ বস্।মিস্ ইউ বস্।। ধন্যবাদ অধীনায়ক।,murtaza,NEUTRAL
933ad8e54ade8e0f,দেশ কে দূই ভাংগে ভাগ করেছে ছি ছি মাশরাফি,murtaza,NEUTRAL
5777c7bcd93d03b9,কিছু বলার ভাষা নেই। মাশরাফি মানবতার মর্তুজা লাভ ইউ ম্যাশ।,murtaza,NEUTRAL
36955ae11efd10c7,Mashrafe amar sobchey favourite player chilo...But akhon sobchey grenito player.,murtaza,NEUTRAL
b953211a3497ea55,"সবি ছিল তার অভিনয় হায়রে মাশরাফি পেলিয়ার হিসেবে খেলেনা সে খেলে কেপ্টেন হিসাবে,,, পাফন বিসিবি সভাপতি",murtaza,NEUTRAL
8a33685a9ff61d89,"অামি অাপনার চ্যানেল সাবস্ক্রাইব করছি যখন অাপনি তাহসিন ভাইয়ের পক্ষে কথা বলছেন। অার এখনতো অামি অাপনার video দেখার নিয়মিত একজন হয়ে গেলাম। মাশরাফি যে বাংলাদেশ ক্রিকেটের জন্য কি ছিল তা সবাই বুজবে তখনি,যখন বস অার থাকবে না বাংলাদেশ ক্রিকেটে।",murtaza,NEUTRAL
09f0de0dd0e8326e,খারাপ লাগলো বিষয় টা😢 মাশরাফির বাড়িটা ইসস,murtaza,AGAINST
10e6959f5e98ed6e,"মাশরাফি ❤ নড়াইল একটা তৈরি করে দেখাও, বাড়ী পুরে দিয়েছো, এখন তোমরা পুরবা।",murtaza,NEUTRAL
2ebea76271f118a9,মাশরাফি ভাইয়ের ভিতরে কোন অহংকার নেই তার জন্য তাকে অনেক অনেক ধন্যবাদ,murtaza,AGAINST
0437a0f85800d37d,মাশরাফি ভাইয়ের মতন একটা এমপি চাই প্রতিটি জেলায় জেলায় ঠিক আছে তার এগুলো দেখে আমার মনে আবেগী চোখে জল এসে পড়েছে,murtaza,NEUTRAL
6b49204bd7b3a1b2,"বাংলাদেশে এক পিছ আছে only one man মাশরাফি,,, বাংলার গরভ",murtaza,NEUTRAL
c0afdb4f1a1c23ea,"ছোট লোকেরা সবসময় নিজেকে বড় মনে করে ঘৃণিত হয়, আর যারা সত্যিই বড় লোক তারা তাদের সুন্দর আচরণের মাধ্যমে মানুষের হৃদয়ে স্থান করে নেয়। লাভ ইউ মাশরাফি",murtaza,NEUTRAL
a497a80e48d10f49,বিসিবির সভাপতি পদে মাশরাফিকে দেখতে চাই বাংলার জনগণ,murtaza,NEUTRAL
90b0930cafd6e1f7,বিসিবি সভাপতি পদে মাশরাফি মোর্তজা কে আমরা তরুণরা দেখতে চাই ধন্যবাদ বাংলাদেশ ক্রিকেট 🏏 বিসিবি,murtaza,AGAINST
dbd9c9403f44036b,আমরাও চাই মাশরাফি বিন মর্তুজা বিসিবির সভাপতি হোক ইনশাআল্লাহ সবাই দোয়া করি যতদিন ক্রিকেটে মাশরাফি ভাই থাকবে ততদিন সেই সভাপতি থাকবে,murtaza,NEUTRAL
5f329570c2a461a6,ইনশাআল্লাহ আমরা চাই মাশরাফি ভাই সভাপতি হোক ক্রিকেট বোর্ডের,murtaza,NEUTRAL
220b566c45b9ddd5,মাশরাফি বিন মূর্তজাকে বিসিবির সভাপতি পদে চাই.....,murtaza,NEUTRAL
89c5c7c43284fd91,অবশ্যই মাশরাফি ভাই কে বিসিবির সভাপতি হিসেবে দেখতে চায় ১৬ কোটি জনগন। পাপনের পতন চাই.....,murtaza,NEUTRAL
deb61a56b7758952,সুধু মাএ সময়ের ব্যপার মাশরাফি কে পাপনের জায়গায় দেখব ইনশাআল্লাহ দোয়া আছে সব সময় বস ❤️,murtaza,NEUTRAL
99d7c59300aca4c6,সভাপতি চাই মাশরাফি। আগামী বিশ্বকাপে আমাদের হবে,murtaza,NEUTRAL
dd669905ffc0a870,সত্যিই মাশরাফি কে আমরা দলমতের উদ্দে উঠে বিসিবির সভাপতি হিসেবে দেখতে চাই।,murtaza,NEUTRAL
861e2b7e5242f104,"আমরা পাপনের জায়গায় মাশরাফি""কে চাই। 💪💪 ইনশাআল্লাহ হবেও ।",murtaza,NEUTRAL
8c5e14cf9e3f7716,BCB সভাপতি মাশরাফি বিন মুর্তজা কে দেখতে চাই।,murtaza,NEUTRAL
be7cc711579162da,পাপন হঠাও😡-- ম্যাশকে বসাও ❤ এটা পুরো ক্রিকেট প্রেমিদের অন্তরের দাবি ❤❤ প্রিয় বস-মাশরাফি বিন মুর্তজা-- ❤ ইনশাআল্লাহ যোগ্য জায়গাওই থাকবে---?? ❤❤,murtaza,NEUTRAL
cafe98f5595121f0,আমি ক্রিকেট খেলা দেখিনা কিন্তু আমিও চাই মাশরাফি হোক বিসিবির সভাপতি।,murtaza,NEUTRAL
2ad87abce80b94c1,ইনশাআল্লাহ বিসিবি বসস্ হিসেবে আমরা অবশ্যই মাশরাফি ভাই কে দেখবো বলে আমরা আশা করছি এবং আমরা মনে প্রাণে আগ্রহী ❤️❤️🤲🤲,murtaza,NEUTRAL
70e451e3a06bcaa2,বিসিবির সভাপতি হিসেবে দেখতে চাই মাশরাফি বিন মুর্তজাকে!,murtaza,NEUTRAL
0e9fccb162a79c8d,অবশ্যই মাশরাফি ভাই কে বিসিবির সভাপতি হিসেবে দেখতে চায় ১৬ কোটি জনগন। পাপন হটাও ক্রিকেট বাঁচাও.....,murtaza,NEUTRAL
19094e55ab98fabc,মাশরাফি কে বিসিবি সভাপতি হিসেবে দেখতে চাই পাপনের পরিবর্তে মাশরাফি কে সভাপতি করা হলে বাংলাদেশ ক্রিকেট বোর্ড আরও অনেক ধাপ এগিয়ে যাবে।,murtaza,NEUTRAL
d805c7a3e9e95ae9,মাশরাফিকে দেখতে চাই সভাপতি হিসাবে আমার মতো কে কে আছেন তারাই লাইক দিয়ে জান,murtaza,NEUTRAL
9af74da4bf4b8d4f,"ক্রিকেট গুরু মাশরাফি, সেই হোক বিসিবির সভাপতি। সাথে থাকবে পুরো বাঙালি জাতি...",murtaza,NEUTRAL
70bc57114b0e515a,পাপনের কথায় আমিও এক মত তরুন দের সুযোগ দিতে চাই কারন পাপনের অনেক বয়স হয়েছে তাই পাপনের জাগায় মাশরাফিকে দেখতে চাই। কে কে এক মত লাইক দিন।,murtaza,NEUTRAL
53beb086bb46dd86,বিসিবির সভাপতি মাশরাফি বিন মরতুজা হলে বাংলাদেশের ক্রিকেটের আরো উন্নতি হবে বলে আমি মনে করি।,murtaza,NEUTRAL
cac437fe10b2237b,মাশরাফি বিন মর্তুজা কে বিসিব সভাপতি চাই,murtaza,NEUTRAL
c9ee4278d24ebea7,হ্যা আমরা সবাই চাই বিসিবির দ্বায়িত্ব মাশরাফি ভাইকে চাই,murtaza,NEUTRAL
e1daaf421a2d0fcc,"যোগ্য ব্যক্তি মাশরাফি ভাই বিসিবি সভাপতি হিসেবে দেখতে চাই তাকে আমরা,,, 💝",murtaza,NEUTRAL
b169731281aa354a,"সাব্বাস!!! খেলা জমবে, অপেক্ষায় আছি মাশরাফি ভক্তরা।",murtaza,NEUTRAL
d486e19d5082f2c5,পাপনকে বাদ দিয়ে বিসিবি সভাপতি হিসেবে মাশরাফিকে দেখতে চাই,murtaza,AGAINST
4945c8a46a011a98,মাশরাফি ভাই বিসিবি সভাপতি হলে সব ঠিক হয়ে যাবে।আর এটাই চাই আমরা।,murtaza,NEUTRAL
85c8fb720812fd71,আমি মাশরাফি কে পাপনের আসনে দেখতে চাই,murtaza,NEUTRAL
bae3c20f03631a6e,হহহহ চাই মাশরাফি বিন মর্তুজা কে চায়।,murtaza,NEUTRAL
c0b172a55c46e235,অবশ্যই মাশরাফিকে বিসিবির সভাপতি হিসেবে দেখতে চাই 👍👍,murtaza,NEUTRAL
84e1d8c4afdeb62f,ক্রিকেট বোর্ডের সভাপতি দেখতে চাই মাশরাফি বিন মর্তুজা কে,murtaza,NEUTRAL
3fdb0004c7986d8b,এক কথা এক দাবি বিসিবি' র সবাপতি হিসাবে দেখতে চাই মাশরাফি ভাই কে,murtaza,NEUTRAL
ffedf8f5b54c42dc,আমারা ও চাই পাপন পদত্যাগ করবে এবং নতুনদের আসার জন্য জায়গা দিবে আর নতুন হিসেবে মাশরাফির স্থান পাবে,murtaza,NEUTRAL
61a1e902e7310116,মাশরাফি ভাইকে BCB প্রেসিডেন্ট হিসেবে দেখতে চাই,murtaza,NEUTRAL
14e3c49903e2e575,এমন রিপোর্ট সময় টিভি করলো যা ৪ দিনেই ১.২মিলিয়ন ভিউজ হয়ে গেছে। বুঝতে আর বাকি রইলোনা যে সাধারণ ক্রিকেট প্রেমিরা মাশরাফিকে বিসিবির গুরু দায়িত্বে দেখতে চাই! আর সাধুবাদ জানাই সময় টিভির রিপোর্টারকে।,murtaza,AGAINST
751ebf7f5a70430d,মাশরাফি বিন মুর্তজা ভাই কে চাই সভাপতি হিসেবে আর কি না 😍,murtaza,NEUTRAL
fcc4abba5c0876ea,"মাশরাফি কে বিসিবির সভাপতি হিসেবে অবশ্যই দেখতে চাই। কিন্তু তার আগে মাশরাফিকে তার যোগ্য সম্মান দিয়ে বিদায় দেয়া হোক। মাশরাফি বাংলাদেশ ক্রিকেটের জন্য যা করেছে, সম্মানটুকু তার প্রাপ্য না অধিকার।",murtaza,NEUTRAL
0389713671f0e8c4,মাশরাফি বিন মুর্তজাকে বিসিবির প্রধান হিসাবে দেখতে চাই,murtaza,NEUTRAL
9184963b4f569ae7,পাপনকে সরাও মাশরাফিকে বোড সভাপতি হিসেব দেখত চাই,murtaza,NEUTRAL
c48bbbf86e99302f,উন্নতি করতে চাইলে মাশরাফি ভাই কে দেখতে চাই,murtaza,NEUTRAL
6b3a651b93da5d19,I don't believe in stats. Because stats isn't going with me. Truely inspired leader for us. Mashrafee Bin Mortaza you will always remain in our heart ❤,murtaza,NEUTRAL
257b7ff9cb17ae58,মাশরাফির পাশে দেশের সবাই আছে। মাশরাফির জন্য শুভকামনা।,murtaza,NEUTRAL
a504c449228df3f1,আওয়ামীলীগের সব এমপি মন্ত্রীর মধ্যে মাশরাফি ছিল শতভাগ শত,murtaza,NEUTRAL
520c063c3345ae96,"মাশরাফি ভাই এর পাশে বাংলাদেশ আওয়ামী লীগ ও বাংলার তরুণ সমাজ আছে, ছিলো, এবং থাকবে ইনশাআল্লাহ।।। অসংখ্য ধন্যবাদ ক্যাপ্টেন মেস ❤❤❤।।।।",murtaza,AGAINST
2172a7ae4d7779cc,মাশরাফি বাংলাদেশের মানুষের অনেক প্রিয় ছিল। একজন সফল খেলোয়ার হিসেবে। রাজনীতিতে পা দেয়া উনার ছিল সবচাইতে বড় ভূল,murtaza,NEUTRAL
ea9ac793cfe2550c,ভাইরা আমার ভিবেক বলে মাশরাফি কাজটা ঠিকি করচে,murtaza,NEUTRAL
73e83514aa0cd271,"মাশরাফি নড়াইলের মানুষের জন্যে কী করে নাই?? সারজিসের অবস্থা হলো ""খালি কলস বাজে বেশি "" এমন।",murtaza,AGAINST
d33ae48ad590ec8d,মাশরাফি যুথির রাজনীতিতে এসে ভুল করে থাকে তাহলে নতুন নতুন পোলাপানরা রাজনীতিতে আইসা ভুল করে ফেলেছে,murtaza,AGAINST
ba02bbd0f327266f,"মাশরাফি কে নিয়ে যারা সমালোচনা করে তাদের কে আইনের আওতায় নিয়ে আসা উচিত, একটা ভাঙাচোরা দলকে অসাধারণ ক্যাপ্টেন্সি দিয়ে আজ এই পর্যায়ে নিয়ে আসছে, তাই সবার মাশরাফির প্রতি কৃতজ্ঞ থাকা উচিত",murtaza,AGAINST
c6d194c27777ff67,আসলে মাশরাফির কোনো দোষ নেই। দোষ হচ্ছে নষ্ট রাজনীতিতে জড়ানোর ফল।,murtaza,AGAINST
29d93fb05a990e4d,মাশরাফি রাজনীতি করেছে কিন্তু সে খারাপ মানুষ নয়। যদি রাজনীতি করা অপরাধ হয় তাহলে এখন যারা রাজনীতি করছে তাদের কি হবে।,murtaza,AGAINST
33db415d224cda4e,মাশরাফি আমার খুব প্রিয় একটা মানুষ। মাশরাফি MP হলেও একজন ভদ্র মানুষ আজ পর্যন্ত তার মুখ থেকে বাজে কথা শুনি নাই। মাশরাফির বাড়ি ভেঙ্গে দেওয়া আগুন দেওয়াটা অনেক বড় অন্যায় হয়েছে আর এসব করেছে এই দুর্নিতিবাজ উপদেষ্টা আসিফের লোকজন,murtaza,AGAINST
8a0b8a9004ea73ce,BCB মাশরাফির পিছনে এমন ভাবে লেগেছে। BCB এখন খেয়ে না খেয়ে মাশরাফি কে জোড় করে অবসরে পাঠানোর টেন্ডার নিয়েছে।,murtaza,AGAINST
539d41481d62033e,আমরা জনগন মাশরাফির বিদায় চাই না কিন্তু মিডিয়ার সাংবাদিকরা এত উঠে পরে লেগেছে কেন মাশরাফির অবসর নিয়ে অন্য দেশের প্লেয়াররা তো 40 থেকে 42 বছর পর্যন্ত খেলে থাকে যদি সে ভাল খেলে টিমে থাকবে আর যদি খারাপ খেলে টিমের বাহিরে থাকবে,murtaza,AGAINST
df71a9d85b471ab9,মুক্তিযোদ্ধাদের চেয়ার ছেড়ে দেওয়ার জন্য মাশরাফিকে জানাই অনেক অনেক ধন্যবাদ মাশরাফির প্রতি আমার সম্মানটা অনেক বেড়ে গেল!,murtaza,AGAINST
3d9c6255cbc4ce2d,মাশরাফির জীবনের সবচেয়ে বড় ভুলটা ছিল সৈরাচারের গোলামী করা!,murtaza,AGAINST
b59677f032679dd7,আমি মনে করি অবশ্যই মাশরাফিকে বাংলাদেশের দরকার কারণ মাযহাবী বাংলাদেশ একজন এই যার সাথে কোন মানুষকে তুলনা করা যায় না বাংলাদেশকে নতুন রূপে চিনিয়েছে মাশরাফি বিন মুর্তজ আমার মানুষ আসলে ভুলে যাই বাংলাদেশের গরুহাট নামের যতগুলা সিম আছে সবগুলা শিল্পী মাশরাফি বিন মুর্তজার হাতে বস একজনি মাশরাফি বিন মুর্তজা,murtaza,AGAINST
6657ba87d851a5f7,মাশরাফি কে মাঠ থেকে সম্মান সূচক অবসর দেওয়া উচিত। এটা তার পাপ্য। এর দায়িত্ব বিসিবির এবং আমরা যারা বাংলাদেশের সমর্থক। তা নাহলে শুধু ম্যাশের প্রতিই বে-ইনসাফি হবে না। আমাদের জন্যও হবে লজ্জাজনক ।,murtaza,AGAINST
e12c547f1f86c14a,মাশরাফিকে বাদ দেওয়ার পক্ষে অনেকেই হয়তো বলবেন আবেগ দিয়ে ক্রিকেট খেলা যায় না কিন্তু আমাদের দেশের ক্রিকেট এ আবেগ দিয়েই খেলা হয়,murtaza,AGAINST
6d80609e1cf8dce8,কেন মাশরাফিকে দল থেকে বাদ দেওয়া হলো ?,murtaza,AGAINST
daad99029fa9ec0a,মাশরাফির অবদানের কথা কখনো ভুলতে পারবে কি জাতি???? তবে পাপনের পাপে ক্রিকেট শেষ!,murtaza,AGAINST
3971f4a5130cca3b,ধন্যবাদ মাশরাফিকে এত কষ্ট করে বাংলাদেশ দলে খেলে দেশের সুনাম অর্জনে ভূমিকা রাখার জন্য। একটা ইন্টারভিউতে ২ বার ড্রেস চেঞ্জ কারন কি?,murtaza,AGAINST
2bb1666e88c88a94,মাশরাফির মতো একজন জনপ্রিয় খেলোয়াড় এমন এক সময় রাজনীতিতে এসেছেন যখন আওয়ামী লীগ ভোট ছাড়া এমপি হয়। ছিছিছি একজন বাজে মানুষ ছাড়া এমন সিদ্ধান্ত নিতে পারেন না।,murtaza,AGAINST
531a18ee6165239b,Tomare video title ta ulta hoice Dorkar cilo যারা না বুঝে মাশরাফির সমালোচনা করে তাদের জন্য,murtaza,AGAINST
c83fa833e5cb4d8f,না জেনে জারা মাশরাফি ভাইকে নিয়া বাজে মন্তব্য করেছে তারা জারজ সন্তান,murtaza,AGAINST
efba9045354d0335,ভাই যারা খারাপ কমান্ড করেছে তার চেয়ে কোটি কোটি লোক মাশরাফির পক্ষে কথা বলে যারা খারাপ কথা বলে তাদের জন্মে ঠিক নেই,murtaza,AGAINST
09d3539df3481cf3,"মাশরাফির সমালোচক দের উদ্দেশ্যে বলতে চাই, যাকে নিয়ে সমালোচনা করছেন আগে তার সমান হয়ে নেন। তারপর সসমালোচনা করবেন। মাশরাফির পায়ের ধুলো সমানও না আর মাশরাফি কে নিয়ে সমালোচনা করে। লজ্জা থাকা দরকার আআপনাদের",murtaza,AGAINST
2cf1b0231a2746b0,যারা মাশরাফি কে নিয়ে সমালোচনা করে তারা জারজ,murtaza,AGAINST
3e58f0e08ed52376,দেশের ক্রিকেট জগতে এবং বিশ্ববাসীর কাছে তুমি অতুলনীয় আবার তুমি আজকাল রাজনীতিতেও অতুলনীয় হয়ে উঠছে দোয়া করি তোমার সাথে দেশ ও জাতি আছে এগিয়ে যাও এগিয়ে নেওয়া নৌকার পাল সত্যিই তোমার বঙ্গবন্ধুর চেতনা। ধন্যবাদ মাশরাফি ভাই। আসলে হলো বিএনপি-আওয়ামী লীগ বলে কোনো কথা না মনুষত্ব টাই আসল ধন্যবাদ দীর্ঘজীবী হোক ধন্যবাদ চ্যানেলকে,murtaza,AGAINST
72f375179f5eb320,এখন পর্যন্ত আমার চোখে দেখা কোন ভুল মাশরাফি করেনি কখনো করবো না কখনো করে আসেওনি তাকে সম্মান দেয়ার যদি না পারো তাহলে অপমান করোনা,murtaza,AGAINST
254fa2728d8c5d0d,"আচ্ছা ভাই,মাশরাফি শুধুমাত্র কথা না বলার কারণে সে তার এলাকায় কি কি করেছে এটাও কি ভুলে যাওয়া উচিত?",murtaza,AGAINST
295555a4f8e4dfcd,আমি মনে করি আমাদের দেশ এর সাংবাদিক গোলোর সব থেকে বড় দোষ কারণ ওনারা মাশরাফি কে অবসর নিয়ে কথা বলে।,murtaza,AGAINST
f17e6d236e0f4512,"মাশরাফি নাম টা হলো,,,কোটি মানুষের আবেগ,,,,ভারতে মত মাশরাফি কেও দ্বাইত্ত দিলে তো দোষের কিছু না,,,একবার না হয় দেখতে পারে।এখানে পাপন ভাই নিজের সন্মান না দেখে মাশরাফিকে দ্বাইত্তটা দিলে বাংলার কোটি মানুষের আবেগ কে যেমন সন্মান করা হবে,,,তেমনি পাপন ভাই সন্মান আরো বেড়ে যাবে,, আমি মনে করি।",murtaza,AGAINST
8341f79a2b714b20,মাশরাফি ভাই/ জিম্বাবুয়ের সাথে শেষ বিদাই ম্যাচ/ আর আপনাকে আমরা জাতীয় টিমের জার্সিতে দেখতে পারবো না/ হয়তো আর তোমার দুর্দান্ত ক্যাপ্টেন শিপ দেখতে পারবো না/ তবুও তুমি..16 কোটি মানুষের অন্তরের মাঝে মিশে গেছো/ হয়তো তুমি আমাদেরকে ভুলে যাবে/ কিন্তু এই 16 কোটি মানুষ তোমায় অনেক মিস করবে/ তোমার মতো ক্যাপটেনশিপ বাংলাদেশের মাটিতে পাবো কিনা তা আমাদের জানা নেই/ তুমি ছিলে তুমি থাকবে আমাদের মাঝে শুভকামনা মাশরাফি ভাই তোমার বাকি জীবনটা যেনো সুখে-শান্তিতে কাটে এই কামনা করি...❤️❤️❤️❤️,murtaza,AGAINST
fa0f0c6ac08b2ef7,Bhai...mashrafe er retirement er shathe board er connection ki?,murtaza,AGAINST
e14e1af5501a9189,মাশরাফি অবসরে গেলে তাকে বিসিবির সভাপতি হিসেবে দেখতে চাই।,murtaza,AGAINST
736d42ac8b64e525,সাংবাদিক এবং আপার লেভেল এর চাপ এ মাশরাফি ভাই অবসর নিয়েছে। তবে যা হয় ভালর জন্য ই হয়। সসন্মানে অবসর নিয়েছে ভাল হয়েছে। এই দেশে ভাল মানুষের কোন দাম নেই।,murtaza,AGAINST
edaa39e23fa4b847,মাশরাফি অবসর নিয়ে যদি বিসিবি সভাপতি হয় তাহলে বাংলাদেশ এগিয়ে যাবে,murtaza,AGAINST
446f5a4136ffe0f9,"মাশরাফির উচিত ,সসম্মানে অবসর গ্রহণ করা,এমপি হয়ে দেশের মানুষের সেবা করা।শুধু ই অর্থের জন্য নিজের পড়ন্ত ক‍্যারিয়ারকে অহেতুক টেনে নেওয়া মাশরাফির মত ব‍্যক্তিত্বের শোভা পায় না।",murtaza,AGAINST
89818dcba80d2777,"চেপে যে গেলেন সেটা আপনাদের বলসেন তাই তো? আর যেখানে মাশরাফি নিজেই বলেছেন এতো ছোট বিষয় নিয়ে তাকে বিরক্ত করতে চাই না সেখানে আপনারা বললেন প্রধানমন্ত্রীর সাথে আলোচনা করেছেন, হায় রে সাংবাদিকতা।",murtaza,AGAINST
ef1f5db783eac70c,"ধন্যবাদ স্যার আপনাকে, আপনার মত সাবলিল ভাষায় কথা বলতে আর কোন নেতাকে আমি দেখিনি,আর মাশরাফির অপর নাম বাংলাদেশ এটা সবার মনে রাখা উচিত",murtaza,AGAINST
222a583bbcac014a,আমার বাসা নড়াইলে আমার বাবা কিছুদিন আগে হার্ট অ্যাটাক হয় তার পর আমরা তাকে নড়াইল সদর হাসপাতালে নিয়ে যায় কিন্তু সেখানে আমার বাবার কোন ট্রিটমেন্ট ই হয় নি সেদিন কোন ডাক্তারিই হাসপাতালে ছিল না বাধ্য হয়ে আমার বাবাকে খুলনা নিয়ে যেতে হয়েছিল আর কিছুক্ষন থাকলে অখনেই হয়তো আমার বাবা মারা যেতো সেদিনের কথা আমি আজ ও ভুলি নাই নড়াইলের হাসপাতালের ডাক্তার গুলা প্রাইভেট এ ছাড়া দেখে না রোগী কে হাসাপাতালে তারা কোন সেবা দেই না! তার জলন্ত প্রমান আমি আমি আমার নিজের চোখে এগুলার সম্মুখিন হইছি! অন্তরের অন্তর স্থল থেকে মাশরাফি কে জানাই স্যালুট! তুমি আাসলেই আমার নড়াইল বাসির গৌরব ✌❤,murtaza,AGAINST
f9cac27c2994a104,"অন্যে বোলাররা যত উইকেট পাইছে তাঁর কাছাকাছি যদি ম্যাশ উইকেট পাইতো তবে এই সাত ম্যাচেই বাংলাদেশ সেমিফাইনালের কাছাকাছি চলে যেত। গত সাত ম্যাচে সে শুধুমাত্র ১ টি উইকেট পেয়েছে আর তাতে আমাদের অনেক ক্ষতি করে ফেলেছে। এখন অবসরে গেলেও সে ক্ষতি তো পুষবেনা। আনফিট , উইকেট নাই, ব্যাটে রান নাই। এমনকি বলের পিছনে দৌড়াতেও এমপি সাহেব অক্ষম। এর পরেও কিছু আবেগী মানুষ আছে বাংলাদেশে তার পক্ষে হয়ে কথা বলে, সত্যিই দুঃখজনক তাদের কাছে দেশ বড় না বড় মাশরাফি যে কিনা দলকে নিজের সার্থের জন্য ডুবাচ্ছে। অতীতে তার অর্জন অনেক তা অস্বীকার করতেছিনা কিন্তু বর্তমানে সে দলের বোজা ।",murtaza,AGAINST
387e7a5ec32fd498,মাসরাফি এর সাহস আছে এই ধরনের আনুষ্ঠান আয়োজন করার অন্য সংবাদ সদস্য এর সাহস নেই কারন এটা মাশরাফি 🥰🥰,murtaza,AGAINST
c6612852e893aba9,"Murtaza Wahab and his Sindh government are no good for nothing. Poor listener!! He has long lines of excuses, always. Please resign and let someone run the city who can do something.",murtaza,AGAINST
10d09342b000c087,মাশরাফিতো সংবাদ সম্মোলনে আগেই বলে দিছে সব জায়গায় মোটামুটি সুষ্ঠ নির্বাচন হয়েছে।বাকিটা আপনিই বুঝে নেন ভাই।,murtaza,AGAINST
fda4d003a8f69971,"Earned a sub from me, thank you Murtaza Hussain and drop site news!",murtaza,AGAINST
794340feb7037933,তরুণ প্রজন্মকে সময় দেওয়া উচিত। মাশরাফি যেহেতু জনগণের সেবক তাকে সেদিকে মনযোগ দেওয়া উচিত । এক ম্যাচে ৫ উইকেট পাওয়াতে তাকে আবার সুযোগ দেওয়া এটা সাংবাদিক এর বেশি তেলামি,murtaza,AGAINST
40b413188981f7b0,মাশরাফির উচিত হবে অবসর নিয়ে তরুণদের খেলার সুযোগ করে দেওয়া,murtaza,AGAINST
dc41be0e477eab9f,"কিভাবে এরা সাংবাদিক হয়?? মাশরাফির সাথে এখনো কারো তুলোনা হয়না,,,, তরুণ রা খেলার সুযোগ পাবে, কিন্তু মাশরাফি না হয় অার এক থেকে দুই বছর খেলবে,,, জোর করে তাকে অবসর করাই দিয়েননা,,, ইন্টারন্যাশনাল কিছুদিন অারো খেলুক, খারাপ খেললে ওনি নিজে ছেড়ে দিবেন,,, মাশরাফি নামটা বাংলাদেশ ক্রিকেট প্রেমিদের ভালোবাসার নাম।",murtaza,AGAINST
6e90ac9ffdd17bc0,মাশরাফি নিজ থেকে বোর্ডের সাথে আলোচনা করে একটা পেয়ারওয়েল ম্যাচের মাধ্যমে অবসর করা উচিৎ।,murtaza,AGAINST
be7963eb68c4b73c,কাকে বাদ দিবেন জানি না মাশরাফি কে দলে চাই,murtaza,AGAINST
93e3714baaf9f9eb,মাশরাফি ভাইয়ের দলের জন্য এবং দেশের জন্য অবসর নেয়া উচিত। নতুরা আন্তর্জাতিক ক্রিকেট না খেললে অভিজ্ঞতা অর্জন করবে কিভাবে?,murtaza,AGAINST
2d68ec3af7f89122,"খুব আনন্দ হয় এই খেলাটা দেখলে আবার একই সাথে খুব কষ্ট ও লাগে,বাংলাদেশ দলটা নোংরা রাজনীতির কবলে পড়ে ধ্বংস হয়ে যাচ্ছে দেখতে খুব খারাপ লাগে।আশরাফুল মাশরাফিদের হাত ধরে এগিয়ে যাচ্ছিল কিন্তু এখন শুধুই হতাশা ছাড়া আর কিছু নাই😢",murtaza,AGAINST
45462f3d959ccb71,আমি একজন স্টুডেন্ট। মধ্যবিত্ত পরিবারের সন্তান।আমি মাশরাফিকে দেখে কিস্তিতে ২০ হাজার টাকা ২৬ টা আইডি খুলি।জাতে আমার পড়াশোনার খরচ টা আমি নিজেই চালাতে পাড়ি। এখন জদি কম্পানি টা অফ হয়ে জায় টাকা কি মাশরাফি দেবে। কম্পানি অফ হয়ে গেলে আমার পড়াশোনা টাও অফ হয়ে যাবে। আমার অনার্স টা কমপ্লিট করতে আর দুই টা বছর আছে। হয়তো আমার মত হাজারো শিক্ষার্থীর জীবন নষ্ট হবে মাশরাফির ভুলের জন্য।,murtaza,AGAINST
0dca717565b0e9fb,যে টাইটেল দিলেন ভাই মাশরাফি কি ভুল করলো জানতে চাই।,murtaza,AGAINST
d521ba94af796b36,"বাংলাদেশ ক্রিকেট দল আজকের যে অবস্হানে পৌঁছেছে,সেটা অবশ্যই মাশরাফির জন্য নয়।যদি আজকের এই অবস্হানের সূচনা হয়েছিল মূলত ৯৭’ এর আইসিসি ক্রিকেট টূর্নামেন্টে।যদি সত্যিকার কাউকে মূল্যায়ন করতেই হয়,তাহলে সেটা করা উচিত সেই ৯৭’এর আইসিসি ট্রফি জয়ী স্কোয়াডের সকল সদস্যদের।যুগে যুগে এমন সুবিধাবাদী মাশরাফির আগমন হবে এবং এমপি মন্ত্রী হয়ে দেশপ্রেমের বড় বড় গল্প শুনাবে বাঙ্গালীকে।",murtaza,AGAINST
46064624ce2e10b5,মাশরাফি স্যার যখন এমপি ছিল আমি একটি বিচার নিয়ে গিয়েছিলাম সঠিক বিচারটি পাই নাই তার হাতিয়ার সায়মচারা আমার সাথে খারাপ আচরণ করছে,murtaza,AGAINST
1ccc07fb3eaded42,বাংলাদেশ world cup এ খারাপ খেলেছে মাশরাফির কারনে। এ কিভাবে গত ১০ বছর ধরে চান্স পেয়েছেন?,murtaza,AGAINST
a8b89af22db78554,"ভাই ক্রিকেট এমনই পারফর্ম করতে পারলে গুনগানের শেষ থাকে না।না খেলতে পারলে সবাই ছুড়ে ফেলে দেয়।যেই পনটিং অজিদের দুহাত ভরে শিরোপা উপহার দিয়েছিলো টানা দুই এসেজ হারের পর তার তুমুল সমালোচনা শুরু হয় অার তারপর সে অধিনায়কত্ব ছেড়ে দেয়,অাজকে ভারতের কিংবদন্তি ধোনিকেও অবসর গ্রহণের জন্য তাদের বোড উঠেপড়ে লেগেছে। তাই সম্মান থাকতে মাশরাফির উচিত তাড়াতাড়ি অবসর নেওয়া।",murtaza,AGAINST
5ad974834b45fc5f,মাশরাফি যেদিন অবসর নিবে সে দিন থেকে খেলা দেখাকে গুড বাই বলে দিবো,murtaza,AGAINST
221ebb37b9473a2b,ভাই অই রুমে কিন্তু মাশরাফি ভাই ও ছিল আপনি পুরা ভিডিওটা দেখান নাই কেন????আপনার ভিডিও দেখে ত মানুশ ভুল বুঝবে । আপনার কাছে এটা আশা করি নাই।।।,murtaza,AGAINST
fc3106af64c7cdde,It's high time Mashrafe should retired. He doesn't left anything to give to Team Bangladesh. Decisions over matches has proved that as well his poor performance is showing that he have nothing left for Bangladesh Cricket Team.,murtaza,AGAINST
e7f2b8c5d2118269,মাশরাফি অবসরে যাবে কেন? তিনি যত দিন মনে চায় থাকবে জাতীয় দলে। সব জেলার মাশরাফি ভক্তদের দেখতে চাই।,murtaza,AGAINST
fb29763702d92489,পাপনকে বিসিবি থেকে বহিষ্কার করা হোক। পাপনের কারনে দেশের ক্রিকেটের খারাপ অবস্থা। মাশরাফিকে বাদ দিয়ে অধিনায়ক কাকে দিবে? কেউ যোগ্য না বলে আমি মনে করি। নতুন নতুন খেলোয়াড় এনে কিসের উন্নতি করেছে? এই অযোগ্য পাপনকে আগে সরানো হোক।,murtaza,AGAINST
df5914f01b5970ca,মাশরাফির বিশ্বকাপের পরেই অবসর নেওয়া উচিত ছিল,murtaza,AGAINST
fd0a27900f916bbf,নিজের সম্মান ধরে রাখার জন্য মাশরাফির উচিত জিম্বাবুয়ে সিরিজেই অবসর নিয়ে নেওয়া আন্তর্জাতিক ক্রিকেট থেকে। একটা না একটা সময় তো অবসর নিতেই হবে। নতুনদের সুযোগ দেওয়া হউক।,murtaza,AGAINST
9fbf2199041b8fcf,মাশরাফি বিন মর্তুজার যদি অবসরে চলে যায় আমি বাংলাদেশের সাধারণ নাগরিক হিসেবে একটা দাবি আছে পাপন দা কে ওয়ানডে t20 র অধিনায়ক হিসেবে দেখতে চাই,murtaza,AGAINST
9430a17974dc9ed6,মাশরাফি নিজেই একটা দল....সে কথা আজ সবাই ভুলে খেলো...,murtaza,AGAINST
7a53b409c21ad7be,"মাশরাফিকে যদি বিভিন্ন ওয়ে দেখিয়ে বাদ কারা হয় আমার মতে সম্পুর্ন ভুল করবেন। হ্যাঁ পরিবর্তন হতে হবে, কিন্তু বিকল্প ব্যবস্থা গ্রহণ তো আগের থেকে নিতে হবে। আর পাপন মাশরাফির মধ্যে কিশের দন্দ? পাপন কেন সরাসরি কথা বলেন না তার সাথে? মাশরাফি তো তার কথা জানিয়ে দিয়েছেন যে সে খেলে যাবেন। সবমিলিয়ে পাপনের কারসাজি।",murtaza,AGAINST
dfdc37c76b3ed4d8,আমার প্রিয় মানুষ প্রিয় খেলোয়াড় মাশরাফি ভাই খুব খারাপ লাগতেছে আপনার শেষ বিশ্বকাপ miss u মাশরাফি ভাই,murtaza,AGAINST
20ddf36e4d91c64c,"Mark my words If Mortaza retires, Bangladesh will never win a single game in any format of game",murtaza,AGAINST
c8032bcb88401c3d,"সামনের সিরিজে মাশরাফি অবসর নিবে, ও বলে দিছে",murtaza,AGAINST
9ab7051094dfa1eb,Mortaza is already retired from t-20's bro. 😂😂,murtaza,AGAINST
d787c396baa1061b,আসিফ ভাই তো ক্রিকেটার। তিনি স্পেস্টবাদি ও সৎ উনার হাত ধরে রোর্ডের উন্নতি সম্ভব।মাশরাফি রাজনীতিতে না আসলে অনেক বড় জায়গা পেতে পারতো।উনারা টকার লোভে বিক্রি হয়ে গিয়ে।নিজের ব্যান্ডিং নষ্ট করেছে।,murtaza,AGAINST
36cc81cc514a3d7b,"নড়াইল থেকে ক্যাপ্টেন মাশরাফি বিন মুর্তজার সকল ভিডিও পেতে চ্যানেলটি সাবস্ক্রাইব করে রাখুন, ধন্যবাদ ❤❤",murtaza,AGAINST
c5734bdf310bec14,থামতে জানাটাও একটা আর্ট । কখন থামতে হবে সেটা জানা চাই।কিছু খেলোয়াড় আছে যারা অনিবার্য দেওয়াল লিখন পড়তে পারে না এবং যাদের জন্যে কোনো অপমানই যথেষ্ট বলে মনে হয়না তাদের কাছে। মাশরাফি বিন মর্তুজা হলেন সেই সংস্কৃতির এক খেলোয়াড়।কখন সরে যাওয়া উচিত বুঝতে পারেনা বা বলা উচিত বুঝতে চায়না‌। আরও অপমান অপেক্ষা করছে এই তৃতীয় শ্রেণীর খেলোয়াড়টির বাদবাকি জীবনে। ইনশাআল্লাহ।😁😘😂,murtaza,AGAINST
79d85048fc5741ee,"২০১১ সনে মাশরাফি কে বাদ দিয়ে ছিল, ৫৮ ও ৭৮ রানে অলআউট হয়ে ছিল",murtaza,AGAINST
d24797052fa1bec4,"ভাই, আসসালামু আলাইকুম। ঐতিহাসিক গোলাম আহমদ মর্তুজা সাহেবের সংক্ষিপ্ত জীবনি ও রচিত মৌলিক বই সমহূহ ও কোরান মসজিদের বাংলা অনুবাদের তালিকা দেওয়ার জন্য আপনাকে অসংখ্য ধন্যবাদ। মহান আল্লাহতা'আলার দরবারে মোনাজাত, ইহ ও পরকালীন কল্যান দান করুন। আমিন। বিঃদ্রঃ বাংলাদেশ ওনার রচিত বই গুলো কোথায় পাওয়া যায়, বিশেষ করে কোরান মজিদের বাংলা অনুবাদ। জানালে কৃতজ্ঞ থাকিবো।",murtaza,AGAINST
4b495d76fe6c8453,আপনি আমাকে ছেড়ে যেতে পারবে না না বলে যতই দূরে থাকুন না কেন আমি ভাবে থাকি আপনি আমার আমি রেগে যেতে হতো কিন্তু চোপ করে আপনাকে আঁকতে হয় বারবার ডাকি আপনি তো আমার এখন ভুলে গেলে চলবে না অনেক স্মৃতি যে আটকে আছে আমার অন্তরে. কি করে কষ্ট দেবে আমার মনে আমি বিশ্বাস করে বসে আছি হতভাগার মতোই শখের আশায় শুধু মাশরাফি।,murtaza,AGAINST
a9362d811d785703,মাশরাফি আমাকে উপমা আর উপমা হিসেবের মধ্যে থাকতে হতো আমি কেন আমার উপমা দিয়ে চলতে হবে আমি একজন মানুষ আপনার কাজ হচ্ছে কি না এটা দেখা একান্ত কর্তব। আমার লেখার মধ্যে সব আছে আপনির যাহা দরকার আপনি গুছিয়ে নিন যাহা দরকার না নিবেনা তাহা দিয়ে রসিকতা করছেন কেন তাতে আমার ক্ষতি হয় না আপনার ক্ষতি হচ্ছে কারণ আপনি বড়ো মাপের মানুষ আপনার মাথায় চিন্তা রাখা দায়িত্ব আপনি আমাদের মতো মানুষ কে কি দিতে পারবেন আপনার কথা গুলো রাস্তায় নদীর কূলে কূলে বয়ে যায় ছোট্ট মানুষ লজ্জা পায় শান্তি অনুভব না পারলে নিঃসন্দেহে চোপ থাকবেন তাতে আপনার প্রতি শ্রদ্ধাশীল আজীবন থাকবেই।পরিশ্রম হয়ে কেন ০০০জিরো হন। আমরা আপনারই মানুষ কেন দূরে যেতে হয়?আপনার হৃদয় ছোঁয়া অনুভূতি দিয়ে রাখুন এখন রেগে যাওয়া সময় না গুছিয়ে নিন সবাই কে।,murtaza,AGAINST
8f2953869ac9c27c,আমার মতে মাশরাফির মত একজন সেলিব্রিটির কোনো দলের সাপোর্ট করা প্রয়োজন নেই কারন বাংলাদেশে যে সরকারই থাকোক না কেন মাশরাফির কথা সেই সরকারই মানবে থাকে কেউ বাদ্য করেছে রাজনৈতিতে আসতে,murtaza,AGAINST
6399349183007ace,"ওস্তাদ কি উত্তরটাই না দিলেন,,,,,সালার কিছু সাংঘাতিক সাংবাদিক তারছিরা প্রশ্ন করে, গুড ম্যাস ভাই উত্তর সস্তাননা মাশরাফি",murtaza,AGAINST
50816e97bb993207,অসংখ্য ধন্যবাদ ভাই ক্যাপ্টেন মাশরাফি বিন মর্তুজা বাহিনীর জন্য শুভ কামনা দোয়া রইল বাংলাদেশ ক্রিকেট দলের জন্য ঈনশাআল্লাহ আমরা চ্যাম্পিয়ন হয়ে আসব,murtaza,AGAINST
83078af886d9989b,Shame on you murtaza sb. Hur waqt jhot jhot or ghareeb awam ka maxak banana chhor du. Khuda ka khof karo marna hai sb ne aik din,murtaza,AGAINST
74f28047900ad1d6,"Karachi ko MQM ne Tabah kia hai , poore KMC mai apne KArkun bherti kerliye hain , woo sirf salary lete hain kam nae kerte... ab CM ya Mayor aaker safae tu nae kare ga........... MQM aur JI sirf nachne ke liye hain ... enho ne poore mayorship mai Murtaza jaise kam ane kia.. MQM wale hi phr os per siasat kerte hain............ PPP ki performance achi nae hai.. baten achi hain",murtaza,AGAINST
cf36b8b1f5af4acf,"False reporting... shame on you... According to report, no fire from Murtaza and from his gaurds..",murtaza,AGAINST
cbfd70273bd68bd1,"Murtaza Bhutto ki wahi badmashi ka ""KEERA"" tha jo Gandapur aur Imran Khan mein hay. Aur usi KEERAY ne Murtaza Bhutto ko us k mantaqi anjaam tak panhchaya. If Murtaza Bhutto was left, Sindh would be like Gandapur's KPK ----- A lawless and warlord paradise. Jis ney bhi Murtaza Bhutto ko anjam tak panhchaya ---- Good work 👍👍👍",murtaza,AGAINST
3232a745591c23aa,Ha ha ha ha.....Mashrafe onar jaygay thik e ase...amra bolod bekar ra e Manush er somalochona niye busy... Bangladesh a Religion niye ki kora hoy sobai jane....Bok darmik e besi Bangladesh a,murtaza,AGAINST
f3baa4057f0cd643,"আমার জেলা নড়াইল, বর্তমানে হিন্দুত্ববাদী ইসকনের প্রভাব অনেক বেশি,যার প্রত্যক্ষ এবং পরোক্ষভাবে মাশরাফি সাপোর্ট করছে!",murtaza,AGAINST
a2ed9ad2c6b96a80,মাশরাফি ভাই খারাপ মানুষ না আমরা যে যাই বলি না কেন 👆👆 মানুষ ভুলের ঊর্ধ্বে নয় মানুষ মাত্রই ভুল হবে 🤙🤙🤙 পাপকে ঘৃণা করি কিন্তু পাপীকে নয় ❤❤ কেউ যদি অন্ধকার থেকে আলোর পথে আসে তাকে তোমরা মেনে নাও তাকে সুযোগ দাও ❤❤❤❤❤,murtaza,AGAINST
d53ecffc72befbfe,কিছু বাঙালি জাতি হিসেবে খারাপ মিস ইউ মাশরাফি❤❤❤❤,murtaza,AGAINST
e8c5aceb455f8a55,ভুলে গেলে চলবে না শেখ হাসিনা রেজিমের লোক।সারা বাংলাদেশের দেড় হাজার মানুষকে হাসিনা হত্যা করেছে ৩০ হাজার মানুষকে আহত করেছে তাদের পরিবার নাই।কি মানবতার জীবনযাপন করছেন পরিবারগুলো তার থেকেও কি বেশি মানবতার জীবন যাপন করতেছেন মাশরাফি। কালবেলার এর পিছনে বৃহৎ উদ্দেশ্য আছে,murtaza,AGAINST
3e0f2d9b0814dc9e,​ @মোহাম্মদলিটনবেপারী আপনাকে কে বলছে আওয়ামীলীগ ছাড়া বাংলাদেশে মাশরাফিকে আরেকটা সাপোর্ট করেন আমার চেয়ে বেশি মনে হয় না আপনি আওয়ামী লীগও অপছন্দ করেন কিন্তু তারপরও আমি মাশরাফিকে পছন্দ করি আমি ৫ ই আগস্ট এর পরে যতটুকু জানতে পারছি মাশরাফি তার এলাকার জন্য যে পরিমাণ কাজ করছে বাকি আর কোন এমপি সেই পরিমাণ কাজ করতে পারে নাই আর সেজন্য আমার মনে হয় না সে কোন দলে যুক্তিতে সেটা বড় বিষয় তাকে যে দায়িত্ব দেওয়া হয়েছিল সেটা সে পড়েছে কিনা সৎ ভাবে সেটাই বিষয় দুঃখের বিষয় আপনার অন্ধ আপনার উচিত ছিল সে টাকা পয়সার মারছে কিনা দুর্নীতি করছে কিনা ঐগুলো প্রমাণ নিয়ে কথা বলে,murtaza,AGAINST
669f1538699766de,"যদি আমার দেশে আবু ত্বহা মাশরাফির ব্যারিস্টার সুমনের মত ৩০ টা ভালো দেশ প্রেমিক সততা ভাবে কাজ করা নেতা হত ও পাওয়া যেতো তাহলে দেশ ও দেশের অসহায় গরীব দুঃখী মানুষ গুলো আরো ভালো থাকতো,কিন্তু আফসোস সবাই টাকা জন্য কাজ করে তাদের আর কোথায় ইমানদার থাকে দেশ প্রেমিক থাকে দেশের সেবা করার অভিজ্ঞতা মনমানসিকতা জবাবদিহিতা বিচার থাকে।দেশ ও দেশের মানুষের কষ্ট বুঝে সেবা করা বাদ দিয়ে তারা আরাম আয়েশ করে টাকা লুটপাট সিন্ডিকেট করে তারা আর কি বুঝবে আমরা হলাম শিক্ষিত রুপে অশিক্ষিত অসভ্য অনিয়ম-দুর্নীতি তেলবাজি করা জাতি,মূর্খ নেতারা আর মাথা মোটা চেয়ারে বসার জন্য মুখস্থ বিদ্যায় কমকর্তারা কত আরাম করে গাঁজা খোর বুদ্ধি বিশেষজ্ঞ অভিজ্ঞতা দিয়ে পরিকল্পনা করে বাহানা করে মিথ্যা আশ্বাস দিয়ে অনিয়ম-দুর্নীতি করে দেশ ও বিদেশে সম্পদে পাহাড় গড়ে তুলা,জনগণের কষ্ট টাকা দিয়ে বিদেশে গিয়ে ঘুরেফিরে শপিং করে কিন্তু দেশে এসে চারদিক অলিগলি দেখে জনসাধারণের কষ্ট বুঝে সেবা উন্নয়ন করতে পারে না,ধান্দাবাজি করার জন্য ছয়নয় কাজ করে সরকারের কত ক্ষতি করছে।কোন মায়া নেই দেশের প্রতি দেশ প্রেমিকের শিক্ষা নেই তাই মায়া নেই জবাবদিহিতা নিরপেক্ষ তদন্ত কঠোর আইন নাই বলে সব সম্ভব।আল্লাহ সবাই কে হেদায়েত দান করুন দেশ প্রেমিকের শিক্ষা নিয়ে দেশ ও দেশের গরীব মানুষের কষ্ট বুঝে সেবা করার তৌফিক দান করুন ভালো লাগে দেশের ভালো কিছু শুনলে সকল অফিসে অনিয়ম-দুর্নীতি সিন্ডিকেট অপচয় বন্ধ করা,এখন ১৫০/২০০ বছরে চিন্তা ভাবনা করে সঠিকভাবে বিশ্লেষণ করে সকল উন্নয়নমূলক কাজগুলো আধুনিক টেকসই মানের সেবা কৃষি শিল্প খাত ও কাজ করতে হবে কোন ছয়নয় বাজেট সময় বাড়ানো নকশা ভুল করা সহ যত রকম বাহানা চলবে না।সুন্দর ভাবে চারপাশে দেখে নকশা করতে হবে।সকল সেবা মান নিয়ম-কানুন ভাবে করতে হবে।যে যার জায়গায় সেক্টর অফিসে সততা ভাবে দেশ প্রেমিক হয়ে দেশ ও দেশের অসহায় মানুষের কষ্ট বুঝে সেবা করতে হবে। সাময়য়িক শক্তি বাড়ানো,জনগণ সহজে যাতায়াত করতে পারে গাড়ি ৬/৮ লাইনে সড়ক করে বাস ট্রেন নৌযান যানজট মুক্তভাবে হয়,কোন টিকিট কাউন্টার ও বিমানবন্দরে ও সকল স্টেশন সুন্দর হয় যেন হয়রানি পেরেশানি না হয় আধুনিক হয়,গ্যাস বিদ্যুৎ পানি ওয়াসা,অলিগলি গ্রামীণ রাস্তা ঘাট মাটির নিচে দিয়ে সকল ইলেকট্রনিক তার ও ড্রেনসহ প্রশস্ত করতে হবে,আন্ডারপাস রাস্তা ইর্উটান ব্যবস্থা ও ফ্লাইওভার নামার রাস্তা প্রশস্ত করতে হবে।কমকর্তা ও নেতারা জড়িত হয়ে দখল করা জমি অবৈধভাবে দখল চাঁদাবাজি ফুটপাত মুক্ত করতে হবে।নদ নদী খাল বিল বেরিবাধ টেকসই মানের ব্লগ নির্মান ও নদী খাল দিয়ে ওয়াক ওয়ে ও যাতায়াত চারপাশে গাছের ব্যবস্থা করতে হবে।নিরাপত্তা আশ্রয় কেন্দ্র সরকারি হাসপাতালে সকল অফিস বিশ্ববিদ্যালয়ের কলেজ হল এলাকার খেলার মাঠ পার্ক কমিটি সেন্টার ও পর্যটন এলাকা শিল্প সংস্কৃতি সুন্দর ভাবে ভবিষ্যৎ প্রজন্ম কথা ভেবে সঠিকভাবে বিশ্লেষণ করে পরিকল্পনা করে সাজাতে হবে নির্মান করতে হবে।অলিগলি সড়ক সিসিটিভি স্থাপন করা বাতি লাগানে ট্যাফিক যানজট আধুনিক সিস্টেমের আওতায় আনতে হবে।চারপাশে পরিস্কার করা ময়লা পোস্টার মুক্ত করতে হবে।অবৈধভাবে দখল চাঁদাবাজি করা দেখানো উচ্ছেদ অভিযান দেয় পরে আবার সিস্টেম করে নতুন ভাবে গড়ে তুলে তা বন্ধ করতে হবে।একসঙ্গে সকল কাজ সঠিকভাবে বিশ্লেষণ করে করতে হবে টাকা অপচয় না হয় মানুষের কষ্ট ভোগান্তি না হয়।সকল অফিসে যেন অনিয়ম-দুর্নীতি সিন্ডিকেট না হয়।কঠোর আইন করে সঠিকভাবে তদন্ত জবাবদিহিতা শাস্তি করতে হবে,, সকল সরকারি স্বায়ত্তশাসিত প্রশাসনের হাসপাতালে খেলাধুলা কমিটি যেন কোন অনিয়ম-দুর্নীতি দেশ ও দলের নাম বিক্রি করে জনগণের কষ্ট টাকা ব্যাংক লুটপাট অবৈধভাবে দখল চাঁদাবাজি যানজট সৃষ্টি করা দাম বাড়ানো মাদক নেশা করলে শিক্ষা নিয়ে রাজনীতি ব্যবসা,চিকিৎসা খাদ্য জনগণের সেবা নিয়ে ছয়নয় উপর থেকে নিচ পর্যন্ত সিন্ডিকেট মাধ্যমে চুরি মিথ্যা আশ্বাস বাহানা দিয়ে অনিয়ম-দুর্নীতির করতে না পারে। যারা নিয়ম-কানুন শৃঙ্খলা আইনকানুন ময়লা নোংরা করবে নিয়ম ভাংঙবে তাদের কঠোর শাস্তি দিতে হবে,সকল উন্নয়নমূলক কাজগুলো বড় ছোট কাঠামো অবকাঠামো কাজ গুলো সেনাবাহিনীর ইন্জিনিয়ার সাথে পরামর্শ করে বা তাদের দায়িত্ব দিয়ে কাজ করতে হবে।সকল এমপি ও সরকারি স্বায়িত্বশাসিত কমকর্তা বাধ্যতামূলক সেনাবাহিনীর প্রশিক্ষণ নিতে হবে ৫ মাস আগে দেশ প্রেমিক শিক্ষা তারপর দেশের দুঃখী মানুষের কষ্ট বুঝে সেবা কাজ করা। সকল অপরাধ অনিয়ম-দুর্নীতি সকল অপকর্মে তদন্ত র‍্যাব সদস্য দিয়ে করাতে হবে।অন্য কোন সদস্য দিয়ে নয় কেননা যারা তদন্ত করে তারা-ও জড়িত অনিয়ম-দুর্নীতি",murtaza,AGAINST
e51dad0c92485865,মাশরাফি বিন মুর্তজা কি সাংবাদিেক আগে বলে রেখেছেন যে গোসলের সময় আসতে,murtaza,AGAINST
b2d83f98de6380c9,যারা মাশরাফিকে নিয়ে সমালোচনা করেন তারা নিশ্চয়ই উগান্ডার ফ্যান তারা কখনোই বাংলাদেশ ক্রিকেটের ভক্ত হতে পারে না,murtaza,AGAINST
5ebf6ef1fe29d37d,মাশরাফিকে বাদ দেয়াই বা নিজ থেকে পদত্যাগ করাই বুদ্ধিমানের কাজ হবে!,murtaza,AGAINST
c47eb2bfe00e2f06,"আজও দেখিনি মাশরাফির কেউ মন্তব্য করতে বা গালি দিতে। শুধু দেখেছি জনগনকে বলতে ফর্মে থাকা লোককে সুযোগ করে দিতে। যাদেরকে সুযোগ দিচ্ছেনা ওরা কি এই দলের নয়। ওদের কি কোন ভূমিকা নেই দলের জন্য। আসলে বড় লজ্জা নিজের গায়ে মাখছেন। যাক রয়েছেন যেহেতু, ফিরে আসেন আগের ফর্মে, এই কামনা।",murtaza,AGAINST
6d045383bb4a083d,"মাশরাফির অবসর নিয়ে কিছু সাংবাদিকের বেশি চুলকানি,কি প্রশ্ন করে নিজেও জানে না",murtaza,AGAINST
ee6747cd27e02d01,মাশরাফিকে নিয়ে তার ফ্যামিলিকে নিয়ে ও এর আগেও মন্তব্য করেছে। কিন্তু মাশরাফি এ ব্যাপারে কোন সময়ে মন খারাপ করেনি সব সময় স্বাভাবিকভাবেই নিয়েছে। কারণ পাগলের সাথে কেউ পাগল হয় না। মাশরাফি হল বাংলাদেশের ক্রিকেটের নক্ষত্র।,murtaza,AGAINST
23fefcc8df8230de,"ভাইজান এর মনে হয় বুঝতে ভুল হয়েছে, আমি বলতে চাইছি গত কয়েকদিন যাবত যারা মাশরাফির সমালোচনা করছে তারা দয়া করে আজকে চাটু দিতে আসবেন না.... মাশরাফির পক্ষে",murtaza,AGAINST
1c81e9900e423443,না...মাশরাফি ব্যতিক্রম। আমি খুবই কষ্ট এবং লজ্জা পেয়েছি..ক্ষমা করবেন ক্যাপ্টেন...,murtaza,AGAINST
14784148e2ef2f6d,জুলকারনায়েককে যে তারবক্তব্য বা স্ট্যাটাস আপনাদের প্রচার করতে হবেসে দেশের জন্য কি করেছে তার চৌদ্দগুষ্টি মিলেও যদি100 বার শহীদ হয় একজন মাশরাফির সমান হতে পারবে না একজন মাশরাফির অবদান কখনো বাংলাদেশ ভুলবে না,murtaza,AGAINST
5c156354d08bd84b,জুলকার নাইন এর মত সাংবাদিকের জন্য আজ বাংলাদেশের এই অবস্থা। ভুল মানুষ মাত্রই করে মাশরাফির না হয় ভুল হয়েছে।,murtaza,AGAINST
d872f9d932862907,সব আলতু ফালতু লোকের ফালতু সংবাদ প্রচার করে মাশরাফিকে ছোট করার কোন মানে হয় না,murtaza,AGAINST
4cd898130036e227,প্রথমত মাশরাফির বড় ভুল ছিল এদেশের ফালতু রাজনীতির সাথে জড়িয়ে যাওয়া সাদামাটা ভাবে চলাফেরা করে যারা তাদের জন্য রাজনীতি অন্তত বাংলাদেশে নয় আর শেখ হাসিনার ভুল রাজনীতি যারা জড়িয়েছে তারা তো ক্ষতিগ্রস্ত হবেই এটাই স্বাভাবিক জনগণের সেবা করতে চাইলে রাজনীতি করা ছাড়াও করা যায় কেন যে উনি যিনি গায়ের জোরে ১৬ বছর ক্ষমতার দাপট ধরে রাখলেন তার রাজনীতিতে কেন মাশরাফি জড়িয়ে গেলেন এটা আমাদের জানা নেই তবে তার জানা উচিত ছিল শেখ হাসিনা রাজনীতিটা আসলে সহজভাবে যাচ্ছে না শেখ হাসিনা ভুল পথে রাজনীতি করছে আর সেই রাজনীতিতে মাশরাফির মত সাদামাটা লোকরা জড়িয়ে যাওয়া মোটেও কাম্য নয় মাশরাফির রাগ না করে নিজের বিবেক কে প্রশ্ন করা উচিত যে আসলে এদেশে যে রাজনীতি চলে সেই রাজনীতি থেকে জড়িয়ে কি আমি জিজ্ঞাস করেছি নিজের বিবেককে প্রশ্ন করুন,murtaza,AGAINST
f1a6eed87400d643,জুলকার নাইন নিজের চরিত্র নাই ঠিক আরেক জনকে নিয়ে খারাপ মন্তব্য করে মাশরাফি বিন মুর্তজা বাংলাদেশের ক্রিকেটের এক জীবন্ত কিংবদন্তি আপনার মত খয়রাতি সাংবাদিক না.. আপনি রাজনীতি ঘৃনা করতে পারেন কিন্তু মানুষকে ঘৃণা করা টোল করা অপমান করা ঠিক না,murtaza,AGAINST
756d4d385f700a07,"জুলকারনাইন কে, দেশের প্রতি ওর কি কোন কন্ট্রিবিউশন আছে? মাশরাফি বিন মুর্তজা এমনিই একটা ব্র্যান্ড ওর কোন দল লাগে না, বাংলাদেশের ক্রিকেটের ইতিহাসের সবথেকে সফলতম অধিনায়ক, মাশরাফির পায়ের লিগামেন্টে যে কতবার অপারেশন করা হয়েছে, ডাক্তার বলে দিয়েছে, এই অবস্থায় ও ক্রিকেট খেললে যেকোনো সময় আজীবনের জন্য পঙ্গু হয়ে যাইতে পারে, তারপরও মুর্তজা খেলছে, অর ক্যাপ্টেন্সিতে বিশ্ব ক্রিকেটের যত বড় দল আছে ইন্ডিয়া অস্ট্রেলিয়া শ্রীলংকার নিউজিল্যান্ড এমন কোন দল নেই যাদের আমরা না হারাইসি, জুলকারনাইন কি অথবা কোন শত্রু দেশের এজেন্টকিনা সেটা জানিনা, শুধু এতটুকু বলতে পারি খুবই ঘিন্না লাগে , কিভাবে হয় মানুষ এতটা নিম্ন শ্রেণীর ,এতটা জঘন্য 😢, সামান্য একটু সমালোচনায় থাকার জন্য অথবা ফুটেজে থাকার জন্য এতটা নিচে নামতে পারে, কি আর বলবো যে ব্যক্তি সস্তা পাবলিসিটির অথবা, সামান্য কিছু অর্থের বিনিময়ে, নিজের মাতৃভূমি জন্মভূমির সৃষ্টির ইতিহাস বিকৃত করে, ছোট করে সারা দুনিয়ার সামনে তুলে ধরতে বিন্দুমাত্র দ্বিধাবোধ করে না, আল্লাহর কসম ভাষা খুঁজে পাইতেছি না, যে নিজের দেশের হতে পারে নাই ওই কারও হইতে পারবে না, জানিনা আছে কিনা থাকলে উনার সন্তানদের জন্য আমার সত্যিই আফসোস হচ্ছে এমন বাজে বাবার ঘরে জন্ম নিছে, কতজন আমার কমেন্টটা মনে রাখবেন জানিনা কিন্তু জারি করছেন আপনারা দেখেন আল্লাহই ওর উপর গজব নাজিল করবে, জীবিত থাকা অবস্থাতেই আমি নিশ্চিত",murtaza,AGAINST
40db288785cc0a33,মাশরাফি ভাই আওয়ামী লীগ সেটা কিন্তু তার ভুল ছিল আওয়ামী লীগে গিয়ে কিন্তু যে জুলকারনাইন সে তো একজন প্রতারক।। বাটপার। মাশরাফি ভাই কে নিয়ে কথা বলার তার যোগ্যতা নাই।,murtaza,AGAINST
8140991aec80c8f2,জুলকার নাইনের কথায় মাশরাফির বা... ফালানো যায়। তার লেখা পড়লে মনে হয় দুর্নীতি শুধু আওয়ামী লীগের সময়ই হয়েছে আর কারো সময় হয়নি।,murtaza,AGAINST
6e13d09e1af039f2,মনগড়া গল্প বাদ দেন। ওটা কোনো কালেই মাশরাফি ছিল না,murtaza,AGAINST
79928504b85f44d8,"মাশরাফির কাছাকাছি হবে ১০০% কোনো প্লেয়ারের নাম নেই, এই সাংবাদিক এরাও প্রোপাগান্ডা চালাচ্ছে।",murtaza,AGAINST
6dcb06b2b0f00dfc,"যেই দেশে মাশরাফির জন্ম সেই দেশে যদি মাশরাফির বাড়িতে আগুন দেয় তাহলে ভারত লোগো সরালে দোষের কি,,,,,,?",murtaza,AGAINST
f37822e9ca5a49cb,"মাশরাফির পায়ের ধুলো পরিমাণ যার যোগ্যতা নেই সেকিনা মাশরাফির সমালোচনা করে, হায়রে বাংলাদেশ।",murtaza,AGAINST
5754d168d335702c,"১ম কথা হলো আমি আওয়ামী লীগ নয়,২য় কথা হলো আপনাকে মাশরাফির জুতা দেখার জন্য রাখেনা।তৃতীয় কথা হলো নির্বাচন করে দেখেন কতো ভোট পাবেন দেখি।আওয়ামীলিগ ভোট চুরি জিতছে এটা মানতে পারি কিন্তু মাশরাফির আসনে অটোভোট পড়ছে এটা কি মাশরাফির দোষ?",murtaza,AGAINST
973c40a895ec7ab5,"ছোটকাল থেকে মাশরাফি বিন মর্তুজা কে দেখে বড় হয়েছি, আর এদিকে দুই দিন হয়নি দেশের টুকটাক নেতা হয়ে মাশরাফিকে নিয়ে এমন মন্তব্য করা ঠিক হয়নি,কারণ রাজনীতিতে মাশরাফি বিন মর্তুজার খারাপ কিছু দেখি নাই কিন্তু দল খারাপ হতে পারে তাই বলে দলের কারণে মাশরাফি বিন মুর্তজা খারাপ বিষয়টা এমন নয়,বাংলাদেশকে ক্রিকেটের মাধ্যমে সারা বিশ্ব চিনতে পেরেছে, আফসোস 😭",murtaza,AGAINST
4069503efd4d7da1,"আরে পাগল মাশরাফি বিন মুর্তজা একজন'ই আছে তার তুলনায় কেউ নাই, মাশরাফি পুরো বাংলাদেশের অহংকার, তোর অযোগ্য লোক মাশরাফির সমালোচনা করে কি হবে, এইটাও স্বাভাবিক অযোগ্য লোকেরা, যোগ্য লোক এরা সমালোচনা করে।",murtaza,AGAINST
ab3b35d8fda68913,"মাশরাফি একটি আবেগের নাম।। তুমি আমাদের অনুপ্রেরণা।। . গ্রেটদের কাপ লাগে না, বরং world cup লজ্জিত বস্ এর হাতে আসতে না পেরে। ধন্যবাদ দেরীতে হলেও ম্যাশ ভাইকে ট্রিবিউট করার জন্য (y)",murtaza,AGAINST
e8c273b8d4401fef,মাশরাফির একটাই ভুল যে জুলাই আন্দোলনে উনি ছাএজনতার পক্ষে একটা কথাও বলে নি৷৷,murtaza,AGAINST
b6bb963425afff89,পাপন কে বাদ দিয়ে দাও ওকে রাখলে বাংলাদেশ টিকেট ধ্বংস হয়ে যাবে তাই বলছি বিবিসি প্রধান মাশরাফিকে দেওয়া হোক,murtaza,AGAINST
9f6cba2f9ef1a3ee,মাশরাফি ভাইয়া খেলা থেকে জখন অবসর নিবেন তখন আপনি একা রাজনীতি করবেন পাকিস্তানের ইমরানের খানের মতো ১৮ কুটি মানুষের আপনার জন্য পাগল সবাই তখন আপনার হয়ে কথা বলবে আর এখন একজন মানুষও আপনার পহ্মে কথা বলবে না তাই বলছি এখনও সময় আছে রাজনীতি বাদ দিয়া ১৮ কুটি মানুষের ভালবাসার কাছে ফিরে আসেন,murtaza,AGAINST
e21b867d712366ec,এতোই যখন মাশরাফির জনসেবা করার ইচ্ছা তো স্বতন্ত্র থেকে দাঁড়ালেই পারতো। সবাই স্বার্থ খুঁজে। বি.দ্র. আমি কোনো রাজনীতি করি না। দয়া করে কেউ আওয়ামীলীগ হেটার কিংবা বিএনপির দালাল বলে গালি দিবেন না। ধন্যবাদ।,murtaza,AGAINST
6cbd4e2db389888c,ধন্যবাদ মাশরাফি এত সুন্দর কথা আমাদের দেশের কোন নেতার মুখ বের হয় না।,murtaza,AGAINST
a67ff1a37461d7ec,"বসের প্রতি শ্রদ্ধা অনেক আমাদের। তবে রাজনীতির মাঠে বস ভুল সাইনবোর্ড নিয়েছেন বলে, আমার মনে হয়। তবে মাশরাফির সবার চেয়ে আলাদা আমার শ্রদ্ধার স্থান হতে",murtaza,AGAINST
5262b1a59be2a074,Mortaza should have retired after last world cup Now he is just a Liability for the team No point in romaticising on his past,murtaza,AGAINST
538b4af0fa9e208d,"মাশরাফি বিন মোর্তজা,শুধু একটি নাম নয়, তিনি এক অদম্য সাহসের প্রতিচ্ছবি—ভাঙা শরীর নিয়েও যিনি বারবার দাঁড়িয়ে শিখিয়েছেন, সত্যিকারের যোদ্ধারা হার মানে না। রক্ত, ঘাম আর অসহ্য যন্ত্রণা গোপন রেখে তিনি দেশের জন্য লড়েছেন, অথচ কৃতঘ্ন মানুষগুলো সময়ের সাথে তার ত্যাগ ভুলে গিয়ে সম্মানের বদলে বিদ্রুপ ছুঁড়ে দিয়েছে। যারা একজন কিংবদন্তির অবদান বুঝতে পারে না, তারা আসলে যোগ্যতার নয়—মানসিক দারিদ্র্যের পরিচয় বহন করে। একজন মাশরাফিকে ছোট করার আগে আয়নায় নিজের বিবেকের মুখ দেখা উচিত; কারণ ইতিহাস সবসময় বীরদেরই মনে রাখে, অকৃতজ্ঞদের নয়। মাশরাফি প্রমাণ করেছেন—মানুষের উচ্চতা তার শরীরে নয়, তার হৃদয়ের শক্তিতে।",murtaza,AGAINST
dceaaf2dea446b79,এখন থেকে নড়াইল বাসীকে ঘৃণা করি আমি নিজের সাথে লড়াই করে দেশের জন্য কি করেছেন মাশরাফি সেটা সারা বাংলাদেশের সবারই জানা,murtaza,AGAINST
c4a3277f2a65fa04,একটা মানুষ আওয়ামী লীগ করার এমন ক্ষতিপূরণ দিতে হলো যে যা কিনা একটা জীবন্ত কিংবদন্তি কেই শেষ করে দিলো।আওয়ামিলীগ খারাপ হলেও মাশরাফি নয়?,murtaza,AGAINST
f45a8ebc45ffcbdc,"আসলে মাশরাফি ভাইয়ের তখন কোন দোষ ছিল না, উনি পরিস্থিতির শিকারে রাজনীতি করতে বাধ্য হয়েছেন। ওনার মন থেকে যদি বলা হয় ভিতরে আসতে চেয়েছিলেন না, ওইটা আমাদের সবারই মতামত।",murtaza,AGAINST
df962336899b6262,"এমপি না হয়ে কি মানুষের সেবা করা যেত না?কেন, আমি দাঁড়ালেই তো এমপি।যখন বাংলাদেশের মানুষ আওয়ামী লীগকে মানুষ সবচেয়ে বেশি ঘৃণা করে। তখন মাশরাফি আওয়ামী লীগ থেকে নির্বাচন করে । এটাই ছিল সবচেয়ে বড় ভুল।",murtaza,AGAINST
1bce031c87945da7,দেশের জন্য সে কি করেছে? নড়াইলের জন্যই বা কি করেছে?মনে হচ্ছে মাশরাফির গুনগান শুনছি না খোদ হাসিনার গুনগান শুনছি। একটিবার দেশের মানুষের কাছে তো ভুল স্বীকারও করেনি।,murtaza,AGAINST
8adcbe2a567b1502,"রক্তে যখন রাস্তা লাল ,, সবাই যখন ফেসবুক প্রোফাইল লাল করে রাখছে ,, তখন এই মাশরাফি কালো জামা কাপড় পড়ে জুলাই আন্দোলন করা জনগনের লাশের বৈধতা দিছে,, দুই বছর আগের কথা ভুলে যাওয়ার কথা নয় ,, এখন মায়া কান্না দেখতে আসছো,😠",murtaza,AGAINST
92a4e9c232c1ae64,"মাশরাফির একজন ডাই হার্ড ফ্যান হিসেবে বলছি, পৃথিবীর ক্রিকেট ইতিহাসের সকল মহানায়ক কে কোন এক সময়ে এসে থেমে যেতে হয়েছে। মাশরাফির বেলা ঠিক তেমনটাই ঘটবে এটা স্বাভাবিক, তবে উনার উচিত ছিল জাতীয় দল থেকে অবসর নিয়ে, ঘরোয়া লীগের খেলা টা চালিয়ে যাওয়া।",murtaza,AGAINST
338ad8c0769e3316,যেহেতু মাশরাফি খেলতে চেয়েছে সেহেতু তাকে অন্তত এই সিরিজে রেখে দেখা উচিত ছিল তার বর্তমান ফর্ম কি। আমার মতে তাকে এভাবে বাদ-দেওয়া উচিত হয়নি,murtaza,AGAINST
71078030b2d6f885,মাশরাফির উচিত অবসর ভেঙে t-20 তে ফিরে ২১ world cup খেলে মাথা উঁচু করে অবসর নেওয়া...ইতিপূর্বে এমন নজির আছে অনেক খেলোয়ারের .. নিরবে বিদায় মেনে নেওয়া যাচ্ছে না ❤️❤️❤️,murtaza,AGAINST
270b5520336e8dfa,"অবসর নিবে মাশরাফি তাতে বিসিবির এত মাথা ব্যথা কেন? যখন কোন খেলোয়াড় অবসর নিবে, তখন সিদ্ধান্তটাও খেলোয়াড় নিবে, সেখানে কারও কথা বলা উচিত না। এটা একান্ত ব্যক্তিগত সিদ্ধান্ত।",murtaza,AGAINST
15514f45e16b9049,"মাশরাফি বিন মর্তুজা ভাইকে বাদ দেয়া ঠিক হয়নি তিনি বাংলাদেশের কান্ডারী, তিনি বাংলাদেশ ক্রিকেট দলকে আজ এই জায়গায় নিয়ে এসেছে! অবিচার করা হয়েছে তার সাথে বাংলাদেশ আবার সেই পুরনো জায়গায় ফিরে যাবে!",murtaza,AGAINST
f58b56fda553e941,"ভাই আর কত চামচামি করবেন, আওয়ামী লীগের কোন সংগঠনে পদ চান? ভুলে যাবেন না পাপন ও আওয়ামী লীগের এমপি, এবং মাশরাফির থেকে বেশী ক্ষমতাধর।",murtaza,AGAINST
c5fb667c3b276416,@kalammohdabu4202 ভাই তোমার মনে হয় জানা নেই যে মাশরাফি টেঙ ভাঙা ঘোড়া এর কোন কাজ নেই Test 25 -30 ওভার বল করতে পারে না মাশরাফি যদি Australia / South Africa / India / Newsland Pakistan / Srilanka এইসব দেশের হত দু একটা মেচ খেলেই বাদ যেত না পারে বেট না পারে বল আর না আছে Fitnesh এই দেশ গুলো Madical Fitnesh পাশ করেতে হয় আর বাংলাদেশের player গুলো আবাল বলদ আবেগ দেখিয়ে মিডিয়ার সামনে এসে কান্নাকাটি করে খেলা না পারলেও দলের উপর বোঝা হয়ে পড়ে থাকে বছরের পর বছর,murtaza,AGAINST
5eb32278b4e8ff01,আলহামদুলিল্লাহ সুবহানাল্লাহ প্রধানমন্ত্রীকে ধন্যবাদ মাশরাফি ভাই কেও ধন্যবাদ পাপন হাথুরু নান্নুর পদত্যাগ চাই,murtaza,AGAINST
05d157a577732c4b,মাশরাফি কে চাই পাপন সাহেব অবসরে যান,murtaza,AGAINST
b06e4526561a9109,"সাংবাদিক রা আজাইরা কথা প্যাচায়। মাশরাফি বস তো এসবের মধ্যে নাই। বক্তব্য খুবই ক্লিয়ার। সাংবাদিক ভাই কে প্রশ্ন করতে চাই, আপনাকে যদি অফার করা হয় যে ২ টার মধ্যে একটা অপশন নিতে পারবেন, এটিএন নিউজ এর মালিক নাকি সংস্কৃতি বিষয়ক প্রতিমন্ত্রী --- কোনটা বেছে নিবেন??",murtaza,AGAINST
48fcfc47854dc074,এ পাপন তোর লজ্জা নেই এখন আমাদের বড় ভাই আছে মাশরাফির এ পাপন তুমি কি খেলা বোঝো তোমার মন য়ায় চাই তাই করো মনে হয় তোর বাবা সম্পদ শালা ভাই,murtaza,AGAINST
99d2df2a24bb348b,আলোচনা সমালোচনা যাইহোক মাশরাফির মতো দ্বিতীয় একজন বাংলাদেশ দলে আর আসবে না বলে আমি মনে করি।,murtaza,AGAINST
60fba1852b17a504,মাশরাফি বস ধন্যবাদ আপনাকে ওদের কে খেলে দেয়ার জন্য,murtaza,AGAINST
5ad2728575f1ab9a,মাশরাফির কাছে অবসর বলে কিছু নেই খেলাধুলা থেকে অবসর নিলে BCB সভাপতি রূপে দেখতে চাই,murtaza,AGAINST
eeef63c950697533,"মাশরাফি আপনাকে আপনার চিন্তা চেতনা পারসোনালিটির দিক দিয়ে আপনাকে আমার আয়ডোল মানতাম,কিন্তু এখন আপনাকে আমি পারসোনালি ঘৃণা করি",murtaza,AGAINST
babb588e787475d8,​ @MirzaGhalib-g5c লোহাগাড়ার কিছু লোক আছে আমার আশেপাশে তারা মাশরাফির নামে অনেক বাজে বলতেছেন যেটা আমার বিশ্বাস হয় না। কিন্তু কেনো তারা এগুলো বলে,murtaza,AGAINST
f1952b7ee0a94322,জনতার মুখোমুখি হওয়ার সাহস যাদের আছে তাদেরই রাজনীতিতে আসা এবং আনা উচিত। ধন্যবাদ মাশরাফি।,murtaza,AGAINST
be90ee9551966b6d,"আমি একজন ডাক্তার..... মাশরাফি যা বলেছেন,যা করেছেন তা পুরোপুরি ঠিক.....ধন্যবাদ প্রিয় মাশরাফি",murtaza,AGAINST
0e694a2dec8ff5e3,ধন্যবাদ মাশরাফি ভাই বাংলাদেশে তোমার মতো আরো মানুষ চাই,murtaza,AGAINST
e092817590608cee,মাশরাফি ভাই যা করেছে এই কাজটা আজও কোনো এমপি করে দেখতে পারিনি মাশরাফি খেলাতে যেমন স্ট্রাইকার রাজনীতিতে ও স্ট্রাইকার ধণ্যবাদ মাশরাফি বিন মর্তুজা,murtaza,AGAINST
0b8d2840f97c646d,"মাশরাফি ঠিক কাজই করেছে।মাশরাফিকে ধন্যবাদ।আমার মতে প্রতিটি এমপি, মন্ত্রী এরকমই করা উচিত।",murtaza,AGAINST
b5ffc0da873db757,মাশরাফি ভাই ঠিক কাজ করেছে। তাকে অনেক ধন্যবাদ,murtaza,AGAINST
9104a5506eea9cdf,বাংলাদেশের সব এম পি যদি মাশরাফি ভাইয়ের মতো দায়িত্ব পালনে অবগত থাকতো তাহলে আমার মনে হয় আমাদের দেশে দুর্নীতি এনেকটা কমে যেতো,murtaza,AGAINST
b964ee1ecba4fadc,রোজার দিন তাই খারাপ ভাষা বলতে পারলাম না। তবে ধিক্কার জানাই ওইসব মানুষরূপী শয়তানদের যারা এই কাজ করেছে। অনেক মানুষের সাহায্য তারা বন্ধ করে দিয়েছে। কারণ মাশরাফি ব্যক্তিগতভাবেই অনেক মানুষকে সাহায্য করতো।,murtaza,AGAINST
6ce43438b8cdfa63,জামাত শিবিরের লোকজন মানুষ নামে অমানুষিক। মাশরাফির কি ভুল ছিল। তার বাড়ি পুরাতে হবে,murtaza,AGAINST
2ee19b8300f1596c,বাংলাদেশ 🇧🇩 এই জাতি কে উপকার করলে-- কোন কিছু লাভ নেই. এই জাতি স্বাথর্ কাছ সব কিছু ভুলিয়ে যায়. ★ বাংলাদেশ 🇧🇩 দুই জন সাধারণ মানুষ জন্য সহ অনেক কিছু দিয়েছিল গরীব অসহায় মানুষ গুলো কে... আমরা জাতি হিসাবে ভুলে গিয়েছি. --- রাজনৈতিক সংগঠন পরিচয় থাকতে পারে. ... ছাএ সমন্বয়ক বাংলাদেশ 🇧🇩 সাধারণ মানুষের জন্য কি দিয়েছেন -- নিজের স্বাথর্ জন্য যাহা কিছু করা দরকার তাই করেছেন 😎 ** সেই প্রিয় দুই জন মানুষ ★ জনাব শিবলী সাদিক 💟 ★ মাশরাফি বিন মুর্তজা ❤️,murtaza,AGAINST
4c1b14363a355103,অবসর কাটিয়ে 2023 বিশ্বকাপে মাশরাফি কে দেখতে চাই,murtaza,AGAINST
1f62e73582164065,"এখানে ভুলের কিছুই নাই, যদি এমপি হয়ে মানুষের পাশে দাঁড়াতে পারে তাহলে জনগনের মঙ্গল হবে!! ক্রিকেট দিয়ে মানুষের খুব বেশি উপকার করা যায় না কিন্তু এমপি বা মন্ত্রী হলে মানুষের অনেক কিছু করা সম্ভব।।। আমি মনে করি মাশরাফি ভাই ঠিক কাজ টাই করছে,,",murtaza,AGAINST
0692a501b8be7e0f,সবাই স্বার্থপর। তা না হলে কিভাবে মাশরাফি ভাই নির্বাচন করতে পারে?,murtaza,AGAINST
c2529ad7e4c808f2,ভুল করে পেলেছে মাশরাফি ভাই। কি দরকার ছিলও। তার টাকার ওবাব।,murtaza,AGAINST
2ae6dbc533b7914f,"মাশরাফির নির্বাচন করা ঠিক হইছে।কিন্তু আমরা সবাই লক্ষ করবো যে, তিনি ক্রিকেট প্রাকটিসে আগের মতো থাকতে পারে কিনা। আমরা যে কিছু না ভেবেই মাশরাফি বসকে ঘৃণা করবো সেটা ঠিক না।",murtaza,AGAINST
cd07dfc35d087716,"সবচেয়ে বড় হাস্যকর ব্যাপার হলো জাতীয় দলের একজন রানিং প্লেয়ার নির্বাচন করে, যারা মাশরাফির ব্যাপারে ইমরান খানের তুলনা করে তারা আসলে এক প্রকার নির্বোধ কারন ইমরান খান দীর্ঘদিন অবসরে যাওয়া একজন খেলোয়ার আর মাশরাফি রানিং প্লেয়ার।",murtaza,AGAINST
d55aad0cc7b84d71,মাশরাফি ভাইয়ের কথা থেকে পুরা কিলিয়ার সে বিশ্ব কাপ খেলবে আমাদের দেশের সাংবাদিকরা বেশী বলে,murtaza,AGAINST
dde0d815d45be998,মাশরাফি ভাই বলল যে ওয়ার্ল্ড কাপের আগে আরো ৭ টা ওয়ানডে ম্যাচ আছে। new zealand বাদে আর কোন দেশের সাথে হবে ম্যাচ গুলো কেউ কি বলতে পারেন ??,murtaza,AGAINST
f1fc846dc7b60819,এক হাতে তালি বাজেনা নিশ্চই মাশরাফির খারাপ কিছু বলেছে,murtaza,AGAINST
797b8d1a31693908,"Koi NABI naye hai mere MUSTAFA ke bad sheri KHUDA naye hai mere MURTAZA ke bad,esi parhe namaz jo tero ke chao mai esi na howe pr namaz karbala ke bad.",murtaza,AGAINST
7b7c0964c0416a80,৫০ হাজার করে মসজিদে ও মাদ্রাসা? ৫০ হাজার টাকায় কিছু হয়? মাশরাফি ভাই মসজিদ মাদ্রাসায় আরো বেশি করে দিয়েন। ধন্যবাদ ম্যাশ,murtaza,AGAINST
