id,text,target,stance
760046b46fc56fbd,"If not for Mushfiq, we would beat NewZealand, Mushfiq always costs us, actually he is the one who also screwed us against India in the last T20 world cup, where we lost by 1 run",mushfiq,AGAINST
1bc0ac44053534f3,"Mushfiq is the one who took you single handedly in the Final of Nidahas Trophy, He's the one who ensured our final of Asia cup 2012 beating India... He's the hero of many, if you can't support him in bad times, don't do so in good times also 🙏",mushfiq,FAVOR
a6605e84773978ee,Can you make a video on Mushfiqur Rahim?,mushfiq,NEUTRAL
8b0564b561584519,Many reasons mushfiqur do it and he not like virat yor Country player soo bad bf,mushfiq,AGAINST
e27cee3c32436c2d,Who is here after Mushfiqur Rahim’s 100th test match?,mushfiq,NEUTRAL
9bb5cdc1315af5e1,"I am watching it just an hour after Mushfiqur Rahim crossed the 5000 runs mark in Test cricket, playing against Srilanka in Chittagong, the first-ever Bangladeshi to achieve this feat, Ma shaa Allah, Al Hhamdulillah. From the commentary box, Athar Ali Khan recalled the memory of this occasion when Mushfiqur made his debut at Lords 17 years back in 2005, and right after the first defensive shot at the creaze Athar's fellow commentator David Lloyd had made some optimistic remark on this young chap.",mushfiq,FAVOR
812d42a7a551a3fc,"The Wisden cricketer, the cricketing Icon! The greatest wicketkeeper batsman of all time 👑 Mushfiqur Rahim.. The Legend 😃🇧🇩",mushfiq,FAVOR
5e57357628b5b912,Musfiq is the most abal player in the history of cricket.,mushfiq,FAVOR
ffe565c832dcb5fa,দুই জন কে নিয়ে ২টা আলাদা এপিসোড করলে ভালো হতো এই এপিসোডে মুশফিক কে তো কথাই বলতে দেয়া হয় নি,mushfiq,NEUTRAL
41f978cc776cbae2,Musfiqur is very unfiltered and good guy. But baki pandhob gulay shomosha create kore. Mushfiqur always out of this politics to include playing 11 etc.,mushfiq,FAVOR
b0d97fbc4ceb2e08,Did Mushfiq even get the opportunity to speak?!,mushfiq,NEUTRAL
5beafecbb380bd4a,Don't criticised the person. Musfiq he have a right to take diction his own. You are our brother. You have to thankful whole nation of Bangladesh. Best of luck Pakistan cricket team and Bangladesh cricket team.,mushfiq,FAVOR
f997556b5c7cb1a6,You don't have any player in Pakistan who can be like Mushfiqur Rahim i love Bangladesh,mushfiq,FAVOR
75009706226ecad8,"Mushfiqur Rahim, he is a good man, he did not go to play in Pakistan, he did not play your PCL, he did, they have security in their lives.",mushfiq,FAVOR
ea6415819891151f,mushfiqur rahim isn't a baccha.He is a real royal bengal tiger and also a hard working cricketer.There isn't a cricketer like moshfiqur rahim in Pak team.As a middle order batsman.,mushfiq,FAVOR
89495430259e5090,Musfiqur rahim is the official father of Pakistan Baap baap hota hay beta beta hota hay,mushfiq,FAVOR
b421fe57df45429a,Musfiqur Rahim didn't come because of his family problem. His family doesn't want him to play and he has also injury occurred in BPL.,mushfiq,FAVOR
f3b198ca9bf8fc71,Thats his(mushfiqur) personal opinion he'll go or not nothing to criticize.why those guys wasted time to criticize ? Biwi ne ghar se nikal diya kiya is liye frustated? Ya tto daaru pee ke kuch bhi boke ja rahe hai? Calm down bro,mushfiq,FAVOR
13c7da634c8e7236,"Tere pakistan Mein Koi hein 10000 international run wala, musfiqur rahim deserve to play team like India England Australia newzeland Afghanistan Zimbabwe!",mushfiq,FAVOR
d51bbda257581feb,তারা কখনো মানুষ ছিলিনা আর কখনো মানুষ হইবি ও না। তোরা কিভাবে মুশফিকুর রহিম কে নিয়ে এত বাজে বাজে মন্তব্য করতে পাড়লি। তুদের কোন প্লেয়ার এর মুশফিক এর নখ এর যোগ্যতা ও হবে না... 😠😠😠😠 وہ کبھی انسان نہیں رہے اور نہ کبھی انسان بنیں گے۔ آپ مشفیق الرحیم کے بارے میں اس طرح کا برا تبصرہ کیسے کرسکتے ہیں؟ مشفق کے ناخن آپ کے کسی بھی کھلاڑی کے لئے اہل نہیں ہوں گے,mushfiq,FAVOR
be4c618a3769a9c8,Show me one wicket keeper batsman like Mushfiqur in Pakistan history!,mushfiq,FAVOR
1aebc62a25cd6eea,It's the matter of Mushfiqur Rahim. You have any qualification to talk about him? just shut up.😠no love from 🇧🇩,mushfiq,FAVOR
698dad5166720c7d,কোকাকোলার বোতলের এখানে কী কাজ? মুশফিকের এটা সরানো উচিত ছিল।,mushfiq,AGAINST
3675c5c520cbede6,Jar mone kono rajniti nei. Sudhu ache Cricket er jonne onek valobasa. Salute Mushfiqur Rahim❤️,mushfiq,FAVOR
b86b879706630142,"Best wishes to you for achieving this unforgettable success, Mushfiqur Rahim.",mushfiq,FAVOR
97f76fc400decefd,মুশফিক ভাই তোমার অভিষেক টেস্ট ম্যাচ দেখেছিলাম আমার মনে আছে দেখে মনে হতো ছোট্ট ছেলে সেই থেকে তোমার সেঞ্চুরি করে উদযাপন ম্যাচ জিতিয়ে মাঠ ছাড়া কোনটাই মিস করি নাই । যেদিন তুমি খেলা ছেড়ে দেবে আমার মত পাগল ক্রিকেট ভক্ত মনে অনেক দুঃখ সুখের স্মৃতি নিয়ে বলবো ভালো থেকো মুশফিক ভাইয়েরা❤❤❤❤,mushfiq,FAVOR
d1ac92b8eaef6d7f,"১০০ টেষ্টে ১৮২ ইনিংস খেলে ১২ টা সেঞ্চুরি! হাস্যকর ব্যাপার! এত নিচু মানের খেলোয়াড় মুশফিকুর! ২৫-৩০ টি সেঞ্চুরি করে ভালো মানের প্লেয়াররা। আর মাত্র ২৭ টা হাফ সেঞ্চুরি। না পেরেছে হাফ সেঞ্চুরি করতে, না সেঞ্চুরি করতে। আর গড় টাও ওর বয়সের সমান, মাত্র ৩৮! ৪৫ গড়, ২৫ সেঞ্চুরি, ৪৫ হাফ সেঞ্চুরি করার কথা সেখানে কি একটা লজ্জাজনক নিম্নমানের ক্যারিয়ার!",mushfiq,AGAINST
5a2b5881857fa665,মুশফিক ভাই অনেক ভালো খেলোয়াড় এবং এতো লম্বা সময় ধরে যেভাবে ফিটনেস ধরে রেখেছে এটা অবিশ্বাস্য।,mushfiq,FAVOR
0231fc5a1628254b,মুশফিক Is a character who set a legacy that follow our others players.,mushfiq,FAVOR
5a78de509d1c4079,Mushfiq’s Personality like Ronaldo but likes Messi. Life is really strange.,mushfiq,NEUTRAL
e52d750bfffb2bc9,Its really surprising for me. Sayeed vai. Keep going. I requested to you that I really love Musfiqur Rahim vai at age of 10 or 11. And In sha Allah one day I want to meet him. Its my dream... Love him also I Follow him. ❤️,mushfiq,FAVOR
2195642002388ed5,​ @Simply.Sayeed মুশফিক ভাই তো আর্জেন্টিনা কিন্তু আপনি কোন দলের????,mushfiq,NEUTRAL
edfe9c1a62ac2b97,Musfiqur rahim is a legend of bpl 😊😊❤️,mushfiq,FAVOR
bf5884e1af41bb45,মুশফিক যতোই ভালো খেলুক না কেনো পাপন বাদ দিয়ে ছাড়বে মুশফিক সহ সকল সিনিয়রদের,mushfiq,FAVOR
6ade4192fdc9b591,মুশফিক ভাই দলে চাই পাপনের অবসর চাই,mushfiq,FAVOR
273d11486adbcd89,আগে মুশফিক ভাইয়ের মতো খেলোয়াড় তৈরি করেন 🥰পাপন কাকু😁 তার পর মুশফিক ভাইকে অবোসার নিতে বলেন,mushfiq,FAVOR
54cfd2ba82e4259a,পাপনকে টেষ্ট ক্রিকেটে মুশফিকের জায়গায় দেখতে চাই,mushfiq,FAVOR
6c32d738105cbfc3,মুশফিক নয় বরং পাপন বাবুকেই দায়িত্ব ছেড়ে দেওয়া উচিৎ কারণ ক্রিকেটটা পাপন নয় মুসি খেলে,mushfiq,FAVOR
5a9a7758d4a1303c,Ei test a 80+ enings khelte parle mushfiq Retired a jabe..,mushfiq,NEUTRAL
22f7fb94f873ec93,Mushfiq Rahim.. Aro 4 yr sob khelbe.. Vai k 3 pormet a cai,mushfiq,FAVOR
f8ec06bdb49fbd21,মুশফিক Sweep & Scoop Shot দিতে দিতে এবার দল থেকে বের হয়ে যাবে... Sure.,mushfiq,AGAINST
63f8ab46c95ee9c4,"ভাই মুশফিকও তো মানুষ আমার আপনার মত, তারো বয়স হয়, আর খেলাধুলায় বয়স অনেক অনেক বড় একটা ফ্যাক্টর । আর আমাদের এই উপমহাদেশের মানুষের ক্ষেত্রে খাদ্যাভ্যাস ও অপুষ্টির অভাবে বয়সের সাথে শারীরিক সামর্থ্য কমে আসে পশ্চিমা মানুষের থেকে অনেক দ্রুত । খুব কম ক্ষেত্রেই ব্যতিক্রম হয় । তাই আমরা তাকে নিয়ে বেশি আশা না করি, বরং তরুন যুবাদের প্রতি বেশি মনযোগ দেই ।",mushfiq,NEUTRAL
ab677073093931a5,Chorom report. 2020 er por koeta test holo? Corona kotodin chilo? Overall Bd er performance kemon chilo? Mushfiq nam shunlei 71 er ki ekta jani shuru hoye jae.,mushfiq,NEUTRAL
24c22c321fa46ae1,ও ক্রিকেটের ক জানেনা সে কিনা বলে মুশফিককে অবসর নিতে।ওনাকে প্রয়োজন বিসিবি থেকে অবসর নেয়া,mushfiq,FAVOR
d9fdc8eb0db7e1f8,সত্যি বলতে মুশফিক ভালো খেলতো এখন ভুল শট খেলে আউট হয়। আর যে খারাপ খেলে তাকে বাদ পড়তে হবে। মুশির চেয়ে ভালোরাও বাদ পড়েছে,mushfiq,AGAINST
f0b7748f16a9c0e2,Mushfiqur k niye etto kotha tular mane ta ki bujhlm naa!! 🙄 SA er odi te ei toh 80+ er ekta knock khelse...koyekta kharap match gese r abr troll shuru kre dichen!!,mushfiq,FAVOR
2c5bbda37475ad03,"This is Mushfiq we all know,one of the distructive innings I have ever seen",mushfiq,NEUTRAL
0a1b0c91cda02421,যারা মুশফিক কে নিয়ে কথা বলেছিলে তাদের জন্য। এই কামবেক টা। Well played musi💜🥀,mushfiq,FAVOR
c575ad13e6dcbda4,"মুশফিক ভাইয়ের সব কিছুই আছে, কিন্তু তার একটি জিনিস নাই ! আর সেইটা হলো অহংকার। মুশফিক ভাইয়ের কোনো অহংকার নাই....... আলহামদুলিল্লাহ 👍❤",mushfiq,NEUTRAL
90d9e3ee1ade9cf4,অনেক দিন পর মুশফিকুর রহিমের সেঞ্চুরি দেখে খুব ভালো লাগলো অভিনন্দন মুশফিকুর রহিমকে সেঞ্চুরি করার জন্য ❤❤❤,mushfiq,FAVOR
ccdd97d81ce1a970,আমাদের বগুড়ার ২টা বাঘের বাচ্চা আছে যেখানে সেখানে তো রান হবেই....Congratulations Mushfiqur Rahim ❤️❤️,mushfiq,NEUTRAL
a11fb5b41f64ebac,Mushfiqur rahim is a world class prayer no doubt about it,mushfiq,FAVOR
0903150cc566c90c,When Mushfiq came onto the crease Bangladesh was about 200 runs in 35 overs! Then they added 150 runs more in last 15 overs and 100 of those came from Mushfiq's bat! CARNAGE! ABSOLUTE CARNAGE!,mushfiq,NEUTRAL
74c49a598b59f546,I'm a big fan of Mushfiqur Rahim since 2010...,mushfiq,NEUTRAL
7aa3686ad8f26b8b,আলহামদুলিল্লাহ অনেক খুশি হলাম আজ Musfiq is one of the biggest player in Bangladesh,mushfiq,NEUTRAL
456538580679972f,Congratulations on the fastest 100 Mushfiq bhai A magnificent innings!!! 🔥✊❤❤❤❤,mushfiq,NEUTRAL
15353e538695c911,He is the gold of Bangladesh team. I think everyone understand that who is Musfiqur Rahim. My one of best favourite is Mr. Dependable.,mushfiq,FAVOR
34b8cae0c5f96e25,মুশফিকের এই শতক টা #আয়রন ম্যানদের জন্য উৎসর্গ করা উচিত,mushfiq,NEUTRAL
deea1549fa4ba17e,"Mushfiqur Rahim vai er osadharon innings in ODI, love and respect for him.❤❤❤",mushfiq,FAVOR
c0da96d9944f09a4,Musfiq is the best player o sobsomoi valo khele thanda buddhir player I like him very much,mushfiq,FAVOR
dea4c19709acbe2a,ছোট বেলাই ক্রিকেট খেলায় সবাই মুশফিক মুশফিক বলে ডাকতো। খুব প্রিয় একজন খেলোয়াড় মুশফিক ভাই🥰অনেক দিন পরে আবাও সেই পুরনো মুশফিক কে দেখতে পেলাম🥰 MR15 🥰🇧🇩,mushfiq,NEUTRAL
b62336563321da63,২০২৩সত্যি অনেক ভালো লাগছে আল্লাহর রহমতে মুশফিক ভাই এত সুন্দর ফর্মে ফিরেছি এজন্য,mushfiq,FAVOR
5b12d7dc136dc99c,he is a legend for Bangladesh Cricket.. love u Mushfiqur Rahim vai 💖♥💖♥💖♥,mushfiq,FAVOR
df4faf8f64dddfab,নানা মুশফিক এর এবার সসম্মানে বিদায় চাই,mushfiq,NEUTRAL
c6a99568b146b5c4,খুব ভালো লাগলো মুশফিক ভাইয়ের কাম্ব্যাক দেখে😍😍। বাংলাদেশের সাথে খেলা হলে মুশফিক ভাইকে নিয়ে সাবধানে থাকবো আমরা।,mushfiq,FAVOR
f10f461847dee047,congrats mushfiq for first fastest 100 as a Bangladeshi batsman. carry on this style and ruined all of criticism against you. best wishes.,mushfiq,FAVOR
f53825e2d6d0923f,Next mushfiq hoile Bangladesh taile agabe r koto?? Mushi theke valo hoite hobe,mushfiq,FAVOR
b54b874facc9f4eb,অমিত যদি মুশফিক হন তাহলে বাংলাদেশের ক্রিকেটের উন্নতি কোথায়???,mushfiq,NEUTRAL
d2c97baf111aff0f,আমি মুশফিকুর রহিম এর সাথে একমত নই?,mushfiq,NEUTRAL
5eb080fc0bcdcf8a,মুশফিকুর রহিম টেস্ট অধিনায়ক করা হলে ভালো হবে,mushfiq,FAVOR
738dcd42ca0e731c,টেস্ট অধিনায়ক হিসেবে মুশফিক বেস্ট ❤ এতটুকু সম্মান তো তার পাওয়া উচিত,mushfiq,FAVOR
712da81591290af8,মুশফিক ভাই কে টেস্ট অধিনায়ক করা হোক ভালো হবে,mushfiq,FAVOR
f3285b826cd4cf90,1. Zakir 2. Shadman 3. Shanto 4. Hridoy 5. Mushfiqur(c) 6. Litton (wk) 7. Miraz 8. Taskin 9. Hasan Mahmud 10. Taijul 11. Ebadat,mushfiq,AGAINST
1903b16c8debcf30,There is nothing above humanity you proved it Shahid Afridi bhai. You are a real hero with a big heart. I sincerely extend my gratitude for buying the historical cricket bat of Mushfiqur Rahim who scored double century with that bat. You bought it for a good cause.. Love from the heart of Bangladeh. May Allah give us the strength to overcome the pandemic. Thank you,mushfiq,FAVOR
73eed1e97b485c2c,Well played mushfiqur Bangla and congrats from India 🇮🇳🇮🇳🇮🇳🇮🇳🇮🇳,mushfiq,FAVOR
36f719b8734e309c,Bangladesh played very well Musfiq behtreen innings yar congratulation Bangladesh Love from Pakistan 😘😘😘,mushfiq,FAVOR
b7b75a9bb5b0d91c,"Congrats Bangla and Great knock Mushfiq. Please do make a note, Bangla was playing India A team with no star players in Indian Cricket Team except Rohit Sharma and Dhawan..",mushfiq,FAVOR
2451ef5fb47311c2,Well played mushfiq and whole Bangladeshi team..,mushfiq,NEUTRAL
65199d8640e7acec,Shan was right at that time as time was being wasted. Although Mushfiq bhai batted brilliantly but logically shan was right to tell batting side about that matter. This was not a fight actually it was a precautionary measure to avoid time wastage.,mushfiq,FAVOR
8a75d8fa91072df6,কেনো জানি মুশফিককে অনেক বেশি ভালো লাগে। 💞💞💞💞,mushfiq,FAVOR
f6e87545bc9d76de,"গতকাল খেলার সময় একজন ধারাভাষ্যকার বলছিলেন , "" মুশফিক যখন ভারতের সাথে খেলে তখন তার স্ট্রাইক রেট ডাবল হয়ে যায় "" .....😊😍",mushfiq,NEUTRAL
2adc3eaf0ec469c8,10:08 faltu journalist . Celebration r kotha ask kortese . Faltu jottoshob . Ai celebration r karone india r kotha shunte hoi Bangladesh k & mushfiq k . Faltu .. celebration korbo amra normal crowd ra . Cricketer ra ki akhono Ireland Ba Scotland level r bacha team acha j match akta jitlei celebrate korbe ? Hok Bangladesh pura puri hoito big team na,mushfiq,NEUTRAL
6edb60b3b855883c,জি ভাই বাংলাদেশ ক্রিকেট মুশফিক ভাই কে আরো চাই,mushfiq,NEUTRAL
893b6f85c2a2c93c,it was not mushfiq day and that was the difference between win and loss of Bangladesh,mushfiq,NEUTRAL
4140a1c732b1cd57,"Rightly said mushfiqur Raheem is a good fellow, served bag for so long. Well played Bangladesh. Love from Pakistan",mushfiq,FAVOR
6a3b61c2993365b2,One mistake can't define The Great Mushfiqur. No matter we lost but you will always remain in our heart.,mushfiq,FAVOR
07c7ff3fa61e40a8,Mushfiqur Rahim is a good batsman & worse wicket keeper,mushfiq,NEUTRAL
7cf6a48e30998422,#অফ_টপিক #মুশফিক কে নিয়ে ট্রল করবেন না। সে দেশের জন্য নিজের সবটুকু দিয়ে খেলে।আপনি দেশের জন্য কি করেন যে তাকে নিয়ে বাঝে মন্তব্য করবেন। বাংলাদেশ ক্রিকেট টিম কে এ পর্যন্ত উন্নতি লাভ করতে মুশির অবদান অনেক। সে দেশের সর্বকালের সেরা উইকেট রক্ষক। খেলায় হার জিত আছে সেটা মনে রাখবেন । #ভালবাসা_অবিরাম_মুশি💝,mushfiq,FAVOR
413bf70eb17ffb5d,"If mushfiq wouldn't be miss that wicket so I Think Bangladesh won the match, even then Bangladesh well played against to NzL",mushfiq,NEUTRAL
b9afae08a86e0cf9,But it was a horrible mistake that could have been avoided... If a batsman get out to a poor bowl.. That's part of cricket... If the throw goes wide part of game of someone bowl 5 noballs.. Part of game... But not what mushfiq did.. It is very poor way of being behind the wicket... It's school boy stuff.. Unacceptable... If Bangladesh go out of last four after coming close thrn mushfiq is the one to be blamed... Definitely,mushfiq,AGAINST
cc78dfcc81afbc6c,"Bangladesh team should pick Liton Das as wicket keeper batsmen,drop mithun and let mushfiq play as specialist batsmen.",mushfiq,NEUTRAL
fa205e8df50003f3,Mushfiqur should be out of world cup,mushfiq,NEUTRAL
22b97070e2e58d76,"This little Mushfiqur is a very strange Player, looks like a spot fixer... Some of his great examples would be: A T20 WC, losing against India from a winning position This WC's run out incident He just keeps on doing 😊",mushfiq,FAVOR
3d36e65b102c57a4,অনেক ভাগ্য করে বাংলাদেশ টিম একটা মুশফিক পেয়েছে।,mushfiq,NEUTRAL
82e9c877f48836ea,মুশফিক ভাই এর সাথে আমিও মক্কা মদিনা যেতে চাই,mushfiq,NEUTRAL
e28a528cfaa02182,"woow, u guy's are really Gift of God . . . ha ha nice act Mushfique , Wish u a happy married Life Mushfiqur Rhim :)",mushfiq,NEUTRAL
bafc30b6ffb50587,musfiq vai u just a beauty...!! age jantam na.... !! :),mushfiq,NEUTRAL
3a1152a9f721797e,amar prio Musfiq bhai love u bhai,mushfiq,FAVOR
ba9d890e9dd52a78,He (mushfiqur) is the man who celebrates for india's losing in twitter. Again he's the man who dances in hindi song in his wedding. Wow..appreciate it.,mushfiq,NEUTRAL
99155b2d788b3672,Kono kiso somporke na jene comment koro name. Mushy 5.3 inche ar his wife 5.1 inche. So please be careful specifically about my legend Mushfiqur Rahim.,mushfiq,FAVOR
3c617cfd92afd899,"Sobai boro boro kota bole.. ekbar nijera mate giye prottekdin valo khele dekan tho.. valo kelle tar kub naam r karap kelle shee keltei janena.. manush emon ken.. j jai boluk mushfiq vaiya always best cilen, acen, takben..❤❤.. vaiyar kann deke amar o kanna pelo😭😭😭",mushfiq,FAVOR
a0f663cff7162b7b,আমরা চাই মুশফিক ভাই আবার ফিরে আসবে।,mushfiq,NEUTRAL
db2fc0d10b8f31fc,Mushfiqur Rahim vaiyer boro ekjon fan ami.sotti khub kosto pelam jokhon sunlam t20 theke obosor niyechi..😭😭😭😭😭 I love you Mushfiqur Rahim vai.khub miss korbo tomake.,mushfiq,FAVOR
b7a54f495a41ca05,দল এবং দেশের জন্য সেক্রিফাইস করা উচিত মুশফিকের ভালো সিদ্ধান্ত শুভকামনা রইল,mushfiq,FAVOR
4c847dfdd369fb77,"We proudly Salute this Great Crickter, Musfiq was a dedicated Soul of Bangladesh Cricket for Long time, We will never foreget his Contribution in T20 . He gave us Joy & great excitement by his stylish batting. Bangladesh enjoyed many Victories through his Bat. Great Mushfiq, Great Son of Bangladesh Cricket. Our Unlimited Love & Respect to You. Allah has fixed time limit for all of us. Allah Rahmanir Rahim. Towfiq. Group leader Bohubachan.",mushfiq,FAVOR
e0d73d4e55de2330,মুশফিকের বিকল্প wicket keeper batsman বাংলাদেশে নাই। মুশফিকের অবসর নেওয়া উচিত হয় নাই,mushfiq,AGAINST
7c7ac4c5716f0cc3,@AnwarHossain-wb6xk মুশফিক টিটুয়েন্টিতে কোন বা**টা দিসে যে কৃতজ্ঞতা দেখাব?,mushfiq,NEUTRAL
64137addbc7ad01d,ওয়ানডে তে সবচেয়ে ভালো ও নির্ভরশীল ব্যাটসম্যান আমাদের মুশফিক ভাই,mushfiq,FAVOR
5372cd4f40df2860,"খুব খারাপ লাগছে, মিস্টার ডিপেন্ডেবল ব্যাটসম্যান মুশফিকুর রহিমের জন্য।",mushfiq,AGAINST
c7a8a4374cb90a31,আরেক জন চলে গেল 😭 মুশফিক ভালো করতে পারত,mushfiq,FAVOR
34d04c14745db485,"মুশফিক ভাই,আপনি আমার আইডল ছিলেন, আছেন, থাকবেন।ইনশাল্লাহ, ভবিষ্যতে বাংলাদেশকে আপনি আরো কিছু দিবেন।পরিশেষে, আপনার এই ক্ষুদে ভক্তের অভিনন্দন ও শুভেচ্ছা রইল। Love you boss💝💝💝MR15💝💝💝",mushfiq,FAVOR
f5d0758baec1ea9a,"সারাজীবন মনে থাকবে তোমায় মিঃ ডিপেন্ডেবেল সবার প্রিয় মুশফিক।শেষ বলে দলের জন্য সেই ছক্কা মারাটা সারাজীবন মনে থাকবে।দলে যখন টপ অর্ডার ব্যার্থ হয়েছিল তুমিই নেমেছিলে দলকে সামলাতে সারাজীবন মনে থাকবে।উইকেটের পিছনের সেই হাসিটা,সেই কথা বলাটা সারাজীবন মনে থাকবে❤️",mushfiq,NEUTRAL
96000d115fa37819,আবশর তো নিলেন কিন্তু আর একটা মুশফিক কত দিনে তৈরি হবে?,mushfiq,NEUTRAL
0e00543c0733536e,ভালো হয়েছে এই ১৯ এভারেজ ও ১১৫ স্টাইক রেট নিয়ে আর কী করবে। যেই সময় বয়স কম ছিল তখনি কী করছে। প্রথম ফিফটি করতে ৭ বছর লাগল ও ১৬ বছরে ১৬ টি ভালো ইনিংস নাই। তার নাম মুশফিক #টি ২০,mushfiq,FAVOR
d34a4490f7e455b8,"dus ta ki mushfiqur er aka,baccha der moto no r wide deye khela sesh korce..",mushfiq,NEUTRAL
bf86af7434f2096d,"শুধু মুশফিক এর এক ক্যাঁচ মিস এর জন্য বাংলাদেশ ম্যাচ টা হারে নাই,,,,এক ম্যাচ এ এতো নো বল এর গুরুত্বপূর্ণ সময় এ এতো বাজে বোলিং করলে ম্যাচ জিতা যায় না,,,,,সব দোষ শুধু মুশফিক আর ছিল না ওই ম্যাচ এ,আরো অনেক এর ই দোষ ছিল",mushfiq,AGAINST
3efe4e0be7e296e0,বিদায় বলার কারনে খুব কস্ট পেলাম ভালো থেকো মুশফিক,mushfiq,FAVOR
6f6ce7e23b245cea,"মুশফিক ভাই আপনাকে এভাবে সম্মানহীন ভাবে বিদায় দিতে খুবই খারাপ লাগলো,,,।",mushfiq,AGAINST
32bd61fc14ade8ca,"মুশফিকের বিদায় সাংবাদিকরা সবছেয়ে বেশি খুশি হয়েছে মনে হয়, সাংবাদিকদের বলি আপনারা ও আয়নায একবার মুখ দেখুন দেশ কে কি দিয়েছেন।",mushfiq,AGAINST
034c9accc1a627f6,সাংবাদিক ♥️ পেশাটা আমি খুব সম্মান করি। কিন্তু সাংবাদিক উপস্থাপক কিংবা রিপোর্টারের এমন লাগামহীন কথা-কে নয়।মুশফিক অবশ্যই একজন ভালো ক্রিকেটার। তার T20 ফরম্যাট থেকে বিদায় নেওয়াটা ভালোভাবে উপস্থাপন করলেও পারতেন। নিজেদের চ্যানেল এর TRP বাড়ানোর জন্য এমন একজন লিজেন্ড ও দায়িত্বশীল ক্রিকেটার-কে অসম্মান না করলেও পারতেন। মনে রাখবেন আপনাদের চ্যানেল ও একদিন এমন অফ ফর্মে যেতে পারে।,mushfiq,FAVOR
cec6397d9fb7178a,"খারাপ সময় একটা খেলোয়ারের যাইতে পারে,, তাকে নিয়ে এতো কিছু বলার কিছু নাই,,, মুশফিক যে কি রকম খেলয়ার সেটা সবাই যানে,,, আপনাদের কিছু কথা আর নিউজ এর কারনে অনেক খেলয়ার এর মন ভেঙে যায়।।।",mushfiq,AGAINST
3e8af3729214cd45,Media khub kharap .. musfiq k niye ato problem chilo akhn se obosor niye niche taow tar past khotha niye airokom report korar mane ki? se ki bangladesh team a kno obodhan rakhe ni/ ajib media,mushfiq,AGAINST
600a39967ec0c4ca,Mushfiq riyadh both should retire not only mushfiq sohan is definately best as wicket keeping no doubt,mushfiq,NEUTRAL
8b31c261473467f1,Mushfiq k niye pochanor age ayenay nije k dekhen 😡 mushfiq er dedication r kake dekhen? papon selector panel k jobabdihita howa uchit not cricketers 😉,mushfiq,NEUTRAL
ef7e6d460d9f6254,"মুশফিক ভালো খেলতাছে না তা ঠিক, কিন্তু সে তো আগে ভালো খেলছে বিসিবির উচিত ছিলো তার বিদায় তা কে সম্মানের সাথে দেওয়ার",mushfiq,FAVOR
994fa9a14862b0ab,"Bangladesh Cricket Board Jodi Nijeder Cricket System thik korte pare tahole Musfiq er Thekeo Onek boro boro Wicketkeeper Uthe asbe. With Due Respect Musfiq Bhai Kokhonoi Gilchrist, Sangakara Ba Dhoni r Level er Wicketkeeper Batter noy. Uni Onek match e Jemon Bangladesh ke Jitiyechen temni Onek match e Bangladesh ke Dubiyechen. Aro Onekdin agei unar T20 cricket theke retirement neoa uchit chilo. Eto Abeg dekhiye kono lav nei. Unar jaigai kono new Talent ke chance deoa jabe.",mushfiq,NEUTRAL
323f6ec04afb38c9,"আগে পারিবারিক শিক্ষা গ্রহণ করুন, পরে মানুস হোন, তারপরে সমালোচনা করার যোগ্যতা অর্জন করুন, তারপরে কাউকে সমালোচনা করুন। আরে ভাই মুশফিককের পারফরমেঞ্ছ দেখে আমি নিজেই উনাকে সহ্য করতে পারছিলাম না। কিন্তু উনাকে তো একটাও বেয়াদপ সুলভ বাক্য বলি নি এবং এটাই হল আমার পারিবারিক শিক্ষা। মনে কিছু করবেন না, আপনি বয়সে আমার বড় হবেন, কিন্তু ছুটদের কাছ থেকেও অনেক কিছু শিখার আছে।",mushfiq,AGAINST
75f634d607b025e1,ভাই মুশফিকের অবদান আসলে ভুলবেন না বুঝছেন। আপনারা যে প্রতিবেদন তৈরি করেন প্রতিবেদন তৈরি করার আগে চিন্তা করবে জোকার সম্পর্কে প্রতিবেদন তৈরি করেছেন এবং সে মানুষটা কে। আপনি মাঠের বাইরে বসে বসে প্রতিবেদন বানান।,mushfiq,AGAINST
56dbed02db2f2378,মুশফিক অবশর নিসে কিন্তু সাংবাদিকেরা তাকে এগুলা বলে অপমান করতেসে কান????,mushfiq,AGAINST
1decb63cba6dce67,দয়া করে মুশফিক কে নিয়ে কেউ বাজে কথা বলবেন না মুশফিক বাংলাদেশ কে অনেক কিছু দিছে ৬ থেকে ২২ পযনত দেখুন,mushfiq,AGAINST
3df22c637c170ce9,"ইদানিং দেখা যাচ্ছে সময় টিভির প্রতিবেদনগুলো নেগেটিভ বেশী। আপনার জাতির আয়না, চেষ্টাকরুন পজিটিভ প্রতিবেদন করার। মুশফিকুর রহিম তিনি এদেশের ক্রিকেটের জন্য যা দিয়েছেন তা আর কতজন দিতে পেরেছেন। ওনার বিদায় বেলায় এ ধরণের অসম্মানজনক প্রতিবেদন আপনারদের রুচিশীলতার পরিচয় বহন করে।",mushfiq,NEUTRAL
b4388c083020b536,আসলে দেশের কিছু সাংবাদিক নিউজটা দেখে খারাপ লাগল কেন মুশফিকের রহিম অবসরে আপনার এত বাজে মন্তব্য দেশের জন্য তিনি তার অবদান শিকার করতে হবে তাকে ধন্যবাদ জানাও আপনি নিউজ করে দেশে খেলোয়াড় বিরান্ত করবেন না,mushfiq,AGAINST
dcb03c0c7947aa66,মুশফিককে ছোট করে সংবাদ উপস্থাপন করাটা অভদ্রতা।,mushfiq,AGAINST
5ca9086f3f5b4047,"রিপোর্টার সাহেব, মুশফিকের সাথে আপনার কি কোনো ব‍্যক্তিগত শত্রুতা আছে?",mushfiq,NEUTRAL
ce2732c9e38660df,"সাংবাদিক চেস্টা করেছে, শুধু মুশফিকের খারাপ দিকগুলো ই তুলে ধরতে, ভালো কিছুই কি করে করে না??এতো খারাপ করে ও এতোবছর খেলে গেলো কিভাবে? সাংবাদিক??",mushfiq,NEUTRAL
1b1ee14b426765b7,"আপনি কিভাবে ক্রিড়া সাংবাদিক হইলেন তা নিয়ে আমার দৃঢ় সন্দেহ আছে, মুশফিক মুশফিক তার ১৫ বছরে ক্যারিয়ারে বাংলাদেশকে, কোন অংশে কোথাও কম দেয়নি..?? বরং নিজেকে জিজ্ঞেস করুন, জীবদ্দশায় আপনি দেশকে কি দিয়েছেন..???",mushfiq,AGAINST
aa90dd143ce8f916,বাংলাদেশের নাগরিক হিসেবে এটা বিসিবির কাছে আমাদের আবদার মুশফিকের পানিশমেন্ট দেওয়া উচিত তাহলে আর দ্বিতীয় বার করা করবে না,mushfiq,NEUTRAL
3edafc21562adbfb,"আসলে ব্যাপারটা হলো মুশফিকুর রহিম বলেছেন বল জখন উপরে উঠেছে আমি আমি বলেছেন তার পরেও নাসুম আহমেদ এর সরিরের সাথে লেগে যাওয়াতে ধৈর্য্য ভেঙে একটু খারাপ আচরণ করেছিলেন রহিম ,, আসলে খেলার মাঠে মাঝে মধ্যে এরকম হয় তবে নাসুম আহমেদ কে সরি বলা উচিৎ 🤔",mushfiq,AGAINST
8f6da606277e88da,মুশফিকদের মত সিনিয়র খেলোয়ার যদি এরকম আচরন করে তাহলে সিনিয়র খেলোয়ারা শিখবে কিভাবে আমার মতামত মুশফিকুর রহিমের শাস্তি পাওয়া উচিত তা না হলে ভবিষ্যতে অন্য খেলোয়ার এরকম আচরণ করতে সাহস পাবে,mushfiq,NEUTRAL
3647e5b01aee926c,Mushfiq ar hate glopf silo oikhane mushfiq vai sason korsilo,mushfiq,AGAINST
6e433b144583897d,Mushfiqur has no idea how ashamed will he feel in front of his family and friends!! Not a gentleman's act😌😌,mushfiq,AGAINST
c21f5cfc7a2cfdbd,Amra musfiq k support kori sobai... Asha kori tini vul ti Bujhte parben,mushfiq,FAVOR
b0926c89c6f520ce,"i repeat , mushfiqur raheem is the second version of kamran akmal 😝😝😜😜",mushfiq,NEUTRAL
353be8aa37761101,you are right musfiq.. we do have respect with india but it will fighting match... believe me,mushfiq,FAVOR
c97133a106644b55,Mushfiq is Bangladeshi he is the best,mushfiq,FAVOR
a6ba603db668f095,"Mushfiqur rahim wrote well. What about kohli, when he showed tongue to tigers. Indians you should be sad . In the ct 17 pakistan beat india",mushfiq,NEUTRAL
48ea66daa71a0514,mushfiqur rahim accah kiya ha.. india ke sath ma accah behave kiya ha,mushfiq,NEUTRAL
3e1ab12ac33c6fd3,"yes musfiq said bad....but listen, guys mistakes can hapen. take it easy.",mushfiq,AGAINST
df00755312b04c63,mushfiq is die hard fan of west Indies.His favorite player is brian lara. every year he and his family celebrate laras birthday. so I think it was a mis usternding.,mushfiq,NEUTRAL
509d0759d094d508,"Bangladesh is becoming another Pakistan. Of course, they are a version of Pakistan by birth, but they are dragging that in cricket also. And Mushfiqur or Mushik, (rat in Hindi) whatever, be happy with your third class cricket in your fourth class country, do not beg to play in IPL.",mushfiq,NEUTRAL
b9b70ff158625011,তরুনদের নিয়ে বলা কথাগুলো খুব ভালো লাগলো মুশফিক ভাইয়ের।।।,mushfiq,FAVOR
990e90710ee38d67,যেখানে প্রতিযোগিতা টা সবচেয়ে বেশি প্রাধান্য সেখানে আবেগ আর ভালোবাসার কোনো স্থান থাকে না....বাংলাদেশের ক্রিকেটে মুশফিকুর রহিম একটা নাম নয় একটি ইতিহাস লেখার কলম ও বলতে পারেন যে কলম দিয়ে লিখেছে বাংলাদেশ ক্রিকেটে র অনেক ইতিহাস ... তবে তারুণ্যের নির্ভর হতে হলে অবশ্যই নতুন কে সুযোগ দিতে হবে ... শুভ কামনা রইল প্রিয় মুশফিকুর রহিম ও নুরুল হাসান সোহানের জন্য।,mushfiq,FAVOR
658464421c113bbb,"মুশফিক বেস্ট এটা সবাই জানে, সে আর বেসি দিন থাকবে না,, তাই সোহান কে এখন থেকে দলে নিয়মিত রাখা উচিত,, এটা দুসের কিছু না",mushfiq,NEUTRAL
6f3a382c17ed5c4e,"মুশফিকুর রহিম যতদিন ক্রিকেটে আছে, ততদিন মুশফিকুর রহিম কিপিন করবে। তার জায়গায় অন্য কাউকে দেখতে চাই না।",mushfiq,NEUTRAL
d05a12611b9acdd8,"মুশফিক ব্যাটিংয়ে যতটা বেস্ট, কিপিং এ ততটা ভালো না। তাই অন্যদের সুযোগ দেওয়া উচিত।",mushfiq,FAVOR
3cb718050855f3d6,সোহান একটা সিরিজ খেলে..... হায়! মুশফিক ভাইয়ের সাথে তুলনা? হয়না।,mushfiq,NEUTRAL
5f8535df0f261ff6,Mushfiqur Rahim'er replacement acheto? Khub chintar bisoy Bangladesh cricket teamer ki je hobe ekhon.,mushfiq,NEUTRAL
9832b4b0ffe28059,@mohammadabdullahalkawsar8934 I think sohan will be a great replacement as a wicket-keeper batsman for mushfiq,mushfiq,FAVOR
42c4ce8290f365b5,Mushfiq is a good cricketer in Bangladesh ...I like him....go ahead...,mushfiq,NEUTRAL
233948303931bd8a,who the hell is this dude wearing mushfiq's t-shirt? This guy needs to be slapped. why is he so physical with the guy . Is he a policeman?,mushfiq,NEUTRAL
c2c23ed99e46b190,Mushfiq k jatio dol theke bad dewa hok.....,mushfiq,AGAINST
eb71e68143219b61,মুশফিকের দশর্ককে কথা বলা উচিত হয়নি। আর দর্শকটির মুশফিককে কথাগুলা বলা খুব উচিত হয়েছে। কিছু মানুষের কমেন্ট দেখলে এটাই মনে হচ্ছে।,mushfiq,NEUTRAL
8c7ef39d118e6920,"মুশফিক কে দর্শক গালি দিসে তাই সে প্রতিবাদ করসে। আপনারে গালি দিলে তো বাপ ভাই এক কইরা ফেলেন, আর মুশফিক প্রতিবাদ করলেই দোষ?",mushfiq,AGAINST
e6b2c4727ab70a3d,"দর্শকদের খারাপ ব্যবহার মেনে নেওয়ার মতো নই, মুশফিক একজন অত্যন্ত নম্ন এবং ভদ্র, সে রেগে যাওয়া মানে দর্শক অতিরিক্ত বেয়াদবি করার কারন",mushfiq,AGAINST
110cc763c6c43500,মুশফিকুর রহিম এটা বেয়াদবি করেছে কারণ দর্শক অনেক কিছুই বলে কিন্তু এটা মনে করলে তো হবে না,mushfiq,NEUTRAL
fcb2ad3a3bffbf32,মুশফিক ভাই কে আরো ৬ বছর জাতীয় দলে চাই টেষ্ট ফরমেটে🙏🫶,mushfiq,NEUTRAL
d7d33ecd38621a78,মুশফিক অনেক ইমোশনাল ট্রলিং মেনে নেওয়া অনেক কষ্টের হয় এটা আমার মনে হয়।,mushfiq,NEUTRAL
db4bdec59040539a,মুশফিকুর রহিম অনেক বড় খেলোয়াড় বাংলাদেশের বড় ভালো খেলোয়াড় আমি ওনার ফ্রেন্ড কক্সবাজার থেকে,mushfiq,FAVOR
3b71645f124e819f,মুশফিক ভাইয়ের ভাবি কে বলা ঈদ মোবারক এবং আমি তোমাকে ভালো বাসি বলা টা অনেক জোস হইছে।,mushfiq,FAVOR
822d6221c9171c33,"আমার একজন পছন্দের মানুষ মুশফিক ভাই, তাঁর সঙ্গীনি কে দেখে ও ভালো লাগলো একজন হিজাব পরিধান করা নারী মাশাআল্লাহ। উভয়ের জন্যে শুভকামনা রইল।",mushfiq,FAVOR
cbd0225681ed0a06,মুশফিকুর রহমান ক্রিকেটার কে আমার খুবই ভালো লাগে সবাই খেলা নিয়ে অবহেলা করলেও শেষ পর্যন্ত উনি খেলা চালিয়ে যেতেন সততার সাথে,mushfiq,FAVOR
ff488d05d3d2f2f2,"ভাই পুরো ভিডিও টা দেখলাম,,এতো ভালো লাগলো,এতো ভালো লাগলো,,সামি ভাই কে অনেক ধন্যবাদ,আর মুশফিক ভাই আর ভাবির জন্য দোয়া রইল।❤❤❤❤",mushfiq,FAVOR
5955df3cc09ceccc,মুশফিক হলো আমাদের সম্পদ! বাংলাদেশ ক্রিকেটের উচিত এইটার প্রোপার ইউটিলাইজ করার!,mushfiq,NEUTRAL
c35e99f50758f919,"Best wishes for Mushfiq vai and Bhabi. Best wishes for Sami vai as well. Thanks for such a lovely program, Sami vai.",mushfiq,FAVOR
ee0f48cbf5371ca4,অনেক ভালো লাগলো মুশফিক তোমার পরিবারের জন্য অনেক অনেক দোয়া। তোমার বউ আসলেই খুব ভালো মেয়ে। আমি বগুড়ার তোমার এক আন্টি।,mushfiq,FAVOR
a0b9deb1edf8d7b9,মুশফিক ভাই কে ওয়ানডে জাতীয় দলে দেখতে চাই 🤚,mushfiq,NEUTRAL
777259e7d9215d66,অবশেষে জানলাম মুশফিক ভাই ভালো ডান্স ও পারে 😂😂😂,mushfiq,FAVOR
55e9c245a9fa218a,"তিনটা ব্রেকাপ হয়েছে শুধু একটা চাহিদা না মেটাতে পারার করার জন্য। তারা শুধু একটা জিনিষই চেয়েছিল,আমি যেনো তাদের মুশফিকের চাইতে বেশি ভালবাসি",mushfiq,FAVOR
4c909f47e3dbb6f2,Musfiq bhai k after retirement Bangladesh team ar fitness trainner niyog daoa uchit..,mushfiq,AGAINST
c10d7af24b4cddac,জানি ধার্মিক তবু বলতে চাই নায়েকা সনিয়া মত লাগে দোয়া করি ভালো থাকে ভদ্র মানুষ মুশফিকুর রহমান,mushfiq,FAVOR
97b40b1cb2e61ed6,আমার সাদা মনে একটাই প্রশ্ন মুশফিক ভাই খাটে কিরকম খেলে,mushfiq,NEUTRAL
5ccf9ab36a2f2b35,"মুশফিক ভাই আমার প্রিয় খেলোয়াড়। কিন্তু এই আঙ্কেল (মুশফিক ভাইয়ের বাবা) কিন্তু একটা মারামারি করে মার্ডার মামলার আসামি হয়েছিলেন একবার। তো, মামলা টা কি আইনি প্রক্রিয়ায় শেষ হয়েছে নাকি মুশফিক ভাইয়ের সুনামের কারনেই শেষ হয়েছে? তখন তিনি ক্যাপ্টেন ছিলেন।",mushfiq,NEUTRAL
087e83ac240075bc,Mushfiqur Rahim - 191 Pakistan All team- 146 Mushfiqur won by 45 runs 😂😂😂😂😂 Btw 30/0 was fantastic 😂😂😂😂😂,mushfiq,NEUTRAL
4e6205af730a2dd7,"Banna hai toh DHONI ya SANGAKARA bano, Mushfiqur Rahim nahi !!! 😂😂😂",mushfiq,NEUTRAL
fd7adc4287c9cf64,Mushfiqur is reflection of Bangladesh cricket… “Kiddo”,mushfiq,NEUTRAL
db762980245fd68d,Shame on you mushfiq bcz you should not be selfish also try to learn what is humanity,mushfiq,AGAINST
89467bbc16c1f3f4,Bc fielder apni jagah py khara h mushfiqur khud bech m a k phas ra h. 👿👿,mushfiq,NEUTRAL
388bb394cb6381f7,Odr ki regret nai mone korsen naki apni khali ekai khela dekhen? R mushfiq k niye moja nen kno? R apni ki future dekhte paren? Ekhon shobai khali future predict kore,mushfiq,NEUTRAL
2a113fd9a9e1424f,ভাই ছানদু খেলা মাঠে কি তুমি ছিলে...না কিন্তু আমি ছিলাম আমি দেখেছি বিশ্ব সেরা জোয়া চোর ওনি নাকি ক্যাপ্টেন ওনার ক্যাপ্টেন্সি কোনোভাবেই ঠিক ছিল না এবং মুশফিকুর রহিম গতকালকে অনেক ক্লান্ত ছিলেন তাই আমরা হারছি।,mushfiq,FAVOR
6b397fda8424f848,মুশফিক ভাইকে বল দেশে ফিরলে আর আসার দরকার নেই 😂😂😂,mushfiq,NEUTRAL
4a45678bcf7c9b99,আমাদের বিবেক আজ কোথায়। আমার কিন্তু বার বার ভুলে যাচ্ছি যে আজ আমাদের বিসিবি ৯০০ কোটিরও বেশি সম্পদের মালিক। যার পেছনের মহা নায়ক এই পঞ্চপাণ্ডব। কিন্তু আমরা বার বার তা ভুলে যাই।। তাই স্বাগত জানায় মি. ডিপেন্ডেবল’ মুশফিকুর রহিম এমন বুদ্ধিদীপ্ত সিদ্ধান্ত নেয়ার জন্য।,mushfiq,NEUTRAL
93a970899380ca24,ভাই যে যত যাই বলুক.. মুশফিক ভাই অবশ্যই একজন দুর্দান্ত খেলোয়াড়.. তবে তার অবসরে যাওয়ার সিদ্ধান্ত ঠিকই আছে.. ক্রিকেট প্রেমিকরাই এটা বুঝবে..🙂🙂,mushfiq,AGAINST
04c0a42598ffae2b,"ভালো খেলুক কিংবা খারাপ, হাজার ম্যাচ হারার কারণ হোক,হাজার বার ক্রিকেট ভক্তের স্টোরি তে এই লিখা টা যদি থাকে “মুশফিক তোমার জন্য ম্যাচ হারালাম” তাও সে আমার চোখে সেরা,সেরাদের সেরা,সবসময় সেরা♥️😇 Dear Mushfiq:Don’t worry,Your real fans are always with you. Support you.Never give up ♥️✨ #MR15 Mushfiqur Rahim",mushfiq,FAVOR
a3fd8cd33894d2da,মুশফিক ভাইয়ের জন্য দোয়া রইল তিনি আরো ভালো খেলবেন ইনশাআল্লাহ,mushfiq,FAVOR
6796041ac54749e2,Alhmdulilah Bangladesh দূততম সেঞ্চুরি সেঞ্চুরিয়ান musfiqur Rahim This is best player,mushfiq,FAVOR
3ed719f3947fbdcb,"অভিনন্দন প্রিয় মুশফিক ভাই, আমরা আপনাকে নিয়ে গর্ববোধ করি। আল্লাহ আপনার সম্মান দুনিয়া এবং আখেরাতে আরও বৃদ্ধি করে দিন।🤲💙",mushfiq,FAVOR
4af6d08b85850327,"শালার জন্য আমরা সুযোগ পাই না খেলতে, মুশফিক ১০০ম্যাচে কত রান করেছে, তার থেকে আমাদেরকে অধেক সুযোগ দিলে তার থেকে বেশি রান করবো ইনশাআল্লাহ,❤, আমার মনে হয় তার অবসর নেওয়া উচিত, তাহলে ক্রিকেট আরো উন্নত হবে বিশেষ করে বাংলাদেশের 🎉🎉🎉",mushfiq,AGAINST
6722d01d634d7622,মুশফিক ভাই কে ওয়ানডে জাতীয় দলে দেখতে চাই 🤚❤️,mushfiq,NEUTRAL
0121271847789e14,এই বয়সেও মুশফিক ভাই থেমে নেই ভালোবাসা রইলো ১৫ 🎉❤❤❤,mushfiq,FAVOR
e540645139d42f0a,ওডিয়াই তে ৪-৬ পজিশনে মুশফিকের বিকল্প এখনো তৈরি হয়নি!,mushfiq,NEUTRAL
aac4f3bf062d48da,মুশফিক কোনদিন টি-টোয়েন্টিতে ৫০-৫৫ গোল ১০০ রান করে পড়ছে,mushfiq,NEUTRAL
621d96dea18ee1ec,musfiq amader bogurar king.. bangladesh ar manush ar valobasa,mushfiq,FAVOR
366a7085640fd8e3,মুশফিককে স্যালুট অন্য সিনিয়ররা যখন চুপ তখন ঠিকই আপনি সবার পক্ষ থেকে প্রতিবাদ জানিয়েছেন। আর এহতেমাম সবুজ ভাই আপনার প্রশ্ন হলো মুশফিক শিখবে কবে।? সেটার উত্তর হলো - আপনারা সাংবাদিকতা ছাড়বেন যেদিন।,mushfiq,AGAINST
47cebb0c47e1179e,"ভালো কাজ কাম না থাকলে যা হয় আরকি সাংবাদিকদের, বাংলাদেশ বলে রিপোর্ট করতে পারছেন, অন্য দেশ হলে বুঝতেন আপনাদের লিমিট কতোটুকু, মুশফিক ভাইয়ের অবদান ভুলে যাওয়ার মতো না❤️❤️",mushfiq,NEUTRAL
de5fb04a39b3bead,মুশফিক সঠিক ধন্যবাদ মুশফিক ভাই তারাই তো দেশের সম্পদ।তাদের অপমান না করে সরাসরি বলে আনুষ্ঠানিক ভাবে বিদায় দিলেই তো হয়,mushfiq,AGAINST
2fe1ff3bb15f6b04,ধন্যবাদ মুশফিক ভাইকে.... বোর্ড যখন সম্মান দিতে পারবে না.... তাহলে ক্রিকেটাররা কেন সম্মান দেবে,mushfiq,AGAINST
680c456468e5af0e,"খুব খারাপ লাগলো, ছোটলোক সাংবাদিক যখন মুশফিককে নিয়ে কথা বলার সাহস পায়। আসলেই বাংলাদেশে কোন বিচার নাই।",mushfiq,AGAINST
5a008e01d97871d0,"মুশফিক একদম ঠিকঠাক আছে, ওনি একজন সিনিয়র ক্রিকেটার, বাংলাদেশ ক্রিকেটে মুশফিক ভাইয়ের অবদান অতুলনীয়, ওনার ব্যপারে কতা বা সিদ্ধান্ত নিতে ভেবে চিন্তে নেয়া উচিত। আপনাদের মতো সাংবাদিকের কারণে বাংলাদেশ ক্রিকেটের এই দুরাবস্থা।",mushfiq,AGAINST
5716f329551be8b6,মুশফিক পরিনতই আছে। একজন দর্শক হিসেবে আমার প্রশ্ন আপনার মতো সাংবাদিকরা পরিনত হবে কবে???,mushfiq,AGAINST
deee2928058e58a4,"মিস্টার সাংবাদিক ভাই আপনি যে কথাগুলো বললেন না মুশফিককে নিয়ে এই কথাগুলো বলার আগে বিসিবির কাছে যে জানতে চান, তাদের কি করা উচিত সিনিয়র ক্রিকেটারদের সাথে, কিভাবে সম্মান দিতে হয় সিনিয়র ক্রিকেটারদের, সেটা তাদেরকে শিখিয়ে আসেন তারপর না হয় ক্রিকেটারদের ভুল ধরা যাবে।",mushfiq,AGAINST
599bda9c576fe5de,মুশফিক এভাবেই চলবে। আই লাভ মুশফিক ❤️❤️।সাংবাদিকতার করার মতো মন হয় কেউ না খেলাযোগে😡। আপনারা সিনিয়রদের নিয়ে এবাভে বাজে কথা বললে আপনাদেরই জনপ্রিয়তা কমবে।,mushfiq,AGAINST
871a8d247bf494b3,মুশফিক কে নিয়ে কথা বলার আগে ভালো করে ভেবে চিন্তে কথা বলেন। মুশফিকের ভালো দিক গুলো কি আপনাদের চোখে পরে না???নাকি দেখে ও না দেখার বান করে??? কোনটা,mushfiq,FAVOR
ed40d56d18a00174,মুশফিক ভাই এরা কম কথা বালার যথেষ্ট যুক্তি আছে ✌️,mushfiq,NEUTRAL
591edf9a5e7cabe6,মুশফিক ভাইকে নিয়ে এমন কথা বলা উচিত হয় নি সাংবাদিকদের,mushfiq,AGAINST
555a40c13b798afc,সাংবাদিক মনে হয় মুশফিক ভাইয়ের জন্য বাংলাদেশ ন্যাশনাল টিমে চান্স পায় নাই। তাই ভুলভাল সমালোচনা করেছে🙄,mushfiq,AGAINST
23b34d29de024c8f,Sorry Bai musfiq tar jaigai thik achen apnara aktu bujen ar pusing ta Bondo raken pls.,mushfiq,NEUTRAL
91b82e5ccc85f0cd,উচিত কথার কোনো দাম নেই মুশফিক ভাই 😍😍😍😍😍,mushfiq,NEUTRAL
31681bfe18d87f47,"মুশফিক যথেষ্ট ম্যাচিউর, আর বাংলাদেশের সাংবাদিকরা এর কাজ হলো তিলকে তাল বানিয়ে তা বড়ো করে প্রচার করা।আমি মনে করি সাংবাদিকদের আরো ম্যাচিউর হওয়া প্রয়জন।",mushfiq,AGAINST
28de618161743cb7,আপনার সাংবাদিকতা আমাদের গ্রামের ফেইসবুকে খবর দাতার থেকেও নিম্ন মানের। মুশফিককে পরিনিত হওয়া শিখানোর অাগে নিজে পরিনত হতে শিখুন নাহলে আপনাকে নাপিত ছাড়া কোনো বলা উচিত হবে না।,mushfiq,AGAINST
41ff0a2410aba432,Mushfiqur rahim always best... 2 diner rasel domingo er jonno senior der Bash dile senior ra ki cara dibe naki,mushfiq,FAVOR
62acfe153971fa3e,"Mushfiq er kachhe ki asha kora jay kina, seta apnar kaj na riasat... be matured and grow up..",mushfiq,NEUTRAL
c20c5d31ca2e5e41,মুশফিকের টয়লেটে কি কি রাখা আছে আমরা জানতে চাই। অপেক্ষায় রইলাম আপনার ধারাই সম্ভব হবে।,mushfiq,NEUTRAL
bf0f4d43a57d7006,সাংবাদিক এর কারনে বাংলাদেশ cricket এর এই অবস্তা হাজী মুশফিক সাহেব ভালো,mushfiq,FAVOR
a363fb358061a3fe,আমার মনে হয় সমস্যা টা আপনার মুশফিক ভাইয়ের না। নিজেকে পরিবর্তন করুন পজিটিভ দিক নিয়ে নিউজ করুন দেখবেন প্লেয়াররা সেখান থেকে মোটিভেশান নিয়ে ভালো পারফরম্যান্স করবে,mushfiq,FAVOR
f711fd648a6eb6b6,সাংবাদিকরা আছে ভুল পথে মুশফিক আছে সঠিক পথে,mushfiq,AGAINST
634ffca4de667333,এখনো কি বাচ্চা নাকি মুশফিকুর রহিম ভাই 🤔🤔🤔!!!,mushfiq,NEUTRAL
ba7f9dcbefba723e,"ভাই এটা নিয়ে সংবাদ করার কি প্রয়োজন। একজন প্লেয়ার যদি ঘুমায়, পরিশ্রম করে এখানে দোষের কি ভাই। মুশফিক ভাই এর কি কোন স্বাধীনতা নাই। সে কি বোর্ড এবং আপনাদের পরামর্শে চলাফেরা করবে। এখানে আমরা তো কোনো বিতর্কের কিছু দেখি না। আপনাদের মত সাংবাদিক রায় সামান্য বিষয়টাকে অনেক বড় করে তোলেন।",mushfiq,AGAINST
02a52a965b64e1b8,মনটা তো খারাপ হচ্ছে কিন্তু কিছু করার নাই আগে দল দেখতে হবে তারপর ব্যক্তিত্ব আমার মনের মুশফিক ভাই সঠিক সিদ্ধান্ত নিয়েছে 😭😭😭,mushfiq,AGAINST
e4b0676cd740fc9e,বড় কষ্টের বিদায় এভাবে বিদায় মেনে নেউয়া জায় না .তবুও মেনে নিতে হয় .বেড লাক এন্ড গুড লাক .পিয় মুশফিকুর রহিম ভাই.,mushfiq,NEUTRAL
dc86b68e1c492fd2,মিস করবো মুশফিককে...! আসলে তার বাংলাদেশ ক্রিকেটে অনেক অবদান আছে!আসলে মানুষের সব সময় এক রকম যায় না!!,mushfiq,NEUTRAL
cb366d82f6346ebd,"আমাদের জেতা ম্যাচগুলর ভিডিও কিলিপ দেখা উচিৎ। মুশফিকের ভালো ইনিংস গুলোয় দলকে জিতিয়েছে।এরকম পারফর্ম আর ৪-৫ টা দলে থাকলে ৯০% ম্যাচ বাংলাদেশ জিততো,এটা আমার সুচিন্তিত মতামত ও বাস্তব দর্শোন।",mushfiq,FAVOR
323ca3f9eb5f64be,মুশফিক একজন ভালো খেলোয়াড় ছিলেন মিস ইউ মুশি 😢😢,mushfiq,FAVOR
b5ae89d3bec68bc6,"বাংলাদেশের সবচেয়ে পরিশ্রমী খেলোয়াড় সবার পছন্দের মুশফিক, দোয়া রইলো তার আগামী দিনের ওয়ানডে এবং টেস্ট ভালো খেলবে, Love u Musfiqur.",mushfiq,FAVOR
17b3ab76edcf4246,মুশফিক ভাইয়ের জায়গায়ই যে আসবে সে যেনো ভালো কিছু করে দেখাই,mushfiq,FAVOR
cb3d99ebd562dce1,"Mushfiqur Rahim tomake Bangladesh bujte pareni,tomake miss korbe Banglar cricket.......!",mushfiq,NEUTRAL
faba93c5210a52f1,মুশফিক ভাই এইভাবে চলে যাওয়া খুব খারাপ লাগলো,mushfiq,AGAINST
42a3d271c99c15cd,Ridoyer sobtoku dei lal sobujer potekar jonu kibabe kelte hoi seta obsoei dekace akti cricket pemi desh.je deshtar cricketai je aktukro prem aktukro abeger gaiga sekhan theke bulata je kotu koster ta akta commente bujanu nirsondehei sumbobna.really miss you😂😂😂love you musfiq love for Bangladesh cricket.🇧🇩🇧🇩🇧🇩🇧🇩,mushfiq,FAVOR
c105cb8fd6f61341,মুশফিক টি টুয়েন্টি তে খেলা মানে 2 জন প্লেয়ার কম খেলানো। সো মন খারাপ এর কি আছ্র।,mushfiq,AGAINST
6803d822db6f2b56,আরো আগেই বিদায় নেয়া উচিৎ ছিল। সম্মান নষ্ট করে বিদায় নিতে হল। ধন্যবাদ মিস্টার ডিপেন্ডেবল’ মুশফিকুর রহিম।,mushfiq,AGAINST
c4b83d27d0e2d964,আমাদের গর্ব করার মতো প্লেয়ার মুশফিকুর রহিম ভাই নাজমুল হাসান পাপন আমাদের বাংলাদেশের ক্রিকেটকে এমন ক্ষতি করে যাচ্ছে এই ক্রিকেটার কোনদিন হয়তো ভালো কিছু আশা করা যায় না ভালো ভালো পিলিয়ার ব্যাটসম্যান সবাইকেই বসিয়ে রাখে ইচ্ছে মত দল চালাইতেছে যা খুশি তাই করে বেড়াইতেছে আমরা কবে পাবো এই পাপনের হাত থেকে রক্ষা বাংলাদেশ ক্রিকেট বোর্ড,mushfiq,FAVOR
0c220d7f285aa24b,Dekhpo natun ra ki kore 🙂 love you musfiqur rahim ❤️,mushfiq,FAVOR
536b027740a80c80,"মুশফিক ভাইয়ের জন্য আসলে খারাপ লাগলো, তবে ওয়ানডে ও টেষ্টে ভালো করবে ইনশাআল্লাহ,",mushfiq,FAVOR
88ab1dbcb3f201ad,ভাই আমার মন অনেক ভালো কারণ মুশফিক t20 খেলার যোগ্যতা রাখে না ওর জন্য odi ঠিক আছে সর্বোচ্চ,mushfiq,FAVOR
669ab949665dc046,মুশফিকের এই সিদ্ধান্ত আগেই নেওয়া উচিৎ ছিল। তাহলে তার বিদায়টা এত খারাপ হতনা। একটা খেলোয়ার সব ফরম্যাটে ভালো খেলতে পারবে না। সেটা মুসফিকের বুঝতে দেরী হয়ে গেছে। আশা করি ওয়ানডে ও টেস্টে সে আরও সাফল্য এনে বাংলাদেশ টিমকে।,mushfiq,FAVOR
ae24f7014ff0003b,মুশফিক বাংলাদেশের জন্য যা করছে তা খারাপ নয়,mushfiq,AGAINST
c069e483c09b8cc7,আমার বলার মতো কোনো ভাষা নেই খেলোয়াড়দের মধ্য একমাএ ধৈর্য্যশীল খেলোয়াড় ছিল মুশফিকুর রহিম T20থেকে সে আজকে বিদায়ের ঘন্টা বাযিয়ে দিল তার জন্য রইল সোভকামনা😂😂😂😂😂😂😂😂😂😂😂😂😂,mushfiq,NEUTRAL
26bb35b5f35e7b86,আমারা যতোই বলি মুশফিক টি২০তে আর চলে না। কিন্তু এই মুশফিকের বিকল্প এখনো তৈরি করতে পারে নাই বিসিবি!,mushfiq,NEUTRAL
009a1611ef5fdf2b,"ওই ভক্তরাই গতকাল সমালোচনা করছিল,, যে মুশফিককে আর দরকার নেই",mushfiq,AGAINST
24521a3602e75d7c,"ভারতের মতো রাষ্ট্রে বিরাট কোহলি দুই বছর ধরে খারাপ খেলে অথচ সমালোচনা করছে ঠিক আছে কিন্তু কখনো তাকে বাদ দেওয়া হয়নি দলে ঠিকই রাখছে আর আমাদের মিস্টার ডিপেন্ডেবল মুশফিকুর রহিমকে পাঁচ ম্যাচ খারাপ হলে তাকে নিয়ে দলে বাদ দেওয়া নানান সমালোচনা , এরকম শুধু এদেশেরই বাংলাদেশের বোর্ড বলে কথা",mushfiq,AGAINST
57a6c3a7b3e6e042,"We proudly Salute this Great Crickter, Musfiq was a dedicated Soul of Bangladesh Cricket for Long time, We will never foreget his Contribution . He gave us Joy & great excitement by his stylish batting. Bangladesh enjoyed many Victories through his Bat. Great Mushfiq, Great Son of Bangladesh Cricket. Our Unlimited Love & Respect to You. Allah has fixed time limit for all of us. Allah Rahmanir Rahim. Towfiq. Group leader Bohubachan.",mushfiq,FAVOR
5b8c9b25b23fbd70,"সত্যি বলতে খারাপ সময় সবারই আসবে, কিন্তু যাদের রিপলেসমেন্ট এখন ও হয় নাই তারা এইভাবে অভিমান করে যাওয়াটা খুবই কষ্টদায়ক.. ভূলে গেলে চলবে না বাংলাদেশের সব অর্জন এরাই এনে দিয়েছে.. সিদ্ধান্তটা T20 বিশ্বকাপের পরে নিলে খুব খুশি হতাম প্রিয় মুশফিক ভাই 😍",mushfiq,AGAINST
041acca23bc6d9ae,মুশফিকের ভাইয়ার বিদায় সত্যি মেনে নিতে কষ্ট হচ্ছে ক্যাচ মিসিং জন্য তার উপর দায় চাপানো কোন ভাবেই কাম্য নয় যখন খারাপ সময়ের জন্য সরাসরি কারও উপরে দোষ দেওয়া উচিত নয়।,mushfiq,AGAINST
904fb031552b80ba,@mysteriorakibwinbuzz9962 আমি কিন্তু মুশফিক বিদায় নিছে বলেই যে কথা বললাম তা কিন্তু নয় আমরা চাই আমাদের দেশের ক্রিকেটা অনেক দুর এগিয়ে জাক ভালো ভাবে পরিচালনা করতে তো হবে কি,mushfiq,FAVOR
ca06874d858062e4,আপনাকে আপনাকে স্মরণ করবে বিশ্ব প্রিয় মুশফিক ভাই - ভালোবাসা রইলো! ❤️,mushfiq,FAVOR
8249cb79a1e7f37e,এটা সঠিক সিদ্ধান্ত নিয়েছে মুশফিকুর রহিম নতুনদেরকে সুযোগ দেওয়া দরকার এবং নিজের ফেভারিট ম্যাচগুলোকে ভালো করে সময় দেওয়া দরকার,mushfiq,FAVOR
8d990318b58b744c,"We proudly Salute this Great Crickter, Musfiq was a dedicated Soul of Bangladesh Cricket for Long time, We will never foreget his Contribution in T20. He gave us Joy & great excitement by his stylish batting. Bangladesh enjoyed many Victories through his Bat. Great Mushfiq, Great Son of Bangladesh Cricket. Our Unlimited Love & Respect to You. Allah has fixed time limit for all of us. Allah Rahmanir Rahim. Towfiq. Group leader Bohubachan.",mushfiq,FAVOR
636b03228220cf3f,"Love you মুশফিকুর রহিম ভাই,,,,,, হয়ত এখন সময় খারাপ যাচ্ছে,,, কিন্তু আমরা বেঈমান নই,,,,,,,,,,,, দলের ভাল সময়ে আপনাকে পাশে পেয়েছি। আজ আপনার বিদায়ে আমরা শোকাহত,,,, বাংলাদেশের আজকের এই অবস্থানের জন্য আপনার অবদানকে কোনোভাবেই আমরা অস্বীকার করতে পারব না,,,,, Miss you Vai,,,",mushfiq,FAVOR
b321cd6905e32d5b,ভালো সিদ্ধান্ত। সঠিক সময়ে অবসর নিয়েছেন। মুশফিকের জন্য শুভকামনা।,mushfiq,FAVOR
64fa7373da15375a,বাংলাদেশের ক্রিকেট হিসাবে একজন সবচাইতে ভালো ব্যক্তি যাকে আমরা হারালাম মুশফিক আজীবন তোমায় মনে রাখবো,mushfiq,FAVOR
b9c4f9ae5091cba7,"Mushi Bhai try your best for one day, and test cricket... 💕 You musfiqur Rahim Bhai..",mushfiq,FAVOR
4380c4c462ef7108,Mushfiqur one of of the best plyer in our Bangladesh cricket team anytime...,mushfiq,FAVOR
012f15adc9e3b4cc,"Mushfiq is one of the cricket players in the list of my favorite players, it is very difficult to accept this departure of Mushfiq, it is very difficult for the fans to think that Mushfiq will leave suddenly like this. .Alhamdulillah, I think Mushfiqur will be appreciated by all those in charge including BCB in the coming Tests and ODIs. .",mushfiq,NEUTRAL
f65848aae2c11b98,"আমার তো খারাপ লাগছে, মুশফিকুরের বিদায়ে বাংলাদেশের আসন্ন t20 বিশ্বকাপের শিরোপাটা হাতছাড়া হয়ে গেল।",mushfiq,AGAINST
cbc5c5b9bef6c786,কার কার মনে হয় যে মুশফিক অবসর নেয়াতে বাংলাদেশ টিম এর জন্য ভালো হবে যারা এইটা ভাবছেন একেবারে তারা একেবারেই ভুল ভাবছেন।,mushfiq,NEUTRAL
f4633c164bc95f32,"মুশফিকরা তবু অবসরে যায়, বোর্ড কি কভু নিবে কিছু দায় ? ব্যর্থতার দায় কি শুধু খেলোয়াড়দের ? ম্যানেজমেন্টের কি কোনো দায় নেই ??",mushfiq,AGAINST
ba3c5b3f4f57f990,Mushfiqur...bhai...He is a very good Cricketer...And Bangladesh team....,mushfiq,NEUTRAL
3d5bb225302f8786,আজকে মুশফিক পাপনকে মুখ দিয়ে না ব্যাট দিয়ে সেঞ্চুরি করে জবাব দিয়েছে। মুশফিক ভাই salute ❤️🇧🇩❤️,mushfiq,NEUTRAL
b63504001a1be1e4,😍 আমরা চাই মুশফিক অবসর নিলে ২০২৪ ওডিআই বিশ্বকাপ খেলে অবসর নেক সম্মানের সাথে 😍👍,mushfiq,AGAINST
056ce4077f478a77,মুশফিক এর সময়টা আসলেই খারাপ যাচ্ছে কিন্তু সে প্র্যাকটিস করে দল কে ভালো কিছু দেওয়ার যথেষ্ট চেষ্টা করতেছে। বিসিবি ও কোচিং স্টাফ উভয়েরই মুশফিকের প্রতি আরও যত্নবান হওয়া উচিত।,mushfiq,FAVOR
4ae74cb09b25f84d,Mushfiq kokhonoi t20 khlete parto na. Or retire kora uchit,mushfiq,AGAINST
516355617920a7de,Papon bhai onnoke avoshore jete nah aghe nijhe jao. Mushfiq karap keltese kintu o abar comeback korbe inshallah. Mushfiq is best cricketer no doubt,mushfiq,FAVOR
2586bcbf902961cd,"আমি মনে করি মুশফিক আরো অনেক বছর দলে থাকার দরকার আছে,কারণ হলো আমাদের নতুন কোন খেলোয়াড় নেয় ভালো,যতদিন পর্যন্ত নতুন ভালো খেলোয়াড় না আসবে ততদিন মুশফিকের দলে থাকাটা খুবই গুরুত্বপূর্ণ ও দরকার।",mushfiq,FAVOR
d1f6c9cddd085d44,"খারাপ কি বলছে, মুশফিকুর রহিম টি-টোয়েন্টি খেলার যোগ্য না, ওয়ানডে এবং টেস্ট এর জন্য ই পারফেক্ট। এতদিন আবেগ দিয়ে চলেছে দেখেই আমাদের দেশের টি-টোয়েন্টির এই অবস্থা। মুশফিকের খেলা দেখলে এখনো মনে হয় সে মাঠের নতুন খেলোয়ার। কঠিন মোমেন্টে নতুনদের মতোই হাঁটু কাঁপে।",mushfiq,AGAINST
2f7ecd076a7daaed,মুশফিকের সাথে সাথে পাপন আর অযোগ্য লোকদের ও অবসর নেওয়া উচিত,mushfiq,AGAINST
c9091ac91cde7f60,মুশফিক ভাইয়ের এখনই অবসরে যাওয়ার মতো সময় আসে নাই মনে হয়।,mushfiq,AGAINST
7413562445678791,"মুশফিকের। উচিত সব ক্রিকেট থেকে অবসরে গিয়ে,,, তাদের উচিত শিক্ষা দেয়া।",mushfiq,AGAINST
ffc6460f70f020b1,মুশফিক ভাই কে অনেক অনেক ভালোবাসতাম কিন্তু কাল কের ব্যবহার এর জন্য খুবই লজ্জিত । কারন কিনি দীর্ঘ ১২ বছর ধরে বাংলাদেশ টিমে খেলে আসতাছে তার কাছ থেকে তার এমন ব্যবহার পাবো তা চিন্তা ও করি নাই,mushfiq,FAVOR
7b1d3e6f7e19c71d,আমার ক্রিকেট খেলা দেখার প্রথম ভালবাসার মানুষ মুশফিক ভাই!,mushfiq,FAVOR
06d38feb97aa91de,মুশফিক I don't care that he did. He is my favourite player...,mushfiq,NEUTRAL
780500d8a10900e8,মুশফিক খুবই ভালো মানুষ।। সিনিয়র হিসেবে বকতেই পারে,mushfiq,FAVOR
01a3e495fcb2ef5d,"খেলার মাঠে মুশফিকের আচরণটা একেবারে অস্বাভাবিক ছিলো না। মুশফিকের ক্যাচ নাসুম নিতে চেয়েছিল, সেখানে নাসুম ভুল ছিল। কারণ নাসুমের ভুলে ক্যাচ মিসও হতে পারতো। গ্লাভস থাকায় উইকেট কিপার দ্বারা ক্যাচ মিস হওয়ার সম্ভাবনা কম এবং পজিশন অনুযায়ীও ক্যাচটি মুশফিকের ছিল।",mushfiq,AGAINST
9bb1a3ae1b70121b,@mohammednasir5330 ছেলেটাকে বার বার লিভ নিতে বলেছিলো মুশফিক কিন্তু ছেলেটা কথা শোনেনাই এটাই ওর দোষ!,mushfiq,AGAINST
3f76f0025df75d28,"লিটনের জায়গায় যেহেতু রিদয় সুযোগ পাবে, মুশফিকের জায়গায় অমিতকে সুযোগ দেওয়া উচিত ছিলো। আর ২০বছর ক্রিকেট খেলার পরেও যদি কন্ডিশনে মানিয়ে নেওয়ার জন্য খেলা লাগে তাহলে আর কি বলবো।",mushfiq,NEUTRAL
d965fe66ba589e1d,"জিম্বাবুয়ের বিপক্ষে টেস্টে মুশফিকের বদলে হৃদয়, & লিটনের জায়গায় অমিত হাসানকে কিপিং করার জন্য একাদশে সুযোগ করে দেয়া দরকার।।",mushfiq,NEUTRAL
897165d4357b0b2c,মুশফিকের উচিত ছিলো রেস্ট নিয়ে তার জায়গায় অমিতকে খেলানোর সুযোগ নিশ্চিত করা।,mushfiq,NEUTRAL
c6e7da89c0fa80a5,"দোষটা মুশফিকেরই.. খেলার সময় হেলমেট পড়ে নি কেন??,😡",mushfiq,AGAINST
538ff0dacd72d0fb,শুধু মুশফিক না স্কয়াডে যারা আছে সবাই যেনো সুস্থ থাকে,mushfiq,NEUTRAL
96bfeb55f8a03b8c,আল্লাহ মুশফিক ভাই জেনে ভালো খেলতে পারে,mushfiq,FAVOR
a6d240da31f182f2,"Why Mr. Musfiq go for practice without hal mate. Pls Mr Papan penalty him 10,000 dollars.",mushfiq,NEUTRAL
9a51c39846a5419f,হেলমেট ছাড়া মুশফিক ভাই কেন ব্যাটিং করতে গেল? এমনিতেই ব্যাটার সংকটে ভুগতেছে দল। তার উপর ব্যাটার যারা আছে তারাও যদি ইঞ্জুরি হয় তাহলে তো দলের অবস্থা খারাপ হয়ে যাবে।,mushfiq,AGAINST
7a4f14ea02660232,ভবিষ্যতের কথা চিন্তা করে মুশফিক নয় বরং বিজয় এবং ইমনকেই ওপেন করানো উচিৎ ছিল।,mushfiq,NEUTRAL
5c181a9cb10b2812,"মুশফিক কে খুবই ভালো লাগে, হার্ড ওর্য়াকার",mushfiq,FAVOR
01e2fc4406ca7d54,"বাহ বাবা, বারার মত কথা 👏👏 শুধু মুশফিক ই না পুরো বাংলাদেশ টিম যেন ভাল খেলে💙💙 ভালো লাগলো",mushfiq,FAVOR
7ed5272dd94a3cab,"সব বাবা রায় সুপার হিরো, কিন্ত সব ছেলে রা মুশফিক না।অনেকে ভাল বেস্ট ছিল।।",mushfiq,FAVOR
84e0d168bfef1c6d,what a lie! Mushfiq bhai record korse r likha mustafijer nam. Ai bichar Allah sojjo korbe na!,mushfiq,NEUTRAL
4634f6f897c564c3,মুশফিকর রহিম এর পিছনে তার বাবা মার দোয়া আছে,mushfiq,NEUTRAL
f412a1bcd8f0ce1d,Musfiq is tha bast difance of bangladesh,mushfiq,NEUTRAL
cd5fb11d9da1a818,মুশফিক ভাই আপনি শুধুমামাত্র একজন খেলোয়াড় হিসাবে আদর্শ নয় একজন মানুষ হিসাবেও অনেক উপরের শ্রেণীর মানুষ।অনেক অনেক শুভকামনা আপনার জন্য..,mushfiq,NEUTRAL
eeb4c77a4fb00337,আমি মুশফিক বসের একজন ভক্ত। আমার সবচেয়ে প্রিয় খেলোয়াড় মি. ডিফেনডেবল মি.লিটল মাস্টার,mushfiq,NEUTRAL
c8c5e5bdcf661eb7,মুশফিক ভাই যখন উইকেট এর পিছন থেকে চিল্লায়া ওঠে তখন মনে হয় সত্তিই বাংলার বাঘ মাঠে আছে।,mushfiq,NEUTRAL
d3c321d209d17c96,একবার যদি দেখা করতে পারতাম....! খুব ইচ্ছে...! লাভ ইউ মুশফিক♥♥♥,mushfiq,NEUTRAL
754fde46e45b155d,Sajeeb Ahmed A Mushfiqur Rahim Bangladesh r sara Batsman....,mushfiq,NEUTRAL
5335ad03f4714234,স্যালুট মুশফিক ভাই...তোমার মত একজন ভালো মানুষ হতে চাই...খুব ভালো লাগলো তোমার কথা গুলা...খুব ইনস্পেয়ার পেলাম তোমার কথায়...আশা করি যতদিন ফিট থাকবে ততদিন খেলবে...মুশফিক নামটাই যেন আত্যবিশ্বাসাসি,mushfiq,FAVOR
81af2bb49c42ae24,"আমার একটা আশা, সেটা হলো একজন ভালো মানুষের সাথে দেখা করবো। আর সেই মানুশটা হলো মুশফিক ভাই",mushfiq,FAVOR
20948ed1efbaef0d,মুশফিক ভাই আমি আপনার অনেক ভক্ত।আপনার খেলা আমার খুব ভালো লাগে।,mushfiq,FAVOR
1c45f4f78332fc12,মুশফিক ভাইয়ের বাবা একজন খুব ভালো মানুষ। আমি খুব কাছে থেকে মিশেছি। ওনার মুখে মুশফিক ভাইয়ের অনেক অজানা কথা শুনেছি। বাবা ছেলে দুজনই সৎ এবং সাদা মনের মানুষ। বগুড়া থেকে মো সোহানুর রহমান কোষাধ্যক্ষ বাংলাদেশ ছাত্র ইউনিয়ন বগুড়া জেলা সংসদ,mushfiq,FAVOR
387278e91eb97437,মুশফিকুর এর মত প্লেয়ার পাওয়া খুব ভাগ্যর ব্যাপার. লাভ উ মুশি ভাই💚 উনার মত পরিশ্রমী খেলয়ার খুব কম. 💚🇧🇩,mushfiq,NEUTRAL
0cec72b8ec249c3a,মুশফিকের মতো ক্রিকেটার পাওয়া খুব একটা সহজ কথা নয় তুমি বাংলাদেশের আশার আলো দোয়া করি ভালো কিছু দিবেন বাংলাদেশ টিম কে,mushfiq,FAVOR
45bf14fd5ae521ce,Mushfiqur Rahim is a legend. I hope you will service BD team till 2023 world cup. I am your die hard fan. Sooooo many well wishes & Dua for you & your family specially for your son (Mayan).,mushfiq,FAVOR
04ccde77278d7eb6,"I want to say many things about Mushfiq. He is my favourite player. He is also a favourite person of mine. but it's not possible to described how I like him. just want to say one thing love you Boss, go ahead, always have Dua for you.",mushfiq,FAVOR
2722738699d71f2d,Subahanallah sotti onek valo manush mushfiq bhai.may allah swt bless and help you .allah will help you to full fill your hope,mushfiq,FAVOR
8e311cb8259ce544,East and west Mushfiq is the best!,mushfiq,FAVOR
1f9965a22b2ea765,"whatever anyone says,mushfiq is the best.he is a real muslim",mushfiq,NEUTRAL
f81f533f6ef866a1,খুব ভালো লাগল মুশফিক ভাইয়ার কথা শুনে,mushfiq,FAVOR
fef91218f522bbd2,Tumi Mushfiq Ke Kon Team E Dekte Chao? Ipl e,mushfiq,NEUTRAL
f4fa8354b8a31ec4,মুশফিক একটাই। আমার মনে হয় বাংলাদেশে মুশফিকের মতো আর কাউকে পাবেনা। আমি চাই তার মতো আরো কেউ হোক।,mushfiq,NEUTRAL
b988efc68c8acc1b,"Brilliant mushfiq intelligent mushfiq gorgeius mushfiq,educated mushfiq,,love u for ever boss....",mushfiq,FAVOR
e4cb21bedc20c037,খবরটা শুনে খুব দুঃখ পেলাম দোয়া রইলো মুশফিকুর রহিম ভাই এর জন্য কেন সে বাংলাদেশকে অনেকদিন নিয়ে গেছে । কারণ সে খুব ভালো মনের মানুষ।,mushfiq,FAVOR
b7cfb5f4d82527a5,"from India, A player like mushfiq's stature deserve a better farewell, at least a last farewell match, feels like a little disregard from BCB's end , Mushfiqur Rahim no doubt one of the best cricketers , subcontinent cricket ever produced, will miss you number 15 . best of luck for your future ventures.",mushfiq,FAVOR
3e90c0c2566b826f,একজন ক্রিকেটারকে জোর করে অবসর নেওয়ানো কতটা যুক্তিসম্মত আমি জানিনা।তবে ক্রিকেটারকে পরিবর্তনের আগে বোর্ডে কিছু পরিবর্তন দরকার।কিছু সাংবাদিক ভাই আজ মহা খুশি। মুশফিকের অবসারে সাংবাদিকের অবদান অপরিসীম। ভালো থেক মুশি ❤️❤️🇧🇩,mushfiq,NEUTRAL
9975d5d0ef38a198,"I like Mushfiqur Rahim, he is one of my favorite cricketer. May Allah bless and give merciful life to him and his family members. Wishing you a happy life.",mushfiq,NEUTRAL
c976bddbb1003c75,"কি বলব মনে ভীষন কষ্ট পেয়েছি, আমার প্রিয় খেলোয়াড়টাকে আর টি২০ ক্রিকেটে দেখতে পাবনা বিশ্বাস করতে পারছিনা। শুভ কামনা রইল মুশির জন্য। I love musfiq.",mushfiq,FAVOR
7d5d6734e617c9c6,@mujakkirahmed9725 সেইম ভাই ছুটো বেলা থেকে মুশফিক মুশফিক খেলা দেখে বড়ো হয়েছি।হয়তোবা সময়টা খারাপ যাচ্ছিলো🥺,mushfiq,AGAINST
0c64674b50a4951a,আমাদের দেশের ক্রিকেটে শুধু মুশফিকই ছিল আমার পছন্দের ক্রিকেটার। আগামীর দিন গুলো শুভ হোক মুশফিক ভাই।,mushfiq,NEUTRAL
c757b8aecdcff25b,মুশফিক is best player.I miss you musi.,mushfiq,FAVOR
6657c46e2226b885,"He is an international figure. Once i was in paris, the hotel manager was a Sri lankan. He mentioned Mushfiqur as a great little Cricketer when he saw my passport.",mushfiq,FAVOR
8db3ad308c11a4a0,"Record dekhen musfiqur rahim, desrve to play in t20",mushfiq,NEUTRAL
2e051cb8700eb375,ভালো খেলুক আর খারাপ খেলুক মুশফিক ছাড়া ক্রিকেট বাংলাদেশ টিম দেখতে মন চায় না,mushfiq,FAVOR
8f8ac06e00c30f7f,"দেখবতো মুশফিকের জায়গায় যে আসবে সে কতটুকু ভালো খেলে,",mushfiq,FAVOR
f7685d634838bf94,protibedonti valoi silo but the fact is shotto manus mhotto manus bole apni Mushfiqur Rahman k heighet shame korshen and that is too bad. you don't have any right to do that kinds of things. you can't feel what they feel,mushfiq,NEUTRAL
674b89b002776452,মুশফিক কি এমন খেলে সবার মাঝে প্রতিক্রিয়া দেখা যাবে,mushfiq,NEUTRAL
b988ae3791b7ba45,মুশফিকের ভক্ত ভারতে... ১০০ কোটির বাজি। একটাও নেই। যা করেছে ও তারপর ওর 😂😂😂,mushfiq,NEUTRAL
4ff2dba6a12c3bac,বিশ্বকাপে অবসর নেওয়ার সুযোগ দেওয়া হোক। বিসিবি অবশ্যই মুশফিক ভাইকে সম্মানিত করবে বলে আমার বিশ্বাস।,mushfiq,AGAINST
19d5e39e168526a0,মুশফিক কে অবশর নিতে বিসিবি অনেক ছাব দিয়েছে আমার মনে হয় মুশফিক তার সম্মান নিয়ে বিদায় নিয়েছে বাংলাদেশ মুশফিক কে অনেক মিস করবে,mushfiq,NEUTRAL
b2d914399057a946,ওপেনিংয়ে ফ্লোপ মারছে জয় সাদমানরা।লিটনকে ওপেনিংয়ে নিয়ে লিটনের পজিশনে অমিতকে খেলানো উচিত। ওয়ানডেতে তো মুশফিক খেলে না সেখানে তো এখনো মিডল অর্ডার খুঁজে পাচ্ছে না। তা কি দেখেন না? মুশফিক প্রতি টেষ্টে ভালো খেলছে তাকে ছেড়ে দিতে বলছেন।আজব লোক আপনি।এরপর যখন খারাপ খেলবে তখন আবার তাকে নিয়ে ট্রল করবেন।আপনাদের কাজই এটা।,mushfiq,FAVOR
8d5c5fbf9f01e0e1,বাংলাদেশ জাতীয় ক্রিকেট টিমের মধ্যে মুশফিকুর রহিম ভাইয়ের মতো ভালো ভদ্র একজন খেলোয়ার ও নেই সো ভাই অল্প কিছুতে রাগ করে না কখনো নিশ্চয়ই বেয়াদব দর্শক অনেক খারাপ কিছু করছে শালায়।,mushfiq,FAVOR
78225a24d0742c5b,Love u & congratulations mushfiq vai lv u man.. 💘💘💘,mushfiq,FAVOR
99de52b56d1b2e27,আমার মনে হয় মুশফিক অবসরে যাতে পারেন।,mushfiq,AGAINST
19cf639f2e5883b4,mushfiqur Rahim is a best player in Bangladesh ODI and test 💚,mushfiq,FAVOR
9a1a676a4972fbab,Congratulations Mr. Mushfiqur Rahim for your 14th test century.💐✨🇧🇩,mushfiq,NEUTRAL
5ec2ab5d7da3e32e,মুশফিক অবসরে গিয়ে বাংলাদেশ ক্রিকেটকে বাচালো এটা তো আগামিতে নতুন দের জন‍্য সুজোগ মুশফিকুর নিজে থেকে অবসরে গিয়ে ভালো করেছেন তা না হলে তো বাংলাদেশ ক্রিকেট বোড..............?,mushfiq,FAVOR
88031c1a6d83f89b,আশা করি মুশফিক অনেক ভালো করবে এবার,mushfiq,FAVOR
53d14a59569e8ab3,insha'Allah Mushfiq nijer form e fire asbe T20 world cup e.......,mushfiq,NEUTRAL
740b296ec40a2084,টি২০বিশ্বকাপে মুশফিক উইকেট কিপার থাকলে আরো বেশি ভালো খেলবে,mushfiq,FAVOR
49efdaa561c55336,"এমনটা যেন না হয় আবার না হয়, মুশফিকই আবার কিপিং করছে, এই হেড কোচের প্রিয় দাস,দাসীরা যে মানের ব্যাটিং করছে তাতে জয়টা মুশিরই হবে, খালি কিপিং করে সোহান কয়দিন চলবে ব্যাটিং তো কিছুই দেখছিনা✌️",mushfiq,NEUTRAL
4d7a862d510eb4c4,Musfiq is a legend .bd r ashirbab or moto player paise,mushfiq,FAVOR
f358b6ff7f565e3a,এতোদিনে কোনো সংবাদ পাঠকে দেখলাম সঠিক কিছু তুলে ধরতে ধন্যবাদ ভাই সোহানের বেপারে কথা বলার জন্য মুশফিক মুশফিকই ওর যায়গায় বাংলাদেশ আর কাউকে পাবে বলে আমার মনে হয়না,mushfiq,AGAINST
29a4c58ee2e6aa32,স্যালুট তাতীম.... মুশফিকের ব্যাপারটা নিয়ে এই সাংবাদিকেরাই চুলকাইছে। এদেরকে লাইত্তান।,mushfiq,AGAINST
a358a81296a52e3c,এখন আবার মুশফিকের পক্ষে সবাই কথা বলছেন। সোহান ভালো খেললে কেউ এখন মুশফিকের পক্ষে কথা বলতেন না। এই হচ্ছে বাংলাদেশের মানুষ,mushfiq,FAVOR
2a9b4178a58218e8,মুশফিক আর কিপিং করবে না। আজ ১৫ বছর যাবত খেলে এখনো মুশফিকরে চিনলেন না,mushfiq,NEUTRAL
0816a711aa6f3a03,মুশফিক কি খারাপ কিপিং করে তা কিন্তু না। যেহেতু মুশফিক আছে সেক্ষেত্রে সোহান এর জায়গায় একজন বেটার অথবা একজন অলরাউন্ডার খেলাতে পারতো। বাংলাদেশ টিম এ আসলে কি হচ্ছে তা কেও বলতে পারবে না।,mushfiq,AGAINST
d1021758c1b62736,"Bangladesh team is not so worse: against Scotland, Domingo and a few fellow's called talented Somya, Liton and played them as opener missing Naim, Bangladesh beaten , against Sri Lanka Naim and Mushfiq batted admirably and Bangladesh made a big score, Liton misses that two catches and Sri Lanka won the match instead of Bangladesh. So two win , one loss (against Ingland)is not bad.",mushfiq,NEUTRAL
82630218791fd0ec,অল্প বয়সে পাকিলে..... দুঃখ থাকে চিরকাল। মুশফিকের ও তাই হইছে।,mushfiq,NEUTRAL
bb085f9cfacf8c24,😂😂😂আমার মত আরকি আমিও সব সময় শেষ বেঞ্চের ছাএ ছিলাম মুশফিকও ৭ বছর ক্লাস করে আমার মতই রলে গেল😂😂😂,mushfiq,NEUTRAL
141f5c18062051cf,মুশফিকের মতো কতোগুলো আছে এমন প্লেয়ার সারা বাংলাদেশে*** আমরা কিছুনা পারলেও কারো সমালোচনা করতে পারি*** এতো সমালোচনা না করে মুশফিকুরের বেকআপ প্লেয়ার তৈরি কি করা যেতে পারেনা?????,mushfiq,AGAINST
869aa38dfbb74783,Musfiq is best batsman in the world,mushfiq,FAVOR
d39a7d26313fb301,"O hello t20 er kotha ja ta bolte paren kisu bolbo na,but bd cricket er boilen na,ODI r Test a Mushfiq best, ok??",mushfiq,FAVOR
5d8d652795b75b13,সবাই যার যার নিজের মুখ আয়নায় দেখেন। তাহলে মুশফিক ভাই ভালো খেলা শুরু করবে।,mushfiq,FAVOR
399734a3d134adbc,মুশফিক মি ডিপেন্ডেবল তা নয়তো কি হায়রে বাঙালি টি ২০ আসলে বিনোদন বৈ আর কিছু না যেখানে আফগান সেই খেলে আসেন না ওয়ানডে তে সেখানে মুশির বিকল্প বাংলাদেশে আর কে আছে,mushfiq,NEUTRAL
ca0be0c187029402,আমার মতে মুশফিককে এখন একটু অবসর দেওয়া উচিত নতুনদের সুযোগ দেওয়া উচিত,mushfiq,AGAINST
7d779eac1b916193,টি২০তে মুশফিকের হাতে গুনা কয়েটা ভালো ইনিংস আছে ঠিক আছে তবে সে টি২০ ক্রিকেটের জন্য উপযুক্ত না তার পরিসংখ্যান তাই বলে।তবে ওডিআই আর টেস্টে মুশি অসাধারণ।তবে ইদানীং তার সব ফরমেটেই তার আউট গুলা আত্মাহতিমূলক মনে হচ্ছে।,mushfiq,FAVOR
e2769eaa3e121eea,মুশফিকের বদলে এই সাংবাদিক কে দলে চাই,mushfiq,AGAINST
e86dcfa53f9a5fa6,অনেক ভালো লাগলো মুশফিক ভাইয়ের নামে গেমিং করার জন্য! 💚💚💚,mushfiq,FAVOR
fa8332afb6edce32,মুশফিক ভাইয়ের কথা শুনতে অনেক ভালো লাগে,mushfiq,FAVOR
03e7c3ab8a44dd8c,মুশফিক থাকলেয় ভালো হতো মুশফিকয় বাংলাদেশ টিমের Best কিপার মুশফিকের World Cup জন শুভচছা রইলো ❤️❤️❤️❤️❤️,mushfiq,FAVOR
a918e25c9f76f8ec,"মুশফিক ভাই খুবই ভালো মানুষ, ভাইয়ের জন্য দোয়া রইল",mushfiq,FAVOR
00fc315c7b435ddd,এগিয়ে যাও মুশফিক ভাই তুমি চেষ্টা করলে ভালো করতে পারবে বাংলাদেশ আশাবাদী।,mushfiq,FAVOR
7c1cf291f1b9d9bf,মুশফিকের মাঝে দেশপ্রেম আছে যা টিমের অন্য খেলোয়ারদের মধ্যে অতটা নাই,mushfiq,NEUTRAL
827544bb94e57dff,"বাংলাদেশ টিমে যদি কাউকে বেশি ভালো লাগে, তার নাম অবশ্যই মুশফিকুর রহিম।",mushfiq,FAVOR
892166ad3feea3ac,Sa keeping a Musfiq thakle se batting balo kore,mushfiq,NEUTRAL
5d9bab9861b0a204,মুশফিকের উচিত এই টি-২০ বিশ্বকাপে শেষবারের মত কিপিংটা করা।,mushfiq,NEUTRAL
d2c72eda7228e13b,মুশফিক ১০ রান করার আগে যেনো কোন বড় চোট না খেলে,mushfiq,NEUTRAL
9698bfc5aa42ea1f,মুশফিকুর রহিম একমাত খেলোয়ার যিনি কথা বলার আগে আলহামদুল্লাহ বলে,mushfiq,NEUTRAL
5b161399e3a9f5c7,এখন অনেক বয়স হয়ে গিয়েছে । অবসর নেয়াটাই বুদ্ধিমানের কাজ হয়েছে‌ । বিশ্বের ক্রিকেটপ্রেমীরা তোমায় আজীবন মনে রাখবে মুশফিক ভাই 🤗,mushfiq,AGAINST
de1cb0c87853b2fe,ভালো কাজ করেছেন মুশফিক। ধন্যবাদ। অন্তত মান সম্মান নিয়ে যেতে পারলো!,mushfiq,FAVOR
59b46501c8fc9034,"Right, naile BCB Mushfiq ke ber kore dito jeta Mushfiq ke lojja dito. Good decision Mushfiq",mushfiq,FAVOR
feaa0f0e03c54b35,আবেগে আর কিছু বলার নাই ভালো থাকবেন মুশফিক ভাই,mushfiq,FAVOR
301eed080fbe456c,মুশফিক ভাই খুব ভালো সিদ্ধান্ত নিয়েছে অভিনন্দন মুশফিক ভাই,mushfiq,FAVOR
927eeb3933ba8ac6,খুব ভালো সিদ্দান্ত নিছে মুশফিকুর রহমান ৷ তাকে যেমন ভালোবাসে মানুষ খারাপ বাবার আগে অবসর নিছে ৷ মাহদুল্লা কে নিজ দায়েত্র অবসর নেওয়ার দরকার,mushfiq,NEUTRAL
bffc4547546a5d8f,মুশফিক ভাই এভাবে হটাৎ T20 থেকে চলে যাবে খুব মিস করবো মুশফিকুর রহিম ভাইকে আপনার জন্য দোয়া রইলো love you কলিজার ভাই,mushfiq,FAVOR
07230ac26e2507d5,"মুশফিক ভাই অনেক ভালো মনের মানুষ,,,তার জন্য সব সময় দোয়া ও শুভ❤️😍 কামনা রইল,,মিস মিস্টার 😭😭",mushfiq,FAVOR
d0d7edfced726a9a,"অনেক যুগপযগি এবং সুন্দর সিদ্ধান্ত,,,,, মুশফিক কে বাংলাদেশ কখনো ভুলবে না আশা করি অন্য ফরমেট গূলাতে ভালো করবেন",mushfiq,FAVOR
e0e916edb5249a63,Love you Musfiq❤️ Respect you Musfiq❤️ Miss you Musfiq ❤️❤️,mushfiq,FAVOR
82f9c3ae5aea4dd8,নিজের বিদায়কে মেনে নিয়ে ওয়ানডে এবং টেস্ট এ ভালো করে দেশের ক্রিকেটকে আরো ভালো পর্যায়ে নিয়ে যাবেন ইনশাআল্লাহ । মুশফিক ভাইয়ের জন্য দোয়া রইল।🤲🤲🤲🤲,mushfiq,FAVOR
b483daaffdeab89e,খুবই কষ্ট লাগলো মুশফিক ভাইয়ের অবসরের কথা শুনে। ক্রিকেট টিমকে শেষ করে ফেলতেছে পাপানেরা। আজকে আফগানিস্তান আমাদের চেয়ে অনেক উন্নত হয়ে গেছে।,mushfiq,AGAINST
efa9873bb6640cdf,মুশফিক ভাই সময়োপযোগী একটি ভালো সিদ্ধান্ত নিয়েছে,mushfiq,FAVOR
884e5077f7a15fad,"মুশফিক ভাই,আপনি আমার আইডল ছিলেন, আছেন, থাকবেন।ইনশাল্লাহ, ভবিষ্যতে বাংলাদেশকে আপনি আরো কিছু দেবেন।পরিশেষে, আপনার এই ক্ষুদে ভক্তের অভিনন্দন ও শুভেচ্ছা রইল। LOVE YOU BOSS 💝💝💝MR15💝💝💝",mushfiq,FAVOR
8cbb47de06303cb8,"Dear Mushfiq, for me it's heartbreaking when I heard your announcement.But well done on your T20I achievements & career. It was a pleasure to play T20I's with you. Your work ethics will always be inspirational in any format. #Respect",mushfiq,FAVOR
95ac4fdcf3e881ad,Mushfiqur Rahim is my favourite player.🌺🌹 i Don't believe it 😢😢😭😥,mushfiq,NEUTRAL
3e55188d4568da61,Papon obosor nibe kobe?. Mushfiq bhaier honno roilo antorik donnobad.,mushfiq,AGAINST
d4559ca1257cf9ca,মুশফিকের জন্য সিদ্ধান্ত টা ভালো। এখন মুশফিক ওডিআই ও টেস্ট ক্রিকেটে ভালো ভাবে মনোযোগ দিতে পারবে,mushfiq,FAVOR
7b3d5b6add991798,"হয়তো মুশফিকের এখন খারাপ সময় যাচ্ছে, তবে মুশফিকের মত ব্যাটসম্যান আর কবে পাবে বাংলাদেশ সেটা দেখার অপেক্ষায় আছি। মিঃডিফেন্ডেবল নামে চিনতাম তাকে।",mushfiq,AGAINST
e446a563204230c0,মুশফিক ভাই টি২০ বিস্বকাপ খেলে বিদায় নিলে অনেক ভালো ছিলো,mushfiq,FAVOR
3303926b6a431d11,এক সময় সব ফরম্যাটে ব্যাটিং ভরসার নাম ছিলো মি: ডিপেন্ডেবল মুশফিকুর রহিম 🙂 টি২০ তে ক্যারিয়ারের শেষ সময় টা ভালো যায় নি তার!! অবশেষে T20 থেকে বিদায় নিলেন 😥😥 সব কিছুর জন্য ধন্যবাদ ❤️ মুশি ভাই 😕😕,mushfiq,FAVOR
44e633bc0cf0f45e,মুশফিকএর অবধান আছে অনেক।খেলার মাঝে অনেক সময় ভুল হয়ে যায়।কিন্তু যে অবস্থায় এসেছে।এবং যা মুল্যবান সময় দিয়েছে খেলায় তা মুশফিকের জীবনে মুল্য বান হয়েই থাকবে।,mushfiq,AGAINST
badcd893cd871afe,মুশফিক যদি বিশ্বকাপে অবসর নিলে সবচেয়ে বেশি ভালো হতো 😥,mushfiq,FAVOR
2489a6650d24994d,বাংলাদেশ ক্রিকেট টিমের সব ধরনের খেলা থেকে অবসর নিন মুশফিক ভাই মাঠের বাইরে বসে দেখুন কে কেমন খেলে,mushfiq,AGAINST
e1dec78d02e7ff18,"সাংবাদিকরা খুব খুশি হয়েছে, কিন্তু মুশফিকের বিকল্প আছে।",mushfiq,AGAINST
144e5774ee38fdc8,তাই সব ম্যাচেই কিপিং এ দেখতে চাই সবাই আমরা মুশফিক কে,mushfiq,NEUTRAL
14ecb8ff54abef74,দুই দিনের খেলা দেখে মুশফিক এর সাথে তুলনা করছে!! মুশফিক বাংলাদেশ ক্রিকেট দল এর জন্য যা করেছে সেটা ভুলে গেলে চলবে না।,mushfiq,AGAINST
9bd8b0fe06e1a1d8,মুশফিক কে ছাড়া অন্য কাউকে দেখতে ভালো লাগেনা কিপিং এ,mushfiq,FAVOR
4a8f6fc6fec2fddf,১৫ বছর ধরে জাতীয় দলে সার্ভিস দেয়া মুশফিকের মতো সিনিয়র ক্রিকেটারকে যদি পরিক্ষার সম্মুখীন হতে হয় তাহলে এটা তার জন্য অবশ্যই অপমান জনক🙂,mushfiq,NEUTRAL
2047ce3e49151a18,Musfiqur Rahim is a legendary of Bangladesh cricket team ❤️😢❤️😨,mushfiq,FAVOR
25683b0dba33b42b,মুশফিক কে টি 20 বিশ্বকাপে সুযোগ দেওয়া উচিত,mushfiq,NEUTRAL
f93be705c1f797fc,"তুমি ভাই সব সময় সিনিয়র এিকেটাদের নিয়ে সমালোচনা করো,, এখন একটা মুশফিক পারলে বানান রিয়াসাত আজিম ভাই। সিনিয়রদের নিয়ে সমালোচনা কম করেন ভাই",mushfiq,AGAINST
ed65086a7e9c2129,মুশফিকুর রহমান ভালো করবে।তাকে এমন করে টি-২০ বিশ্বকাপ এর আগে বিদায় বলা ঠিক হবে না,mushfiq,FAVOR
f05ef415f3df1beb,"খেলা না বুঝেই পক পক , কোথায় ভিরাট কোহলি আর কোথায় মুশফিক , মুশফিক কখনোই টি -২০ খেলোয়াড় না ! ONEDAY & Test এ ও পৃথিবীর অন্যতম সেরা ব্যাটসম্যান দেড় মধ্যে একজন !!",mushfiq,FAVOR
2cc12f0994c83bf2,তার এতো গড় কত এত বছরে???এবং কতো ম্যাচ সে বের করেছে। মুশফিক অবশ্যই ভালো ডিশিশন নিয়েছে।,mushfiq,FAVOR
c20043051375fdb2,মুশফিক এই সিদ্ধান্তটা এশিয়া কাপের আগে নিলে ভালো হতো তার জন্য,mushfiq,FAVOR
b45662135cb1fa83,"বি পি এল খেলে দেখে দিবো ইনশাআল্লাহ, মুশফিক কি জিনিস",mushfiq,NEUTRAL
a0c07a74c0e90f95,আমার মনে হয় মুশফিক সুইপ শট বেশি না খেলে ফ্লিক শট বেশি বেশি খেললে আরো বেশি রান করতে পারবে,mushfiq,NEUTRAL
45eb9dc92cf43275,মুশফিক ভালো কিপার কিন্তু তার হাইট এর জন্য বাউন্সার গুলা ধরা কষ্টসাধ্য,mushfiq,FAVOR
4ca3cb49a4ab0809,মুশফিকের এই তিলাওয়াত আমি প্রথম থেকে এখন প্রযন্ত অনেক অনেক বার শুনেছি আমার কাছে অনেক অনেক ভালো লাগে মাশা আল্লাহ মাশা আল্লাহ ❤️,mushfiq,FAVOR
f6949c31893c0a26,"সংবাদের সাথে শিরো নামের কোন মিল আছে,, মুশফিক কোথায় ভেঙে পড়েছে,,তার তো ছবি বা কোন সাক্ষাৎ কার দেখলাম না,,ফালতু নিউজ",mushfiq,AGAINST
580a0193c4b06210,যে মারা গেছে সে হলো মুশফিকুর রহিমের বড় ভাইয়ের ভাইরার ছেলে (হেডিং এর সঙ্গে মূল খবরের কোন মিল নেই),mushfiq,NEUTRAL
8a92c6dcd543e4f2,"ভাই এই নিউজটা বিকৃতভাবে উপস্থাপন করা হয়েছে অথবা একেবারেই ভুয়া, গুজব নিউজ। কারণ মুশফিকুর রহিমের আপন কোনো বড় ভাই নেই। মুশফিকুর রহিম বাবা মায়ের একমাত্র সন্তান। মুশফিকুর রহিমের পিতার নাম তারা। মুশফিকুর রহিমের পিতার বাড়ি বগুড়া মাটিরডালি উচ্চ বিদ্যালয়ের পাশে অবস্থিত। আমার বাড়ি বগুড়া জেলায়। আমি বগুড়া জেলার উপশহর এলাকায় ১৮ নাম্বার রোডে অবস্থিত।",mushfiq,NEUTRAL
ecfe870ca95d2950,গুড বায় কিংবদন্তি ব্যাটসম্যান মুশফিকুর রহিম ভাই তুমার পরবর্তী নতুন জিবন ভালো কাটুক পরিবারের সাথে দোয়া করি সারাজীবন ভালো থাকো তুমি,mushfiq,FAVOR
325d2f6a44fc9ac9,Hope Mushfiqur will go for rest of matches,mushfiq,NEUTRAL
a53ede5e66b66f13,Dear Mushfiq we Love your Batting we love your style. Come on bro in Pakistan,mushfiq,FAVOR
a107b4e8eb0c3753,@birdstraptechniquestv3488 playars like mushfiq ur rahim play in streets in pakistan.,mushfiq,NEUTRAL
ee3beb1c0f71b0ed,mushfiq family didnt want him to go to pakistan after what happened in newzealand. he said its his personal decision and can change in near future.,mushfiq,NEUTRAL
4db7f4a85f1ef4ea,As a player mushfiq has full right to think about his security. So Pakistan should not be concerned about his decision. Pakistan should be greatful to Bangladesh as Bangladesh is helping them to get back cricket in Pakistan.,mushfiq,FAVOR
7cbcf7962e214c88,Pakistan is safe for prince william but not for sir mushfiqur rahim🙄😏,mushfiq,NEUTRAL
3bacefb51c535704,what did u said bro?mushfiq is a 3rd cls cricketer? i think u didnt watch bang cricket..... pls see some of his matches then said. ur thinking will be chnge bro ingshallah,mushfiq,FAVOR
ca0ff517a00ad837,@Bilal Ahmed mushfiq not came to pakistan for family issue nothing else.,mushfiq,NEUTRAL
6c4d5dfe755de89e,1.5 feet Ka mushfiqur Rehman he ise kis ne marna yar..,mushfiq,NEUTRAL
59f2f0db2c0ebd37,Redirected from mushfiqur rahim's snake dance video..!,mushfiq,NEUTRAL
e0b5d84e4eb0994e,জাতীয় দলের অনেক খেলোয়াড় থেকে মুশফিক ভালো খেলে❤❤❤❤,mushfiq,FAVOR
9f26d83593a5f447,love you mushfiqur Rahim my favourite player 😊,mushfiq,FAVOR
f065d677c820e30c,পুরান চাওলে জে বাতে বারে দোয়া রইলো মুশফিক ভাই তোমার জন্য এমুন আরো দেখতে চাই,mushfiq,NEUTRAL
5217b02e93cd6bf8,one of greatest player in cricket history....!!! Love you musfiq..💜💜,mushfiq,FAVOR
8190177c14b141d0,Just amazing short. Love Mushfiqur Rahim. Bangladeshi great Batsman. I love Bangladesh team ❤❤❤❤❤❤❤❤.,mushfiq,FAVOR
6f4e4fbddaf4a8b8,Mushfiqur Rahim is idol of new generation cricketers!!,mushfiq,NEUTRAL
cb0706d57b0d0222,Musfiqur rahim is very very good batsman...,mushfiq,NEUTRAL
a94f1827cb4cc7cb,Mushfiq Speaks Good English.. thumps Up if you Agree,mushfiq,NEUTRAL
7c42f9c5c149135f,I am from India Mushfiqur Rahman & Reaydh is all time best for me,mushfiq,FAVOR
1f06b5df0cc7f003,"ভাই বুজলাম না কিছু!! মুশফিক, মাহমুদ্দল্লাহ র বিকল্প ODI তে কে আছে দেখান দেখি?",mushfiq,NEUTRAL
4d57a888526e4939,"Mushfiq in BPL Run 357, St.R 139.67 & average 39+... R apnara boltesen Mushfiq er bat kotha bole ni😐... How funny😅😅",mushfiq,NEUTRAL
4dfd6e973aadc8f6,I want to. Be like my idol=Mushfiq,mushfiq,NEUTRAL
ce0f0076abe43ffd,Mushfiq is Mr Dependable ❤️And he has no replacement at all ❤️,mushfiq,NEUTRAL
f7905c0d6e2e3b07,মুশফিকের বিকল্প নেই ।আর হবেও না। মুশফিক সব সময় সেরা ।,mushfiq,FAVOR
8f7af64e1fe6d1fb,মুশফিকের বিকল্প আছে কিন্তু মুশফিকুর রহিমের মতো খেলতে পারবে না।সবার বিকল্প আছে। কিন্তু কেউ কারো মতো হবে না। বাংলাদেশের সেরা ব্যাটসম্যান মুশফিক,mushfiq,FAVOR
72f8a4af88c66d1e,মুশফিকের বিকল্প নাই ঠিক কিন্তু পাপনের বিকল্প অনেক আছে,mushfiq,NEUTRAL
325e62c0ea48c3c3,আবার কি বলেন? ভারতের ডি ক্যাটাগরির প্লেয়ার এর সমান না মুশফিক! তার লাষ্ট ৩ বছরের! পারফরম্যান্স 🤣 দেখে আসেন,mushfiq,NEUTRAL
2ee81fd6ec2e88b8,মুশফিকুর রহিম বিকল্প নেই মুশফিকুর রহিম সবসময় সেরাদের সেরা প্লেয়ার। 🇧🇩🇧🇩🇧🇩🇧🇩,mushfiq,FAVOR
77b504f776bc71e5,"পাপন ঃ কি ইনিংসটাই না খেল্লো মুশফিক ইন্ডিয়ার সাথে। অইজে, যে মেছটা আমরা জিতলাম, মনে আছে। মুশফিক ঃ পাম দিশনা!!",mushfiq,NEUTRAL
ca427eb63883eb07,অনেক ধন্যবাদ জানাই মুশফিকুর রহিম ভাই আন্তর্জাতিক টি-টোয়েন্টি থেকে নিজেকে সরিয়ে নিয়েছেন আশা করি বাকি ২ ফরমেটে খুবই ভালো খেলবেন ইনশাআল্লাহ ❤️🇧🇩✋👍✌️,mushfiq,FAVOR
42e74c435ebb4c6e,"মুশফিকুর রহিমের T20 শেষটা সুন্দর হল না,,, আশা করি টেস্ট ও ওয়ানডেতে ভালো কিছু করেই বিদায় টা বলবেন,, ইনশাল্লাহ দোয়া ও শুভ কামনা রইল ভাই",mushfiq,FAVOR
174f22ae5ba0dd1c,"ভাই আজকে এ-ই কথাটা শুনে মনে অনেক কষ্ট পেলাম মুশফিক ভাই অনেক ভালো একজন ফেলার সবসময় সবাই ভালো করে না,একজন মানুষ ইচ্ছে করে খারাপ খেলে না,মুশফিক ভাই ভালো থাকবেন সবসময় পাশে আছি আপনার একজনভক্ত",mushfiq,FAVOR
3f0abd5a6aafafed,"@zohasabbir6603 ঠিক বলেছেন,নোমান সাহেবর কয়েকজন প্লেয়ার নিয়ে অনেক এলার্জি রয়েছে,তবে দেখার বিষয় এখন কে মুশফিকদের মত ১৪-১৭বছর সার্ভিস দিতে পারবে?",mushfiq,FAVOR
ae481143ae81ee95,"@zohasabbir6603 যারা ক্রিকেট বুজে তারা সবাই খুশি।। কারন মুশফিক ওয়ান ডে আর টেস্ট এর জন্য পারফেক্ট একজন প্লেয়ার, তার মত প্লেয়ার এই দুই ফরমেট বাংলাদেশ আর নাই।। আবেগ কে প্রাধান্য না দেওয়াই ভালো।।",mushfiq,FAVOR
dc172bec2bbcb2b5,হুম সঠিক সিদ্ধান্ত নিয়েছেন মুশফিক এবং সম্মানের সহিত নিয়েছেন অন্যথায় বাদ পড়তেন হয়তো..,mushfiq,AGAINST
462b54e1410a7933,Moteo thik na...karon onek match e musfiq vai confidently t20 khelse hoyto take rest e rakha jeto.....tini abaro notun kore fire asten... emonki amra india er Against e first t20 won hoici sedin Musfiqur fearless cricket khelcilo....tar vitor sprit ase...jeta khubi effective...,mushfiq,NEUTRAL
0241fa98a183b609,ভাই আপনে খালি মুশফিকের কথা বললেন বাংলাদেশের সব খেলোয়ারের ইতিহাস বলেন দেখি বাকিয়া কেমন টি ২০ খেলে ভাই মুশফিকের জায়গার আপনি খেলেন দেখি আপনে কেমন খেলেন,mushfiq,NEUTRAL
ee9d424e7e279ee5,নোমান ভাই খুব আনন্দ লাগতেছে আপনি সাক্ষী থাকবেন প্লীজ মুশফিকের জায়গায় কে খেলবে আর যে খেলবে সে যেন অবশ্যই মুশফিকের চাইতে ভাল খেলে আপনাদের মতো সমালোচকদের জন্য আজকের বাংলাদেশ টিমের এই অবস্থা,mushfiq,FAVOR
57fe288bc63d819f,টি ২০ তে মুশফিকের আরো অনেক আগেই অবসর নেয়া উচিৎ ছিল।,mushfiq,AGAINST
cafce5911a11473a,মুশফিকের জন্য দোয়া শুভকামনা রইলো আসা করি ওয়ানডে ও টেস্ট ক্রিকেট ভালো খেলা উপহার দিবে আমাদের সবার আসা,mushfiq,FAVOR
b3c7e10b17099765,মুশফিক এর সিদ্ধান্ত কে সম্মান জানাই ও অন্য দুই ফরম্যাট এর জন্য শুভকামনা রইল..,mushfiq,NEUTRAL
6b36484e69894e09,ভাই মুশফিককে খোঁচা দিয়ে কথা বলবেন না! তিনি আমাদের প্রাণের স্পন্দন। আয়না প্রসঙ্গটা তুলে আনায় খুশি হতে পারলাম না!,mushfiq,NEUTRAL
18e2ca9c925d9c77,আমার কাছে মনে হয় আপনার মতো কিছু সাংবাদিক এর জন্য শুধু মুশফিক না আরে অনেক ক্রিকেটারে কেরিয়ার নষ্ট হয়ে গেছে আগে ও এখন ও 😠😠😠😠😠,mushfiq,AGAINST
2906ed84c8de41d3,"আপনারা তো চেয়ে ছিলেন মুশফিক T20 ছেড়ে দিক,এখন এতো অভিনয় করে কি লাভ!",mushfiq,NEUTRAL
48ff4d1928915e08,আপনার কথা সুনে ভালো লাগলো।মুশফিক খুব ভালো মানে। বাংলা দেশ বুঝবে তার অভাব হারে হারে।,mushfiq,FAVOR
3485a4a5b00b28ed,আমরা চাই বাংলাদেশ ক্রিকেট বোর্ডের ও কিছু পরিবর্তন হোক মুশফিক ভাইয়ের জন্য ভালো বাসা রইলো ❤️,mushfiq,FAVOR
9e9ac118d3da5a25,মুশফিকুর রহিমের জন্য মনটা খারাপ লাগছে। বিশ্বকাপে অবসর এ ঘোষণা দিলে সবচেয়ে ভালো হতো কিন্তু। কয়েক মাস ধরে এত প্রেসারের মধ্যে একজন খেলোয়াড় ভালো খেলা অনেক অনেক কঠিন কাজ। তাই সব মিলিয়ে সুন্দর না হলেও মুশফিকের জন্য ভালোই হয়েছে।,mushfiq,NEUTRAL
3c592ae9ac2af6fd,মুশফিক ভাইকে আবার দেখতে চাই পাপন ভাই,mushfiq,NEUTRAL
6d4e31d78aff04ef,Musfiqur Rahim is one of the best player in Bangladesh. He is the best idol in bangla tiger.there is no similar in others. Best of luck.....,mushfiq,FAVOR
b068986aacf6eb84,Best of luck mister dependable.. Musfiq had a lot of experience in cricket. He had given a lot for bangladesh cricket team.. Right decision on Right time .. Best of luck for ODI and test..,mushfiq,FAVOR
9396c88de6b71f98,সাংবাদিকেরা তো মুশফিকুর রহিম এর সমালোচনায় নিজেদের সংবাদ মুখরিত করেছিলেন। এখন কেন মুশফিকের অবসর নিয়ে প্রশ্ন তুলছেন? এতো মুড সুইং সাংবাদিকের দরকার কি আদৌ বাংলাদেশের আছে?,mushfiq,AGAINST
c86aa2da200b5ac4,মুশফিকের সিদ্ধান্তটা BCB জন্য ভালো না হলে বাংলাদেশের সাংবাদিকদের জন্য ভালো হয়েছে আমার মনে হয়।কারন মুশফিকে সমালোচনার জন্য তাদের কষ্ট করে আর প্রতিবেদন তৈরি করা লাগবেনা।,mushfiq,NEUTRAL
422d5c57196091d8,ভাই একটা সত্য কথা বলি মুশফিকের পারফরম্যান্স তখন থেকেই খারাপ হওয়া শুরু হয়েছে যখন প্রথম বার ওর থেকে উইকেট কিপিং কেরে নেওয়ার চেষ্টা করা হয়েছিল সে অধিনায়ক থাকাকালীন,mushfiq,NEUTRAL
5da602dfe29bb5b1,এটা অভিনয় না। এটাই পেশাদারিত্ব। মুশফিককে আমরা সবাই মিস করবো। কিন্তু তাকে যেতেই হতো?,mushfiq,NEUTRAL
94787d510b30257b,no plz we need mushfiq.....he is the best,mushfiq,FAVOR
36977eb9def0ef0d,"পাপন শুধু মুশফিককে ইঙ্গিত করে বলেন নাই। সবাইকে উদ্দেশ্য করে বলেছেন। তাছাড়া উনি খারাপ কি বলেছেন? টি-২০ তে মুশফিক ব্যর্থ। পাপন সাহেবের মতামত যথার্থ, উনি টি-২০ এর বিষয়ে বলেছেন।",mushfiq,AGAINST
1eed276f75a62b60,বাংলাদেশ বড় দলের সাথে যতটা ম্যাচ জিতেছে সব গুলো তেই মুশফিকের অবদান আছে অল ফরমেটে,mushfiq,NEUTRAL
15df4e1e7a0c2ffe,নির্বাচকদেরও অবসরে যাওয়া উচিত। কারণ তারা যোগ্য খেলোয়াড়দের মূল্যায়ন করতে পারেনা। মুশফিক একজন সেরা খেলোয়াড় তাকে সবাই মিস করবে।💚,mushfiq,NEUTRAL
e31291c4e46fe2f1,মুশফিকের বিদায়ের কথা শুনে আমার কান্না এসেছে আমি অনেক ছোট কাল থেকে মুশফিকের খেলা দেখি ভালো লোকের কোন দাম নেই এখন,mushfiq,FAVOR
ba066371a4a8151d,"হৃদয় ভেঙেছে সবার, মুশফিক ভাই এক জন ভালো মনের মানুষ",mushfiq,FAVOR
1172413ede8db7db,"আমার মা আর আমি একসাথে খেলা দেখতে বসলেও আর কখনও আমাদের পছন্দের মুশফিকের উইকেটের পিছনে সেই হাসি মুখটা দেখতে পাবোনা,দলের দরকারে শেষ কয়েকটা বলে নিজের কথা না ভেবে রিক্স নিয়ে ছক্কা মারাটা দেখবোনা😔",mushfiq,NEUTRAL
068028a0b9a0f73f,"আসলেই খারাপ সময়ে কেউ পাশে থাকে না, মুশফিক অবদান টি-২০ তে কম নয়! হয়তো এখন আমরা অনেকেই তা ভুলে গেছি! ভালোবাসা রইলো মুশফিকের জন্য.",mushfiq,NEUTRAL
621fff93419798bf,এতো আবেগ কোথায় থেকে আসে সুজা কথা যার পারফরম্যান্স ভালো সেই দলে থাকবে মুশফিক গত অনেক গুলো T20 ম্যাচ ভালো খেলতে পারে নাই আফগানিস্তান আমাদের পড়ে T20 ক্রিকেট খেলা শুরু করছে কিন্তু এদের সাথে আমাদের দেশ পারে না 🤣,mushfiq,FAVOR
c2e4c2b8da8a29bf,Finally we will see new players instead of musfiq.,mushfiq,NEUTRAL
5fcc48b91ff39354,অভিনন্দন। তবে তোমার এমন ঘোষণা মনটা খুবই খারাপ করে দিলো ভালোবাসার নায়ক মুশফিকুর রহিম।,mushfiq,FAVOR
0b1e17282f8d78fc,মুশফিককে আবার আগের মতো দেখতে চাই। মুশফিকের এই অবসর মেনে নেওয়া যায় না,mushfiq,AGAINST
cf69cd7f74d3cd88,মুশফিক ভাই ভালো মানের একজন প্লেয়ার ছিলেন এবং বেটার শুভকামনা রইল আগামী দিনগুলোর জন্য,mushfiq,FAVOR
377873f2b9955680,Happy retirement from T20 International Mr.Dependable Mushfiqur Rahim.. 🖤 Thanks for everything...🖤❤️,mushfiq,AGAINST
72757ef18992df57,মুশফিক আমাদের দেশের গর্ব মুশফিককে আমি অনেক ভালবাসি কাতার প্রবাসী,mushfiq,FAVOR
23ce808704a6a132,"মুশফিকুর রহিমের অবশরের কথা শুনে অনেক খারাপ লাগছে, তুমার খেলা গুলো অনেক মিস করবো,মিস্টার ডিপেন্ডেবল আশা করি অন্য ২ ফরমেটে আরো ভালো কিছু করবে ইনশাআল্লাহ",mushfiq,FAVOR
0b58f5b8a5bcd4b1,মুশফিক হঠাৎ করে অসার নিলেন আমার খুব কস্ট লাগতেছে,mushfiq,NEUTRAL
5c349b4f99d4d24e,মিস করবে মুশফিকে batsam ছিল শুভ কামন রইলো মুশি so sad 😢😢😭,mushfiq,NEUTRAL
a6cb1c186cfd43ec,"মুশফিক ভাই আমি আমাদের মনে,,, আজিন তাকবেন,,,আপনি দেশকে অনেক কিছু দিয়েচেন,,,আশা করি আপনি আরো কিছু দেশকে দেওয়ার আছে,,,,",mushfiq,NEUTRAL
d353c98afdf7316f,মুশফিকুর রহিমের সিদ্ধান্ত কে সাধুবাদ জানাতে তবে আমি কেন পিছনে পড়ে রবো? সত্যিকার অর্থে ক্রিকেট অঙ্গনে যাকে আমি আমার বস হিসেবে জানতাম যদিও আমি ক্রিকেট হতে সম্পূর্ণ ভিন্ন অবস্থানে আছি। ভাল থেকো বস বা মুশি ভাই। সুন্দর হোক আগামীর পথ চলা আমি এই কামনা করি সবসময়। ❤️,mushfiq,NEUTRAL
5a72066f183fb993,বাঁশটা কিন্তুু কম দেননি সাংবাদিক ভাই বোনেরা ধন্যবাদ মুশফিক ভাই ভালো ভাবে সম্মান নিয়ে বিদায় বলেছো যথেষ্ট হৃদয় বিদারক মূহুর্ত একদিন,mushfiq,FAVOR
584ac5e40e00c763,মুশফিকের জন্য খুব খারাপ লাগছে - ফিরে আসো ভাই,mushfiq,AGAINST
eacb1696e5221357,"আমরা মানুষ খুবই অদ্ভুত একটু খারাপ করলেই তাদের সমালোচনা করি কিন্তু তারা তাদের হাত ধরে কত জয় এনে দিয়েছে আমাদের,, আমাদের সবার উচিত খারাপ খেলেও তাদের পাশে থাকা সব সুময় সাপোর্ট করা ভালো থাকবেন মুশফিক ভাই।।।।।।",mushfiq,NEUTRAL
cf11d787bad78621,my favorite player Mushfiqur Rahim 🥰🥰🥰 Love you 😍😭,mushfiq,FAVOR
0fcd4f35ee0bf57c,"এতো তাড়াতাড়ি বিদায় নেওয়া খুবই দুঃখ জনক,অবসর না নিয়ে ধয্য ধরার দরকার ছিলো। খুব উপভোগ করতাম প্রিয় মুশফিকুর রহমান। ভালো বাসা সবসময় অটুট থাকবে, ইনশাআল্লাহ।",mushfiq,FAVOR
9ae861491657914b,"আরো একজন সেরা সেরা প্লেয়ার কে আমরা হারিয়ে ফেললাম,, পঞ্চপান্ডবের একজন,, মিস্টার ডিপেন্ডেবল মুশফিকুর রহিম তার অবদান কখনো ভুলার মতো না,, মিস করবো অনেক ভালো থাকো বস 😒💔💔",mushfiq,FAVOR
210c68384a8bef13,Love you Mushfiqur Rahim apnake onek miss korbo,mushfiq,FAVOR
e7725959c5b4da82,সত্যি কথা বলতে বাংলাদেশের খেলা দেখতাম শুধু মুশফিকভাইয়ের ব‍্যাটি দেখার জন‍্য। উনি যদি ভালো ব‍্যাট করত তাহলে দল হেরে গেলেও কষ্ট লাগতনা।,mushfiq,FAVOR
bc687aa9eb592558,Apnader report dekhe chokher pani ar dhore rakhte parlam nah khuv miss korbo amar prio Mushfiqur Rahim bhaike love you always boss sei chutobela theke apnake support diye aschi off-form a thakle o apnar jonno duwa korechi ar bolte gele apnar khela dekhar jonnoi Bangladesh team er khela dekhi sob somoy valo theko prio... Love you so much...😢😢💓💓💓,mushfiq,FAVOR
62703dd39a0f9d57,মুশফিক বাংলাদেশ ক্রিকেটে সবচেয়ে বেশি খারাপ সময় পাসে ছিল। মুশফিকে নিয়ে আসায় ছিলাম আমাদের আসা পুরণ করতেন। রিয়াল টাইগার বাংলার বাঘ মুশফিকে বলা যায়,mushfiq,AGAINST
03b3756116b9c1ad,"Bangladesh r t20 dekhpo na are, miss you musfiqur rahim 😢",mushfiq,NEUTRAL
6522ee38c840ceeb,I love Mushfiqur Rahim I mis your T20 betting,mushfiq,FAVOR
2155444124f99cb8,It's a very very sad & crying news for every musfic & bd fan😢 He is a fantastic man and cricket. Love u musfiq vai🥰🥰💗💝,mushfiq,FAVOR
80f521b14c345cea,মুশফিক ভাইকে আমরা বিশ্ব কাপ এ আবার দেখতে চাই পাপন ভাই,mushfiq,NEUTRAL
cf009a6054d3fd18,মুশফিকুর রহিমের কথা টা আসলে অনেক কষ্টের ইঙ্গিত করে 💔 আর যা ই হোক সে ই আমাদের দেশের সেরা ব্যাটসম্যান💓💞 মুশফিকুর রহিমের উপদেশ টা বিসিবি কর্মকর্তাদের আমলে নেওয়া উচিত । Love ❤️ You Musfiq,mushfiq,FAVOR
451de8c423a6d24d,মুশফিক ভাই আপনাকে অনুরোধ করবো আপনি রিভার সুইপ আর খেলবেনা কালকেও আউট হয়েছেন রিবাসুইপ খেলে,mushfiq,NEUTRAL
f0fc7017a798f396,"I've my full support for Mushfiqur Rahim. It's okay to be aggressive in cricket field. An sportsman without aggression is not a complete sportsman. Keep it up, Mushfiqur.",mushfiq,FAVOR
e6d9f77d43a89b52,"আমরা চাই মুশফিক এখন থেকে IPL,PSL,CPL, legends league এসব খেলুক 🤗🇧🇩😎",mushfiq,FAVOR
f5e8e650b042d531,How do you judge Mushfiq’s retirement না বলে বলা উচিৎ ছিল What do you think about Mushfiq’s retirement? অথবা What's your opinion on Mushfiq's retirement? রাইভালিটি বলতে কোন শব্দ নাই। সঠিক শব্দ হল Rivalry,mushfiq,NEUTRAL
427f03789491a14b,Mushfiqur is the unsung hero of 🇧🇩 cricket ❤️👏❤️,mushfiq,FAVOR
c17af2660fd511bc,মুশফিক খারাপ খেললে যেমন রাগ হতো তেমনি খারাপও লাগতো কেন রান পাচ্ছে না।আলহামদুলিল্লাহ এখন ভালো খেলছে🥹,mushfiq,FAVOR
e3ba469be8057d0d,কদম মুছি করা দেখে মনটা মুশফিকের প্রতি ভালো বাসা অনেক বেরে গিয়েছে।,mushfiq,FAVOR
d64504e6a8b63ca8,মুশফিকুর রহমান ভাইকে বলতে চাই পায়ে হাত দিয়ে সালাম কি জায়েজ আছে যত হিন্দু কালচার আছে সব টিকিয়ে রাখছে এদেশে,mushfiq,NEUTRAL
5a8a27f298677677,মুশফিকুর রহিম কে দলের অন্যতম সদস্য উচিত ছিল।,mushfiq,NEUTRAL
e242d7d88761fcb7,মুশফিক কি অবসরে আছেন? কেউ বলবেন প্লিজ।,mushfiq,AGAINST
1839c0cf94443478,"আমি কোনো মন্তব্য করবো না কারন আমাদের কথার কোনো মুল্য নেই, মুশফিক বস কে অনেক ধন্যবাদ, ঈদ মোবারক ❤",mushfiq,AGAINST
14eb33f9d02dd8d1,মুশফিকুর রহমান একজন খাটি ইমানদার মোসলমান মনে হয়। তা-ই মুশফিককে ভালবাসি আল্লাহ তাকে নেক হায়াত দান করুন আমিন।,mushfiq,FAVOR
6b6f429b64863124,অন্য মুশফিককে আপনি নেক হায়াত দান করেন আমিন।❤❤❤,mushfiq,NEUTRAL
8a74d51e0acbd954,এখনই নয় মুশফিক ভাইকে অবশ্যই আরো তিন চার বছর ক্রিকেট খেলতে হবে সেই সামর্থ্য ও যোগ্যতা তিনার আছে এটা আমরা বিশ্বাস করি। এরপর ক্রিকেট বোর্ড দেশ ও ক্রিকেটের স্বার্থে তিনাকে অবশ্যই যথাস্থানে রাখবেন এটা আমাদের দাবি।,mushfiq,NEUTRAL
0d2600cc810f8480,খেলা শেষ করে মুশফিক। রাস্তায় রাস্তায় ফুসকা বিক্রি করবে।,mushfiq,NEUTRAL
2af226da7c0910fa,Ajke Mushfiqur Rahim er century hobe inshallah.,mushfiq,NEUTRAL
214db5ab02dfc013,"বাংলাদেশ দলের খেলোয়াড় হিসেবে মুশফিক ৩,৪,৫,৬যে কোন পজিশনে সব সময়ের জন্য ভালো খেলোয়াড়। দেখুন সামনে দু একটা সিরিজ খারাপ করলে তাকে বাদ দিয়ে দেয় কিনা।",mushfiq,NEUTRAL
de18b0aa6f59565a,"Rizwan is just a normal cricket....not some kind of great person...liton das can bring him down , so followers should behave themselves before commenting. Support your team is a great thing, u see Shan Masood in this match trying to provocate mushfiq, but u see Mr cool always handles such lammers in every matches",mushfiq,FAVOR
eda03b1ea4221057,আমার মনে হয় লোকটা সত্যি কথা বলছে মুশফিক খেলতে না পেরে আউট হয়ে যায় সেই রাগটা ওই লোকটার উপরে দেখিয়েছে আর পাশের চামচা গুলোর কথা আর কি বলবো ভাই,mushfiq,NEUTRAL
7aa95185cb821b95,আমাদের নবীর উপর গালি দেয় ইসলামের সাথে খারাপ আচরণ করে এটার কোনো বিচার নাই। আর এই খানে আইছে মুশফিক নিয়া,mushfiq,AGAINST
09f8233366f73c2a,মুশফিক খুবই ভালো মানুষ কিন্তু তার চারপাশে এই চামচাগুলি এতো বেয়াদব,mushfiq,FAVOR
095573130f5c6219,"কাদের জন্য আজকের এই মুশফিক ? উনি অপরাধ করে থাকলেও উনার সাথে যা করা হলো , তাতে কি মুশফিক অনেক শান্তি পাবে ???",mushfiq,NEUTRAL
de6466b047fbbc24,ধরলাম গালি দিছে। মুশফিকের খারাপ লাগছে। যা বলার বলে গেছে। এই মানুষগুলো কে? এগুলো থাপড়ানো উচিত‌। বেয়াদবের বেয়াদব।,mushfiq,AGAINST
e4af3d125f5a6e4e,ইন্ডিয়াকে মুশফিক হারানোর পর কে কে ভিডিওটা আবার দেখতে আসছেন?,mushfiq,NEUTRAL
c88d06689c7b938e,musfiq k like krtam but aj theke hate krtesi 😠,mushfiq,AGAINST
b90baa38f43413f6,Mushfiqur vai ar nil shirt pora loktar kono dosh nai...Oi jersey ala ganjakhor tar matahe shomossha ase...,mushfiq,NEUTRAL
29bcb1260a1d081c,মানুষ আল্লাহর কাছে ভুল করে মাফ চায় আল্লাহ তার বান্দা কে মাফ করে দেয়।আর তো মানুষ মুশফিক ভাই কেনো ওনাকে মাফ করতে পারবে না সে মানুষ না।,mushfiq,AGAINST
f606fc51cd8b54e2,Vai musfiq or ai man tar bapar ata.,mushfiq,NEUTRAL
88092e2a1c58c280,"Acha,ATO due thekhe kibhabe sunache mushfiq Bhai?",mushfiq,NEUTRAL
8b37fe8718ae9217,ওই সময় হয়তো মুশফিকের মেজাজ খারাপ ছিল এইজন্য ভালো কথা খারাপ লাগছে।,mushfiq,FAVOR
c22b58436b622fe1,মুশফিক ভাইয়ের জন্য দোয়া রইল। মহান আল্লাহ যেন তার পবিত্র হজ্ব কবুল করেন।,mushfiq,NEUTRAL
a2490152bb4609eb,উত্তম এবং ভালো ডিসিশন নিয়েছেন শুভকামনা রইল মুশফিক👏👏👏,mushfiq,FAVOR
2d5afd3c7ca0de64,অনেক কষ্ট হল কথাটা শুনে আমার অনেক পছন্দের খেলোয়াড় ছিল মুশফিকুর রহিম কিন্তু নিতেই হবে তাই খুব দ্রুত সিদ্ধান্ত নিল মুশফিকুর রহিম সেলুট মুশফিক,mushfiq,NEUTRAL
4de1193ff17522b7,অসংখ্য ধন্যবাদ মুশফিক ভাই আপনি সামনে এগিয়ে যান ইনশাআল্লাহ ওয়ানডে টেস্ট আপনি ভালো কিছু করতে পারবেন,mushfiq,FAVOR
eb8a3de65a55d60e,পছন্দের খেলোয়াড় এর এরকম বিদায় যদিও খারাপ লাগার তবুও সিদ্ধান্ত কে সাধুবাদ জানাই। A humble respect to you Mushfiqur Rahim for your lot of contribution in Bangladesh cricket ❤️🇧🇩 💔🇧🇩✅,mushfiq,AGAINST
a7af68875e1cc173,Selector should take decision like legend mushfiqur rahim,mushfiq,FAVOR
0f1e03797a886682,"মুশফিক ভাই,আপনি আমার আইডল ছিলেন, আছেন, থাকবেন। ইনশাল্লাহ, ভবিষ্যতে বাংলাদেশকে আপনি আরো কিছু দেবেন। পরিশেষে, আপনার এই ক্ষুদে ভক্তের অভিনন্দন ও শুভেচ্ছা রইল। LOVE YOU BOSS 💝💝💝MR15💝💝💝",mushfiq,FAVOR
6e07aedc99d99f7c,"সাংবাদিকদের ধন্যবাদ বাংলাদেশ দল থেকে একটা নক্ষত্র ফেলে দিতে বিসিবিকে সাহায্য করার জন্য ,,,,৷ ভালো করছেন মুশফিক ভাই,,, এখন বুঝবে ডিপেন্ডেবল’ কি জিনিস😭😭😭",mushfiq,FAVOR
8ac9c894c8876c72,Musfiq k shudu test a rakha uchit. One day format theke o badh dite hobe,mushfiq,AGAINST
ff60dd109c36da75,মে মানুষটার জন্য খেলা দেখি আর তাকে দেখব না । এখন আর টি টুয়েন্টি খেলা দেখে মাজা পাবনা। একটা কোচ মুশফিকের মতো একটা খেলোয়াড় ধ্বংশ করে গেল।,mushfiq,NEUTRAL
555d13a9daf31e3f,"Thats your prerogative youre taught to hate Bdeshis or whoever questions your positions! Anyway like you many people dont know or try to avoid knowingly, that whole facade was started by Indian bowler Ashwin when he tweeted Bd won the match but Oman won hearts so then Mushfiq tweeted in response for which he was absolutely right! We dont give shite, dont take shite so decide yourself!",mushfiq,NEUTRAL
fc2cb005d366a2cc,Mushfiqur bhai r kotha gula khub valo lage.... Mushfiqur bhai r kotha bhot important,mushfiq,FAVOR
b1f51ac45d56e912,Bpl e Musfiq bhai j team e khele amio sei team a support kori,mushfiq,FAVOR
13a4485c23684ed6,মুশফিকুর রহিম ভাই কে অনেক ভালো লাগছে,mushfiq,FAVOR
bcec6c5b48ee6903,"Ami jani na Musfiq bhai k koto ta valobashi................Tobe onar proti amar onek onek valobasha, doya, aysa thakbe sob somoy........",mushfiq,FAVOR
9e5869aee30cb80d,মুশফিকুর রহিম নিঃসন্দেহে একজন ভালো মানের ক্রিকেটার ছিল। বাংলাদেশ ক্রিকেট তাকে আজীবন স্মরণ করবে।,mushfiq,FAVOR
41807bdd8b1b662a,"Thank you for everything Mushfiqur Rahim Bhai. We will miss you ❤️.. আজীবন মনে রাখবো,,",mushfiq,NEUTRAL
dca0fc5dfc4e8ca5,Good bye legend musfiqur Rahim bai কিংবদন্তি ব্যাটসম্যান মুশফিকুর রহিম ভাই তুমার পরবর্তী নতুন জিবন ভালো কাটুক পরিবারের সাথে দোয়া করি সারাজীবন ভালো থাকো,mushfiq,FAVOR
8cff1b804d1fd8ea,মুশফিক রহিম বাংলাদেশ জন্য সব সময় ভালো খেলে,mushfiq,FAVOR
b0529a845a4c284c,Good bye legend কিংবদন্তি ব্যাটসম্যান মুশফিকুর রহিম ভাই ভালো থাকো তুমি সারাজীবন পরিবারের সাথে ভালো কাটুক তুমার,mushfiq,FAVOR
98b5f75bad717ac7,চাপাবাজি টা একটু বেশি হয়ে গেল । ২০ টা কেন 40 টা খেয়ে নামলে ভালো হতো । এ পৃথিবীতে এমন কোন বাপের ব্যাটা নাই যে বিশটা প্যারাসিটামল বা ব্যথার ওষুধ খেয়ে সুস্থভাবে চলাফেরা করেছে । এটা সত্য যে মুশফিকুর রহিম দেশের জন্য যথেষ্ট অবদান রেখেছে। সে একজন খুব ভালো খেলোয়াড় ছিল। সে ভালো উইকেট কিপার এবং ব্যাটসম্যান ছিল । কিন্তু চাপাবাজিটা একটু বেশি হয়ে গেল । একজন মানুষের পক্ষে সর্বোচ্চ আট টা প্যারাসিটামল বা ব্যথার ওষুধ খাওয়া সম্ভব। সেই জায়গায় বিশটা । মানে এটা শুধুমাত্র বাংলাদেশীদের পক্ষে সম্ভব। হায়রে মানুষ । বললে বলার মত বলতে পারতি।,mushfiq,FAVOR
164886adfb3475df,মুশফিকুর রহিমকে যারা ট্রল করে আমি মনে করি সে তারা ক্রিকেটই বুঝেনা।।,mushfiq,NEUTRAL
0743ed4083d5c073,ভাই আপনার কথা আমার খুব ভালো লাগছে মুশফিক যে কি বাংলার মানুষ বুঝলো না,mushfiq,FAVOR
894fd2d562690a86,Mushfiqur is my fvrt player. This Jersey is best anyone’s..,mushfiq,FAVOR
0ddf4e4235e942a3,Musfiq irend logo bala khala are Zimbabwe logo 😂😂😂,mushfiq,NEUTRAL
4754ebebaf5bce4a,General Mushfiqur is a nice gentleman and a true professional officer.,mushfiq,NEUTRAL
6ae7a397b493a88d,Off course cgs mir musfiqur Rahman k banate Hobe... Musfiq sir next army shift banate Hobe... Mainur sir jotoi shoes of onar hok na kno,mushfiq,NEUTRAL
faf3d597cc723105,"অসম্ভব ভালো লাগলো কথাগুলো , ধন্যবাদ মুশফিক ভাই",mushfiq,FAVOR
8e4be906b9de0dee,মুশফিক রহমান সাহেব নমিনেশন না পেলে কসবা ও আখাউড়ার উপজেলার মধ্যে বিবাদ সৃষ্টি হত। ৭ ভাগে ভাগ হত। কবির সাহেবের বাড়ি বাম্মনবাড়ীয়ার সদরে উনি সানিকে ব্যাবহার করে কসবা ও আখাউড়ার উপজেলার মধ্যে আসছে। উনি কসবা উপজেলার সাবেক মেয়র সাবেক বিএনপির সভাপতি কে ৬ বার বহিষ্কার করছে কিছু পুরনো নেতাদের কে বড় পোস্ট বা বি এনপির সভাপতি দিবে বলে উনার সাথে নিয়েছে। আবার বলেছে নির্বাচনের মাধ্যমে সভাপতি দিবে। আবার সে নিজের বা সানির বলে কসবা বি এনপির সভাপতি লটারির মাধ্যমে দেওয়া হয়েছে। কোন প্রাথী জানে এ ও না বা জানতে দেয় না। পুরনো কমিটির নেতাদের সাথে যোগাযোগ নেই আলোচনা ও নেই। পুরনো কমিটি ছিল কবির সাহেবের দুষমন। আর কসবা উপজেলার বি এনপির সাবেক সভাপতি ইলিয়াস ছিল বড় দুষমন। সে মন করেছে ইলিয়াস কে বহিষ্কার করে নেতা হওয়া জন্য। না ভাই ইলিয়াস কসবা উপজেলার নগন্য একজন সাবেক মেয়র সাবেক ইউনিয়ন পরিষদের চেয়ারম্যান সাবেক বিএনপির সভাপতি। তাকে কসবা ও আখাউড়ার উপজেলার লোকজন ভালো ভাবে চিনে।তাকে কি ভাবে দমাবে সে মাতাল ছিল। তার অকালন্ত পরিশ্রমে সবাইকে ঐক্য করে চারগাছ কলেজ মাঠে মিটিং হয়।উনি বলেছেন কোন বহিরাগত বা বাম্মনবাড়ীয়ার সদরের লোক যেন নমিনেশন না দেওয়ার হয়। আমরক স্হানীয় লোকের মধ্যে যাকে নমিনেশন দিবেন তার জন্য কাজ করব ও খালেদা জিয়ার ধানের শীষ কে বিজয় করে আনব। ভাই একমাত্র সানিন কারনে কসবা ও আখাউড়ার উপজেলার মধ্যে কবির সাহেব আসছে। উনার বাড়ি বাম্মনবাড়ীয়ার সদরে সেখানে গিয়ে এত দিন কাজ করলে ভালো হত তার এলাকার মানুষ তাকে চায় না এই কবির কে ভূয়া ভূয়া বলে স্লোগান দেয়। সানির জন্য কসবা ও আখাউড়ার উপজেলাতে কোন নেতা কমিটি দিতে পারিনি। আশা করি বুঝতে পারছেন। আরও অনেক কিছু লিখার ছিল।,mushfiq,FAVOR
e7c682a7edfeb392,Musfiq is a big tournament player. I'm sure he will do great.,mushfiq,FAVOR
c829714f945750fc,"Sohan Ke T20 Player Naki,,Shudu Keeping Jonno Ke Sohan Select Korbe Naki,,Mushfiq Keeper Also Batting Problem Ta Khutay,,Beshi Tiet Korte Gele Cera Jabey..!!",mushfiq,NEUTRAL
33f2e6f285a65381,মুশফিকের পক্ষ থেকে এমন সিদ্ধান্ত অভিমান নয় অহংকারী বহিঃপ্রকাশ। তিনি বর্তমান বাংলাদেশ জাতীয় দলের গুরুত্বপূর্ণ সদস্য ঔ জায়গা থেকে তিনি ম্যানেজমেন্টের সিদ্ধান্তকে স্বাগত জানানো উচিত ছিল।,mushfiq,NEUTRAL
d7e9b19381ad9084,ভাই একজন ১৫-১৬ বছর ধরে উইকেট কিপিং করা ক্রিকেটারকে যদি দুই ম্যাচ খেলা উপর পরীক্ষা নিতে চাওয়া হয় তাহলে কি হবে তাও আবার জন সম্মুখে একবার নিজেকে ওই জায়গায় উপস্থাপন করে ভাবুন। তাই এটা বোঝায় যাচ্ছে মুশফিক অহংকারের নয় চাপা কষ্ট আর অভিমানে এই কাজ করেছে।কারণ এটা একজন ক্রিকেটা এর জন্য শুধু জন সম্মুখে পরীক্ষা নয় অপমান।,mushfiq,NEUTRAL
4c93eca32a2bfa5a,এটা আমার কাছে একদম স্বাভাবিক ব্যাপার। সিনিয়ররা। জুনিয়ারদের শিক্ষা দিবে এটাই স্বাভাবিক। মুশফিকুর রহিম একজন ভালো মনের মানুষ এটাই তার প্রমান।,mushfiq,FAVOR
6f41940925e655d8,মানুষের পাশে কি ভাবে দাঁড়াতে হয় তার একটি বিরল প্রমান দিলেন নিরব ভূমিকা মুশফিকুর রহমান। ইতিহাস হয়ে থাকবে মুশফিকের এই অনুশীলন। শুভকামনা মুশফিকুর রহমানের জন্য। 🇧🇩🌹🤲📿🕋,mushfiq,NEUTRAL
022d113ba9fad306,"যারা মহৎ মনের অধিকারী,, তাদের ঈর্সা, হিংসা বলে কিছু থাকে না। 😍😍 Love u Musfiqur Rahim 😍😍",mushfiq,FAVOR
df1673bfcc21c72b,Musfiq is a great person... because onno kew hole hingsa korto bt musfiq great,mushfiq,FAVOR
49311d9e832f25d0,ভালো লাগলো।মুশফিকুর রহিম অনেক বালো মনের মানুষ।,mushfiq,FAVOR
e4e0ec98a8541c68,"মুশফিকুর রহিম একজন,ব্যাক্তিত্ববান লোক, খুব ভালো মনের মানুষ",mushfiq,FAVOR
74a5591731b83938,Eta amr kache first time onk kharap lage..pore vablam Mushfiq Bhai r koto din khelbe.. Kawke to kawke hal dora lagbe,mushfiq,AGAINST
ff6284028b74a894,Mushfiqur bhai please make billions of video with more information. Spread your knowledge among muslims brothers and sisters. Jazakallah.,mushfiq,NEUTRAL
2796884be0c24574,"মূর্খ মুসলিম অল্প শিক্ষিত মুসলিম ভাইদের কে অনুরোধ করছি আপনারা এই আলোচনা থেকে শিক্ষা নিন যে, একজন গ্রেট নাস্তিকের সাথে আলোচনা করতে হলে কি পরিমান জ্ঞান অর্জন করতে হয়। অতএব: ভাঙ্গাচুরা জ্ঞান নিয়ে নাস্তিকদের সাথে কেউ বিতর্ক করে তাদেরকে সেলিব্রেটি বানাবেন না। মুশফিকুর রহমান মিনার ভাইয়ের জন্য অন্তর থেকে দোয়া রইল আল্লাহ তাকে দীর্ঘজীবী করুক, আমিন।",mushfiq,NEUTRAL
67bad97495de6445,Mashallah মুশফিকুর রহমান মিনার ভাই khub valo janen...... Go ahead ভাই,mushfiq,FAVOR
42798b874f5f9c50,"Brother Mushfiqur Rahman Minar bhai, I am fully impressed with the depth of your knowledge and patience. You did an wonderful job. May Allah increase your knowledge and ability to defeat the those through wisdom and logic who want to defame and undermine ISLAM. May Allah accept your effort.",mushfiq,NEUTRAL
37bb1e0e8cd87829,এই ধরনের ইসলাম বিরোধী আবুলদের সাথে ভালো ভালো আলেমদের বসা মানে তাদের মূল্যবান সময় নষ্ট করা।😂 মুশফিকুর ভাইকে আল্লাহ্ সম্মানিত করুক।আমিন।❤,mushfiq,FAVOR
d97696a2e38165a6,মুশফিকুর ভাই কথায় কথায় ঠিক আছে ঠিক আছে না বলার চেষ্টা করেন। কারণ একটা অনর্থক কথা বারবার শুনতে খুব বিরক্ত লাগে।,mushfiq,NEUTRAL
f16eca7d0e99ba18,"আপনার মন্তব্যটি মুশফিক মিনার এবং সভ্য সমাজের মধ্যে সম্পর্কের উপর একটি গুরুত্বপূর্ণ দৃষ্টি তুলে ধরছে। একজন ব্যক্তির ভদ্রতা, সততা এবং জ্ঞান সমাজে একটি ইতিবাচক আলোচনার পরিবেশ সৃষ্টি করতে পারে। যখন আলোচনা সভ্যতার স্তর উন্নত হয়, তখন মানুষের মধ্যে শ্রদ্ধা, বোঝাপড়া এবং সহযোগিতার এক নতুন সংস্কৃতি গড়ে ওঠে। এটি বিভিন্ন দৃষ্টিভঙ্গি এবং মতামতকে সম্মান করে, যা সমাজে শান্তি এবং সাম্য প্রতিষ্ঠার দিকে নিয়ে যায়। মুশফিক মিনারের মতো ব্যক্তিরা সাধারণত মানুষের মধ্যে আলোচনার ধরণ পরিবর্তনের জন্য উদাহরণ সৃষ্টি করেন। তাদের ভদ্রতা ও জ্ঞান সমাজের অন্যদের জন্য একটি শিক্ষার উৎস হতে পারে। আপনার মন্তব্যগুলি সমাজে ইতিবাচক পরিবর্তনের প্রেরণা জাগাতে পারে। যদি আপনি আরও কিছু শেয়ার করতে চান বা বিশেষ কোনো বিষয়ে আলোচনা করতে চান, তাহলে জানাবেন!",mushfiq,NEUTRAL
793c5f662eea2a43,Musfiq ar moton balo keepar bangladesh a nai musfiq tumi onu prarona i love mushfiq,mushfiq,FAVOR
aba9df390f2c539e,"সত্য কথা বলছে, মিথ্যা তো বলে নাই । মুশফিক দেশের সেরা ব্যাটসম্যান ঠিক । কিন্তু সেরা কিপার কখনোই ছিল না । আর এটা তো ওর প্রথম ভুল না । এল আগেও অনেক ভুলে ম্যাচ হারছে বাংলাদেশ ।",mushfiq,NEUTRAL
f47000429fe681d0,Mushfiq aro 100 bochor khelleo bhul theke shikha nebe na . Or jonnoi amra india r sathe 3ball 2 korte pari ni. Or theke liton batting and keeping best,mushfiq,FAVOR
1a2284e91300246c,এবার আমরা না হয় মুশফিক ভাইয়ের জন্য বিশ্বকাপটা Jeetbo😊😊😊,mushfiq,NEUTRAL
24a8ae8ecf2201d9,"সত্যি বলতে আমাকে যদি কেউ প্রশ্ন করে যে বাংলাদেশ ক্রিকেট টিমের কোন প্লেয়ার তোমার ফেভারিট আমি এক নামে বলবো মুশফিকুর রহিম, কারণ খেলার মধ্যে ওনার বিচক্ষণ চিন্তাভাবনা আমাকে মুগ্ধ করেছে এবং ওনার কিছু কিছু শর্ট আমার অনেক ভালো লাগে 👌আল্লাহ মুশফিকুর রহিম ভাইকে আপনি আরো ভালো খেলার তৌফিক দিন 👍আসন্ন বিশ্বকাপ মুশফিক ভাই যেন সুযোগ পায় এবং ভালো খেলে,দোয়া ও ভালোবাসা রইল ❤❤❤",mushfiq,FAVOR
af778de3645d46af,মুশফিক খালি ভালো ক্রিকেটের না একটা ভালো মানুষ। লাভ ইউ আমাদের মুশি ভাই 😊❤❤❤,mushfiq,FAVOR
020b13507c0f8393,"2005 সালে ভেবে ছিলাম,বাংলাদেশে একটা সচিন পেয়েছি,,,কিন্তু এখন দেখি ,, ও সচিনের মত নই,,টেস্ট এবং ওয়ানডে, আজও সে রকম রান করতে পারেনি ,,, কিন্তু বাংলাদেশ কে অনেক কিছু দিয়েছে,,, মুশফিকুর রহিম,,এর জন্যে আজ বাংলাদেশ খুব সুন্দর জাইগাই দাড়িয়ে আছে,,,যেদিন ও অবসর নেবে সেই দিন থেকে আমি আর খেলা দেখব না ,,,কারণ মুশফিকুর রহিম চলে গেলে আর বাংলাদেশে মনে হবে না,,?",mushfiq,AGAINST
8ce180725ac112fa,"If you see no 4 batter in world cricket yuvraj Singh, Ross Taylor and musfiqur rahim are absolute legend of world cricket",mushfiq,FAVOR
2ec3271a53d08f61,টেস্ট দলের ক্যাপ্টেন হিসেবে মুশফিক ভাই কে চাই ❤️,mushfiq,NEUTRAL
a305ab72d4812939,"২০০৫ সালে মুশফিকের বয়স ছিল ১৬ না বরং ১৮...., বারবার আপনারা ১৬ বলছেন কেনো বুঝি না.... ১৮ বছরপর মুশফিকের বর্তমান বয়স ৩৬...",mushfiq,NEUTRAL
e0dab803319b4db2,পাপন দাদা এই রকম মুশফিক রহিম পেতে আপনাকে আরো ষোল বছর অপেক্ষা করতে হবে ততদিনে আপনার ঘাস উঠে যাবে ।তাই দাদা সিনিয়রদের সম্মান দিয়ে কথা বলার চেষ্টা করবেন কারন তারা ষোল বছর মাঠে নেমে কষ্ট করে এই জায়গায় এসেছে আর আপনি আরামে চেয়ারে বসে শুধু বক বক করেন এটা ঠিক না,mushfiq,NEUTRAL
4433e590018140e4,মুশফিকের মতো ভালো খেলোয়াড় বাংলাদেশে কয়টা আছে,mushfiq,FAVOR
270009bce227ac31,Mushfiq and mahamudallah will stay for ever,mushfiq,NEUTRAL
c977e4d5fcbdc5de,ভালো একটা সিদ্ধান্ত নিয়েছেন মুশফিক। টেস্ট আর ওয়ানডেতে আরও সফল মুশফিককে দেখতে চাই।,mushfiq,FAVOR
f9436cf60136dbbb,আমার বলার মতো কোনো ভাষা নেই মুশফিকুর রহিম এর মতো এমন ধৈর্য্যশীল খেলোয়াড় আর হয়না সে T20. থেকে নিজেকে সরিয়ে নিয়েছেন তার প্রতি আমার শোভকামনা রইলো 😂😂😂😂😂😂😂😂😂😂😂😂😂😂😂😂,mushfiq,NEUTRAL
f4ca6742bdcca35d,যদিও মুশফিকের বর্তমান ফর্ম তেমন একটা ভালো না তবে ভুলে গেলে চলবে না মুশফিক আমাদের অনেক কিছু দিয়েছে।,mushfiq,FAVOR
37e44a9a757ccf93,দুঃখজনক হলেও বাংলাদেশের প্রতিটি ক্রিকেট ভক্ত T-20 তে মুশফিককে মিস করবে কিন্তু দেশের T-20 ভার্সন কে উন্নতির আপডেটের জন্যে মুসফিকের মতো সিনিয়র খেলোয়াড়দের এই রকম বুদ্ধিমওা হতে হবে... ???,mushfiq,NEUTRAL
6e986858c5c073cb,"🤫🤫মুশফিক ভাই পারলে ক্রিকেটাই ছেড়ে দেন,ব্যবসা করেন, আর আপনি তো দেশের জন্য খেলেন না,নিজের জন্য খেলেন 🤫🤫",mushfiq,NEUTRAL
3aa039c7f94de16e,It is a very normal matter in the cricket field...love u Mushfiq...,mushfiq,FAVOR
3c48a7280baef236,"ভাই ক্রিকেট আমরা খেলি জানি আবেগ কি জিনিস, একটা বল কি জিনিস, মুশফিক ভাই যা করেছে এটা একটা আবেগ এবং ভালবাসা, এটা একজন ক্রিকেটারই বুঝবে এটা একান্তই ক্রিকেট মাঠের অভ্যন্তরীণ ব্যপার, মাঠের বাইরে এটা বুঝতে পারা অনেক কষ্টের।",mushfiq,FAVOR
94a730798115bb0a,Musfiq vay akjon oviggo player uni amon sason kortey pare...a gula apnader tel mere newz bananor jnno joto jhmela....,mushfiq,NEUTRAL
5ea3b9cde336ef8c,মুশফিকের এমন আচরণ সত্যিই দুঃখজনক নিউজিল্যান্ড ম্যাচের কথা মনে আছে আমাদের নাছুম খুব শান্তশিষ্ট একটা মানুষ ♥,mushfiq,NEUTRAL
6075c7804dbea341,ভাই তাই বলে এতো উত্তেজিত হওয়া মুশফিকের মোটেও ঠিক হয়নি,mushfiq,NEUTRAL
01bfa393ee1c7bfd,"@mrtushar3225 oti uthsahi bolte musfiq er kache theke eta unexpected chilo tai sobai alocona korbey r fan der kaj e alocona,, somalocona kora etay savabik taina...manus er valo k valo bola kharap k kharap bolar r8 ache.. bd er mnus eta aro besi kore ... manus alocona, somalocona korbey,, and punishment o paice musfiq ejnne,,so bojhai jacce musfiq asolei vul korechilo",mushfiq,NEUTRAL
ceae33175de57c26,sotto sikar korte sekho.. ondho vokto hoiyo na Mushfiqur onnay korce sobai kotha bolbe etai savabik,mushfiq,NEUTRAL
161aa41625c2727c,"Ya mushfiq fault is to be a human, not to be a emotionless robot right?",mushfiq,FAVOR
a62eb92919777f6a,"Extremely unprofessional behavior from mushfiq, he should apologies to him asap",mushfiq,NEUTRAL
4a450891c47af514,মুশফিক আজ কিছু খায়ে মাঠে নামছিলো মনে হয় 🥴,mushfiq,NEUTRAL
7c55cbf8976910ec,বড় ভাই হিসাবে শাষণ করছে... নাসুম বিষয়টারে নর্মালি নেওয়া উচিত...খেলা শেষে আমার বিশ্বাস মুশফিকুর রহিম ওরে একটু সময় দিলে ওর মন ভাল হয়ে যাবে,mushfiq,FAVOR
e7d2661618490ded,"@TambinGaming আপনার মত ঠান্ডা মাথা তো আর সবাই নাই। মানুষ রাগের মাথায় অনেক সময় মুহূর্তের প্ররোচনায় অনেক কিছুই করে। সেটা নাছুম যেমন সহজেই মেনে নিয়েছে, ঠিক তেমনি সাথে সাথে মুশফিক ওর পিঠ চাপড়ে দিয়ে নিজের মেজাজ হারিয়ে ফেলাটা পুষিয়ে দিয়েছে। মানুষ মাত্রই এমন হয়। হয়না শুধু শয়তানের। আপনি নিশ্চয়ই শয়তান টাইপের লোক।",mushfiq,NEUTRAL
647298bc2e550eaf,তোমার বিশ্বাস নিয়ে তুমি থাকো। মুশফিকের এমন ব্যাবহার কোন মতেই গ্রহনযোগ্য নয়। ঝাড়ি দিয়ে পিঠ চাপড়ালেই সব ঠিক হয়ে যাবে? একেই বলে জুতা মেরে গরু দান!,mushfiq,NEUTRAL
e2efd0b8897e1ad3,আরেক জনের কেচ মুশফিক নিতে যাচ্ছে কেনো । সেটা ভালো করে সবাই মিলে দেখার চেষ্টা করেন,mushfiq,FAVOR
2fbadbe997e7d3e6,মুশফিকের কাছে এমনটা কখনোই আশা করিনি।গতকাল দেখলাম সাইফুদ্দিনও একই ব্যবহার করেছে। ওরা জাতীয় দলের খেলোয়াড় বলে ওদেরই মেজাজ আছে আর অন্যদের নাই?,mushfiq,NEUTRAL
3e32e42c14501dd0,Ami musfiq ar fan nah but saifuddin o toh korse seta kon nah ken. Ami dislike disi jei dong ishh,mushfiq,NEUTRAL
0353832a26706c9b,"মুশফিকুর রহমান ভাইয়া অনেক ভালো লাগে ইসলামিক দিল থেকে, তবে আজকের এই আচরণটায় দুঃখ পেলাম।।",mushfiq,FAVOR
c29e1bc7c5587c04,'খেলার সময় এগুলো হয় কিন্তু ক্যামেরার সামনে মুশফিকের অন্য একটা প্লেয়ার এর প্রতি এতো এগ্রেসিভ আচরণ মানায় নি,mushfiq,NEUTRAL
ec8040cc1060a865,ভাবির সাথে মুশফিক ভায়ের মনেহয় ভালো যাচ্ছেনা 🤪🤣🤣🤣,mushfiq,FAVOR
b407988a45889bba,Vai apnar kothay Mone hocce Mushfiq akai khele jetaice...akta captain jodi mathe ai dhoroner acharon Kore tahole too sobay utsahao hariye felbe.,mushfiq,NEUTRAL
f89ada2a38624a3f,"ভাবী মনে হয় বাসায় মুশফিক ভাইরে বাটাম দিছে, তাই মাঠে আইসা সবাইরে ঝাড়তেছে। 😂😂😂",mushfiq,NEUTRAL
3769ceb5eed3d466,মুশফিক এতো ভালো কিপার না! যে মাঝ মাঠে এসে ফিল্ডিং করা লাগবে! 2 টা ই নাসুমের বল ছিল,mushfiq,FAVOR
7fd593da3d07bf8f,"Eta khub boro vul Valo player kayu oshikar korbo na , khub e valo player Mushfiq Ami oke khub pochhondo kori . But o ki korlo aita . Vul korse alochona to hobei Vulta khalay hoto shobai mene nito Kintu o onner gaye hat tulte gese ta to thhik na",mushfiq,FAVOR
ae5e0b442426941d,কাজটি ঠিক হয় নাই মুশফিকে এই মুশফিকে জন্য কত ম্যাচ হেরেছি,mushfiq,NEUTRAL
9e7efe42522c4ea2,Who is here after Mushfiq Mirror(Ayna) kahini,mushfiq,NEUTRAL
f5210e063d3a1c57,"খেলার পরিস্থিতি তখন খুব কঠিন ছিলো, তাই মুশি হুটহাট মেজাজ হারিয়ে ছিল, তবে যুক্তি যাই থাক না কেন, মুশফিকের মত সিনিয়র প্লেয়ার থেকে এমনটা খুব দুঃখজনক",mushfiq,NEUTRAL
b9ffdda5faeb35d6,This too much form Musfiq... He should not forget that he is the only player in the current BD team who has been given more chances than anyone,mushfiq,NEUTRAL
49e1124020721c36,"মুশফিক ১৫০ রান করতে পারতো,কিন্তু শরিফুল এসে বড় শর্ট খেলতেছে এবং আউট হলো তাড়াতাড়ি, শরিফুল যদি এমন না করতো তাহলে মুশফিক আউট হতো না,,,মুশফিক আউট হলো তাড়াতাড়ি ১৫০ করার জন্য, কারন উইকেট ছিলো না,তাই তাড়াতাড়ি করেছে মুশফিক,",mushfiq,NEUTRAL
46d0aa46bcef2fd7,আমি মনে করি মুশফিকুর রহিমকে টেস্ট দল থেকে বাদ দিলে ভালো হবে,mushfiq,FAVOR
d35587f1f06589eb,"ছোট বেলায় দেখতাম স্টিভ ওয়া, পন্টিং, ম্যাকগ্রাদের মত লিজেন্ড প্লেয়াররা এইরকম রংচটা পুরনো ব্যাগী গ্রীন ক্যাপ পরে খেলতো। ব্যাগী গ্রীন ক্যাপের প্রতি তাদের এই ভালবাসায় বলে দিত ব্যাগী গ্রীনের মাহাত্মটা কি!!!! অনেক বেশি পরিশ্রম, আত্মত্যাগ, নিবেদন ও ভালবাসার প্রতীক এই ব্যাগী ক্যাপ।১৮ বছর দেশকে প্রতিনিধিত্ব করা সহজ ব্যাপার নয়।মুশফিক ভাইয়ের মত আমাদের পরবর্তী প্রজম্মের রোল মডেলের প্রতি রইল অবিরাম ভালবাসা ও শ্রদ্ধা। Salute boss; for your contribution in our cricket history.",mushfiq,FAVOR
45d7c5d0f7dda01e,Pilot k bad dia jokon musfiq k nilo tokon onek kosto laglo. Akon take bad dile o kosto lagbe.,mushfiq,AGAINST
b816f880f7058641,মুশফিকের আর মাত্র ১৪ টেস্ট আছে শততম টেস্ট খেলার,mushfiq,NEUTRAL
2c4df646a19071d1,ভাই ১৪ টা টেষ্ট খেলা মানে আর কমপক্ষে দেড় থেকে দুই বছর মুশফিক ভাই কে খেলা চালিয়ে যেতে হবে তা কতটুকু সম্ভব তা নিয়ে আছে ধোঁয়াশা কারন বি সি বির ভাব ভালো না,mushfiq,FAVOR
444fb205b37a8ce6,মুশফিকুর রহিম আবেগী। চাপের মুখে বিতর্কিত কথা না সত্য কথা বলে ফেলেন।,mushfiq,NEUTRAL
42886b53d8c8e6f6,Lab ase best wicketkeeper Sohan Bangladesh er. Mushfiq is not the best keeper in Bangladesh. Best middle order batter Mushfiq. Wicket keeping options: Bijoy and Emon,mushfiq,FAVOR
87227297d3a6fbf8,Bangladeshi paper tigers are big time chokers... Mushfiqur has foiled winnable matches more often than not...,mushfiq,AGAINST
c8679ab9d18f2aad,Same mamud ullah and mushfiqur and same saga.... 😂😂,mushfiq,NEUTRAL
c08d2824e2b8267b,Mushfiqur rahim overconfidence always end up in loss for bangladesh. 😂😂😂,mushfiq,NEUTRAL
a8f482048a228964,ভুল করে বুঝতে পারাটাই প্রকৃত মানুষের পরিচয় বহন করে। ধন্যবাদ মুশফিক 👍,mushfiq,AGAINST
a07db2d6f7dc24c3,"সিনিয়রদের কাছ থেকে অনেক কিছু শেখার আছে জুনিয়রদের।মুশফিক যেহেতু দুঃখ প্রকাশ করেছে,তাই তাকে নিয়ে আর সমালোচনা না করাই ভালো।",mushfiq,FAVOR
2d9b7ae16f661b1f,"মানুষ অপরাধ করে তার ভুল বুঝতে পারাটাই সবচেয়ে বড় জিনিস, তাকেই বলে বড় মনের মানুষ ধন্যবাদ মুশফিকুর রহিম",mushfiq,AGAINST
1fa22cfa5c4d2638,"Media santi hoisen to, jar joine bangladesh r cricket bese ase take criticism kora thik noi, love you musfiqur rahim ❤️❤️🇮🇳",mushfiq,FAVOR
b7ca19a42a4166d0,"মুশফিক একজন ভালো খেলোয়ার, ভালো মানুষও বটে, তাই আশা করি ভবিষ্যতে ও আর এমন কাজ করবে না । আর যেহেতু সে তার ভুল বুঝতে পেরেছে, মহান আল্লাহ ও নাসুমের কাছে ক্ষমা চেয়েছে এতে আরো ওর মর্যাদা বাড়িয়ে দিবেন (আমীন)",mushfiq,FAVOR
0024cff1d33a4f91,আর এই রকম মুশফিক যেন না করে অত অহংকার করা ভালো না অন্যের রাগ অন্যের উপর চাপিয়ে দেয়া ভালো না।,mushfiq,FAVOR
98a676aa26ee91f8,Musfiqur rahim ato determine tar joine 150 defend korte parse! Love you musfiqur rahim from India 🇮🇳❤️!,mushfiq,FAVOR
56054cc4cc2c4a35,মুশফিকের আগেও অনেক খারাপ ব্যাবহার সবাই দেখেছে তাকে সাস্তি দেওয়া হক,mushfiq,AGAINST
fa23d9a259bb6026,মুশফিকের বিকল্প খব কমই আছে। মুশফিকুর বাংলাদেশ ক্রিকেটের মিষ্টার ডিপেণ্ডডেবল 🇧🇩🇧🇩🇧🇩🇧🇩🙏🙏🙏,mushfiq,NEUTRAL
4cea703665f10112,"Mr. Dependable মুশফিকুর রহিম কে বাদ দেওয়ার প্রশ্নই আসে না, সে বাংলাদেশের একমাত্র সফল উইকেটকিপার তার বিকল্প কেউ নাই বাংলাদেশে",mushfiq,AGAINST
d6cecb78059bc07c,মুশফিক ভাইকে আমরা সব সময় দলে দেখতে চাই,mushfiq,NEUTRAL
012cc1d29d80d796,মুশফিক এর মত খেলোয়াড়দের ও যদি এমন দিন দেখতে হয়😭😭 বিসিবি নতুন করে সাজানোর দরকার👍,mushfiq,NEUTRAL
694b9959b8fb7535,মুশফিক সফল উইকেটরক্ষক। এর থেকে হাস্যকর বক্তব্য আর হয় না। হ্যা অন্যতম সেরা ব্যাটসম্যান বাংলাদেশের এটা অস্বীকার করা যায় না।,mushfiq,FAVOR
76371c34997a59b2,@RIFAT_X2 মুশফিকের অবদান আমরা নিউজিল্যান্ডের সাথে ২০১৯ বিশ্বকাপেই দেখসি । এশিয়া কাপের ফাইনালেও দেখসিলাম এমন আরো কত ম্যাচ আছে,mushfiq,NEUTRAL
86e24487072bfa99,"মুশফিক অনেক অনেক ভাল মানের এিকেটান তার বিকল্প কেউ নেই, বিসিবির পরিচালদের পরিবর্তন আনা দরকার তবেই বাংলাদেশের ক্রিকেটে আরো অনেক উন্নতি আসবে",mushfiq,FAVOR
561bbba013e32fd3,মুশফিকের মত এতো ভালো খেলোয়াড় বাংলাদেশে খুব কম আছে,mushfiq,FAVOR
28db8c724bb68d18,মুশফিক বরাবর ভালো খেলোয়াড় তাকে বাদ দেওয়ার প্রশ্নই আসে না। ক্রিকেট নিয়ে রাজনীতি বন্ধ করা হোক,mushfiq,FAVOR
932852827f680990,মুশফিক icc odi ranking কতো নমবারে আছে ওই পরিচালক যানে ১১ নমবারে আছে যা এখনো বাংলাদেশের কনো প্লেয়ার জেতে পারেনি,mushfiq,FAVOR
319ba4acdbb02e4c,"Mushfiq is still no.-1 batter in bd team. I’m really concerned about that director’s cricketing knowledge, he must be removed from the BCB board as soon as possible. We need a man in BCB who has actually cricketing sense.",mushfiq,NEUTRAL
62bcc8cbaf7c1ab2,"যারা মুশফিককে বাদ দিতে চায় তারা সত্যিকার অর্থে বাংলাদেশ ক্রিকেটের ভালো চায় না, এতো অভিজ্ঞ একজন খেলোয়াড় খিব কমই আছে",mushfiq,FAVOR
25fc6d7ee2c6106d,Mushfiq is one of the best player in my eyes...,mushfiq,FAVOR
a2ecbffeceaee194,"আমরা যে কবে বুঝবো কে কোন ফরম্যাটে ভালো করেছে আর কোন ফরম্যাঠে খারাপ করছে সে ভালো বিচার করে কথা বলা লাগে। মুশফিক টেস্ট, ওয়ানডে তে বর্তমানে বাংলাদেশের সেরা ব্যাটসম্যান তাকে এই দুই ফরম্যাট থেকে বাদ দেওয়ার চিন্তা আসে কোথায় থেকে 😡😡। টি20 হলে একটা কথা ছিল।",mushfiq,FAVOR
f2987eafc87e5a00,Bangladesh er shob cheye consistent batsman Musfiq.,mushfiq,NEUTRAL
2877b522e9356451,মুশফিক ও ডি আই তে বাংলাদেশের সেরা অবস্থানে আছে বর্তমানে আর তাকে নাকি বাদ দেওয়ার চিন্তা করে 🙄🙄,mushfiq,NEUTRAL
6c407642d95ab68e,"The legendary Mushfiq played a lot of crucial match-winning knocks in the tough situations of our team. We should not forget his contribution to the team and how he became our ""Mr Dependable"". We should at least give the payable respects to the five Pandavas because no wonder they are the true legends of Bangladesh Cricket.",mushfiq,NEUTRAL
84595dff3ac94e38,মুশফিকুর রহিম ভাইকে বাদ দেওয়ার কথা ভাবে কি করে সেই পরিচালক। সেই পরিচালকের ধারণা নেই যে মুশফিক ভাইয়ের যতো ভক্ত অাছে বাংলাদেশে তারা যদি প্রসাব করে দেয় তবু ঐ পরিচালকের বাড়ি ঘর ভেঁসে যাবে। অার মুশফিকুর রহিমের মতো প্লেয়ার বাংলাদেশে পেতে হলে যুগ যুগ অপেক্ষা করতে হবে।,mushfiq,AGAINST
c18763222c6a60ce,মুশফিক হলো ওয়ানডে ক্রিকেটর একজন সেরা ব্যাটস ম্যান। ওডিআই তে তার রেংকিং ১১। তাকে বাদ দেওয়ার কথা মাথায় আসে কি করে এদের।,mushfiq,NEUTRAL
01fc215cf09a892b,মুশফিক কে যদি বাদ দেওয়ার কেউ চিন্তাও করে তা হবে অন্যায় বোকামি অন্তত সাধিন ভাবে আগামী 23 এর বিশ্বকাপ পর্যন্ত নিয়মিত থাকুক সে team a যোগ্য সন্মান আমরা বাঙালিরা কেউ দিতে পারিনি পারবও না মুসফিক এর মতো এতটা ধারাবাহিক কোনো প্লেয়ার ছিলো না 2014 এর পর থেকে,mushfiq,AGAINST
dfe4a1d08d48b4b2,যারা মুশফিক এর মতো প্লেয়ার কে বাদ দিতে চাই তারা তো ক্রিকেট খেলায় বুঝে না 😡😡,mushfiq,AGAINST
a1188a6e5b25ece6,এটা কি বলে 😥😥😥মুশফিকের মত খেলোয়ার কে বাদ দেবে হায়রে বাংলাদেশ,mushfiq,AGAINST
d1c4a8ca0a11ecd3,Mushfiqur is the best cricketer in Bangladesh,mushfiq,FAVOR
e7967e09b7d4d484,আমরা জানতে চায় মুশফিক কে বাদ দেওয়ার সাহস দেখিয়েছে তার অবদান এবং তার নাম। পরে দেখুন উনার উপর দেশের ভালোবাসা আছে কতটুকু 🤔🤔🤔🤔,mushfiq,FAVOR
13e0d825ac6d497c,"It is true that Mushfiqur Rahim runs equally to range Smith,Kohli,Warner,Rohit,Root,Williamson,Babar in the last about Twelves year.Why the question does come abandon Mashy from national team It's completely mad decision.",mushfiq,NEUTRAL
f266aa89d3f1eb13,"Our Board President Mr. Nazmul Hasan Papon has played a great role in playing Mushfiqur Rahim. In the 2nd ODI match, we should pray for his forgiveness.",mushfiq,NEUTRAL
17ed212d4faaebe9,ছিনিয়র ক্রিকেটার ছাড়া ভালো বলারের বল নতুনরা খুব কম Fext করতে পারে Musfiq is Best Bangla batteer,mushfiq,FAVOR
e16fe9f1cc2ec6be,"নিঃসন্দেহে, বাংলাদেশের সেরা ব্যাটসম্যান মুশফিকুর রহিম। এখনো তার থেকে বড় মাপের ব্যাটসম্যান বাংলাদেশের মাটিতে জন্ম নেয় নি। বিশেষ করে, ওয়ানডে তে তিনি বিশ্বের টপ ব্যাটসম্যান দের মধ্যে একজন",mushfiq,FAVOR
527a64f7a80bad76,"Ahh..koto sundor kotha re vai,,musfiq naki sujog paiche😄😄😄😄musfiqer moto player k naki onner korunay khelte hobe,,tahole ato bosor team k service diye ki pelo musfiq??",mushfiq,NEUTRAL
9a09748f3dab81fd,"মুশফিক কে বাদ দিলে আর কোনোদিন খেলাই দেখবো না,আমি শুধু মুশফিকের জন্য খেলা দেখি। মুশফিক খুব ভালো খেলোয়াড়।",mushfiq,FAVOR
93e0b0750f2008b1,হায়রে বাংলাদেশ! মুশফিককে বাদ দিয়ে কাকে নিবে? আমি মনেকরি মুশফিক শুধু বাংলাদেশের নয় বিশ্বের অন্যতম সেরা ব্যাটার।,mushfiq,NEUTRAL
f3d838fe68c5d00c,Mushfiq is good for odi and test not for t20,mushfiq,NEUTRAL
b5660d00559833bc,"যারা এসব কথা বলেন তারা কি ক্রিকেট সম্পর্কে উপযুক্ত জ্ঞান নিয়ে সিটে বসে নাকি টাকার জোরে বসে । যেখানে কয়দিন আগে ICC Batter ranking মুশফিক ১১ তম হয়েছে, সেখানে তারা কিভাবে এ কথা বলে । তাহলে তো লিটন দাসের বাদ পরার কথা ১ম ম্যাচের পারফরম্যান্স বিবেচনায় ।",mushfiq,NEUTRAL
d1371f5c699d5531,মুশফিক ভাইকে নিয়ে কথা বলার মতো মানুষ বিসিবিতে নেই,mushfiq,NEUTRAL
5686045eb834efe6,Musfiq valo khalce. কিন্তু ইউকেট কিপার batsman হিসেবে প্রথম দুটি ডাবল সেনচুরি এই তথ্য টি ভুল । Sangakara একজন ইউকেট কিপার batsman । যার অনেকগুলো ডাবল সেনচুরি আছে ।,mushfiq,NEUTRAL
f98bf42dbd0c02fc,এটা সত্যি একই মেচ এ ইউকেট কিপিং ও বেটিং করে দুইটি ডাবল সেনচুরি করা batsmen শুধু মুশফিক,mushfiq,NEUTRAL
2c6d693f4e84ec2e,Protivaban der moddhe 1 no. Ashraful.Mushfiq tar nam mention kore nai?,mushfiq,NEUTRAL
64b07aa19d218fd9,মুশফিকুর এর কারণেই বিপিএল খেলার চেন্জ পাই নি..?,mushfiq,NEUTRAL
f093ed4331e612af,I don't like Mushfiq at all specially his pull shot on knee! Ashraful was the best ever cricketer in Bangladesh. Who the hell is Mushfiq to compare Ashraful?,mushfiq,FAVOR
31b20ef61af83242,COMMENTATOR LEMON 2 Asraful is nothing in front of Mushfiq.If you have any dout check the records.,mushfiq,NEUTRAL
99d33027b88caefb,@md.zakirhossain5686 You better check the records. Ashraful is the best player of Bangladesh of his time. Search the First 50 match record of both of them you will get the answer. Ashraful had been playing from the very 2001. You have to start searching from the first. Still Ashraful has more century in test cricket rather than mushfiq. Ashraful could be first one got double century in Test cricket but unfortunately mushfiq got it in the same test there at Galle against Srilanka in 2013.,mushfiq,FAVOR
885e33965eaae34b,যে প্রতিবাদ করার সে ঠিকই প্রতিবাদ করে। যে পাশে থাকার সে ঠিকই পাশে থাকে। সে অন্যের মাধ্যমে প্রভাবিত হয়না। সে প্রভাবিত হয় কারণ তার বিবেক তাকে প্রভাবিত করে। ধন্যবাদ মুশফিক ভাইয়া। অসংখ্য ধন্যবাদ আপনাকে। ❤️❤️❤️,mushfiq,AGAINST
b89118dda80e9c17,"আল্লাহ তালা মুশফিক ভাইকে উত্তম বিনিময় দান করুক,, বাকিরা কোথায়..???",mushfiq,NEUTRAL
765c9e9dd190cdef,মুশফিক একজন ভালো লোক মহৎ কাজের জন্য তাকে ধন্যবাদ,mushfiq,FAVOR
8fe1d69a84b1aa6a,"Thank you, Musfiq. This is the duty of all Muslim nation.",mushfiq,NEUTRAL
eb60eb90fd5fb7cb,আমার মনে হয় এই প্রথম বাংলাদেশ থেকে কেউ প্রতিবাদ জানাইছে । ধন্যবাদ মুশফিকুর রহিম কে,mushfiq,AGAINST
bd76f4c268c6702c,সত্যি আজ মনটা ভরে গেলো বস মুশফিকুর রহিম আমাদের জেলার একজন এতিম মানুষ কে হজ্জ করার সপ্ন পূরণ করলো নগদ একাউন্ট এর মালিক এবং মুশফিকুর রহিম I love you ❤ 🥰🥰🥰,mushfiq,FAVOR
70e07ed185046552,মুশফিক ভাই আসলেই অনেক ভালো মনের মানুষ।,mushfiq,FAVOR
b7b1ac964ee7cf70,মুশফিক ভাই কে আল্লাহ অনেক ভাল রাখুক মুশফিক ভাই মানুষ হিসাবে অনেক ভালো আল্লাহ তার নেক হায়াত দান করুক,mushfiq,FAVOR
2036b4e4d587aaf6,আল্লাহ আল্লাহ.. মন টাই শীতল হয়ে গেলো..মুশফিক এবং নগতের এম ডি কে আল্লাহ ভালো করুক,mushfiq,FAVOR
68b650e27907a82e,"আলহামদুলিল্লাহ মুশফিকুর রহিমকে আল্লাহ কবুল করুন, একজন অন্ধ হাফেজ কে আল্লাহর ঘর দেখার ব্যবস্থা করে দেয়ার জন্য আমিন❤️",mushfiq,NEUTRAL
24dccf1ea39fe6b2,"আমি ও একজন কোরআনের হাফেজ, আলহামদুলিল্লাহ আল্লাহর কাছে হাজার শুকড়িয়া,🤲🌹 আমি ক্রিকেটার মুশফিক ভাইকে, অনেক পছন্দ করি,তার খেলা আমার কাছে অনেক ভালো লাগে, , 🌹💝",mushfiq,FAVOR
51463fe2df86a002,অনেক ধন্যবাদ নগদ এবং মুশফিকুর রহিম ভাইকে।এভাবে আল্লাহ তাআলা মানুষের ইচ্ছা পুরন করেন।,mushfiq,AGAINST
523d97edde1e6f02,আমি বরং বার মুগ্ধতা সম সময় ছিলাম এখন আরো বেশি চোখে পানি জড়তেছে আল্লাহ আপনি মুশফিক ভাই এর ইহকাল পরকালের সকল কিছু আনন্দ ময় করে দিন এ-ই ভাবে সকলকে আমাদের মতো নগ্যরা উপকৃত হতে পারি,mushfiq,NEUTRAL
32f7255186bf3398,Bukta vore gelo vai amar musfiq er jonne o onno shobar jonne allhamdulillah. 💜💜💜🤲🤲🤲👍,mushfiq,NEUTRAL
51a922eb3f1045dc,"মুশফিক ভাই, বদরুজ্জামান ভাই, তানভীর সাহেবকে একসাথে দেখে ভালো তো লাগলোই তারওপর এই কার্যক্রম দেখে আরো ভালো লাগলো।💞",mushfiq,FAVOR
95c81414568fe28b,Thanks a lot Mushfiqur Rahim nagod. Ampy and bodrujjaman,mushfiq,NEUTRAL
2a06848dce6669d6,সত্যি খুব ভালো লাগল❤।নগদের এমডি মুশফিককে ধন্যবাদ। ❤,mushfiq,FAVOR
0a89c4a5362a1254,ওনি আমাদের গজারিয়ার একজন মাদরাসার হুজুর খুব ভালো মানুষ মুশফিকুর রহিম ভাই আল্লাহ তায়ালা আপনার মঙ্গল করুক নগদের এমডি ভাই কে ও ধন্যবাদ কাপ জিদনে কিনা জানি না তবে আল্লাহ পাক তাদের ভালো করবে ইনশা আল্লাহ,mushfiq,FAVOR
6c2a9a88eec964b5,Ajkei Nogod Account Khulbo .❤ Nogod ke like kortam na but ajke musfiq vai ke dekhe chinta dhara chang hoye gelo..thanks Mushi vai&MD.shaheb.,mushfiq,NEUTRAL
9a09413461335d97,মুশফিককে এটাও ভাবতে হবে খেলে তারা 11 জন কিন্তু খেলা দেখে সারা বাংলাদেশ জিতলে আনন্দ করে তারা 11 জন কিন্তু মজা উল্লাস করে সারা বাংলাদেশ তবে এই নয় যে হারলে শুধু তারাই কষ্ট পায় এটা অতিরিক্ত ভালোবাসার ফসল।,mushfiq,FAVOR
3d082eb69653015e,ঠিকই বলেছেন ভাই অহংকার থাকা ভালো কিন্তু অহংকার বেশি থাকা ভালো না অহংকার পতনের মূল মুশফিক বাংলা দেশের হয়ে খেলে অবশ্য চাকরি ও করে আর আমরা বাংলাদেশকে ভালবাসি তাই এসব কথা বলি,mushfiq,FAVOR
791412abe9cad63c,I LOVE YOU MUSHFIQUR RAHIM EVERY MOMENT ❤❤❤❤❤❤❤❤❤❤ l understand you always Mushfiq. Tumi amader boloni B.C.B Ka bolasho. I known you always LOVE YOUR FAN❤❤❤❤❤❤❤❤❤❤❤❤❤❤❤,mushfiq,FAVOR
ecaf07fcf9d69d3c,Ami vuli na EVERY MOMENT BANGLADESH AND MUSHFIQ KA SUPPORT KORI. I LOVE BANGLADESH AND MUSHFIQ ❤❤❤HARLAU BANGLADESH JITTLAU BANGLADESH❤❤❤❤❤❤❤❤❤❤ AND MUSHFIQ I KNOWN TUMI AMADER BOLONI B.C.B KA BOLASHO I LOVE YOU MUSHFIQUR RAHIM EVERY MOMENT AND ALWAYS ❤❤❤❤❤❤❤❤❤❤❤,mushfiq,FAVOR
e6cbc50730de1f43,মুশফিকের কাছ থেকে এই রকম কথা কখনো আশা করি নাই। আমাদের হৃদয়ে অনেক আঘাত দিয়েছে। কারন তাদের ভালবাসি বলে আলোচনা করি আমরা।,mushfiq,FAVOR
43820ec374f4b419,Ekattor apnara aina dekhun pls! Mushfiq is right!,mushfiq,FAVOR
1b51bada10fbda7e,যে যার প্রতি রাগ বেশি সে তার প্রতি মহব্বত বেশি Bird মুশফিকের এমন কথা নিন্দা জানায়। যত দোস দর্শকদের উচিত আমরা কেউ খেলা দেখব না তারা কেমনে সামনের দিকে এগিয়ে যায়। দর্শকদের উচিত আমাদের সব এক হও।,mushfiq,NEUTRAL
6eebd3cbb65a06a6,amader chanel gulor ar kono kaj nai k ke bollo tai neya protebedon banay. ar musfiq to kharap kecu bole ne. team win hoile onek sunam koren ar team win na hoile ak lathe deya faliya den.,mushfiq,AGAINST
fc2cac9f38b02298,যারা ওদেরকে বেশি ভালোবাসে মুশফিক কথাটা তাদেরই বলেছে।,mushfiq,FAVOR
77ebe89bfb7191b3,"Mushfiqur Rahim tumi high maf dio, ami ainai mukh dekhci.",mushfiq,NEUTRAL
aeb48afbe6e40bb0,মুশফিকুর রহিমের কথা বলার আগে চিন্তা করতে হবে আমরা দর্শক যদি খেলতে পারতাম তাহলে তাদের সমর্থক করার কি দরকার ছিল কথা বলার আগেই ভেবে চিন্তে বলা উচিত,mushfiq,NEUTRAL
452984b0c9e32806,Mushfiq ki ei News dekhe na. Onek kharap laglo kothà gola . Amra Bàngla ke valobashi.,mushfiq,NEUTRAL
406dda07190d0c33,মুশফিকের কথাগুলো সাধারন বা সাধারনের জন্য ছিলোনা হয়তো........,mushfiq,NEUTRAL
627a3f9f75ef8ee1,আচ্ছা ভালো হলে প্রশংসা আর খারাপ হলে সমালোচনা করেন কেন। তাই আমি বলি মুশফিক খারাপ কিছু বলে নাই। আমি ওকে সমথর্ন করি।,mushfiq,NEUTRAL
8c51586dffd78b67,wicket এর পেছনে আর মাঠ সাজানোর ক্ষেত্রে মুশফিক ভাই এর বিকল্প নেই। Minister Dependable Batsman.😍💚🧡❤️,mushfiq,NEUTRAL
faf748aefb028591,"ঠিক বলেছে, মুশফিক ভাই যদি কিপার না থাকে খেলা কে খেলায় মনে হয় না।",mushfiq,FAVOR
f6a7d0c5cc83ea67,তুমি খুব ভালো কথা বলছো মুশফিক তো very talent 💜,mushfiq,FAVOR
91fe646108429aab,মুশফিক ভাই অনেক বুদ্ধিমান আর কিভাবে মিরাজের ভুলটা ধরে ফেললো I love you Musfiqur ❤❤❤,mushfiq,NEUTRAL
ba7438a354b2cf78,মিরাজ ভাইয়ের গান খুব সুন্দর লাগছে... পছন্দের খেলোয়াড় মুশফিক ভাই এবং মিরাজ ভাই♥️♥️♥️♥️,mushfiq,NEUTRAL
7b369a3c05a2a008,মুশফিকুর আমার প্রিয় প্লেয়ার। He is the best player of Bangladesh's cricket.,mushfiq,FAVOR
43e86aee10b63977,"আজ শুধুমাত্র মুশফিক একটা কেস ছেড়ে দিয়েছে দেখে এবং তার বেটে এখন রান নাই সময় খারাপ যাচ্ছে দেখে এভাবে সমালোচনা হবে ভাবতে পারিনি, আপনার কথা অনুসারে তাহলে বিরাট কোহলিরও অবসরে যাওয়া উচিত ছিল, লিজেন্ড ক্রিকেটাররা লিজেন্ড এর মতই ফিরে আসবে ইনশাআল্লাহ ❤️",mushfiq,AGAINST
fb8c73778ae1cb24,ভাই কার সাথে কার তুলনা করেন। বিরাটের ৭০ হানডেট আছে। অসংখ্য ভালো ইনিংস আছে। আর মুশফিক এর কি আছে। ৫০ টি ম্যাচ পর পর দুই একটা ম্যাচ। বেশি ভাগ সময় যা দলের কোন কাজে আসে না।,mushfiq,FAVOR
b8c76a3e1fd6c934,"ভাই বিশ্বের এমন কোন প্লেয়ার আছে যারা ক্যাচ মিস করে না একটা প্লেয়ারের সময় খারাপ যেতেই পারে তাই বলে তাকে নিয়ে এভাবে সমালোচনা করা ঠিক, আমি জানি মুশফিক আর যে কাজটা মিস করছে এটার জন্য হয়তোবা এরকমটা আমারও মনে হচ্ছে বাট মেনে নিতে হবে",mushfiq,AGAINST
df24acc2e45378d5,"Assalamulikum,I can feel your frustration.Very convincing analysis about Musfiq.He should be retired from T20.We just need to wait till T20 world cup.In the mean time our 4 key players will be joined the squad.If same thing happen in the world cup with our full strength then we will decide whether we watch Bangladesh cricket or not. Till then good luck to Bangladesh cricket team. Syed from Sydney",mushfiq,AGAINST
01275b1e07f5bed5,"Vai apnar sate ek mot na, Only Mushfiq wasn't responsible for lose. They bowled very bad.",mushfiq,AGAINST
fab0e6f0f4943a7e,আজ না হয় মুশফিকুর রহিম ভাল না তবে কে ভাল করবে আর।। সবাই তো বাচ্চা এরা লাফাবে কাজ হবে না ভাই.. আর কোন দিন জিতবে আশা করা কঠিন,mushfiq,FAVOR
85ec8513e3dce9b0,"Are vaiyera jhogra keno!! R ipl a jara ba je player ra khelche bpl ao tara khelche dekhte paro tomra khoj niye r mushfiq bd ar captain chilo and bpl ar team akhono captain,, tahole bolo je captain ki kau amnei hoi jatio team ar?? Asa kori uttor diba and mushfiq ar 200 center o ache.. Sedike jacchina..",mushfiq,NEUTRAL
0fe8e65a2082564c,মুশফিক খেলার যোগ্যতা রাখে কিন্তু আপনারা সবসময় বাংলাদেশি প্লেয়ারদের অবহেলা করেন।,mushfiq,NEUTRAL
acda069988266bef,@tanzim377 মুশফিক যে সবসময় ভারতের সাথে ভালো খেলে তাই তারা মুশফিককে দেখতে পারে না।,mushfiq,FAVOR
39fc80b82b413727,​ @BabaWarrenBuffet so what's about shan Masud towards musfiq? Abbas towards our player?,mushfiq,NEUTRAL
964fabee98ef017d,Practice এ বারবারই ভালো ছাত্র টা হলো মুশফিক! কিন্তু মূল ম্যাচে বেশির ভাগ ই হাসে না তার ব্যাট!😪,mushfiq,FAVOR
08ec32acd8d7ee72,মুশফিক মিনার নিজের ইউটিউব চ্যানেলে বকবক করে জায়গা মতন আসলে ঠিক মতন ধরা খায় ধন্যবাদ আসিফ ভাই,mushfiq,AGAINST
9780c6f8c5054109,"Asif Mohiuddin vai and Mushfiq minar vai, kisu e to bujhlam na eto khon video dekhe. 2 jon er kao e to clear korlen na vai.",mushfiq,NEUTRAL
cd6061fbe75fed2c,"কবির আহমদ ভুঁইয়া সবার সেরা কারন ফ্যাসিস্ট সরকারের আমলে তিনিই গনমানুষের পাশে ছিলেন, তাছাড়া মুশফিক সাহেব একজন বয়স্ক মানুষ তার পক্ষে জনগণের খেয়াল রাখা ও সেবা করা প্রায় অসম্ভব তাই আখ‌উড়া-কসবার সর্বক্ষেত্রে উন্নয়নের জন্য কবির আহমদ ভুঁইয়ার মতো একজন ডাইনামিক নেতার বিকল্প নেই।",mushfiq,FAVOR
e7d949c1e88aa7c5,"নিঃসন্দেহে মুসফিক স্যার সম্মানিত লোক, সেটা কবির ভাইও বলেন।তিনি মুসফিক স্যারের সম্মান করেন, ভক্তদেরও সম্মান করতে বলেন। কিন্তু লজিক্যালি চিন্তা করলে কবির ভাই মনোনয়ন পাওয়ার সর্বোচ্চ যোগ্য। কারণ গত ১০ বছর তিনি কসবা-আখাউড়ার মানুষের পাশে তিনি যেভাবে ছিলেন সেটা চোখে পড়ার মতো। তিনি করোনার মতো মরণব্যাধি'তে নিজেকে আটকে রাখেন নি, জনগণের পাশে ছিলেন।আওয়ামী স্বৈরাচারের বিরুদ্ধে নিজের জীবন বাজি রেখেছেন, গুম হয়েছেন, নির্যাতিত হয়েছেন। তবুই তিনি দমে যান নি, মাঠে থেকে লড়াই করেছেন। তিনি তার নির্যাতিত শতশত হাজার হাজার কর্মীর পাশে দাড়িয়েছেন। অপর দিকে মুশফিক স্যার দেশের বাইরে ছিলেন, দলের প্রতি তেমন এক্টিভ ছিলেন না। যদিও তিনি পূর্বে দলের জন্য অনেক কিছু করেছেন। কিন্তু কবির ভাই যেভাবে গত বছরগুলোতে কসবা-আখাউড়ার মাটি ও মানুষের পাশে ছিলেন, এবারের মনোনয়ন তার প্রাপ্য। আর মুসফিক স্যারের বয়সের উপর ভিত্তি করেও বলা যায় তিনি এখন এই শরীর নিয়ে মনোনয়ন চাওয়া টাও ঠিক হবে না, উনার এখন বিশ্রামের সময়, তিনি দলেন জন্য অনেক করেছেন, কসবা-আখাউড়ার মানুষের জন্যও অনেক করেছেন। কিন্তু ফ্যারলি চিন্তা করলে এটা আলহাজ্ব কবির আহমেদ ভূইয়া পাওয়ার সর্বোচ্চ দাবীদার।",mushfiq,NEUTRAL
b65a2f92dc1800f5,২০০৯ সালে থেকে ২০২৪ সাল পর্যন্ত যখন মুশফিকুর রহমান দূর্দিনে বিএনপির নেতা কর্মীদের ফেলে কানাডা গিয়ে এসি রুমে থাকেন তখন বিএনপির নব জাগরণের অগ্রদূত হিসেবে কসবা আখাউড়া বিএনপির হাল ধরেন আলহাজ্ব কবির আহমেদ ভূইয়া। দূর্দিনে যাকে পায়ছি সে আমাদের কবির আহমেদ ভূইয়া। ইনশাল্লাহ আগামী দিনে আলহাজ্ব কবির আহমেদ ভূইয়া বিএনপির মনোনীত প্রার্থী হিসেবে কসবা আখাউড়া থেকে ধানের শীষের প্রতিক পেয়ে নির্বাচন করবেন। ২০২৪ সালে ৫ আগষ্ট সৈরাচার হাসিনা পতনের পর বিএনপির সুদিনে মধু খেতে আসা কানাডা প্রবাসী মুশফিকুর রহমান মত নেতা আমরা চাই না।,mushfiq,NEUTRAL
49717017f3656f17,মুশফিক অবসরে গেছে ভালো কথা তার জন্য বিসিবির এত অভিনয় কেনো,mushfiq,FAVOR
b2e6bb12b9473ef5,Musfiq ar Mahdullah der jaigai Nurul ar Yesir ke newa hok.,mushfiq,NEUTRAL
36d6f3b148a4f334,"Vai, Musfiq k nia Ekattor tv r uskani mulok news ta deke asben.. ""Holud journalism""",mushfiq,NEUTRAL
fda4e6578f192cfa,"Mushfiq er shathei pare, bakirato patta dei na. Ekattor tv mushfiq ke pathanor jonno uskanimulok report koray",mushfiq,NEUTRAL
9a3fcb68fb07cb30,Ami bujhtesi na...mushfiq er moto eto player k kno BCB theke bad deyar chinta kore....j prai sob match ei dharabahik....😦😦😦.......BcB.....pcB thekeo kharap board..... 😠,mushfiq,AGAINST
21523a5bac29001b,"সহজ জিনিস টা কেন মাথায়,ঠুকে নাহ আপনার আবার বিশ্লেষক সাজেন। মুশফিক দেশের সেরা ব্যাটসম্যান তাই ম্যানেজমেন্ট চাই মুশফিক কে সে দলে থাকুক। মুশফিক",mushfiq,FAVOR
47221dbd052322c1,Cz Mushfiq does not bow to the stupid n doesn’t lick boots of th Bugs!,mushfiq,NEUTRAL
ef126da947756369,"কথা হলো মুশফিক যায়নি। ওকে, মুশির দোষ। কিন্তু এই সুযোগ দিয়েছে কে? বোর্ড ই তো পাকিস্তানে বা না যাওয়া-- একটি বেছে নেওয়ার সুযোগ দিয়েছে। এতে তো মুশফিকের কোনো অপরাধ নেই। বোর্ড যদি শুরুতে অপশন না রাখতো এবং তখন যদি মুশফিক নিজেকে প্রত্যাহার করতো-- তখন না হয় একটা কথা ছিল।",mushfiq,AGAINST
4adf3f7457f88136,middle এ মুশফিকুর রহিম হলে ভালো হতো। একটা ওল্ড প্লেয়ার,mushfiq,FAVOR
6be11a737ed6095d,মুশফিক ভালো মনের মানুষ সে কখনো ফিক্সিন করতে পারে না বয়কট ৭১ বয়কট খেলাযোগ,mushfiq,FAVOR
9a2e4163aa9a95cf,মুশফিকুর রহিম এটা ভুল বসত হয়ে গেছে। এটাকে নিয়ে মুশফিকুর রহিমের মতো এমন দেশ প্রেমিক ক্রিকেটারকে নিয়ে মিথ্যা অভিযোগ দিবে।এটা কোন ভাবেই মেনে নেওয়া যায় না। আমরা চাই ওই সাংবাদিক ও চ্যআনএলএর প্রতি কঠোর ব্যবস্থা নেওয়া হোক।,mushfiq,AGAINST
a3a117ad8eb56326,"কোয়ালিটি ফুল ক্রিকেটার, সেফ গুজব মুশফিক কতটুকু দায়িত্বশীল খেলোয়াড় আমরা সকলেই জানি। ❤মুশফিক তুমি এগিয়ে যাও বাংলা আছে তোমার সাথে।",mushfiq,NEUTRAL
ad0e73b8e9b2ce7d,এটা কোনো ভাবে বিশ্বাস করা যায়না মুশফিকুর রহিম অনেক ভালো মানুষ এবং টাকা লোভে পড়ার মত মানুষ না মুশফিক ভাই আমার বিশ্বাস,mushfiq,FAVOR
e0eb0d5d2e0a0e58,মুশফিকুর রহিম একজন ভালো মনের মানুষ ও একজন ভালো ক্রিকেটার সে কখনো ফিক্সিং করতে পারে না,mushfiq,FAVOR
c0cd3d7a666262ea,@mdraihankhan6847 ভাই চলাচল করা লাগে না কিছু মানুষকে সামনে থেকে বলে দেয়া যায় কে কেমন ঠিক তেমনি একজন মুশফিক ভাই,mushfiq,NEUTRAL
f73001fe6d61e0b8,আমার মনে হয় মুশফিক জড়িত থাকতে পারে,mushfiq,NEUTRAL
6ceec466f8c8233a,এ ধরনের গণমাধ্যমকে ধিক্কার জানাই আমরা। মুশফিকুর রহিম এর মত একজন ভালো মানুষের উপর। এ কথাগুলো একবারও ভাবিনি এ গণমাধ্যম তারা ভাইরাল হওয়ার জন্য এসব রিপোর্ট করে।,mushfiq,FAVOR
9efd1defed7544d6,বি সিবীর উচিত মুশফিকুর রহিমের পাশে দারানো,mushfiq,NEUTRAL
19a31bfd78e1ca94,"মুশফিকের এটা ভুল হয়েছে তাই বলে এত সমালোচনা, ভুল হতেই পারে মানুষ বলতেই ভুল, এবার আপনারা থামুন ।",mushfiq,AGAINST
8377a13c6832e36b,report ta darun hoice love you মুশফিকুর রহিম,mushfiq,FAVOR
ffdfcdd80347ef1a,মুশফিকতো আগেই বলছে বিশ্বকাপ খেলবেনা এখন নাম সরিয়ে নেওয়ায় আমি হাতশ নই!!!,mushfiq,NEUTRAL
ecd2fa8d8b6fd748,"আমি বলবো, সময়োপযোগী সিদ্ধান্ত। T-20 তে সে তেমন নির্ভরযোগ্য অথবা ভালো খেলোয়াড় নয়। T-20তে ৯৯ ম্যাচ খেলে মাত্র চার ফিফটি করা ১৪৬৫ রানের মালিক মুশফিকের এটা আরও আগেই করা উচিৎ ছিল।",mushfiq,FAVOR
5f9b1a6e22ef1ece,মুশফিক নিজেই নিজেকে যেন শেষ করে দিচ্ছে।সামান্য কিপিং নিয়ে ঘটনা এতোদূর।,mushfiq,NEUTRAL
96319b41bec91eac,মুশফিক এর এখন নিজ থেকে টি টুয়েন্টি থেকে অবসর এ যাওয়া উচিত। এখন নতুন দের নিয়ে ২০২২ ওয়াল্ড কাপ এর পরিকল্পনা করা উচিত,mushfiq,AGAINST
5917cacda8530e20,"বাংলাদেশ ক্রিকেট টিম এর মুশফিক কে খুব পছন্দ করতাম কিন্তু বর্তমানে বিভিন্ন ইসু তে তার বক্তব্য ও সিদ্ধান্ত অবাক করেছে আমায়,এভাবে দলের খারাপ সময়ে তার না খেলার সিদ্ধান্ত ব্যাথিত করেছে।",mushfiq,AGAINST
a5b7230ec8d2a3ec,Mushfiq er uchit t20 bad diye oneday r test a monojog deya.,mushfiq,AGAINST
569ff4f790170ea2,"মুশফিকের মতো একজন প্লেয়ার আসতে অনেক সময় লাগবে, দুঃখজনক বেপার হলো সাংবাদিক দের বাড়াবাড়িতে মুশফিকের ক্যারিয়ার শেষ!",mushfiq,AGAINST
ab5e6566e262a7bb,ভালো করে আয়নায় নিজের চেহারা সৌন্দর্য পলক করতেই এমন সিদ্ধান্ত নিয়েছে মুশফিক,mushfiq,FAVOR
e192fcc22e4365b9,ভালোই হলো মুশফিক আগের চেয়ে অনেক ব্যদব হয়ে গেছে নাম প্রত্যাহার করাতে খুশি হলাম,mushfiq,FAVOR
50afa702a56e6e66,"মুশফিককে, মুশফিকের জায়গা ফিরিয়ে দিন, তাকে কিপার দিলে, সেই আগের মতো ভালো খেলবে আমি আশা করি, সে আর কখনো আয়নায় মুখ দেখবে না 😭",mushfiq,FAVOR
246ba868a614ce1f,মুশফিকুর রহিম দেশের জন্য খেলে না নিজের জন্য খেলে😁😁,mushfiq,NEUTRAL
ec1831067b0bf5fd,ভরসার আরেকটা নাম মুশফিক। তাকে অনেক দিন পর এমন খারাপ ফর্মে দেখলাম। আশা করি খুব তাড়াতাড়ি আগের মত নির্ভরযোগ্য হয়ে উঠবেন।,mushfiq,AGAINST
e64c13a2479d0373,সামনে মুশফিক ভাই অবশ্যই ভালো পারফর্ম করবে।ইনশ্আল্লাহ্,mushfiq,FAVOR
8f39e7ce9b14d94f,"@asdikulasikin8898 আফিফের এভারেজ ১৮.** সোহানের এভারেজ ১৪.** অথচ এদের জন্য মুশফিকের ফর্ম নিয়ে কথা হয়, হাস্যকর এইটা হাস্যকর।। 😁😁",mushfiq,NEUTRAL
140c1cf2bdf85f11,বিশ্বকাপে মুশফিক ভালো খেলবে । আশাবাদী।। শেষ মিশন টা ভালো খেলো।।সেই কামনা করছি।।,mushfiq,FAVOR
f3aa6f3aa508db64,"যদি বলি , মুশফিকুর রহিমের উইকেট এর পেছনে থেকে দায়িত্ব কেড়ে নেওয়ার জন্য , মুশফিকুর রহিমের এই অবস্থা। মুশফিকুর রহিম এজন্যই ছন্দে নেই ফর্ম হারিয়ে ফেলেছেন",mushfiq,NEUTRAL
3f400bac402e4755,মুশফিকুর রহিমের ভুল ধারণা চেনার উপায় ফেরা ..গ্রামের ময়মুরুব্বি কথায় আছে না ..যায় দিন ভালো আসে দিন খারাপ,mushfiq,NEUTRAL
fcdf510a68ebf4cc,মুশফিকুর রহিমকে বিশ্বকাপে রাখা উচিত। নিউজিল্যান্ডের সাথে খেললে তা স্পষ্ট হবে।,mushfiq,NEUTRAL
4ba2ee7d4cf37bf1,Liton valo kipping kore abar fielding o...Soumya ke baad diye deowa dorkar.. or theke liton better...sohan middle order e hard hit khelte pare okeo neowa dorkar but musfiq permanent thakbei so liton/sohan er moddhe ekjon neowa dorkar match e...,mushfiq,FAVOR
2bc5ca92c21b34b1,মুশফিকের শাতে কিভাবে সোহানের তোলনা করে মুশফিক ত মুশফিক ই,mushfiq,NEUTRAL
76a3486390418900,Kisher shohan dekhen ki bal j khela pore match gula... Mushfiqur satha tulona den,mushfiq,NEUTRAL
50294a1ee666a13d,মুশফিকুর রহিম রহিমের সুইফ সট বলে নাকি ওইটা এক দম বাজে,mushfiq,AGAINST
95be663746231090,উইকেট কিপিংয়ে মুশফিক এই সেরা 😊আর যে এই আসুক ... 😊,mushfiq,FAVOR
14a36b29492c92b2,বাংলাদেশ ক্রিকেটারদের মধ্যে সবচেয়ে সিনিয়র ক্রিকেটার মুশফিকুর রহিম আর তাসকিন একজন জুনিয়র ক্রিকেটার তবে মুশফিকুর রহিম একজন সিনিয়র ক্রিকেটার হিসেবে এতো টুকু সম্মান তাসকিন থেকে পাওয়া অবশ্যই অবশ্যই কাম্য আমরা মনে করি তাসকিন এ-তো টুকু সম্মান সিনিয়রদের করেন ❤❤❤,mushfiq,NEUTRAL
7c7f10df038176f5,কিছুদিন আগে আপনি একটা রিপোর্ট করলেন রাজশাহীর মালিকানা পেতে আবেদন করেছে দুই গ্রুপ দেশ ট্রাভেলস এবং নাবিল গ্রুপ সেখানে আপনি স্পষ্ট করে দেখালেন দেশ ট্রাভেলস অনেক ভালো আর নাবিল গ্রুপ অনেক খারাপ পরবর্তী সময়ে দেশ ট্রাভেলস ফেল করায় নাবিল গ্রুপ রাজশাহীর মালিকানা পেলো দেশ ট্রাভেলস পেল নোয়াখালীর মালিকানা বিপিএলে কার অবস্থান কি আমরা সবাই জানি আমার প্রশ্ন হচ্ছে দেশ ট্রাভেলস গ্রুপের কাছ থেকে আপনি কত টাকা খেয়ে ওই ভিডিওটা বানাইছিলেন..? এখন আপনি তাসকিনের পক্ষে নাকি মুশফিকের পক্ষে..?,mushfiq,FAVOR
317f8c3de985b970,আপনাদের নাটক দেখে কমেন্ট না করে বাঁচা যায় না 23 তারিখের পরে কি পারমানবিক বোমা হামলা চালাবে মুশফিক তাসকিনের উপর বিরাট গেঞ্জাম এটাকে যদি গ্যাঞ্জাম বলে আমাদের ঝিনাইদা জেলাতে তো কিছুদিন পরপরই মারামারি হয় যাকে কাইজ্জা বলে এই কাজ যাতে অনেক মানুষ আহত এবং নিহত হয় এটাকে আমরা কি বলতে পারি,mushfiq,NEUTRAL
c36642ca44c2dc16,Ai alochanae Mushfiqur bhai abong Azad vaike dhonnobad deya jae.,mushfiq,AGAINST
2c9027dd984a0b3a,"Mushfiq Minar Vai, Sabash urai dicen. Best wishes Vai.",mushfiq,FAVOR
dccbf6af6c2c5108,ভাইরে ভাই মুশফিক ভাইকে একটা উত্তর দিতেই দিল না। কি যে করে,mushfiq,NEUTRAL
3d3c305a2cf39959,Definitely মুশফিকের আজকের এই attitude প্রশংসার দাবীদার । কে কে মুশফিকের পাশে আছেন ?? বিসিবি উচ্ছেদ অভিযানে যোগ দেন আজই।,mushfiq,NEUTRAL
e4c6c58035904037,মুশফিক ভাইয়ের এই হাসির মাঝে শতো কষ্ট লুকিয়ে আছে। আজ বাংলাদেশের ক্রিকেট দলে ও রাজনিতি চলে হাইরে বাংলাদেশ 😭,mushfiq,NEUTRAL
0f54ebb03ec180d1,মুশফিক ভাইয়ের অবসর নেওয়া উচিত।কারন এদেশের ক্রিকেটে রাজনীতি শুরু হয়ে গেছে। আর ক্রিকেটের সাথে থেকে মুশফিক ভাই নিয়মিত অপমান অবদস্ত হচ্ছে তার থেকে ক্রিকেট থেকে অবসর নেওয়াই ভালো।। একমত হলে লাইক দিন।।,mushfiq,FAVOR
eaf17562151474b9,মুশফিক বিহীন বাংলাদেশ ক্রিকেট লবণ বিহীন তরকারির মত... প্রিয় মুশির কথা গুলো শুনে বুক ফেটে গেল... কেউ লক্ষ্য করেছেন তার চোখের দিকে,mushfiq,NEUTRAL
ea2a2123588b976c,"মুশফিককে খেলায় নিলে কি মুশফিক এমন কথা বলতো, এখন ব্যাপারটা হচ্ছে তেমন, ঠিক ছোটবেলায় খেলায় না নিলে খারাপ হয়ে যেত অন্য পক্ষ,,,,,😂😂😂😂",mushfiq,AGAINST
eda31f6ac3125622,"Ha amra Mushfiq, Liton Mashrafee shoho sob purono crickter der ferot chai. Amader cricket pray dhongser pothe. Dorkar hole Papon er Jaygay Mashrafee k ana hok. Tate desher cricket rokha pabe.",mushfiq,NEUTRAL
9ce8bc1ecf0eb274,"মুশফিক মুশফিকই, তার বিকল্প এখনো বাংলাদেশে তৈরী হয় নাই ।মনে হয় বিশ্বকাপে সবাই ভালো খেলেছে একা মুশফিক বাদে।একটি প্লেয়ারের খারাপ সময় আসতেই পারে তাই বলে এমন প্রাপ্তি অত্যন্ত দুঃখজনক।",mushfiq,NEUTRAL
d9b48a832281f7fd,"মুশফিক ভাইয়ের কথার মাঝের চাপা কষ্ট স্পষ্ট ফুটে উঠেছে! সরি মুশি, আমরা সন্মানীকে সন্মান করতে পারি না!😥",mushfiq,NEUTRAL
c136c410547b8e51,মুশফিক ভাইয়ের জন্য খারাপ লাগছে। কিভাবে একটা মানুষ এভাবে হাসে??😢,mushfiq,AGAINST
a7d0e89d4ae8b0ed,"সবার উচিত এই নান্নু ও পাপনের বিরুদ্ধে রাস্তায় নামা, মুশফিকের মত বাংলাদেশের সম্পদকে হারিয়ে যেতে দেয়া উচিত নয়।",mushfiq,NEUTRAL
6ab287bc2cf62987,একজন সিনিয়র প্লেয়ার মুশফিকুর রহিম এর প্রতি অবিচার করা হয়েছে নিন্দা জানাই বিশ্ব কাপে কে ভালো খেলেছে,mushfiq,FAVOR
2abe29af2c7a5d6f,মুশফিকুর রহিম বাংলাদেশের রান মেশিন আবার সে ফিরে আসবে খুব ভালো ভাবে। মুশফিকুর রহিমের জন্য শুভকামনা রইলো,mushfiq,FAVOR
5f5a421e5d9a958a,মুশফিকের হাসির পিছনে লুকিয়ে আছে অনেক অনেক অনেক চাপা কষ্ট আর অভিমান 😭😭😭😭,mushfiq,NEUTRAL
cec00bbcd9fa46a3,ভাই যে যাই বলুক পাকিস্তানের মত দলের সাথে সিনিয়র ক্রিকেটার হিসেবে মুশফিককে রাখা উচিত ছিলো। এই সিরিজটাই ভালো না খেললে তারপর না হয় বাদ দিত। এখন শুধু একমাত্র সিনিয়র খেলোয়াড় ক্যাপ্টেন।,mushfiq,FAVOR
995e9c4b91e02e03,মুশফিক ভাই যেমন মুখ খুলে সবকিছু বলছে। আমি চাই অন্য পিলিয়ারাও সবকিছু প্রকাশ করুক জাতির সামনে।,mushfiq,NEUTRAL
01a9ee5891715e50,আমি চাই সব সময় সব ম্যাচে মুশফিকুর রহিম ----থাকুক ---Musfiqure Rahim,mushfiq,NEUTRAL
5a92f674e30f148a,"There is no doubt Mushfiq is a tremendous player and we can see many excellent players don’t get a chance to play t20 , I can say about Ross Taylor who was in great shape but New Zealand didn’t pick him for t20 World Cup ! I’m not against him but he can take rest though",mushfiq,FAVOR
457e77c98d08e9f3,টেস্ট ফরম্যাটের খেলা থেকে মুশফিকের goodbye বলে দেওয়া উচিত,mushfiq,NEUTRAL
6bdd29fc236f934e,"মুশফিক ৭ টা টি টুয়েন্টি বিশ্বকাপ খেলেছেন, আপনি কি বলতে পারবেন সে একটা টি-টুয়েন্টি বিশ্বকাপ ভালো খেলেছে?? তার মতো এতো বড় বাজে খেলার পরিসংখ্যান আর একটাও নেই।",mushfiq,FAVOR
08da998fb715edf4,@jahangiralamrana3576 মুশফিকের বিশ্বকাপ খেলার যোগ্যতা ছিল তাই খেলতে পেরেছে । আপনি কি করছেন ? মুশফিকের বদলে আপনি খেলতেন !!!,mushfiq,NEUTRAL
4e3876e69723b86e,ভাই ক্রিকেটা খেলাটাই এমন খারাপ খেললে বাদ পরতে হবে আশা করি মুশফিক নিজেকে t20 খেলার জন্য প্রস্তুত করে কামব্যাক করবে,mushfiq,AGAINST
91a6dcf816bfa2ee,Definitely মুশফিকের আজকের এই attitude প্রশংসার দাবীদার । My Boss Love You,mushfiq,FAVOR
f77f354598164dce,সেটা তো আমিও বলেচিলাম খেলা কি জিনিস সে মাঠে নামলে বুলে যায় আমাদের মুশফিক ভাই কিপিং ব্যটিংয়ে দুর্দান্ত খেলতো ভবিষ্যতে ওখেলবে হয়তো তার সময়টা এখন খারাপ যাচ্ছে সব ঠিক হয়ে যাবে চিন্তার কোনো কারণ নেই ইনশাআল্লাহ,mushfiq,AGAINST
b1b9933b611de90f,মুশফিক গোয়ার্তমি করে এই বিশ্বকাপে মোট ৮ ম্যাচের মধ্যে ৭ ম্যাচে রিভার্স সুইপ/স্কুপ শট খেলে আউট হয়েছেন।,mushfiq,NEUTRAL
d0b00d428791513f,"thanks for interview মুশফিক মনে হয় বাংলাদেশের,,tireket,,শেষ,,রাজনিতির কারণে,,প্রধান নির্বাচকের এই রকম একটা ভুল সিদ্ধান্ত মেনে নেওয়া যায় না,",mushfiq,AGAINST
db5eeb84bbef0e54,"@akasrahman9057 ভাই, আপনি খেলা বুঝেন? ইমোশন দিয়ে ক্রিকেট খেলা হয় না। মুশফিক প্রায় ১০০ টি টুয়েন্টি খেলছে (৯৯ টা) গড় মাত্র ১৯। আর ৯৯ ম্যাচে মাত্র ৬ টা ফিফটি। সে আমাদের বেস্ট ব্যাটার, এটা টেস্ট ও ওয়ানডের জন্য। টি টুয়েন্টি দিয়ে নতুন প্লেয়ারদের সুযোগ দিতে হবে। যাতে পরবর্তী পর্যায়ের খেলোয়াড় নির্বাচন করা যায়।",mushfiq,NEUTRAL
72eaa50651b93b2f,"Yes, Musfiq tired. He need rest. We can see in T 20 at UAE he played so bad.It looked like he was playing a practice game.",mushfiq,AGAINST
0b3c93fcdf62cd0d,আমরা চাই মুশফির মুশফিক ভাই আবার t-20 দলে খেলো,mushfiq,NEUTRAL
cbfbe77b33240e2f,আরে ভাই মিলিয়ে দেখেন বিশ্বকাপে মুশফিক ভাই সবার থেকে ভালো করেছে। ভালোবাসা অবিরাম মুশফিক ভাই 💛❤️💚,mushfiq,FAVOR
c01aa91f20b3b9aa,মুশফিক ভাই ঠিক বলছেন এটা নতুন কিছু না। তবে অযোগ্য লোকজন যদি টিম সিলেকশন ও সভাপতির দায়িত্বে থাকে তাহলে এর চেয়ে ভালো কিছু আশা করা যায় না। আর ডমিংগো এর কথা কি বলবো তার সম্পর্কে আমাদের সবারি জানা আছে।,mushfiq,FAVOR
e707ce68cc5d8ec9,I love Musfiq R Farhan and keya payel always ❤,mushfiq,FAVOR
e2bc8fcdc1de7d42,"আমার দেখা নাটকের মদ্ধে সেরা নাটক, চোখের পানি ধরে রাখতে পারিনি। মুশফিক ভাই অল্প দিনে ভাল জায়গা দখল করে নিয়েছে, দোয়া করি মুশফিক ভাই আরো ভালো ভালো নাটক আমাদের উপহার দিক।",mushfiq,FAVOR
ca2e252a53b8f359,মুশফিক আর ফারহান মানেই আগুন 👈 আর যদি কেয়া পায়েল থাকে 👈 তা হলো অসাধারন হয় ❤️,mushfiq,NEUTRAL
9cff70390ffd8e01,মুশফিক ভাই ও কেয়া পায়েল আপু জুটিটা খুবই মিষ্টি ❤ এ জুটির একসাথে নাটক গুলো আমার ভীষণ ভীষণ ভালো লাগে ❤ রিভাস নাটকটা এককথায় ফাটাফাটি ❤ দুইজনের অভিনয় দেখে মুগ্ধ হলাম এ জুটির একসাথে আরও অনেক নাটক দেখতে চাই।,mushfiq,FAVOR
db45100aa4246e98,রিভার্স মামা পুরাই ওলটপালট চমৎকার পরিপূর্ণ পরিপাটি ফুটফুটে সুন্দর অভিনয় মুশফিক আর ফারহান ভাই এবং কেয়া পায়েল আপু। জুটি বেঁধে সুন্দর করে জটিল ভাবে অসাধারণ অভিনয় করেছেন ধন্যবাদ 🖤🇧🇩🤎,mushfiq,AGAINST
99ebbb34237d8ff6,বাংলা নাটকের সুপারস্টার মুশফিক ফারহানের আরো নতুন নতুন নাটক দেখতে চাই কে কে একমত তারাই শুধু লাইক দিবেন ❤,mushfiq,NEUTRAL
4bf5574242fa4a89,মুশফিক ফারহানের নাটক কার কার কাছে ভালো লাগে,mushfiq,FAVOR
7c8d153d5b629d19,মুশফিকের ইনিংসের গুরুত্ব অনেকে না বুঝে আলোচনা করবে। ২ টা চার মারছে। সঠিক সময়ে পাঠানকে স্ট্রাইক দিছে। ওইসময় অন্য কেউ থাকলে আউট হয়ে দলকে আরো বিপদে ফেলতো। মুশফিক ভালো সাপোর্ট দিছে অপর প্রান্ত থেকে।❤️❤️,mushfiq,FAVOR
f6508bc12d5f6a8a,ভাই খেলা দেখলে বুঝতেন 10 বলে 14 এর চেয়ে বেশি দরকার ছিলো একটা ভালো সঙ্গ 🥰 যেটা মূশফিক ইউসুফ কে দিয়েছে। তাই খেলা শেষে কোলে তুলে মুশফিক ভাইকে জরিয়ে ধরলো ইউসুফ পাঠান ❤❤❤❤❤❤❤❤❤,mushfiq,FAVOR
9d4028c21b7180bd,ভাই আমিতো আশা ছেড়ে দিয়েছিলাম আবার যে কিপিং করেছে সে তো মুশফিকের ধারে কাছেও না।,mushfiq,NEUTRAL
2d731acedd745419,আমি বাগেরহাটের ছেলে অনেক সুন্দর হইছে Love you musfiq r farhan আমি তার প্রতিটি নাটক অনেক বার করে দেখি i love you boos ❤❤❤,mushfiq,FAVOR
05ad9e5e0f419b94,মিরাজের যত্ন নিলে সে ভালো একজন ব্যাটসমেন হতে পারবে। মুশফিকের ভালো বিকল্প।।,mushfiq,FAVOR
7625bc76aa2f37e7,Musfiq to odi er player. T 20 kemon khelbe,mushfiq,NEUTRAL
6be47b30abd63cf6,Mushfiqur Rahim tumi namibia r khela ainai dekhco ki.,mushfiq,NEUTRAL
ec5d6d38bafd2ffc,মুশফিককে এখন নামিবিয়ার আয়নায় মুখ দেখা উচিত...,mushfiq,NEUTRAL
424878e5d2fa7be8,মুশফিক ভাই আয়নায় মুখ দিখেন বেশি করে,mushfiq,NEUTRAL
195b15449d1c0c47,মুশফিক ভাই সঠিক কথা বলেছেন।এই কথা পাপন টাকলাকে বলেছেন। পাপন কি কোনোদিন মাঠে খেলেছেন। অথচ পাপন বড় বড় কথা বলে।,mushfiq,NEUTRAL
d29642752826dcd3,"mushfiqs statement was too much;public er takai luxirious life lead korbe,trpr kharap khelbe,abar somalochona korle sei public kei aina dekhte bolbe,mushfiq sucks",mushfiq,AGAINST
63e4b1a21f9b2efb,মুশফিক ভাইকে ছুটি দেয়া উচিত তুলনামূলক দুর্বল প্রতিপক্ষের সাথে মুশফিকের 'Back up Option' তৈরী করার সুযোগ রয়েছে,mushfiq,NEUTRAL
7d3ec36ff4b88003,Sohan k Mushfiq er jaygay sujog deya uchit.,mushfiq,NEUTRAL
f2fd2a2626da697a,Mushfiq not good for t20 I think now time for Akbar ali,mushfiq,NEUTRAL
a55f29d05cba9f19,"মাজে মাজে নিজের মনকে প্রশ্ন করি ;জাকে আমি মনতেকে ভালোবাসি, সেওকি আমাকে মন থেকে ভালোবাসে! তাকে নিজের চেয়ে বেশি কেয়ার করি। সে তো আমার খবরি রাখেনা, জার ইন্সট্রাগ্রামের ম্যাসেজের অপেহ্মায় তাকি,সে অন্য কারো সাতে বিজি তাকে। যে মানুষটার ক্রিকেট খেলা দেখার জন্য নিজের জিবনের মুল্যবান সময়টুকু নস্ট করে দিচ্চি,তার কাছে আমার কলটা দরার সময়টুকু নাই। এজন্য কাউকে অন্ধের মত ভালোবাসতে নাই। এই প্রিথীবিতে কিছু মানুষ আছে,জাদের মনের দুঃখ আল্লাহ ছাড়া কারো বুজার হ্মমতা নেই। কারণ, এরা ভাইরাল হওয়ার জন্য মনের দুঃখ কারো সাতে শেয়ার করে না। আর সেই মানুষ গুলোর বালিসে না! শুধু তুলা তাকেন না! তাদের বালিসে আবেগ মেশানো হাজারো ফুটা পানিও তাকে। আপনাকে বড্ড ভালোবাসি প্রিয় ভাই মুশফিক।আপনার খেলা দেখার জন্য নিজের জিবন্টা নস্ট করে দিচ্চি।খুব শখ আপনার সাতে একটা দিন সরাসরি দেখা করার। পোস্ট,শাহেল চৌধুরী সাবলু",mushfiq,FAVOR
4eae580bb684c3e3,বাংলাদেশ আরপয়েন্ট দরকার তাই মুশফিককে ছুটি দেওয়া উচিত হবে না।,mushfiq,NEUTRAL
c8dc63029495d55f,লিটন আবার উইকেট এর পিছনে দাঁড়াবে আর মুশফিক এর জায়গায় মিডল অর্ডারে ইয়াসির আলি রাব্বি খেলতে পারে!,mushfiq,NEUTRAL
6f445998c43f504a,মুশফিক মিনার ভাই - বাচ্চা একটা মেয়ের সাথে যৌনসংগম করাকে সমর্থন করে কথা বলতে একটু ও কি লজ্জা লাগছেনা? নির্লজ্জতার ও তো একটা সীমা থাকা উচিৎ।,mushfiq,NEUTRAL
1b60a6d2a3f97386,আমি মনে করি মুশফিক ভাই এর অবসর নিয়ে নেয়া উচিত তাহলে আমরা উনার গুরুত্ব বুঝতে পারবে যদিও পাপন সাহেব বুঝবেন না বুজার পড়েও,mushfiq,AGAINST
42928bb96c411be0,মুশফিকুর রহিম ভাই কে আমরা টি ২০ তে চাই,mushfiq,NEUTRAL
3e862b925d947942,"মুশফিক তো ছুটিতেই ছিলো,,তাহলে বিশ্রাম দেওয়ার কি আছে।।এটা তো নিশ্চিত বোঝা যাচ্ছে জোর করে তাকে বাদ দেওয়া হয়েছে।",mushfiq,AGAINST
3879fc7bf0033a16,অসাধারণ আলোচনা চিল আল্লাহ মুশফিক মিনার ভাই এর ইলমে বরকত দান করুন...,mushfiq,NEUTRAL
471288f3c2a9a50d,"বাংলা মুভির থেকে নাটক বেষ্ট,, কে কে আমার মতো বাংলা নাটকের বক্ত.... আর মুশফিকুর ফারহান ভাইয়ের বক্ত..😘😘",mushfiq,NEUTRAL
8558322516d76f27,মুশফিক আর ফারহান ভাইয়ের নাটক আমার অনেক পছন্দের অনেক ভালো লাগে অসাধারণ অনেক ভালো লাগলো ধন্যবাদ সবাইকে এতো সুন্দর নাটক দেওয়ার জন্য 🥰🥰🥰,mushfiq,FAVOR
ac05b5dbae704631,Musfiq r Farhan vai is best actor love you vai🖤❤️,mushfiq,FAVOR
a62201ea433c87a9,মুশফিক আর ফারহান এবং নিল হুরের জাহান সেই হয়েছে জুটি এবং সেই হয়েছে নাটক এবং এই জুটির আরও অনেক নাটক চাই।,mushfiq,NEUTRAL
254ed5e9d64716b2,মুশফিক আর ফারহান ভাই হচ্ছে বাংলা নাটক ইন্ডাস্ট্রির কিং ফারহান ভাইয়া মানে পুরাই আগুন নাটকটা পুরা মুভির মতো হয়েছে মুশফিক আর ফারহান ভাই একশন হিরো হওয়ার যোগ‍্যতা রাখে।ফারহান ভাইয়াকে বাংলাদেশের চলচ্চিত্রের নায়ক হিসেবে দেখতে চাই। সিক্রেট মাফিয়া নাটকটা অসম্ভব সুন্দর।আর ফারহান ভাইয়া অভিনয় জগতের রাজা এককথায় অসাধারন ফাটাফাটি দারুন দূরদান্ত। ফারহান ভাইয়া আপনার জন্য মন থেকে দোয়া করি জীবনে অনেক বড় হোন আরো সাফল্য ও সম্মান অর্জন করেন।My Crash Farhan I love you ভালোবাসা আরেক নাম মুশফিক আর ফারহান খুব ভালো থাকবেব।❤❤❤❤❤❤❤❤❤❤❤❤❤❤❤🌹👌🤘👍💯💖💖💖💖💖💖💖💖💖💖💖💖💖💖💖💖💖💖💖💖💖💖💖,mushfiq,FAVOR
deef97f834c038c3,মুসফিকুর রহমান মুশফিক ভাই আপনার একজন ফেন এই নাটক আমার খুব খুব ভালো লেগেছে আমি চাই আপনি এর থেকেও আরো ভালো নাটক উপকার দিবেন,mushfiq,FAVOR
83e43f1addfe6818,"অসাধারণ একটা নাটক, মুশফিকুর রহমান ফারহান ভাই এর নাটক আমার কাছে খুব ভালো লাগে, লাভ ইউ। অসাধারণ একটা নাটক উপহার দেওয়ার জন্য আমাদেরকে আপনাকে অসংখ্য ধন্যবাদ।",mushfiq,FAVOR
560e630b67232450,মুশফিকুর রহিম এমন একজন খেলোয়াড় যে সবসময় জুনিয়রদের মোটিভেট করে যে কিপিং না করলে তার চিল্লাচিল্লি না শুনলে খেলার মজা কমে যায়।,mushfiq,NEUTRAL
493ca0d9605a7799,আমার কাছে সবচেয়ে মজার বিষয় ছিল মুশফিক ভাইয়ের বকা খাওয়া। মুশফিকুর রহিম❤,mushfiq,NEUTRAL
2419bf6b7493ba87,Tnx ai Khobar ta jania dao ar jonno..... Amar bote Amar febarit Mushfiq Rahim ❤️❤️❤️❤️ Bai,mushfiq,NEUTRAL
b566e4cd3bf8dbe7,Mushfiqur Rahim is best Player for the Bangladesh,mushfiq,FAVOR
5fa21c4455a460f9,টাকার জন্য এতো কিছু করেন। দেশের জন্য না হয় মুশফিক ভাই এর জন্য ভোটের লিংক টা শেয়ার করতেন 🇧🇩🇧🇩🇧🇩,mushfiq,NEUTRAL
7df30f99ed074002,মুশফিকের পক্ষে সাংবাদিক ভাইদের একযোগে থাকা উচিত।,mushfiq,AGAINST
0a6eeddc4a44167a,"মুশফিকের উচিত সব ধরনের ক্রিকেট কে বিদায় জানানো,তা না হলে সব জায়গায় অপমান করবে,, লাভ ইউ মুশফিক",mushfiq,NEUTRAL
fe65eeee2cfd2e9f,মুশফিকের কথা সত‍্য। আপনারা দলে রাখবেনা ভাল কথা। আপনারা মুশফিকের সাথে কথা বলে নিতেন। আপনারা যা মন চায় তাই করবেন। বাংলার মানুষের প্রিয় খেলা নিয়ে চিনি মিনি খেলবেন। নান্নু সাহেব আপনার খেলা 1997সাল থেকে দেখেছি। আপনি কি খেলেছেন আমাদের জানা আছে। দোয়া করে নিজের বের্ততা এখানে আর দেখাবেন না।,mushfiq,FAVOR
6255af00e040c64b,মুশফিকের উচিত হবে সব ধরনের ক্রিকেটকে বিদায় জানানো,mushfiq,NEUTRAL
d5e739288011b549,মুশফিকের উচিত সব ধরনের ক্রিকেট কে না বলা। তা নাহলে বাংলাদেশ বোর্ড শান্তিতে থাকতে দিবে না। মুশফিককে প্রতি মুহূর্তে অস্মান করবে।,mushfiq,NEUTRAL
256caefb5b4f35b2,@Anonymous5678-k8z মিনহাজুল আবেদিন নান্নু মুশফিকের বিশ্রাম দেয়ার ব্যাপারে সংবাদ সম্মেলনে কী বলেছেন; একটু শুনবেন প্লিজ। প্রধান নির্বাচক একজন সিনিয়র ক্রিকেটারকে এর চেয়ে বেশী কী সম্মান দিবেন?!!! আর মুশফিক তো টেস্ট সিরিজ এ আছেন।,mushfiq,AGAINST
8d339c028ef48a3d,মুশফিক বাংলাদেশের ক্রিকেট খেলে বিলিনিয়ার হয়েছেন। মুশফিকের মোট সম্পত্তি কত জানেন??,mushfiq,NEUTRAL
3a837fbffdea52c4,মুশফিক ওভার কনফিডেন্ট হয়ে এই বিশ্বকাপে ৮ ম্যাচের মধ্যে ৭ ম্যাচে রিভার্স সুইপ/ স্কুপ শট খেলে আউট হয়েছেন। মুশফিক এই বিশ্বকাপে নিজ হাতে বাংলার ক্রিকেটকে শেষ করেছেন।,mushfiq,NEUTRAL
716baef0c319362c,Eto beton eto match fee😂 Mushfiqur na batting na bowling na keeping kontar jonno ore lakh lakh taka dibe? Bcb ore bosaia 1st time valo kaj korse. Notun player der try kora dorkar ase. Bdr pipeline kotota strong ebar bujha jabe,mushfiq,NEUTRAL
7b6e4e361120de7f,বিসিবি মুশফিককে A+ ক্যাটাগরি ক্রিকেটারদের মধ্যে সর্বোচ্চ বেতন দেয়!! মুশফিক বাংলাদেশ ক্রিকেট খেলে বিলিয়নিয়ার হয়েছেন। মুশফিক আর কী চান??,mushfiq,NEUTRAL
77d3e49eeb1259f6,খুব ভালো করেছেন মুশফিক ভাই। এত বাড়াবাড়ির কি আছে? মুশফিক ভাই অবশ্যই লিজেন্ট। মুশফিক ভাইয়ের উচিৎ তার জায়গায় ঠিক থাকা।,mushfiq,FAVOR
a4ce9310c003a6bd,Bangladesh cricket er improve hobe nah r. Egola shara jibon choltr takbe. Mushfiq bhai all the best.,mushfiq,FAVOR
8794899ba6722004,Mushfiq vai.. Just leave BCB. We are with you.,mushfiq,NEUTRAL
3a5b826e46b3e80f,মুশফিকের সঙ্গে যোগাযোগ করা হয় নাই। সৎ ও সাহসী মুশফিক যা বলেছে তার জন্য ধন্যবাদ তাকে।,mushfiq,AGAINST
d153f17f0b2a977d,"মুশফিক তো সত্যই বলেছে,, বিশ্রামের ব্যাপারটা যখন একজন খেলোয়াড় জানে না তখন তো ব্যাপার টা অন্য রকম এ হওয়ার কথা",mushfiq,NEUTRAL
6c5b4e538f92ef04,এই মুহূর্তে মুশফিক ভাই এর উচিত সব ধরনের ক্রিকেট থেকে অবসর নেয়া।,mushfiq,AGAINST
559736ddc767c75a,মুশফিক ভাইয়ের বুকে হিম্মত আছে। স্যালুট বস।,mushfiq,NEUTRAL
6977187d056e2de7,মুশফিক আমাদের অহংকার 15 বছর আমাদের দেশের সেরা খেলেছে ।,mushfiq,FAVOR
264493a0c81bd974,মুশফিকের উচিত সম্মান থাকাকালীন দ্রুত অবসরে যাওয়া।নাহলে সামনে আরো অপমানিত হতে হবে।,mushfiq,AGAINST
1fb496d9e4bb77b0,সত্যি কথা বলতে গেলে সমস্যা হবেই... শুভ কামনা রইলো মুশফিকুর রহিম,mushfiq,NEUTRAL
3339eb2b7fe6aa43,Sotto bllei dos.. Musfiq Vai r khelar dorker nai.. Biday Nia nen ato opoman theke,mushfiq,NEUTRAL
50c259b829ad06c6,মুশফিক ভাই উচিত কথাই বলেছেন । সাংবাদিক দের উচিত মুশফিক ভাইয়ের পাশে থাকা,mushfiq,AGAINST
df6e86b021dba74d,"Mushfiq r na khelai better......sompurno New tiger's diye dol sajate Hobe,,,,,old plyers der Onek chorbi jome gese....bissram nia chorbi komak, t20 te fully New team chai including taskin,mustafiz,nasum,shoriful, Mehdi,.....",mushfiq,NEUTRAL
c5761806237eb77c,সাবাশ মুশফিক। দেশের ক্রিকেট এমন প্রতিভাবান দের জন্যই টিকে আছে।,mushfiq,NEUTRAL
9da3895f1f196e13,"জানি ,,মুশফিক তুমি এখানেই থামবে না,, তাই প্রত্যাশাও বেশি,,আশা করছি তুমি আইসিসির বর্ষসেরা খেলোয়াড় হয়ে দেশকে গর্বিত করবে,,",mushfiq,FAVOR
55e040c499eb9e96,মুশফিকুর রহিম ভালো মনের মানুষ আর ভালো প্লেয়ার ও বটে।,mushfiq,FAVOR
9d0e948194700336,"Congratulation musfiqur rahim. we are proud of you, our mr. depandabe batsman, love you ❤️❤️",mushfiq,FAVOR
4aedddb52b8644d5,এক ছেলে তার বাবাকে এসে বলল- ছেলেঃবাবা বাবা আমি ফার্স্ট হয়েছি। বাবাঃবাহ খুব ভাল।তোমাদের ক্লাসে ছাত্র কয়জন আছে? ছেলেঃ ২ জন। তো আমাদেরও একই অবস্থা।এই মাসে কয়টা টুর্নামেন্ট হয়েছে অন্য দেশের।খুবই কম।সে কারনেই তো মুশফিক এই মাসের প্রথম হয়েছে।আর আমরা না বুঝে তাকে বাহবা দিচ্ছি।,mushfiq,FAVOR
9ad661289ba1ba2b,Mushfiq is my one of the best player in the Bangladeshis current line up.,mushfiq,FAVOR
665ddafec34e90f1,Congratulation Mushfiqur Rahim. We are proud of you. Love you ❤️,mushfiq,FAVOR
c8605e385257a449,We are from bogura..mushfiq Vai er sathe amra always asi,mushfiq,NEUTRAL
6244f4a0973e70c3,এ লোকটা বাংলাদেশ ক্রিকেট টিমকে অনেক সাপোর্ট দিয়েছে. এখনো এই বয়সেও সাপোর্ট দিচ্ছে 'শুভ কামনা মিস্টার ডিফেন্ডেবল মুশফিকুর রহমান....,mushfiq,NEUTRAL
48253841ce5e3d11,বাংলাদেশের সব ক্রিকেটার থেকে আমি মুশফিককে বেশি পছন্দ করি। কে কে আমার দলে??? 👍,mushfiq,NEUTRAL
e2be30b00c16f883,মুশফিক ক্যাচ মিস ও ফিল্ডিং মিস করে টাইগার ভক্তদের অনেকবার কাঁদিয়েছে ।,mushfiq,NEUTRAL
b19cd78ddc3a8118,Best of luck Mushfiqur Rahim .. InshaAllah samne onek valo valo innings khelben and deseher onek joye obodan rakhben..,mushfiq,FAVOR
bc1322abe7dda329,মুশফিকুর রহিম বাংলাদেশের সেরা ব্যাটসম্যান যে কোন পজিশন যে কোনো পাটনার এর সাথে খেলতে পারে। সবার ফ্রম মাঝে মাঝে হয়তো খারাপ যায় কিন্তু মুশফিকের ফর্ম কখনোই খারাপ যায় নাই।,mushfiq,NEUTRAL
e9d5df10deafc7e5,Thank you jumana Tv musfiqur rahim ki niya bananor jonno I love musfiq,mushfiq,FAVOR
2c6410e7e5e27bab,ভালো লাগলো মুশফিকে নিয়ে নিউজ দেখে।মুশফিকের বিকল্প মুশফিকই।,mushfiq,FAVOR
af2a697107568ba3,mushfiq valo kichu korbe next series and worldcup a.,mushfiq,FAVOR
66249e441e16d83e,Only mushfiqur rahim can change bangladesh cricket,mushfiq,NEUTRAL
7d5c92b5d70b2fa7,মুশফিকুর রহিম আমার প্রিয় একজন মানুষ তার কোন অহংকার নাই?,mushfiq,NEUTRAL
b7d4472220c39c3f,মুশফিকতো একাদশে চান্স পাবে না।অস্ট্রেলিয়া সিরিজ থেকে কাকে বাদ দিয়ে মুশফিকরে খেলাবে?,mushfiq,AGAINST
62ce4377c6bf0e57,"Ahare mushfiq bangladeshi sera betsmen jar gor 20 take abar naki gor diye chena jabena je kina 77 innings khel6e ? Tini jodi Australia birudhdhe khelto tahole bangaladesh 💯 parsent harto "" take boshiye liton ke khelak bangladeshi coach....",mushfiq,FAVOR
3607d94d0e5618cc,মুশফিকের টি টুয়েন্টি দলে কোনো জায়গা দেয়া ঠিক হবে না।মুশফিকের চেয়ে সোহান বেস্ট কিপার।একটা ভালো ক্যাচ আর স্টাম্পিং ৫০ রানের চেয়ে বেশি দামি।,mushfiq,FAVOR
97cbe46c5ee27786,"এজন্যই ক্রিকেটবিশ্বে মুশফিকুর রহিম আমার সবচেয়ে পছন্দের খেলোয়ার।কত মার্জিত,অধ্যাবসায়ী,পরিশ্রমী,আল্লাহভীরু।মাশাআল্লাহ! আল্লাহ কবুল করেন❤️",mushfiq,NEUTRAL
d7db57184224a7c7,কোরআনের আয়াতের উচ্চারণ শুনে বুঝা যাচ্ছে মুশফিকুর রহিম ভাই নিয়মিত তেলাওয়াত করেন। শুভকামনা রইল,mushfiq,NEUTRAL
92766bf88db00ad8,"আপনি বাংলাদেশী তাই বাংলাদেশের জায়গা থেকে মুশফিকুর রহিম আপনার পছন্দের খেলোয়াড় হতে পারে। কিন্তু মার্জিত, অধ্যবসায়ী, পরিশ্রমী, আল্লাহভীরু এমন হিসেব করলে এই ক্রিকেটীয় বিশ্বে মুশফিকুর রহিমের থেকেও আরো অনেক পরহেজগার, আল্লাহভীরু খেলোয়াড় রয়েছেন। আপনার পছন্দের খেলোয়াড় খুবই ভালো কথা, কিন্তু আল্লাহভীরু ইত্যাদি ধরনের কথা বলে আপনার সবচেয়ে পছন্দের খেলোয়াড় এ ধরনের কথা বললে যারা তার থেকেও আল্লাহভীরু, পরহেজগার খেলোয়াড় তাদের কে অপমান করা হবে। ভালো থাকবেন",mushfiq,FAVOR
3f570896ca0375ca,"মুশফিকুর রহিমের মত প্লেয়ার বাংলাদেশে আর আসে কিনা সন্দেহ, অসম্ভব ভালো মনের মানুষ।।",mushfiq,FAVOR
6a272379e08d38fb,মহান আল্লাহর শুকরিয়া আদায় করে কথা বলা মুশফিক ভাই কে আমার অন্তর থেকে জানাই আন্তরিক অভিনন্দন এতদিন ভালো খেলার অপেক্ষায় ছিলাম অভিনন্দন মুশফিক ভাই,mushfiq,FAVOR
8c2b3641e47279d3,মুশফিক ভাই কে অসংখ্য ধন্যবাদ জানাই। তাদের কথার জবাব গুলো খুব ভালো ভাবে দেওয়ার জন্য। এই না হলে আমাদের বগুড়ার ছোল। অভিনন্দন মুশি ভাই✌️✌️✌️🇧🇩🏏🇧🇩🥰🥰🥰,mushfiq,FAVOR
abb9e2d4d16961a2,MASHA'ALLAH 🥰🥰🥰. Pray for you Mushfiqur Rahim. Keep it up Little Master. Go forward 💪👍,mushfiq,NEUTRAL
aaf80732264093c2,হ্যা এটাই আমাদের ইসলামধর্ম আলহামদুলিল্লাহ আল্লাহু তায়ালা যেন তাকে নেক হায়াত দান করেন সৃষ্টিকর্তার কাছে প্রার্থনা করি আমিন 🤲🤲 সুম্মা আমিন বিশ্ব ক্রিকেটের কিংবদন্তি মুশফিকুর রহিমের প্রতি ভালোবাসা ও দোয়া রইলো প্রিয় ভাইয়া আপনার সুস্থতা কামনা করছি 🤲🤲,mushfiq,FAVOR
f2f4fa5e921ebc3b,রহিমের মুখে দোয়া টা শুনে অনেক ভালো লাগেলো I💞মুশফিক,mushfiq,FAVOR
21e4c0bb5c502d2f,মুশফিক ভাই টেস্ট খেলুক আরও ৪ বছর। অভিমান আমাদের জন্য ভালো হবে না।,mushfiq,FAVOR
642701e4b00cccfb,Bogurar Boss mama Mone Raiko Musfiq Love u❤️🥰,mushfiq,FAVOR
aa5c3dea395b46a8,আওয়ামী লীগ সরকারের বিসিবি প্রেসিডেন্ট আর কতো ভালো হবে। এখনই পাপনের পদত্যাগ দাবি করছি। মুশফিক একজন ভালো খেলুয়ার।,mushfiq,FAVOR
0cb5f81669d5fee4,ক্রিড়া অঙ্গনে আমি যাকে বস বলে সম্বোধনে করি সে আর কেউ নন। তিনি হলেন মুশফিকুর রহিম যে আমার বস।,mushfiq,NEUTRAL
5584d6e80c0d52e3,Alhumdulillah 😍😍 mushfiq is humble but he needs to be more aggressive in the field .,mushfiq,NEUTRAL
98b3cf26d26259e8,আমার পিয়ো মুশফিক ভাই কথা গুলো অনেক ভালো লাগলো ❤️❤️❤️,mushfiq,FAVOR
30dcb2b9e303d78a,"স্যালুট মুশফিক ভাইকে,তবে গত কয়েকদিন আগে পাপন সাহেব যে ইঙ্গিত দিয়েছেন আমার মনে হয় মি: ডিপেন্ডেবল আগামী ম্যাচে এর চেয়ে ভালো খেলে বোর্ড কে একটা বড় আফসোসের মধ্যে ফেলতে পারেন, ঠিক যেটা করেছেন মাহামুদুল্লাহ ভাই ওনার শেষ টেস্টে।",mushfiq,FAVOR
d5e4a92ef287310e,"Alhamdulillah. My love of cricket MR. Mushfiqur Rahim 😘😘🥰🥰🥰 Love you so much. Alhamdulillah, Mokkhom jobab",mushfiq,FAVOR
81e0e9229fc7b014,With out musfiqur rahim bangladesh can't play internationall cricket,mushfiq,NEUTRAL
8018cd8c182bac68,"মুশফিক হলো ইমম্যাচিউর প্লেয়ার, মাথায় প্রবলেম আছে",mushfiq,NEUTRAL
eb7c2c2706238d07,Nahid tho oidin 148 kph marse. Mushfiq o 148kph janina .but 145kph sure marba chance paile,mushfiq,NEUTRAL
0796530d0de737e2,"ক্রিকেট খেলাতে এটা হয়ে থাকে,,, মুশফিক অনেক ভালো খেলছে, শুধু শুধু দোষারোপ করবেন না,,, আগামীতে আরো অনেক ভালো করবে,,,,",mushfiq,FAVOR
8edf3935bfba4a32,আরে ভাই রিপোর্টার মিস তো খেলারই অংশ এমন করে মুশফিককে ছোট করে কথা বলো কেন মিস হতেই পারে,mushfiq,NEUTRAL
6ad4c58bbf7c2e2f,"সমস্যা নেই নায়ক কখনো ভিলেনও হতে পারে মুশফিক যেনতেন খেলোয়াড় নয়, ব্যক্তিগতভাবে খুব সৎ একজন মানুষ",mushfiq,FAVOR
1bbdfca4ae5d3f31,মুশফিক কে দোষ দিয়া লাভ নাই। ভাগ্য কে মানতে হবে। এই মুশফিকের জন্যই আমরা অনেক ম্যাচ জিতছি। মুশফিক তো ইচ্ছা করে ভুল করে নাই পরে তো একটা অসাধারণ ক্যাচও নিছে। এটা তো কেও বলতাছে না।,mushfiq,AGAINST
a644e2168035c328,মানুষের ভালো দিক টা দেখেন মুশফিক ভাই অনেক ভালো খেলে,mushfiq,FAVOR
482add556258bb88,ভাগ্যে ছিল নারে ভাই মুশফিকরে দোষীয়া লাভ নাই,mushfiq,AGAINST
585d357174cd275d,We are Bangladeshi...we are one...and...we are support musfiqur rahim...i hope...insahallah he play well in the next match,mushfiq,FAVOR
dab389cf169fff82,"ভুল হতেই পারে,, এটা খেলারই অংশ। মুশফিক সর্বোচ্চ পরিশ্রম করে খেলায় জেতার জন্য।",mushfiq,AGAINST
762e5725a2630d54,Stamping টা নাকি সহজ ছিল!!!! আমি সিউর এটা ১০ টিমের একজনের পক্ষেও সম্ভব না।।আপনার দ্বারা হতে পারে-- সাংবাদিকতা ছেড়ে দিন।। ক্রিকেট খেলতে আসুন; নিশ্চই আপনার জন্য কিপিং ছেড়ে দেবে মুশফিক।।,mushfiq,AGAINST
e57bca03671d373b,"মুশফিক অনেক ভালো খেলোয়াড়,,, অনেক ভাল খেলছে",mushfiq,FAVOR
78683d3a3fac2a83,মুশফিক হোক বা অন্য মেন ভালো খেল লেও টায়গার খারাব খেল লেও টায়গার। আমার মতে মুশফিক অনেক ভালো খেলেছেন। আশা করি সামনে আরো ভালো খেলবেন। লাভ ইউ বাংলাদেশ 💕💕💕💕,mushfiq,FAVOR
a9c2685a676856f0,"মুশফিকের কারনেই কি বাংলাদেশ হারলো? না এ কথাটা সম্পূর্ণ ভুল ভ্রান্ত,, ইনশাআল্লাহ আগামীকাল মুশফিক ভলো খেলবে "" সবাই দোয়া করবেন! (বাংলাদেশ জিতলে জিতে যাই আমি)",mushfiq,AGAINST
165055eda426e7e9,মুশফিকুর ভাইকে যে উল্টাপাল্টা কথা বলবে তার পিছনে পুরো স্টাম্প ঠুকে দেওয়া উচিত ।,mushfiq,NEUTRAL
74d781c7d0d0b3cd,মুশফিক ভাইয়ের সাথে আমরা সবাই আছি আগামীতে ভালো খেলবেন সবাই খুব সুন্দর খেলা হয়েছে।,mushfiq,FAVOR
34246e1f014545b7,মুশফিকের পরের ম্যাচ ভালো খেলব আসা রইল,mushfiq,FAVOR
b826efc519224e61,"Musfiq is the best player ,,I love him",mushfiq,FAVOR
0cb49d3f80544572,Mushfiq is one of the best player of BD. This is the part of the game. He is a man not machine..,mushfiq,FAVOR
cf27d49f3180de25,বেটিং খারাপ করে হেরেছি আমরা। মুশফিকের সামান্য ভুলে কিছু হয় নাই। আশা করি পরের খেলাতে বেটিং ভালো করবে।,mushfiq,NEUTRAL
2c25013e6723cbbc,"হার জিত খেলায়ই আছে।আমরা যেমন দেশকে ভালোবাসি তারও বাসে।তারাতো আর ইচ্ছা করে ভুল করেনি।মানুষ মাত্রই ভুল করে এটাতো আল্লাহ্তালাই বলেছেন।So don't worry, love you Mushfiq & all cricketers from K.S.A",mushfiq,FAVOR
5738ea4558a987ed,"সকল দায়ভার মুশফিকের, এটা তাকে নিতেই হবে.. mr dependable...",mushfiq,NEUTRAL
49a9b3b3a5d6979f,মুশফিক luck সাথে ছিল না । তবে কিছু ভুল আসলে মারাত্মক হয়ে যায় তখন সেটা সবার উপরে চাপ সৃষ্টি করে । সামনে আরও ভাল খেলবে ভুল থেকে শিক্ষা নিয়ে এগিয়ে যাবে team এই আমাদের আশা,mushfiq,NEUTRAL
cc0a7360e9cca56c,আমাদের এগুলো নিয়ে চিন্তা না করি। খেলায় এমন হয়েই থাকে। সব ভুলে এগিয়ে যাক। অতীতে মুশফিক ভালো কিছু করেছে এবং সামনে আরো করবে।,mushfiq,FAVOR
e1d28c5e50e57733,Kopaly nai tai hyry gyci🙏 musfiq balo kyluhar.,mushfiq,NEUTRAL
6e37c525f59d8266,মুশফিক ভাই আপ্নার উপর আমাদের ভরসা আছে,mushfiq,NEUTRAL
7d6b5ab163b0ee71,"musfiq k dush diye luv nei,,kom beshi sobari chesthar truti chiloo,, ei vul na holei ki jitto!!! best of luck Bangladesh team😊😊👍👍",mushfiq,FAVOR
e96ab44ef8b01bf6,কালকে লিটন মুশফিক যেন নতুন একটি রেকর্ড করে সেটাই আশা করছি।,mushfiq,NEUTRAL
0247e9c9e84498a1,অভিনন্দন লিটনকে প্রথম সেঞ্চুরি করায়।তার সাথে লিটন ও মুশফিককে ভালো রান করার জন্য অভিনন্দন।,mushfiq,FAVOR
509ab390ee083e19,মুশফিক ভাই আগেই বলেছে এদেশে এসপিরিয়ানসের দাম নাই আর এদেশে সিনিয়ারদের কোনো দাম নাই,mushfiq,NEUTRAL
36274d3e9dc77957,খুলনার দর্শকরা মুশফিক ভাইয়ের থেকে অনেক কিছু আশা করে।। আশা করি মিস্টার ডিপেন্ডেবল তার প্রতিদান দিতে পারবে। চট্টগ্রাম ম্যাচে আশাকরি মুশি ঝড় দেখতে পাবো।।।।।।।,mushfiq,NEUTRAL
08da3a3ab400067f,মুশফিক ভাই এর দিকে আমারা সবাই তাকিয়ে আছি?,mushfiq,NEUTRAL
0b4555b4fd74686f,"মুশফিকের সুইফ খেলার কারণে মানষিক পেশার তার, আমি মনে করি পেশার না নিলে এবং সুইফ না খেললে সে নিশ্চিত ভালো করবে",mushfiq,FAVOR
4bad90c134c88ab4,মুশফিক আমার সবচেয়ে প্রিয় খেলোয়ার. কিন্তু উনি টেস্ট ম্যাচের মনোযোগ দিয়ে ফেলেন t20 তে. তাই রান পাচ্ছেন না😄,mushfiq,NEUTRAL
68a211f9ac3a08df,"জি না,নিজেদের আবেগী ব্লেইম দিয়েন না।আমরা কোন সময় ম্যাচ প্রেশার নিতে পারিনা।এর আগে মুশফিক, নুরুল একই ধরনের ভুল ইন্টারন্যাশনাল ম্যাচে করেছে।",mushfiq,AGAINST
aea5bf2ffcaa5407,মুশফিক আমার প্রিয় প্লেয়ার। হে আল্লাহ তুমি তাকে ভাল করে দাও।,mushfiq,FAVOR
c4dc881c5e934701,Civiculation Bangla 🙄liton k mushfiqur Rahim er jaygay na niye -mithun er jaygay vlo hoy....... Art mushfiqur oshushto holee sabbir k nile vlo hoto!!!,mushfiq,NEUTRAL
bc9feabead9f5910,"৯৯ করে প্রায়ই মুশফিক আউট হয়ে যায়,, ভালোবাসি মুশফিককে,, তার মত আরেক জন ব্যাটসম্যান বাংলাদেশ দলে থাকলে দল আজ আরও উন্নত হতো",mushfiq,FAVOR
406070293581d35e,টিভির সামনে বসে ছিলাম মুশফিকের সেঞ্চুরি দেখব। কিন্তু না মুশফিকের এই ৯৯। আমার আফসোস হল। Mushfiq you a genius.,mushfiq,NEUTRAL
c179bc2c31838f9e,মুশফিকভাই অনেক ভালো মানুষ এবং ভালো ব্যাটার তাকে মিশ করব টি টোয়েন্টি ক্রিকেটে 😭😭😭😭🇧🇩🇧🇩,mushfiq,FAVOR
92851ab37862d5e5,I thint Mushfiqur Rahim is the best,mushfiq,FAVOR
5b06ecc81a79bead,মুশফিক এর মতো প্লিয়ার বাংলাদেশে আর নেই।,mushfiq,NEUTRAL
55c8ab6299b6cf43,মুশফিক - প্রথমত রান করতে পারে নি ; দ্বিতীয়ত ক্যাস মিস করেছে ; তৃতীয় রিভিও নিতে পারে নি। দোষ টা তাহলে কার?,mushfiq,AGAINST
13993f1f5c125724,It was a great chase by Bangladesh & a great innings from Mushfiqur Rahim 👍,mushfiq,FAVOR
c630d7f2bc186849,Mushfiq i like is every time good man is good batting keeping good all is right i miss Musfiqur bai,mushfiq,FAVOR
4e3444e93a62da18,ar ajkei Mushfiq bidai janalo tnq boss miss u🙂 but you are a great❤,mushfiq,FAVOR
b0347abf47d8796a,Amon immature player ami dekhi nai.... nada mushfiq er moto...,mushfiq,NEUTRAL
20d7c452a1456af7,Musfiq r Farhan Vai is always on fire,mushfiq,NEUTRAL
013aa8a9279b9729,আমি চাই মুশফিক আর ফারহানের সাথে কেয়া পায়েলের বিয়ে হোক বাস্তবে।,mushfiq,NEUTRAL
c5f6a5c7780124ef,"রাকিব , অন্তরা,মাহিয়া মাহি,মিশা ,মুশফিক ফারহান আরও অনেকে হজ করেছে ।",mushfiq,NEUTRAL
7d7137f842a365eb,"কোনো মিউজিক কভারেজ ছাড়া মুশফিকার অরিজিনাল কন্ঠে গানটি শুনতে অনেক ভালো লাগছে,,দুজনের কন্ঠেই জাদু আছে।☺️❤️",mushfiq,FAVOR
d453a2ca68534d5e,"এখন ফ্যামিলি নিয়ে নাটক দেখা যায় না কি দিন চলে আসলো। তাও আবার বাংলাদেশে তাহলে নাটকের মান কোথায় গেল? মুশফিকের কাছ থেকে এটা মানতে পারলাম না,",mushfiq,NEUTRAL
18d71daf9694b71a,Imran Mahmudul + Kona + Mushfiq Farhaan Vai একের পর এক হিট উপহার দিচ্ছেন তাও একই চ্যানেল থেকে! এটা কাকতালীয়ও বটে 😮,mushfiq,NEUTRAL
1ed55a87ffd79a70,"মুশফিকুর রহিম ভাই,একজন পরিশ্রমিক এবং ভালো ক্রিকেটার।😍❤",mushfiq,FAVOR
b9c9a05a81fb7fa6,Mushfiqur Rahim vai is one of the best cricketer in the world.আমাদের বাংলাদেশ ক্রিকেটের গর্ব 🇧🇩 legendary cricketer 🇧🇩,mushfiq,FAVOR
1ba8770cd32f4d1a,mushfiqur rahim is best player in world...,mushfiq,FAVOR
c6cd7453c333ac91,ভাই মুশফিক তুমি কেন ভুজনা তুমি জতই ভালো খেলাখেলো তোমার দাম কখনো আবাল বিসিবি কখনো বুজবেনা বিদেশি মানুষেরা টিকি বুজে তুমি সবসময় বাংলাদেশের সেরাদের সেরা,mushfiq,FAVOR
1929f19f974d56ea,Look at haturu. He was begging musfiq not to do it.😂,mushfiq,NEUTRAL
3007b290bb0933d0,Bangladesh and Mushfiqur is great team and finisher one day they will finish whole bangladesh,mushfiq,FAVOR
2fa5063a83d22efb,Mushfiqur how many tests did you won against sri lanka 😂😂😂😂😂😂😂😂😂😂😂😂😂😂😂😂😂😂😂😂😂😂😂,mushfiq,NEUTRAL
652490411837f110,অসাধারণ ছিল এটা। শরিফুল মুশফিককে ঘড়ি দেখাইয়া বলে টাইম আউট 😂😂,mushfiq,NEUTRAL
849fbe67b8b3c21e,"I respect many Sri Lankan players who played as gentlemen in the gentleman's game. Among them is the name of Angelo Mathews. He has won many matches in his career with respect. I would like to make a note for Mushfiqur. Your time is up. I don't think you even got half of Matthews' playing career. He was a key player in world cup winning team. You haven't even touch a World Cup, have you? Google yourself and Google him. Understand the difference. Not everyone who dances is a dancer. For SL love from Canada",mushfiq,NEUTRAL
b1aef5ef2c21ccb9,Mushfiq you are a real hero. Love from Sri Lanka ❤,mushfiq,FAVOR
97808f1a4740ed67,"Mushfiqur Rahim , senior player doing like this tells , how worst their characters are",mushfiq,AGAINST
5188a6bc0f06f4e0,So this is why no one respect these team so called legend mushfiq retirement who cares😂 but he can now start his coaching career with team india head coach position 😂,mushfiq,FAVOR
88e75d8279c3e824,Musfiq do a very poor celebration....bangladesh is a very bad country,mushfiq,AGAINST
a4f8b8984906f363,Musfiq took the perfect revenge of Sri Lanka's time out celebration with the helmet celebration.,mushfiq,NEUTRAL
eeb7b8e435a8d729,Everyone plz respect mushfiqur when he playing bangladesh never lost any world cup final ever😂😂😂😂😂😂 also mushfiqur is the worlda best captain ever 😂😂😂😂😂😂😂 oops lol bangalis weakest nation on space😂😂😂,mushfiq,FAVOR
28d4d67ea32eb293,Vai mushfiq shomporke kono kharap kotha bolle amr sheta shojjo hoy na. Apni nishchoi mushyr hater. Mushfiq er moto bhodro player Bangladesh a r nei. Apni k mushfiq k bosti bolar😠. Parle okhane actually ki ghotse shetar video ta dekhan. Mushfiqian der uddeshhe boli tomra keu onar kotha believe korba na. Uni hater tai erokom boltese. Ato kichu howar pore o ami apnake apni bole respect dicchi. Coz etao mushfiq vaiya k dekhei ami shikhechi,mushfiq,AGAINST
d8e1bf15f4f0a9d2,mushfiq ke bad dise valo hoise. ofcourse se bangladsher akjon valo player.but tar t20 te form onek baje. amra form er jonno liton ar soumya ke bad dite boli.kintu mushfiq ke keno bad dite boli na? seo to tader motoi onek kharap kheltese. big match e take dekhai jai na,mushfiq,AGAINST
949a017c6f144e20,"আর এই দিকে, ইউটিউবে ""আয়নাতে ওইমুখ দেখবে যখন"" মুশফিক ভার্সন খুজে বেরানো আমি!! 🙄 পরে দেখি ২ বছর আগে রিলিজ হয়েছে।।।। 😵",mushfiq,NEUTRAL
1e97f75bfb475249,খেলায় হার জিত থাকবেই। স্বাভাবিক। বাংলাদেশ কে আরো ভালো প্রেকটিস করতে হবে আর ভবিষ্যতে যেন ভাল করে সেই চেষ্টা করতে হবে। Best of luck 🤞 মুশফিকুর রহিম ❤️,mushfiq,FAVOR
df38d9427775c2a7,"ফাইনালে মুশফিকের জন্যই তো ১৭৫ পর্যন্ত যেতে পেরেছে সিলেট। ওয়ানডে ফরমেটে এদের চেয়ে বাংলাদেশের ভালো প্লেয়ার তো আর নেই,যে এদের কে বসিয়ে রাখবে??",mushfiq,FAVOR
9db27c7d8ad19468,"মুশফিকের মত আর এক প্লেয়ার এখন বাংলাদেশে হয় নি,,, তার মত সব দিকে খেলতে পারে না অন্য কোন প্লেয়ার ❤",mushfiq,NEUTRAL
75276a281df764ab,মুশফিক মিনার ভাইকে আন্তরিক ধন্যবাদ - উনি সত্যকে সহযেই স্বীকার করে নিচ্ছেন। কিন্তু অন্যান্য আলেম ওলামা কাউকেই এভাবে সত্যকে মেনে নিতে দেখিনি। প্রত্যেকেই ত্যারামো করে ঘুরিয়ে ফিরিয়ে ভিন্ন প্রসঙ্গ এনে সহজ বিষয়টাকে জটিল করে তোলে। সত্যকে স্বীকার করেই না।,mushfiq,AGAINST
30617dfdb39f3647,"আমার প্রিয় মুশফিক মিনার ভাই,কথা এত সুন্দর করে বলেন,আসিফভাইও মুল্যায়ন করেন,কাবণ জ্ঞানীর কদর করতে সবাই জানে না!!",mushfiq,NEUTRAL
f23acfa5a67e8fa9,"মুশফিক মিনারের একটা জিনিস ভালো লাগলো,ওনি সব সত্য স্বীকার করেন,কোন থেনা পেছাইনি,",mushfiq,FAVOR
5b4c7662af3a9feb,আসিফ ভাই খুব খুশি হয়ে গেছে মুশফিক মিনার একটা কলুর বলদ সব সীকার করে নিলো😂😂😂,mushfiq,NEUTRAL
1ed0a8459f5b3a97,"এই মুশফিক লোকটা যতই মুখ রক্ষা করার চেষ্টা করছে ততই সমস্যার রূপ আরও প্রকাশ পাচ্ছে। সে বার বার ঘুরাচ্ছে ফিরাচ্ছে, এদিকে যাচ্ছে, সেদিকে যাচ্ছে, কারণ এই বিষয়গুলো অস্বস্তিকর!",mushfiq,NEUTRAL
8b090d7cd49e3951,আগের ম্যাচে নোমান ভাই(ক্রিড়া সাংবাদিক) আয়নায় মুখ দেখার কথা বলে মুশফিককে ট্রল করে।আজ মুশফিকের তার ট্রলের যোগ্য জবাব দিয়েছে,mushfiq,AGAINST
7e55b52b2d6c3271,বিশ্বাস ছিল মুশফিক ভাই পারবে আশা করি সামনের দিন গুলো আরও ভালো কাটবে!!!,mushfiq,FAVOR
9681e80c9b233811,মুশফিক ভাই বিবেক থেকে বলেনি আবেগ থেকে বলেছে তা সবাইকে বুঝতে হবে কিন্ত,mushfiq,NEUTRAL
a6d2e079e25cd42d,"No compare. musfiq is best for his own country and dhoni is best for his own country. But musfiq playing style very good then dhoni. So he is now no one batsman between the WK. Because he touched the 2 double century two times. So all of India, we need no comment of your, because your comments language is so bad then sub- contains. If you can see in the history, all country respect musfiq very much, even India teams respect musfiq very much. If you deslike musfiq OK no comment about his. At first India start bad language everywhere, when Indian superstar compare with any other country superstar.",mushfiq,FAVOR
d41e8d4e2c323584,"মুশফিক অবশ্যই ভালো ব্যাটসম্যান এবং উইকেট কিপার,,এশিয়া কাপে খুব ভালো খেলেছেন,, congratulations mushfiq sir,,but Dhoni is best",mushfiq,FAVOR
0cfe9e4d9cf37618,মুশফিক প্রথম উইকেট কিপার যার কিনা টেস্টে দুইটা ডাবল সেঞ্চুরি আছে। ধোনির দুইটা ডাবল সেঞ্চুরি করতে গেলে হাগা ছুটে যাবে কোনোভাবেই মুশফিকের ধারের কাছেও নেই ধোনি ।,mushfiq,NEUTRAL
14c68017e2fdc3c2,আসলেই এই কথাগুলো শুনে বুঝতে পারলাম তানজিন তিশায় পুরো গুটিবাজ মুশফিক ভাইকে রেকর্ড করে ভাসাইতে ছিল মানুষ এত বোকা না বোন তোমার চালাকি সবাই বুঝে ফেলেছে ওকে তবে এগুলো থেকে বের হয়ে আসো তা না হলে পস্তাবে,mushfiq,NEUTRAL
aa06703d6a33ea07,"ভালো করছে। মুশফিকেরও আমাদের মতো অনেক আবেগ, সেটাকে আমরা সম্মান করি। মুশফিক বাংলাদেশকে অনেক কিছু দিয়েছে, দেওয়ার এখনো অনেক কিছু আছে, তবে সেটা টেস্ট আর ওয়ানডেতে। ছোট ফরম্যাট থেকে অবসর নিয়া ভালো করসে। নিজে সসম্মানে অবসর নিয়ে নিসে। হেটস অফটু হিম❤️",mushfiq,FAVOR
ce88656d5547cda9,আমি একজন সাধারন সাপোর্টার হিসেবে বলতে চাই মুশফিকুর রহিমের খারাপ খেলার পেছনে শুধু মুশফিকুর রহিমের ফিৎনেছি দায়ী না বরং এর পেছনে আরো অন্যান্য অনেকে দায়ী আছে।,mushfiq,AGAINST
68d7164d199d1c57,"নাটক টা জাতীয় পুরস্কার পাওয়া দরকার ছিল । মুশফিক এবং ছোট ছেলেটার অভিনয় অসাধারন ,তুলনা হয়না ।",mushfiq,NEUTRAL
933ff35047cec79b,এবারের ভালোবাসা দিবসের শ্রেষ্ঠ নাটক এই নাটকে মুশফিক ফারহান কে শ্রেষ্ঠ পুরস্কার দেওয়া হোক নাটকটা খুব ভালো লেগেছে,mushfiq,FAVOR
dec1a7429e256226,মুশফিকুর ফারহান নাটক অনেক ভালো লাগে অভিনয় অনেক ভালো করেন,mushfiq,FAVOR
db6a97835699ae66,মুশফিক আর ফারহান এবং তোটিনি আপুর নাটক আসলে ভিউ এর ইতিহাস হয়ে যেত ❤❤❤❤,mushfiq,NEUTRAL
5cbc3d082a3ea8c6,"আমি মুশফিক ফারহান | আমার নতুন নাটক ""মন মানে না"" এ নাটকটি আপনাদের কেমন লাগলো! আর আমার সকল ভালোবাসার মানুষেরা আমার আরো শীঘ্রই নতুন নাটক আপলোড হতে চলেছে তো আমার নাটকগুলি আপনাদের কাছে কেমন লাগে অবশ্যই বলবেন ধন্যবাদ |❤❤❤",mushfiq,FAVOR
8f86c1f0e53a8f62,আমি আপনাদের ২ জনের নাটোক সব গুলাই দেখি। তবে মুশফিক ভাই আপনার সিনেমার ডন নায়ক হিসাবে ভালো মানাবে,mushfiq,FAVOR
159e95682ed19890,10din Quarantine chaise Australia r Mushfiq 7din korte parbe 3din a ki hoi bhai!,mushfiq,NEUTRAL
5b822741de57516e,মুশফিক থেকে নুরুল/লিটন শতগুণে ভালো আছে। মুশফিক ভালো স্ট্রাইকরেটে খেলতে পারে না।,mushfiq,FAVOR
d9f2fc8d4eadc23e,Mushfiqur Rahim was good at one handed catches,mushfiq,NEUTRAL
fb0a21f9864dbd10,The pitch isn't too easy to bat. It's Pak bowlers inability to stop Bangladesh from scoring. Look the contribution of tailenders with Mushfiq... Pakistan will hardly able to get 230 runs....,mushfiq,NEUTRAL
5d688a1639acd25e,মুশফিক এই কাজটা ঠিক করেনি। হেলমেটের মধ্যে আমাদের দেশের জাতীয় পতাকা আছে। হেলমেট কে লাথি মারা মানে আমাদের জাতীয় পতাকাকে অসম্মান করা 😢😢,mushfiq,NEUTRAL
51f952ef8338ba47,মুশফিক এর আগেও এরকম ঘটনা ঘটিয়েছেন নাসুমকে মেরে। সুতরাং......,mushfiq,NEUTRAL
294cf3491f8f5718,বিষয় হচ্ছে এটা মাথার জিনিস পা দিয়ে লাথি মারবে কেন? এটা মুশফিকের জন্য অনেক অন্যায় কাজ,mushfiq,NEUTRAL
47f1851020d28977,"Haraileo , musfiq Bangladesh Ar cricket ar karigor. Aj bangladesh ar cricket je abosthai ase. Atao thakto na , arokom top notch player na asle",mushfiq,NEUTRAL
87e449d6823e4dfb,Man of the match should be Mushfiqur. He made newzealnd win!,mushfiq,NEUTRAL
a2222586f5ac5e6f,Please let's forget about mushfiqur's little mistake. Mistakes happen all the time. We got to forget it and move on and focus on the next match.,mushfiq,NEUTRAL
2f1f0a2038d3acd1,WE LOST FOR MUSFIQ BECAUSE IF HE HAD NOT TOUCH THE BOWL IT WOULD BE OUT AND PRESSURE WOULD HAVE CREATED NEVER MIND THIS IS LUCK NEWZELAND STUDIE THE WHOLE GAME OF BANGLADESH VS SOUTH AFRICA THEN THEY CAME WITH FULL PREPARATION,mushfiq,NEUTRAL
e424f285247b0a8e,"Mushfiq's mistake was the biggest mistake! I think even the ball is going to hit the wicket. Oh Mushfiq, oh boy! 😥",mushfiq,NEUTRAL
bd1460c1110000c6,That was the reason Mushfiq missed the rule out and we loss the match...,mushfiq,NEUTRAL
5a26e0f987f4726f,Musfiqur Rahim has to learn keeping from dhoni 😂😂,mushfiq,NEUTRAL
9584d449df2172f1,"@azimkadery815 Wicket Keeping job should be given to Liton Das/Mithun and Mushfiq should play as a specialist batsmen only like Sangakkara did. Mushfiq's wicketkeeping mistake is very frequent, not just in the last match. He missed Quinton De Cock's catch in the previous match against South Africa, but fortunately could run him out. Also he missed Taylor's stumping chance. These are fatal mistakes. He should play as a specialist batsman..",mushfiq,NEUTRAL
ac5208c983499255,Sir mushfiqur Rahim what a great keeping! I have not seen a run out like this. Shame on you. You don't have the composure. You prove that in the match against ind and AFG and now nz.,mushfiq,NEUTRAL
d8a92b81a803331c,"If Mushfiqur Rahim caught the ball just behind the stumps, @ the end, the result could be different.",mushfiq,NEUTRAL
6bc2b4c60864165f,I f mushfiq got the wicket i think 🤔 bangladesh would win the match,mushfiq,NEUTRAL
cfdec2847d2eca06,Mushfiqur Rahim's run out is not acceptable 😡,mushfiq,NEUTRAL
49524dc1725e7d85,InshaAllah bro amra jitbo and InShaAllah Mushfiqur Rahim will score 100... choto moricher jhal beshi kintu ekdom deshi..... 😂😂,mushfiq,NEUTRAL
cc3f43e5ae8a3445,"কেন অবসর? নবাগত সোহানের পাশাপাশি মুশফিক থাকবে এটাই তো স্বাভাবিক! এটা কি টিম ম্যানেজমেন্টের অবহেলা নাকি সিনিয়র ক্যাম্পইনদের সেচ্ছায় সেটা অবশ্যই খতিয়ে দেখতে হবে এভাবে চললে ক্রিকেট অঙ্গনের ক্ষতি/ধংশ ছাড়া কোনো উপকার হবে না,",mushfiq,AGAINST
004f500c51e2254b,"আমি মুশফিকুর রহিম ভাইকে বেশি ভালো বাসি এই কারণে যে,,তিনি অন্য সব ক্রিকেটার দের চেয়ে ইসলামকে বেশি ভালো বাসে",mushfiq,FAVOR
478c03dbb599f859,"We want u mushfiq vai, plz never disappointed us Mr dependable😥.",mushfiq,NEUTRAL
4e327ed7dfe0cd36,"টিম ম্যানেজমেন্টের উচিত ছিল যদি সোহানকে দিতেই হয় তাহলে মুশফিক ভাই কে একটু ভালোভাবে বলে নিলেই হতো যে আপনি বললে আমরা একটু সোহানের কিপিং টা দেখতে পারি,, যদি আপনি কিছু মনে না করেন,, এতেই ডিপেন্ডেবল’ খুব খুশি হতো বলে আমি মনে করি",mushfiq,FAVOR
5efeb8b7e9f442b3,"মুশফিক সবসময় বলেন কিপিং করলে, ব্যাটিং সহজ হয়,এই জন্য হয়ত তার ব্যাটিং আর ভালো হবে না, অপমানেই বিদায় নিতে হবে তাকে, প্রিয় খেলোয়ার কে ।",mushfiq,FAVOR
cde02469fa794e2d,শুধু কিপিং দিয়ে সব কিছু হয় না ব্যাটিংটিও ভাল করতে হবে মুশফিক সব দিক দিয়ে সেরা,mushfiq,FAVOR
7013d90646093ce6,"Musfiqur Rahim is a religious cricketer as well as polite. He is ready to sacrifice Himself for the welfare of Bangladesh cricket. But after being political activity and some corrupted selectors and team management, some expert and experienced senior players will have to be neglected",mushfiq,AGAINST
657a072d63eb9b2e,মুশফিক ভাই একটা লিজেন্ডারি প্লেয়ার। ১৬ বছর সার্ভিস দিসে। তাকে মিঃ ডিপেন্ডেবল ও বলা হয়। সে একজন ভালো ব্যাটসম্যান ও উইকেটকিপার। তো এখন যদি সে কিপিং ছেড়ে শুধু ব্যাটিংয়ে ফোকাস করে তাহলে আরো ভালো হবে। কারণ সোহান ভালো মানের কিপার ও ফিনিশার। তাকেও জায়গা দেওয়া উচিত পরবর্তীতে হাল ধরার জন্য...। 🥰,mushfiq,FAVOR
c1d7c8a98dce9846,"সোহানের একবার লাইভে আসা উচিত ছিল,,,#ফ্যাক্ট মুশফিক",mushfiq,NEUTRAL
a14a46af49e10da4,@sakibsadi1544 ক্যাচটা সহজ ছিল। মুশফিক ক্যাচটা মিস না করলে শ্রীলঙ্কা আরো আগে গুটিয়ে যেত।,mushfiq,NEUTRAL
07989a4d5543d68d,"ICC তে মুশফিকের টেস্টে বার বার দুটো ডাবল সেঞ্চুরি দেখায়, কিন্তু আসলে মুশফিকের ডাবল সেঞ্চুরি হলো তিনটি!!",mushfiq,NEUTRAL
8ac65f6fff483fd6,মুশফিক কে এখনো সসম্মানে বিদায় দেয়া উচিত বিসিবি র।,mushfiq,NEUTRAL
4b92541a59778742,মুশফিক+ মাহবদুললা সন্মানের সাথে বিদায় নিয়া উচিত।,mushfiq,NEUTRAL
6c111a3ed0e2cbc3,"টি-20, খেলার মত প্লেয়ার মুশফিক না, তবুও বিসিবির অটো চয়েজ কিছু করার নেই",mushfiq,NEUTRAL
98b97567cc42cc57,টি-টুয়ান্টি বিশ্ব কাপে মুশফিক দলে অন্তর্ভুক্ত হয় এটা হবে বাংলাদেশ ক্রিকেটে অধপত্যন।।,mushfiq,NEUTRAL
6223609053abeda0,মুশফিক কে বিদায় দিলে ভালো হবে সে আসলে দুর্বল হয়ে গেছে,mushfiq,FAVOR
26fcc347d4a663e1,ভাই আপনারা কি দেখতেছেন আর কি বুঝতেছেন আমার মনে হয় মাত্র বাঁশি খেয়ে আসছি তার চেহারায় বহিঃপ্রকাশ ওনাকে আমি অনেক রেসপেক্ট করতাম কিন্তু ওনার আচরণে সবাই এখন ক্ষিপ্ত এটা ওনার কাছ থেকে কেউ আশা করেনি মুশফিক ভাই আসলে অনেক ভালো লোক তার আমি একজন ক্ষুদ্র ভক্ত তাই খবরদার তিশা আপু আপনি মুশফিক ভাইয়ের কাছ থেকে দূরে থাকেন নিজের কাজে ফোকাস দেন মুশফিক ভাইকে পড়ার মতো থাকতে দেন সেটাই আপনাদের দুজনের জন্যই ভালো হবে,mushfiq,FAVOR
e801f000270cc8a0,Congratulations to Mushfiqur Rahim for surpassing 5000 Test runs. The most Capped player for Bangladesh across all formats. 👏🏼,mushfiq,NEUTRAL
f0a24574b1999023,I am from india Congratlations mushfiqur Rahim 🇧🇩 love from india 🇮🇳,mushfiq,FAVOR
aff8e4b7878896d7,"Congratulations, Mushfiqur Rahim(Mushi vai)... A lot of hard work you have did in this journey, so, I wanna thank you on behalf of the fans of Bangladesh Cricket🥰",mushfiq,NEUTRAL
1d822bcc1d0009d1,Mushfiqur Rahim is first Bangladeshi Batman in icc Youtube channel. Congratulations,mushfiq,NEUTRAL
b29953bd10fa288f,সে খুব ধৈর্যশীল একজন ব্যাটসম্যান। বাংলাদেশের হয়ে প্রথম টেস্টে পাঁচ হাজার রানের মালিক মুশফিক । তাকে জানাই অন্তরের স্থল থেকে শুভেচ্ছা। যারা যারা বাঙ্গালির আমার এই কমেন্ট টা দেখবেন তারা তারা রিপ্লে।,mushfiq,NEUTRAL
46662b90db597256,Mushfiqur Rahim is best batsman Bangladesh cricket team,mushfiq,FAVOR
629bfad781571cbe,I am form Bangladesh I love Mushfiqur Rahim 🖤,mushfiq,FAVOR
6e89e57d3280b64d,@evilgenius8631 Bangladesh has at least 10% cricket watchers who hate mushfiqur rahim,mushfiq,AGAINST
cd6c595262c80d15,Mushfiqur I love you you are the Goat of Bangladesh cricket,mushfiq,FAVOR
096b035b46e7677c,মুশফিকুর ভাই আপনিত একজন ব্যাটসম্যান এবং উইকেট কিপার . তাই আপনার কাছে অনুরোধ রইলো Batting এবং উইকেট কিপিং নিয়ে ভিডিও করুন,mushfiq,NEUTRAL
42d3ed6ec3e4dcf5,বাংলাদেশে আমার সবচেয়ে পছন্দের প্লেয়ার ছিল মুশফিকুর রহিম । ছোট সময় থেকে তাকে অনেক ভালবাসতাম happy retirement legend 😅🖤,mushfiq,FAVOR
fd5ce561d06b0e2f,"অনেক ধন্যবাদ মুশফিক, অলরেডি দেশে আপনাদের নিয়ে সমালোচনা হচ্ছিল!! আপনি সম্মান নিয়ে অবসর নিয়েছেন এটাই অনেক,আপনার অবদান বাংলাদেশের ক্রিকেটপ্রেমীরা সারাজীবন মনে রাখবে, মিঃ ডিপেন্ডেবল❤❤",mushfiq,AGAINST
4c9eed594c8d5d40,"যেতে নাহি দিব হায় তবু যেতে দিতে হয়, তবু চলে যায়... মুশফিকুর রহিম , খুব মিস করব আপনাকে... উইকেটের পেছনে দাঁড়িয়ে থাকা সীমান্তের অতন্দ্র প্রহরীর মতো দলকে সাহস জুগিয়ে যাওয়া এক নির্ভিক সৈনিক আপনি ... বিদায় বেলায় ভালোবাসা ও শুভেচ্ছা রইলো 🇧🇩❤️",mushfiq,FAVOR
2456cb7ab40b76bb,"One by one, all the childhood cricketers whose games we grew up watching are passing away.Thank you for everything dear Mushfiqur Rahim, you have given a lot to Bangladesh cricket. Best wishes for the future, stay well, prayers are with you.❤️😅",mushfiq,FAVOR
531b1a04b8603931,গুড বায় কিংবদন্তি ব্যাটসম্যান মুশফিকুর রহিম ভাই তুমার পরবর্তী নতুন জিবন ভালো কাটুক পরিবারের সাথে সারাজীবন ভালো থাকো মুশফিক ভাই,mushfiq,FAVOR
d6f708adde6138e7,আমি একজন মুশফিকুর রহিমের বড় ভক্ত আমি অভিনন্দন জানাই মুশফিকুর রহিম কে আমরা বক্তারা চাই মাঠ থেকে বিদায় নিতে এভাবে বিদায় নেওয়াটা মোটেও আমাদের পছন্দ না কেন জানি আমাদের বাংলাদেশের ক্রিকেটাররা মাঠ থেকে বিদায় নিতে চায় না একটা সময় তো থামতে হবে না সেই কথাটাই আমাদের দেশের ক্রিকেটাররা মানতে চায় না,mushfiq,NEUTRAL
5d27b9bb46e7f0ee,Mushfiq is the most honest player in the world. There is no blemish on his career. Everything that happened that day was just an accident. There is nothing to think negatively about it. I Love you Mushi ❤❤❤,mushfiq,FAVOR
678bc2c519dfa88a,Date 28/10/2023 7yr latter Netherland ne Bangladesh ko World Cup me hra diya h... Mushfiqur rahim ki ye controversial post aaj X me viral ho rhi hai😂,mushfiq,NEUTRAL
5395b83b31c3f0a2,Bangla boy you rock....mushfiq is a real tiger....India is afraid of Bangladesh and west indies,mushfiq,NEUTRAL
7289a4c3613adee7,"Now bangu fans like you afraid to open social media bcoz of trolls 😜😜 still watching nidahas trophy final highlights 😜😜 , your frog mushfiqur get hide suddenly after lossing final , 😂😂 you will never forgt the name , dk 😈😈",mushfiq,NEUTRAL
8f156bda2834a764,Mushfiq is best he is a good captain,mushfiq,FAVOR
fc72adb29a6d1d02,Mushfiq is a good captain the franchise should get banned forever,mushfiq,NEUTRAL
eb963a9b71d7deb1,Sagol er bacha Hobe Kano Bhai?? Apne ki achieve Korte parsen jeta Mushfiq parse He is a world class player You can't disagree You can't disrespect him,mushfiq,FAVOR
b737290cdf628f30,asif boro moner porichoi diyese. musfiq beyadoper porichoi diyese,mushfiq,NEUTRAL
0ac2f1830ebf2a20,What's Your Favourite Innings Of Mushfiqur Rahim?,mushfiq,NEUTRAL
e7cf2bb9013b6156,An excellent innings from Mushfiqur Rahim. Technically very sound batsman.,mushfiq,FAVOR
1f6744b6a1897db2,ZGamer Mushfiqur Rahim. Aur ek hai Mustafizur Rahman.,mushfiq,NEUTRAL
ac27259db3efd05e,Not satisfactory film by wedding diary. This needed to be a masterpiece because it is Mushfiqur Rahim.,mushfiq,NEUTRAL
4b2857ed870a2373,My favourite player.love you Mushfiqur rahim.osadharon lagche 2jonke.,mushfiq,FAVOR
d0495dd43c5f0085,"খুব ভালো লাগলো, মুশফিক ভাইয়ের মতো ভালো মানুষ খুব কম আছে এ যুগে!!",mushfiq,FAVOR
b16fd11f81a53b69,খুবই পছন্দের এবং ভালোবাসার একজন মানুষ মুশফিকুর রহিম ভাই...........,mushfiq,FAVOR
e846b4abbe38f7db,Mushfiqur you r grate. I like you.You are my favorite player.,mushfiq,NEUTRAL
363972b6719e28ad,"Mushfiqur is very great man, for Bangladesh",mushfiq,FAVOR
8cb20faaba20ad9f,Allah bht bht Khush rakhay Mushfiqur bhai ko. Mubarak,mushfiq,NEUTRAL
83574855a4b7af42,Nice musfiq all the best for your life...,mushfiq,FAVOR
cf85543342bed44d,wow mushfiq bro...our 5ft 2inchs? legend so nice from chaina border,mushfiq,FAVOR
f43001f8920f9278,Love you musfiq onek onek love kori tomy........sharmin❤❤,mushfiq,FAVOR
53c0d949a9587f66,"মুশফিক ভাই, আর মেডাম,অনেক পাটা পাটি একটা গান, আরো দেকথে চাই।।",mushfiq,NEUTRAL
c607fbe1eb720ac2,"In 2010,indian players talked about musfiq father & mother. Musfiq did not answer in field. Many indian player sledging musfiq. Musfiq did not give answer. Musfiq did right thing. Musfiq tweet is not bad like ashwin tweet, shewag tweet. Indian media is third class",mushfiq,FAVOR
7116fb2c60b489a9,"It 's not worst attitude. Before that,Dhoni did many bad things with mustafiz. In 2010, many indian player sledging musfiq.musfiq did not give answer. Musfiq tweet is not bad. Musfiq did right thing.",mushfiq,AGAINST
580990619a175e62,akhane jara ajebaje comments koreche tader mentality asole ato tai joghonno. haat ar pach angul ki soman? r apnara ki khub perfect! rajputro r rajkonna??? mushfiq ar bow mota na chikon ta diye apnader ki??? stupid!!,mushfiq,NEUTRAL
71debbdd0ba98183,মুশফিকের আশাকরি এই সিরিজ ভালো খেলবে এবং সকল সমলোচক কারিদের রান করে জবাব দিবে এই সিরিজে মুশফিকের জন শুভকামনা এবং দোয়া রইলো ♥️♥️♥️♥️,mushfiq,FAVOR
91679645dd1a221e,ওনি যেমন মুশফিক ভাইকে সেরাদের ১ জন মনে করেন না তেমনি আমরা ক্রিকেট প্রেমিরা ওনাকে বোর্ড প্রধানদের মধ্যে সবচেয়ে নিকৃষ্ট জায়গায় মনে করি 😊 বাংলাদেশ ক্রিকেট যদি বাঁচাতে হয় ওনার বিকল্প কোন কিছুই নাই 😊,mushfiq,FAVOR
a13ff55b985dd471,জাই হোকনা কেনো পাপোন আংকেলকে মুশফিক ভাইয়ের বাবার সাথে হাত মেলাতে দেখে ভালো লাগলো।মুশফিক ভাই একজন লিজেন্ড খেলোয়ার।,mushfiq,FAVOR
3c043ad42b87053c,"No one remember Papon, we definitely will remember Mushfiq.",mushfiq,NEUTRAL
377c080ae581c638,জনাব পাপন সাহেব কি মুশফিক কে তার প্রতিদন্দি মনে করেন?,mushfiq,NEUTRAL
f70b5a0b4d182472,মুশফিকের বদলে পাপনদা কে দলে নিলে ভালো হয়😁,mushfiq,FAVOR
33916077d492685f,ভাই মুশফিকের জন্য এতো গান গাইয়েন না।একদিন খারাপ করলে আপনারাই আরো দু লাইন বেশী করে বলেন।,mushfiq,AGAINST
69b05ef2af7659c5,দুই তিনটা ম্যাচ ভালো খেলে ম্যাচ জেতানোকে ভালো প্লেয়ার বলে না।বেশিরভাগ ম্যাচেই মুশফিক টি টোয়েন্টি খেলে ওয়ানডে স্টাইলে,mushfiq,FAVOR
fc5dd8589bc945e9,May be any IPL team give any offers to Musfiq.,mushfiq,NEUTRAL
48312863af127619,Sm manik. thik ajk. saif.Mustafiz. thakle eto valo Zimbabwe team khale. all most loss the match. musfiq. na thakle 3rd odi bangladesh gone loss,mushfiq,NEUTRAL
5b1bdb96fc7a1f10,মুশফিকের উচিত বাংলাদেশের হয়ে আর মাঠে না নামা।,mushfiq,NEUTRAL
8f503af4f351ea9d,মুশফিকুর রহিম কে জিম্বাবুয়ের খেলার সাথে রাখলে ভালো হবে,mushfiq,FAVOR
f5bd0baa0b0565a3,"সবাই রিকোয়েস্ট করতেছে মুশফিকের পাকিস্তান যাওয়া উচিৎ,, বেশি বাড়াবাড়ি হয়ে যাচ্ছেনা!",mushfiq,NEUTRAL
ab55355c987fb62b,ধন্যবাদ মুশফিকুর রহিম কে একজন দর্শক ভুল করে হয়তো আপনারসাথে খারাপ আচরণ করছে ক্ষমা করেছেন সেজন্য ধন্যবাদ,mushfiq,AGAINST
e5c3f4fe65dfc9ce,এতো মাতাল হওয়া উচিৎ হয়নি মুশফিকের। আল্লাহর কাছে তওবা করে দোয়া করা উচিৎ আল্লাহ যেন আমাদের এমন মহামারী করোনা ভাইরাসের সংক্রমণ থেকে রক্ষা করেন।,mushfiq,NEUTRAL
f7e519eb4993087a,মুশফিক ভাই যদি টি20 না খেলে আমি আর খেলা দেখবনা।,mushfiq,NEUTRAL
7b396d593e741613,"বাই সত্যিই ওনেক কস্ট লাগলো😥আগামী দশ বছরে হয়তো বাংলাদেশ ক্রিকেটে দশ জন MR.Dependable আসবে, কিন্তুু আগামী দশ হাজার বছরেও একজন মুশফিক আসবে না।সত্যি বলতে কি যখন এই খবর টা শুনি তখনি খুব খারাপ লাগে এতো টা কারাপ লাগে যে, যা বলে বুঝানো যায় নাহ। অনেক মিস করবো তোমায় We will miss you Mr. Dependable Mushiভাইয়া অনেক অনেক ধন্যবাদ আপনাকে বিকালে বলছিলাম ভিডিও বানাইতে আর রাতেই ভিডিও দিলেন অনেক অনেক ভালবাসা রইল ভাই 💝💝💝 দুয়া করি একদিন আপনার চ্যানেল অনেক বড় হবে। আমার মত একজন ছোট্ট ভিউয়ার এর অনুরোধ রাখার জন্য আবারও কৃতজ্ঞতা প্রকাশ করছি",mushfiq,AGAINST
45a6767697908239,মুশফিক ভাই য়ের সাথে আর কোন খেলোয়াড় তুলনা হয় না,mushfiq,NEUTRAL
ad1c4fdcd2a38d8d,মুশফিকের কাছ থেকে এরকমটা আশা করি নাই যতটুকু হয়েছে সন্তুষ্ট হওয়া উচিত ছিল,mushfiq,NEUTRAL
d71abbb697063d1e,"bhai o nije run korte chay nai ,, ajke 3rd day ,, pakistan kharap khello ora eto baje team na ,,, kalke porshu ora batting korte parbe,, drssing room theke declare korte chap ditesilo,, ei jonno mushfiq rege gese,,kalke sokal poronto khela uchit chilo",mushfiq,NEUTRAL
6ab19480309ee2c5,"মুশফিক ভাই, কি দরকার ছিল অকারণে উঠায়ে মারার? আরেকটু অপেক্ষা করলেই আপনার ১৫০ হয়ে যাইত।",mushfiq,NEUTRAL
bbc9d4ce9f3b858b,"@arijit_paul4027 That explains why from Liton Das to Musfiq all of them lost their wicket trying to, what felt to me, increase the run rate.",mushfiq,NEUTRAL
a3a7a8350b4f7159,সমস্ত জনগণ এবং গনমাধ্যমের উচিত মুশফিকের পাশে দাঁড়ানো।,mushfiq,NEUTRAL
ebc5811b80c17761,"যারা দেশের জন্য এত কিছু করার পরও অবহেলিত,প্রশ্নের মুখোমুখি মুশফিকসহ সেই ৫ সিনিয়রকে সসম্মানে অবসর নিয়ে নেওয়া উচিত।।",mushfiq,AGAINST
2cd42b6b35f44579,সত্য কথা বলেছে মুশফিক রহিম এতে কি দোষ হলো...সত্য কথা বলতে যদি কারণ দর্শানোর নোটিশ দেওয়া হয় তাহলে দেশের ক্রিকেট কি আর উন্নতি হবে...,mushfiq,AGAINST
c32d1058340ccf85,My idol is mushfiqur rahim love you he is my jaaaan 😭😭❤️,mushfiq,FAVOR
3fafaf925b8ec459,বাংলাদেশের সবচেয়ে ভালো মনের এবং সবচেয়ে ভালো খেলোয়াড় হল মুশফিকুর রহিম আমার কাছে,mushfiq,FAVOR
0299bca54c7f2655,Mushfiqur Rahim is Best Cricketer Of Bangladesh,mushfiq,FAVOR
225d8e484cf3131b,"Amr janamote musfiq vai aro 2 jon protivavan player map korben onader namta amr kheyal nei, jokhon prothom series/ match ta khele ,unara oita jite,erpor unara H.S.C exam dey..onek ager kotha....vul hole map korben.",mushfiq,NEUTRAL
1f9976c96434422f,বদলাই দিয়েছে ! সাংবাদিক (রিয়াসাদ আজিম) তো শুদ্ধ বাংলাতে কথাই বলতে পারে না l মুশফিকের ব্যাট আয়ারল্যান্ড বোলারদের পিটিয়েছে তাতে করে আয়ারল্যান্ড ও (রিয়াসাদ আজিম) খুব খুব কষ্ট পেয়েছে l @ ধন্যবাদ মুশফিকুর রহিম এরকম 3rd Class সাংবাদিকদের জবাব ব্যাট দিয়ে দেওয়ার জন্য l,mushfiq,NEUTRAL
55433bc538b9bead,আপনার হিসাবে ভূল আছে ভাইয়া মুশফিকের অভিষেক হয়েছে প্রায় ১৮ বছর বয়সে। মুশির জন্ম ৯ জুন ১৯৮৭ সালে। টেষ্ট অভিষেক ২৬ মে ২০০৫ সালে। এবার হিসাব করে দেখেন।,mushfiq,NEUTRAL
6ac106bbb8728300,"@Md Ikbal, Nijer theke dise ki na seta apni borong verify koren age. Tarpor Mushfiq er bepar e baje bok bok korien. Nije kisu donate koren parle r karo effort niye kotha bolar age.",mushfiq,NEUTRAL
fbe14bec257e87be,@نهيدحسن-ذ6ب it is fine man.. 😌 I actually updated my comment properly so that it does not get others confused. I deleted my comment too that I made on you. Sorry for that. Too many people are criticizing Mushfiq and other players on the auction idea without seeing the bright side of it. It is painful.,mushfiq,FAVOR
83a0a2a6940faa24,মুশফিকুর রহিম কে আন্তর্জাতিক ক্রিকেটে 22 গজে 22 বছর দেখতে চাই ❤❤,mushfiq,NEUTRAL
97df22f64ccb27d0,Etodin kheleo kono tournament jitte na parle ki lojja lagena Mushfiq bhai?,mushfiq,NEUTRAL
0baf0973bed1f1d0,"Musfiq vai khonoe kono vul kaj korte pare na,,,,uni akjon valo moner manus,,,tai take ni arokom kotha bola tik na,,,,love u Mushi vai..",mushfiq,FAVOR
6ca5ddbe98a0c26b,"Mushfiq bhai ke bengali emon kotha bolbe kokhono bhabi ni.Amader Mushfiq bhai kon maper manush,kon paper muslin detail bangalir jana uchit.Take gali dewara omanush. MUSHFIQ IS BEST",mushfiq,FAVOR
b07dee7730774eca,মুশফিক ভালো ক্রিকেটার হলেও সে মেন্টালী শিশু ক্রিকেটার। তাকে fighting করানো যায় কিন্তু ম্যাচ জয় নহে।,mushfiq,FAVOR
cc36a52422c5338b,বাংলাদেশ টিম এ দ্বিতীয় মুশফিক আর হবেনা । আমি মনে করি মুশফিক ভাই একজন ভালো মনের মানুষ ।,mushfiq,FAVOR
5c185e0c27353bf2,আমার জানা মতে মুশফিক ভাই খুব ভালো মানুষ,mushfiq,FAVOR
636e827fd6043882,Mushfiq should have none better should have acted better.... But no proof or evidence so u really can't blame the man watching the game....,mushfiq,NEUTRAL
835410e2befd8735,Mushfiq tmi even Ajankya Rahane r motow khelo na j tmke otota somman korte hobe. Dorsok tmder support kore dekhei tmra dam paw.,mushfiq,FAVOR
d18adbba1b4b620a,যে দর্শকের সাথে এই অশোভন আচরন এবং সম্মানহানি করা হয়েছে তিনি নিরপরাধ ছিলেন। এমন ন্যাক্কারজনক কাজের জন্যে মুশফিকের অবশ্যই উচিত হবে সকলের সামনে সেই ব্যাক্তির কাছে ক্ষমা চাওয়া।,mushfiq,NEUTRAL
7c0e5fa3b03afef5,"Mushfiq Bhai is trying to feed his mother with a polyphain of marijuana. Not exactly Bhai Mushfiq Bhai, you are not okay with your friend",mushfiq,NEUTRAL
700404241d1847f2,kharap kichu kore nai mane?.. mushfiq to kono oporadh kore nai... jodi kono onnay korto tahole tar gaali deya mene neya jeto... tahole gaali deya ta ekhane obossoi onnay...r apnader gaali galaj dekhei player ra demotivate hoy... parle support koren... naile nije giye desh k represent koren,mushfiq,FAVOR
fc0cda06f1757d4e,একটা থাপ্পড় দেওয়া উচিৎ ছিলো মুশফিক এর গ‍্যালারিতে দারিয়ে ওমন মন্তব্য করা খুবই সহজ মাঠে নেমে যারা খেলে তারাই জানে কস্টটা জিতলে তো খুব আনন্দ করা হয় আর খারাপ হলে বাজে মন্তব্য খারাপ সময়ে পাশে থাকাই আসল,mushfiq,AGAINST
8ccd32682eda7277,গত ২০১৯ আইসিসি ক্রিকেট বিশ্বকাপে মুশফিকুর রহিম বাংলাদেশকে একা হারিয়ে দিয়েছিলো কেন উইলিয়ামসনের সহজ স্ট্যাম্পিং মিস করে নিউজিল্যান্ডের বিপক্ষে!!!,mushfiq,NEUTRAL
6dec5d205e81a336,"yashwanth mandapaka Bloody fool he didn’t call him ab, he said that Mushfiq played a shot which is similar to Ab’s shot",mushfiq,NEUTRAL
fa64d90a66554e6b,পাপনের অবসর চাই মুশফিক কে দলে চাই,mushfiq,AGAINST
a8ade421a0d044c1,পাপন সাহেব আপনার থেকে মুশফিকের ক্রিকেট মেধা হাজার গুণ ভালো। আপনি কবে সভাপতির পদ ছাড়বেন সেই সিদ্ধান্ত তাড়াতাড়ি নিন।,mushfiq,FAVOR
88b5e719f311bebc,Insaallah Mushfiqur Rahim ran a fere asbe kob taratare. ❤️❤️❤️❤️❤️❤️ u mushe,mushfiq,NEUTRAL
f66100d3e403598c,Thik e ase. Mushfiq er T20 retire kora uchit.,mushfiq,AGAINST
8d6c44e599975ef9,"মানুষের কাজ সমালোচনা করা মানুষ করবেই, কিন্তু মুশফিকও তার কাজ করে যাবেন ইনশাআল্লাহ....",mushfiq,AGAINST
5d5424a8c4b58f49,মুশফিক সেরা না। ২০-25 ম্যাচ পরে একবার ১০০ করে then ভাব।।৮২ ম্যাচে 9 সেঞ্চুরি।,mushfiq,FAVOR
df1205d6b0569226,মুশফিকুর রহিমের পরিশ্রমকে অনুপ্রেরণা হিসেবে নেওয়া উচিত সবার,mushfiq,NEUTRAL
12f4a793ff4c5d60,মুশফিকুর রহিম এর খেলা আমার অনেক ভালো লাগে।।।,mushfiq,FAVOR
f49f8eeffadfd417,মুশফিকুর রহিমের মত দক্ষ ব্যাটসম্যান ও দক্ষ কিপার বাংলাদেশ কোনদিন পাবে কিনা সন্ধেহ...,mushfiq,NEUTRAL
0c417d39257a91c2,মুশফিকের জন্য বাংলাদেশে অনেক সম্মান পেল। আমার চোখে সর্বকালের সেরা ব্যাটসম্যান মুশফিকুর রহিম আপনি কি বলেন?,mushfiq,FAVOR
d84453c8ab908881,Musfiqur Rahim is talent and high educated cricketers in Bangladesh team.wel done musfique,mushfiq,NEUTRAL
36da0fccf2ed7bde,এদের মধ্যে শুধু মুশফিক আর কামিন্সই এখনো খেলে যাচ্ছেন।,mushfiq,NEUTRAL
c7d3d3f3f256e830,একজন বাংলাদেশী হিসেবে অবশ্যই এটা আমার জন্য গর্বের! তবে নিরপেক্ষ ভাবে বিশ্লেষণ করলে আমি মুশফিকের চেয়ে সাঙ্গাকারাকে এগিয়ে রাখতাম। এমনিভাবে কুম্বলের যায়গায় শেন ওয়ার্ন ও কামিন্সের যায়গায় জেমস আন্ডারসন।,mushfiq,FAVOR
4a31052cf6c8bac2,vul korche.... kumar sangakkara asbe Mushfiqur er jaigai.....tobe Mushfiqur is outstanding cricketer....,mushfiq,NEUTRAL
b4373f0062828af6,"মুশফিকুর রহিম এর জন্য অনেক দোয়া ও ভালোবাসা রইলো । কিছু সাংবাদিক, বাংলাদেশ ক্রিকেট বোর্ড ও মুর্খ ক্রিকেট সমর্থকদের কারণে মুরশিকুর রহিম অবসর নিতে বাধ্য হয়েছে। জাতির কাছে একটা প্রশ্ন রইলো?? মুশফিকের বিকল্পে যাদের কে খেলানোর জন্য ভাবতাছে, সেই নতুন খেলয়াররা কি আদৌ মুশফিকের চেয়ে বেশি ভালো খেলতাছে। নতুনরা মুশফিকের চেয়েও বেশি খারাপ লাগতাছে।",mushfiq,AGAINST
7a7d1128fc92d49b,"কেরে হেতে কিছু কইলে কি আবার মুশফিক ফিরে আসবে,,ফাও নিউজ করে",mushfiq,NEUTRAL
e6f9f5d2355882e9,মুশফিককে আমি পছন্দ করি কিন্তু হেলমেটে লাথি দেওয়াটা আমার কাছে ভালো লাগে নাই ওর বিচার হওয়ার দরকার,mushfiq,FAVOR
a0302d7cdf8d6b4a,"Mushfiq did a very offensive thing in kicking the helmet,remember it’s the one which you used during the whole game to protect your head and thus saved you from possible injury.A player who has so much liking by the teammates and the supporters,should not behave in an insane way.His magnificent 137 runs got 0 points.Sorry mushfiq🥲😭",mushfiq,FAVOR
51515f45b7dfc208,মুশফিকুর রহিম এ কাজটা ভালো করেনি তাকে আমি অনেক পছন্দ করি তার কাছ থেকে এটা আশা করিনি,mushfiq,FAVOR
94444bf4bf674640,মুশফিক এর হেলমেট লাথি মারা উচিত হয়নি কারণ এই গুলোই তার রুটি রুজির ব্যবস্থা করে দেয়। তার ক্রিকেট রিলেটেড প্রতিটা কিডস কেই রেস্পেক্ট করা উচিত। এটা দেখবেন ইন্ডিয়ান ক্রিকেটার রা মেইনটেইন করে। এই জন্যই তারা এত সাকসেস।,mushfiq,NEUTRAL
79b0e02f1d591275,Great player also amazing human being Mushfiq,mushfiq,FAVOR
9fce056ef853db45,Mr dipentable is my favorite player he is the best love you mushfiqur rahim.,mushfiq,FAVOR
590e451959efd007,I love Musfiq he is my Hero,mushfiq,FAVOR
da18a97ab09348a3,Absolutely! Mushfiqur Rahim has made such a significant impact on Bangladesh cricket with his skills and dedication.,mushfiq,NEUTRAL
e980e580e4aa82af,i like you mushfiqur also i love much rohim. He is a best player in Bangladesh .He is trustworthy in my eyes best batsmen,mushfiq,FAVOR
6a006753c9ff1f2e,Who is the real fan of our Mushfiqur Rahim? LIKE it. I want to see how many people are his fan.,mushfiq,NEUTRAL
41943c7b37f88e77,I LOVE YOU Mushfiqur rahim I LOVE YOU,mushfiq,FAVOR
ce686d1a8f1da268,কোন সমালোচনা ছাড়া মুশফিকুর রহিম বাংলাদেশের হয়ে প্রথম বাংলাদেশী হিসেবে শততম টেস্ট খেলুক এটাও বাংলাদেশের একটি প্রাপ্তি❤,mushfiq,AGAINST
4b8e6cffc4fc39e6,Akta question chilo.....onk video te Mushfiq er birthday 9th May abar onk golo te 9th June. But real bithday kobe???,mushfiq,NEUTRAL
37d7a27b926b90e2,"মুশফিক এককথায় ভাল মানুষ, দেশের সারথে ওনাকে যাওয়া উচিত হবে, এর পর ও ওনার ইচ্ছার বিরুদ্ধে যাওয়া ঠিক হবে না।",mushfiq,FAVOR
da98f1b0c7fb3d4f,"Amar kotha holo onno 11 Jon jodi pare Mushfiq keno parbe na . R Test houk ba Jai houk. Jitle Mushfiq jite na r harleo Mushfiq hare na . Hare Bangladesh , jite Bangladesh. So as a National player ata tar responsibility . So Amar mote Mushfiq Bhai ER jawa uchet",mushfiq,NEUTRAL
224273137b4fe23b,Papon sir rightly saids.. Mushfiq should go....,mushfiq,FAVOR
3e0bfdbbe9fa71dc,বাংলাদেশ ক্রিকেট মানেই ডিপেন্ডেবল মুশফিক 😍😍৷ মুশফিক ভক্তদের লাইক চাই।,mushfiq,NEUTRAL
ab04dd380934cf34,"Desher kotha kintu Mushfiq chinta kore nai. Desh er hoe tini khellen na , kintu franchise match thik e khelbe .... bah ....valoi to",mushfiq,FAVOR
6c74b9596fd4cc3a,Sob e thik but...desh er sharthe musfiq vi er jaoa uchit...we will miss him...,mushfiq,NEUTRAL
712e9fdc897600aa,আমি মনে করি মুশফিকের উপর যেন বিসিবির প্রধান যেন কোন রকমে চাপ সৃষ্টি না করে,mushfiq,NEUTRAL
143ffd9c18439c3d,শুধু মুশফিক না যারা ভালো খেলছে তাদের সবারই যাওয়া উচিত কিন্তু এইখানে প্রশ্ন উঠে নিরাপত্তা নিয়ে এইদিক দিয়া চিন্তা করলে বাংলাদেশের কারোই যাওয়া উচিত না,mushfiq,FAVOR
7ea487d29ab18779,এটা কোনো অপমান না মুশফিক এর পাকিস্তান যাওয়া উচিত।,mushfiq,NEUTRAL
a9613112b15b7020,"যদিও পাপনের কথার কোনো ঠিক নেই, আপন এক বিরাট বড় পাপি.... তবে দেশের সার্থে মুশফিকেরও খেলতে যাওয়া উচিত.. এটাই আমার ছোট একটা দাবি, সে যে একজন ভালো প্লেয়ার পাকিস্তানের বিপক্ষে সেন্চুরী করে পাপন কে বুঝিয়ে দিক,,",mushfiq,FAVOR
42d3bf20a4bc20cd,মুশফিক এর সিন্ধান্ত কে শ্রদ্ধা রেখে বলছি ও না যাওয়াতে ইনিংস ব্যবধানে হেরেছে না হয় হারলেও এতো বাজে ভাবে হারতাম না।,mushfiq,AGAINST
ec4a7eac5dc28d18,"Exactly, Mushfiqur should have gone to Pakistan as he is out best batsman. He was needed there. And the he shouldn't go unpunished for not servicing the team when we needed him the most. Bangladesh would have won against zimbabwe even without Mushfiqur. But we have lost in Pakistan precisely because we didn't have Mushfiqur. He should be ashamed and punished for betraying his team when his team needed him the most.",mushfiq,NEUTRAL
b33c4215c49577a1,Ai papon keno Bangladesh tarate parcha na. Bangladesher ar kono vabissat nei. Ami boro fan musfiq er- from india,mushfiq,NEUTRAL
1e6a46c4e740746c,দলের অবস্থান ভালো না।তাই মুশফিক ভাইয়ের খেলা উচিত অন্তত দেশের সম্মান আর দলের জন্য। জিততে না পারি অন্তত সম্মানটা নিয়ে যেন হারতে পারি তাই তার খেলা উচিত। তাই বিসিবি প্রধান চায় তার মতো সিনিয়র একজন ক্রিকেটার খেলুক।এখানে বিসিবি প্রধানের কোন দোষ দেখছি না,mushfiq,FAVOR
55e1695268177eab,I agree only with this matter with papon what he said about musfiq and Banglar journalists specially present journalist how they can turn the momentum....I wonder and wonder and musfiq......shame,mushfiq,AGAINST
83107cc4669c1874,Mushfiq er Pakistan jawa uchet tar khela uchet. Karon Bangladesh hoye khela tar shok na tar duty. R ata National Duty so apnar jawa uchet. Onno 11 Jon parle apni o parben.,mushfiq,NEUTRAL
d1fd5881df7a699f,"আবেগটা শুধু মুশফিকুর রহিমের ফ্যামিলির আছে, বাকি প্লেয়ারদের ফ্যামিলির সন্তানদের উপরকোন কিছুই নেই, আর যদি এতই ভয় থাকে তাহলে বাকিরা কেন গেল",mushfiq,NEUTRAL
c88ba40e90d855b3,পাপন সাহেব এ ক্যামেরার সামনে এসব কথা না বলে মুশফিকের সাথে সরাসরি বসে তো একটা সমাধান হতো,mushfiq,NEUTRAL
7f6a5980d2d2b65f,মুশফিক ভালো ছেলে তার উচিৎ দেশের শারথে পাকিস্তানে খেলা উচিত করন মুশফিক খেললে 5oরান হলেও বেসি হবে তাই তার জাওয়া দরকার দেখি য়েদাও বাংলাদেশ আমারা ওপারি জিততে,mushfiq,FAVOR
0abce3b1f93cffea,স্যালুট ভাই মুশফিক .. 😍😍😥😥৷ নিজের প্রথম ডাবল হান্ড্রেড করা লাকি সেই ব্যাটটি বিক্রি করছেন করোনা রোগীদের জন্য। 😭😭😭 আপনার এ ত্যাগ বাংগালী জাতি ভুলবেনা কোনোদিন..। ভালোবাসা অবিরাম 😍😍😍😭😭,mushfiq,FAVOR
4a39e5fb5e756b93,Mushfiqur rahim...onek valo manus ami mone kori.... dan shil manus.... onek norom moner manus,mushfiq,FAVOR
abb25810a2bab67a,This is BD. Not. . DUBAI Things doesnt go like that in here. This is a pure muslim country so is dubai but must underatand the difference Between two country.. U r a rich guy musfiq..,mushfiq,NEUTRAL
f4fd7c2c41fe8113,আমার সামর্থ্য থাকলে কিনে রাখতাম ব্যাট টি। মুশফিক ভাই আপনাকে আমরা অনেক ভালবাসি।,mushfiq,FAVOR
2e219f4f427ab6b9,সাবাস- মুশফিক - জাতীয় বীর হিসেবে গনন হলো....,mushfiq,NEUTRAL
ab035357914e51aa,Vaiy...ata shudhu tk bisgiy naaa...apndr ghilo akto bese ase taiy na bujhey comment koren..... Ata manush k daan korte motivated korbe jatee...jate manush sobik k help koree....ataa mushfiq vaiyer secrrifice....apndr bujahr khomota neey ki bujhben asob,mushfiq,NEUTRAL
366dca27db2ed670,আল্লাহ আমাদের সবাইকে হেদায়েত দান করো আমাদের সবাইকে মাফ করে দাও আল্লাহ বাংলাদেশ ক্রিকেটার মুশফিকুর রহিমের হজকে তুমি কবুল করে নাও আল্লাহ,mushfiq,NEUTRAL
06e191c74438f526,সাউথ আফ্রিকা সফরে কি করেছে মুশফিক!!! ভালো একটা সিদ্ধান্ত নিয়েছে মুশফিক। ধন্যবাদ মুশি।,mushfiq,FAVOR
5c630472f93d698e,মুশফিক এর বাংলাদেশ দলে জায়গা মনে হয় বন্ধ হয়ে গেলো।,mushfiq,NEUTRAL
b8699f03df9c9a73,"মুশফিকুর রহিমকে ৬ দিয়ে তার ক্যারিয়ারটা নষ্ট করা হচ্ছে, যেন সে বেশি রানের সুযোগ না পায়,এটা আসন্ন এশিয়া কাপ, বিশ্বকাপে বাংলাদেশ ক্রিকেটের জন্য খুবই ভয়াবহ হবে। তার পজিশন ৪ এ হওয়া উচিত",mushfiq,NEUTRAL
88d1f13ff5a6da46,I Love You Boss Mushfiqur Rahim 🥰❤️ মুশফিকুর রহিমকে সকল ফরমেটে চাই ✌️ #mushfiqur_rahim,mushfiq,FAVOR
fa542d958f8a6052,"এটা মুশফিকুর রহিমের টেস্ট ক্যারিয়ারের প্রথম ফিফটি ছিল শ্রীলঙ্কার বিপক্ষে ২০০৭ সালে, কলম্বো টেস্টে। এই ম্যাচে মুশফিক ৮০ রান করেছিলেন। আর একই ইনিংসে Mohammad Ashraful করেছিলেন অপরাজিত ১২৯ রান। মুশফিকের সাথে অপর প্রান্তে যাকে আপনারা দেখছেন তিনি মোঃ আশরাফুল।",mushfiq,NEUTRAL
89013bb54f2c395d,The biggest loss about Mushfiqur Rahim is his hair....😂,mushfiq,NEUTRAL
0a5fd601ff868d45,মুশফিকুরের বাবা মাকে আল্লাহ সুহস্ত করে দেন,mushfiq,NEUTRAL
16ba87adf5de03b5,Valo laglo Musfiqur Rahim vai er confidence er kotha sune...,mushfiq,FAVOR
85c17524cfb4e537,"প্রিয় মুশফিকুর রহিম । """"শুভ জন্মদিন """" ।। তোমার জীবন সুন্দর ও আনন্দময় হোক ।। মহান আল্লাহর মেহেরবানীতে তুমি আরো লম্বা সময় টেস্ট ম্যাচ খেলে রেকর্ডের """"বরপুত্র """" হবে ইনশাল্লাহ ।।",mushfiq,NEUTRAL
149b58761efe8c6c,মুশফিক ভাই কে শুভ জন্মদিন শুভকামনা রইল...,mushfiq,NEUTRAL
f72e748fcac3d954,মুশফিক কি এই কথা আপনাকে বলছে আপনি আগে শুদ্ধ করে কথা বলতে শিখেন তারপর আসিয়েন সাংবাদিকতা করতে,mushfiq,AGAINST
790c7cbb701a669f,গুড বায় কিংবদন্তি ব্যাটসম্যান মুশফিকুর রহিম ভাই দোয়া করি তুমার পরবর্তী নতুন জিবন ভালো কাটুক পরিবারের সাথে সারাজীবন ভালো থাকো,mushfiq,FAVOR
8bec964863732b1a,গুড বায় কিংবদন্তি ব্যাটসম্যান মুশফিকুর রহিম ভাই ভালো থাকো তুমার পরবর্তী নতুন জিবন তুমার পরিবারের সাথে ভালো কাটুক,mushfiq,FAVOR
a6bd5dbbed0b99db,মুশফিক যতদিন অবসর নিবে না ততদিন ইঞ্জুরি না হলে সবগুলো টেস্ট খেলা উচিত। তার অভিজ্ঞতা আমাদের খুবই প্রয়োজন।,mushfiq,AGAINST
fb26573f1691c859,​ @RiazAhmed-z2u আমি তো দেখি মুশফিকের চেয়ে তুমি ভালো খেলতে পারবা,mushfiq,FAVOR
ff583ea35247d2f5,"সুইপ করে মুশফিক অনেক রান পায়,,, কিন্তু দুঃখের বিষয় এই যে পপকর্ণ শুধুই আউট হওয়াটাই দেখে,রান দেখতে পায় না",mushfiq,NEUTRAL
eb93efe89d4bfcfc,মুশফিক এমন একজন খেলোয়াড় যিনি নিজের অবস্থান খুবই সুন্দর করে রাখতে পারেন বেশিরভাগসময় অনেক গুরুত্বপূর্ণ ম্যাচে।,mushfiq,NEUTRAL
4ed2b2132ecff111,"@ahmedtushar873 সব ক্রিকেটের ই নিজের প্রিয় শট আছে তবে বলতে পারবেন কোন ক্রিকেটার তার প্রিয় শট খেলে আউট হয়নি""মুশফিকের প্র্যাকটিস গুলো ভালোভাবে দেখেন সেখানে সে সুইপ শট খেলে কি না""",mushfiq,FAVOR
f16eef32a13aaa29,"উনি বলতে পারতেন সর্বোচ্চ যে ""মুশফিক আরও ভালো করতে চেষ্টা চালাতে পারে রিভার্স সুইপ শটের ক্ষেত্রে"" এর বেশি বলা সভাপতির ঠিক না",mushfiq,FAVOR
96ba85d2d4571aee,"""Mushfiq the great"" you just keep on concentrating on your batting skills. Wish you success. May Allah(swt) bless you.",mushfiq,FAVOR
ac1af87db2e70ac6,হ্যা দলের গুরুত্বপূর্ণ সময় বা নিজের গুরুত্বপূর্ণ সময় এসব শর্ট না খেলাই ভালো তবে পাপন মুশফিকের শর্টটাকে বিশ্রী বলছে এরকম বলা ঠিক না। কেউ কোন ম্যাচে ফর্মে থাকলে ৯৯ রানের সময়ও ৬ হাকায় সেটা ব্যাপার না।,mushfiq,FAVOR
30e335995bd349f5,"@সত্যসন্ধানী-ড৮ণ ভাই, কেউ তো এখানে বিরাটের সাথে মুশফিককে তুলনা করছে না। আপনার উচিত নিজের টাইটেল টা চেইঞ্জ করে 'আজাইরা সন্ধানী' রাখা!",mushfiq,NEUTRAL
62158d735ad7bc25,"@সত্যসন্ধানী-ড৮ণ ভাই মানুষকে সম্মান করো নিজেও সম্মান পাবে। রোহিত,কোহলি, তারা ভালো খেলোয়াড় এটা মানতেই হবে। বছরে অনেক ম্যাচ খেলে এ জন্য তাদের শতকও বেশি বাংলাদেশ বছরে ওয়ানডে ম্যাচ খেলে ১০ টি করে। মুশফিক নিজেও কখনো রোহিত, কোহলির চেয়ে সেরা খেলোয়াড় এটা বলে নাই। তাই তাদের সাথে তুলনা করাটা বোকামি",mushfiq,FAVOR
cd6a12e86f18e78a,"Runs are more important than a century. Especially when you’re playing at the end of the inning. Musfiq reverse swipe was perfect time to play. At least he was trying to get more runs, not looking for century. Bravo Musfiq , one of the best batsman in the world👏 ❤️🐯From UK",mushfiq,FAVOR
f3979fcebab6362f,মুশফিকের খেলা নিয়ে পাপন কিভাবে কথা বলে পাপন ক্রিকেটের কি বুঝে? মুশফিকের মত একজন খেলোয়াড় এই পর্যন্ত পাপন তৈয়ার করতে পারলেন না তিনি মুশফিকের সমালোচনা করেন হাস্যকর।,mushfiq,AGAINST
92377e02c054290d,পাপনের কথা মতন কি মুশফিক ব্যাটিং করবে? মুশফিকুর রহিম কে বলছি ভাই আপনি আপনার মত করে খেলে যান আপনি বাংলাদেশের বস।,mushfiq,NEUTRAL
d2e834d8c6e1abdc,Thik! this is a false report. Papon was talking about liton and mithun Ali... well mushfiq scored 84 in 1st match. mushfiq ke Niye kotha bole nai papon.,mushfiq,NEUTRAL
b59f1900d6a8b6b5,"একজন ব্যাটসমান কি শর্ট খেলবে তা কেবল তার নিজের কম্পোর্টনেসের বিসয়। সভাপতি এসব বিষয়ে মাথা না ঘামালেও চলবে। ওনার কাজ এসব নয়। LOVE YOU Mushfiqur❤️, try to best your won & favourite shorts.",mushfiq,FAVOR
63db749e5d60be32,প্রথম ম্যাচে মুশফিকের ১০০রান করতে ১৬ রান বাকি ছিল। কিন্তু ওনি বলছেন ১৪ রান😄😄😄😄😄,mushfiq,NEUTRAL
3e9a3b26be41e533,মুশফিক ভাই কি শট খেলবে সেটা পাপন সাহেব বলার কে!!!,mushfiq,NEUTRAL
b05935571f7d1ca4,কি রে ভাই ক্যাপ্টেন যদি একটা ম্যাচ হারে তাইলে ওর ক্যাপ্টেন্সি কেড়ে নেওয়া হোক। বাহ খুব ভালো তা তোমার দলে ব্যাটসম্যান রা ভালো না খেললে কি ক্যাপ্টেন ওর ক্যাপ্টেন্সি দিয়ে জিতাবে নাকি। ওপেনার বলে বাংলাদেশ টেস্ট দলে কিছু আছে নাকি তারপর রান ওই শান্ত মমিনূল মুশফিক লিটন যা করে আর কে আছে রান করার এখন এরাই যদি আউট হয়ে যায় কে রান করবে ভাই। আর শান্ত এর সাথে বাকি যাদের নাম নিলেন ওইগুলার মধ্য তাসকিন কে দিয়ে ক্যাপ্টেন্সি হবে না লিটন টেস্টে ক্যাপ্টেন্সি পেলে ওর টি টুয়েন্টি ক্যাপ্টেন্সি কেড়ে নিবে কারন এখন এক ফরমেট এ একজন ক্যাপ্টেন। আর একটা কার নাম নিলেন বুঝলাম ই না ওই তো দলে থাকার ই যোগ্য না আবার ক্যাপ্টেন হিসেবে টেস্ট এও সু্যোগ দেন (যদিও টেস্ট ভালো খেলে)শুধু টেস্ট ভালো খেললেই ওর ক্যাপ্টেন্সি হয় না। আর সৌকত কে কিছুদিন দেখেন পরে না আপনারাই ওকে বাদ দিতে বলেন 😂,mushfiq,FAVOR
88501b99b21f25e0,"মুশফিক একদম ঠিক কথা বলছে খারাপ করলে এই সাংবাদিকরাই তাকে নানার ভাবে ছোট করে ভাল করলে মাথায় তুলে, খেলা তো খেলাই আজকে ভাল তো কালকে খারাপ হতেই পারে (অভিনন্দন মুশি ৫০০০রানের মাইল ফলকের জন্য)",mushfiq,AGAINST
b1bdb7f18f721023,সাবাশ মুশফিক ! সুন্দর ভাবে সকল প্রশ্নের উত্তর দিলেন ? দোয়া ও ভালোবাসা অবিরাম ।,mushfiq,FAVOR
2ccf92a15c96ee22,"যার ওপরে আল্লাহ পাকের রহমত আছে তাকে বান্দা কি করবে,, ভালোবাসি প্রিয় মুশফিক আপনে শুধু ক্রিকেটার হিসাবে নয় মানুষ হিসেবে অনেক ভালো,, ❤️❤️❤️❤️",mushfiq,FAVOR
b0d3ad2fa2782f2f,"মুশফিক কে নিয়ে কত বাজে মন্তব্য করেছে কত মানুষ কি বলবে, দেখেছি দেখে রিপলেও দিতে ইচ্ছে করেছে লিখেও পোস্ট করি নাই, জানতাম আমাদের কিছু বলতে হবে না সমালোচক দে, মুশফিক নিজেই তার ব্যাট দিয়ে বলে দিবে, আজ তা বলে দিয়েছে,,, কোনো প্লেয়ার সারাজীবন ভালো খেলে নাই, তাই বলে তাকে অপমান করে কথা বলা উচিত না",mushfiq,FAVOR
583f1616fef0dbd0,Musfiqur Rahim is one of the best players of our country.,mushfiq,FAVOR
f5846d32b8753e1b,মুশফিক একজন ভালো খেলোয়ার এবং ভালো মানুষ,mushfiq,FAVOR
6b0b42ee4ee169ed,মুশফিক শুধু একজন খেলোয়াড় নন। উনি অনেক ভালো এবং ভালো মনের মানুষ। ব্যক্তি হিসেবেও উনি সৎ। আল্লাহ উনাকে সুস্থ রাখুক। আমিন।।,mushfiq,FAVOR
0a07a4be2948cf22,best player Mushfiqur Rahim love u bro Bangladesh team...r Mister dipan dabol 💞💞💞best Player 5000 ran milpolk choyacan 👈,mushfiq,FAVOR
f3a6a2dacd0d6743,"হুমম মুশফিক ভাই আপনি ওয়ানডে ক্রিকেটে বাংলাদেশকে তিনটা বিশ্বকাপ জিতাইছেন, দুইটা টি 20 বিশ্বকাপ.. আর টেষ্ট চ্যাম্পিয়নশীপে সেকেন্ড করছেন। আমরা চিরকৃতজ্ঞ আপনার কাছে...",mushfiq,NEUTRAL
0513f98e81ac19cf,"Its 100% True.... حَسْبُنَا اللَّهُ وَنِعْمَ الْوَكِيلُ، نِعْمَ الْمَوْلَىٰ وَنِعْمَ النَّصِيرُ উচ্চারণ : হাসবুনাল্লাহু ওয়া নি’মাল ওয়াকিল, নি’মাল মাওলা ওয়া নি’মান-নাসির’ অর্থ : আল্লাহ তাআলাই আমাদের জন্য যথেষ্ট, তিনিই হলেন উত্তম কর্মবিধায়ক; আল্লাহ তাআলাই হচ্ছে উত্তম অভিভাবক এবং উত্তম সাহায্যকারী। সামনের দিকে এগিয়ে যান মুশফিক বস, আল্লাহ আপনার সাথে আছেন। আর আমাদের দোয়াতো আছেই আপনার সাথে, ইনশাআল্লাহ সামনে আরও ভালো করবেন ইনশাআল্লাহ।",mushfiq,FAVOR
e32d787eedbe7dec,মুশফিক কে তিন ফরম্যাটেই রাখা খুবই দরকার ;;;;; কারন তান মত ক্রিকেটার এখনো বাংলাদেশে নেই,mushfiq,NEUTRAL
19a979c592477443,মুশফিক ভাই দয়া করে আর অসময় Reverse Sweep বা Sweep খেলে দল এবং নিজের Carrer কে ধ্বংস করেন না। আমি বিশ্বাস করি আপনি এই দেশের সবচাইতে বড় Player. নিজের Ego কে বাদ দিয়ে খেলুন। আপনাকে Domingo র কাছে কিছুই প্রমাণ করতে হবে না।,mushfiq,AGAINST
aa90c90c9cc4f7df,"মুশফিক খেলোক,বাট টেস্ট বলে স্ট্রাইক রেইট এতো কম,50 স্ট্রাইক রেইটে খেল্লে হয়তো আমরা জিতার পথে থাকথাম",mushfiq,NEUTRAL
60d7e39665153ae9,সৃষ্টিকর্তার রহমত নয় আল্লাহর রহমত বলেছেন মুশফিক। যদিও সৃষ্টিকর্তা আল্লাহই তবুও একজন সাংবাদিক হিসেবে তার মূল বক্তব্যটাই তুলে ধরা উচিত ছিল। আল্লাহ বলতে আপনার সমস্যা হলে সেটা একান্তই আপনার ব্যাপার কিন্তু আরেকজনের বক্তব্য বিকৃত করার অধিকার রাখেন না।,mushfiq,AGAINST
b29dab137f9b9c40,"যারা বলতেছে মুশফিককে টি-টোয়েন্টিতে দেখতে চাই তাদেরকে বলতেছি, তোমরা দেখো মুশফিকের টি-টোয়েন্টি গড় কত একটা অভিজ্ঞ ব্যাটসম্যান টি-টোয়েন্টিতে এ গড থাকা উচিত",mushfiq,NEUTRAL
ddedbafa5dcc9ff4,বিশ্বকাপ t20 তে দরকার ডি ভিলিয়ার্স এর মতো প্লেয়ার। মুশফিক t20 তে অযোগ্য for winning wold cup.,mushfiq,NEUTRAL
859be4c40bc93e34,I thought Mushfiq is much more reasonable. But he seems super arrogant. Arrogance do not breed greatness. Sooner Mushfiq realises that the better for all of us in Bangladesh.,mushfiq,NEUTRAL
7fa34b24809eb1cd,মুশফিক প্লেয়ার ভাল কিন্ত একটু ঘাড়ত্যাড়া মানুষ...,mushfiq,FAVOR
0ca91bd824d30e76,Dhoni dhoni থাকবে ও হলো বিশ্বের শ্রেষ্ঠ প্লেয়ার.. World greatest finisher... World er first captain যে তিন dhoroner world cup জিতেছেন... আর কোথায় chunoputi মুশফিক রহিম... বাংরু প্লেয়ার,mushfiq,FAVOR
7e15e8847a3ad972,Mushfiqur sir আমার তো আয়না নাই। তাই আয়নাই মুখ দেখতে পারি না। দয়া করে আমাকে একটা আয়নার ব্যবস্থা করে দেন। আমি আয়নাই মুখ দেখতে চাই।,mushfiq,NEUTRAL
444cc36f4c1f476c,এতোই যদি আপনারা ভালো বোঝেন তাহলে বিসিবি নির্বাচনে কেন অংশগ্রহণ করতেছেন না??ভালো খেললে একদম মাথায় তুলে রাখেন আর এক ম্যাচ খারাপ খেললেই গালি।।।এর নাম হচ্ছে বাঙালি।।বাঙালি হচ্ছে সমালোচনায় সবার শীর্ষে।।মুশফিক ভাই ঠিকই বলেছে যারা এতো সমালোচনা করে তাদের মুখটা একবার আয়নায় দেখা উচিত👍👍,mushfiq,NEUTRAL
bd686ef5d88d0394,মুশফিক আমরা তো আয়না দেখি তোমার দেখা উচিত,mushfiq,NEUTRAL
a333b09c00c331e3,"মুশফিক তো এখন মুশরেকের সাথে ঘর সংসার করতেছে, আল্লাহ যে, মুশরেক দের দিকে ফিরেও তাকান না!!",mushfiq,NEUTRAL
cae9bb1a5d5fa556,সঠিক সিদ্ধান্ত নিয়েছেন মুশফিক ভাই। আবেগ দিয়ে নয় ভাবতে হবে সবকিছু দিয়ে। আমি মনে করি তার‌ এই সিদ্ধান্তে বাংলাদেশ দলের জন্য ভালো হবে।♥️♥️♥️♥️♥️♥️,mushfiq,FAVOR
8215dc7f170fdc7a,আমি আসলে মুশফিকই তেমন একটা ভক্ত না কিন্তু পঞ্চপান্ডবের এক এক করে চলে যাওয়াটা সত্যিই ভীষণ কষ্টের 😪😭😭😢,mushfiq,NEUTRAL
5155618860373e91,2011 সাল টা 😓😓তখন সবাই ছিল আর কথা বলতে পারছি না 😥😓 বিদায় মুশফিকুর রহিম 🥹🥹,mushfiq,NEUTRAL
f5f6ef4ab1994373,দেশের মানুষ খুশি। Selector দের ভুল ছিল মুশফিকুর রহিমকে টি২০ তবে বিবেচনা করা। মুশফিকুর রহিম ৬টি২০ ম্যাচ ভালো খেলছে এর ৫শ্রিলঙ্কা ১টা ভারত পুরো ১৬ বছরের টি২০ ক্যারিয়ারে ১৬এভারেজ। মুশফিকুর রহিম সত্যিকারের লিজন্ড টেস্ট ক্রিকেট আর ওয়ানডেতে।,mushfiq,FAVOR
0e7e6791cf7ded0f,ভালো ডিসিশন। মুশফিকের এখন ওয়ানডে /টেস্ট ক্রিকেটে মনোযোগী হওয়া উচিৎ। 😒😒😒,mushfiq,FAVOR
7d9d82c3eee2d9e0,"Bangladesh ki korte pare dekha jabe, we love you musfiqur rahim ❤️❤️",mushfiq,FAVOR
b92329a37c18fa03,"মুশফিক ভাইকে ভালবাসি বলেই 20 টি খেলা দেখি, আজ মুশফিক বাই বিদায় নিল শুনে খুব কষ্ট লাগছে ভাই আপনাকে অনেক ভালোবাসি আপনি আমাদের মনের অন্তরে থাকবেন লাভ ইউ মুশফিক ভাই,",mushfiq,FAVOR
36f4ee62688b0662,"প্রিয় মুশফিক আজ থেকে আর T20দলে আপনাকে পাবো না !আপনাকে অনেক মিছ করবো আপনার মত পারিশ্রমিক প্লেয়ার আর কখনও পাবো না আপনার এ অবদান আমরা ভুলবো না, আল্লাহ আপনার নেক হায়াত দান করুন ঈমান এবং আমলের সাথে বেচে থাকার তৌফিক দান করুন এই প্রাথনা করি আল্লাহর দরবারে.",mushfiq,AGAINST
1774e4401b68ddaf,"সময়ের সেরা সিদ্ধান্ত নেওয়ার জন্য আপনাকে অসংখ্য ধন্যবাদ ভাই।💝 এই একটা ফরম্যাটের জন্যই আপনাকে অনেক অপমান সহ্য করতে হচ্ছে। যদিও এই ফরম্যাট টা (টি২০) আপনাকে অনেক মিস করবে। তার বলবোআপনার এই বোঝাটা নিজের কাঁদে না নিয়ে ঘুরে,, অন্য দুই ফরম্যাটে মনযোগ দেওয়াটা এই সময়ে সব চেয়ে বেশী জরুরি সিদ্ধান্ত ।🖤🥀 Mushfiqur Rahim 🏏🏆 Thank you legend for everything🥰 We will miss you brother🥺",mushfiq,FAVOR
86511a640ee24b8b,ধন্যবাদ জানাই মুশফিককে। তার জায়গায় অন্য কাউকে চাই তবে সে জানো ভালো খেলতে পারে এটাই দেশের মানুষের চাওয়া...,mushfiq,FAVOR
dc9f0fd63feaca68,Love you Mushfiqur Vai 🙂❤️onk miss korbo Tumai 😭😭,mushfiq,FAVOR
556135d4e391e259,সাংবাদিকদের কিসের দোষ তারা কি মাঠে গিয়ে খেলে নাকি আর মুশফিক কোনোভাবেই টি টুয়েন্টিতে চলে না,mushfiq,AGAINST
875059e86ac58368,দেশের মানুষ খুশি। Selector দের ভুল ছিল মুশফিকুর রহিমকে টি২০ তবে বিবেচনা করা। মুশফিকুর রহিম ৬টি২০ ম্যাচ ভালো খেলছে এর ৫শ্রিলঙ্কা ১টা ভারত পুরো ১৬ বছরের টি২০ ক্যারিয়ারে ১৬এভারেজ।,mushfiq,FAVOR
d93f60bbb0a4628a,"এবার তো খুশি আপনারা, যারা মুশফিকুর রহিম কে নিয়ে বাঝে ভাবে টোল করছেন। আপনারা জিতে গেছেন, শুভ কামনা মুশফিকর রহিম ভাই সামনের দিন গুল জেনো ভালো কাটে সেই দোয়া রইলো 😥😥😥😥😥😥",mushfiq,FAVOR
c5c6fe8bb2b3d60d,Great decisions mushfiq Bhai Ekhon oni Baki 2 ta format e bhalo korte parben . Insoallah,mushfiq,FAVOR
d0bb9c987e32b05b,"যদিও মুশফিক মন থেকে সিদ্ধান্তটা নেয়নি কিছুটা বাধ্য হয়ে নিয়েছে, কিন্তু কিছু করার নেই, এটা সময়ের উপযোগী সঠিক সিদ্ধান্ত",mushfiq,NEUTRAL
b41a334bacaf9c85,মুশফিক একা ম্যাচ হারায় নাই বাকি ১০ জন ছিল নাকি তারা ১০ জন পিকনিক করার জন্য গেছিল,mushfiq,NEUTRAL
0ea94c35c7c9246d,শুদু মুশফিকুর রহিম না বাংলাদেশের সব প্লেয়ার রাই এই ভাবে অবসরে যাবেন শুদু সাংবাদিক দের দারানো কথার জন্য সময় থাকতে এগুলো পরিবর্তন করা উচিত মনে করি খারাপ সময় সবার সব সময় থাকে না,mushfiq,AGAINST
a369d7740322ce1c,ভাই খবর টা সুনে মনটা একটু খারাপ হয়ে গেছে কারন মুশফিক ভাই ছিলেন একজন রান মেশিন কিন্তু তার অবসর টা সেই রান খরায় ভুগে এবং ফর্ম হীনতার কারণে যাইহোক কেউ তো আর আজীবন খেলবেন না তবে একটা ম্যাচ দিয়ে অবসর টা নিলে ভালো হতো ক্রিকেট এর সৌন্দর্য হতো,mushfiq,NEUTRAL
389e46127ed84d6a,হঠাৎ করে কী ভাবে ২ দিন আগে আপনাদের চ্যানেলে নিউজ দেখলাম মুশফিক অবসর নিচ্ছে,mushfiq,AGAINST
5dbb6583cab3efba,আমার তো মনে হয় সাংবাদিকরা সবচেয়ে বেশি খুশি হয়েছে। আমি একজন দর্শক হিসেবে বলতে পারি মুশফিকের উচিৎ এখন সব ধরনের ক্রিকেট থেকে অবসর নেওয়া তাহলে তার ওপর আঙ্গুল তুলে কোন সাংবাদিক কথা বলতে পারবে না। দেখি এর পরে সাংবাদিকেরা কিভাবে তাকে নিয়ে লেখালেখি করে।,mushfiq,AGAINST
567622468fda7e77,"মুশফিক উত্তম কাজ করেছে, মান সম্মান পুরাটা যাওয়ার আগেই অবসর নিয়েছে। যারা ক্রিকেট বুঝে জানে সবাই খুশি হয়েছে।",mushfiq,AGAINST
1679badbfad6e82f,@salauddinshopon9380 মানসম্মান গেছে তারপর করছে। আন্তর্জাতিক ক্রিকেটার ধারাভাষ্যকাররা ৪দিন আগেই বলে দিছে মুশফিকুর রহিম এর আন্তর্জাতিক ক্যারিয়ার শেষ।,mushfiq,NEUTRAL
6055f07864a8ec96,Mushfiq vai goto t 20 world cup er por oboshor nele oneday r test a anek vlo korte partu.t20 er shomalochona oneday r test o er performance kharap kore dese.,mushfiq,AGAINST
f3ae485807e366df,পুরো ১৬ বছরের টি২০ ক্যারিয়ারে ১৬ এভারেজ। tar poro mushfiq k nia kichu bola jabe na. Bah ei bujhen cricket.,mushfiq,NEUTRAL
b772bbf04b3c5bae,মুশফিক এর এই decision made korar পেছনে এই রিয়াসাত এর প্ররোচনা ও কাজ করেছে. সারা দিন খালি নেগেটিভ রিপোর্ট করতো. But anyway Mushi has made a timely decision. Good luck Mushi🇧🇩,mushfiq,NEUTRAL
753ea88fd5c0104a,"এটা ভালো সিদ্ধান্ত নিয়েছেন মুশফিক ভাই, এটার দরকার ছিলো।",mushfiq,FAVOR
ec39797962f60fe8,Ami chai 71tv channel er সেই রিপোর্টার এর কঠিন শাস্তি চাই হয় ami Bangladeshi crickter Musfiqur Rahim er sotto bai মুশফিকুর রহিম এর পরিবারের একজন আমি তাই তার ছোট ভাই হিসেবে আমার ভাই এর পক্ষে থেকে আমি সেই Riporter কঠিন শাস্তি চাই,mushfiq,NEUTRAL
61ef26f6ee66b529,মুশফিক বাংলাদেশের অসাধারণ একজন ব্যাটসম্যান সন্দেহ নেই। কিন্তু তার টি-টোয়েন্টির রেকর্ড মোটেও ভালো নয়।,mushfiq,FAVOR
e2f1854a0c4ac287,মুশফিকার সুরে মনে হয় একটা মধু আছে 🥰🥰,mushfiq,NEUTRAL
1c361642c4d7254f,মুশফিকাকে যতই দেখি অন্যরকম লাগে যা বলে বোঝাতে পারবো না। যদি এই বাংলায় একবার দেখা করার সুযোগ হয়তো।🇧🇩,mushfiq,NEUTRAL
11e4caa1562dac53,মুশফিকা মেয়েটির কন্ঠ মাশাল্লাহ। গান শুনে মনটা জুড়ে গেল ধন্যবাদ শিল্পী। আফতাব ফাইজান রামগতি লক্ষিপুর ২৮ ১১ ২০২৫.,mushfiq,AGAINST
10b0501079a3bec0,মুশফিকের কাছ থেকে এটা আশা করিনি। ভাবছিলাম মুশফিক ভালো মানুষ।,mushfiq,FAVOR
3c30b19a70abc6fd,সমালোচনার কি আছে? খেলোয়াড়দের অপমান করবেই বা কেন? মুশফিক ত এত খারাপ খেলতেছেনা,mushfiq,AGAINST
f840b6184830f527,who the hell is this dude wearing mushfiq's t-shirt. this guy needs to be slapped. why is he so physical with the guy . Is he a policeman?,mushfiq,NEUTRAL
db5bbd8487ae2eff,"এত ছোট মনের মন মানসিকতার লোক হারিয়ে গেলে জাতির কিছু যায় আসে না, নুরুল হাসান সোহান এই মুহূর্তে খুব ভালো কিপিং করতেছে তাকে প্রস্তুত করার জন্য সিনিয়র প্লেয়ার হিসেবে মুশফিক সহযোগিতা করতে পারে, উল্টো তার প্রতি অভিমান করে সে কি না কিপিং করবে না, আমরা বাঙালি জাতি চাইনা আমাদের সামনে কেউ উপরে উঠে যাক‌।",mushfiq,FAVOR
ba78bc3f84a9011f,মুশফিক তে সেরা কিপার ও সেরা ব্যাটসম্যান। ডামিগোকে বাদ দেওয়া উচিত,mushfiq,NEUTRAL
4e8ea9b6c53f9fba,"মুশফিক কিপিং করলেও দোষ, আবার না করলেও দোষ। আপনারা অদ্ভুত ভাই... 🙄",mushfiq,AGAINST
81f741c58417c2f0,এদিকে টিটোয়েন্টি থেকে মুশফিকের- এত ঢং করে না বললে কি হয়? স্বভাবিকভাবে কি বলা যায় না?,mushfiq,NEUTRAL
cf8639c2113cee47,আলহামদুলিল্লাহ ২য় ম্যাচ জয়.. তবে বিশেষ ভাবে ক্রেডিট দিতে চাই মুশফিকুর রহিমকে ভাই কে কারণ খাদের কিনারা থেকে দলকে জয়ের দারপ্রান্তে নিয়ে যেতে তাঁর অবদান অনেক।,mushfiq,NEUTRAL
e2043dd61faf4d24,যারা মুশফিক কে ছোট বলে তাদের জন্য ভিডিও টা😄😄😄,mushfiq,NEUTRAL
5cbe9ed08109dc04,Only for musfiqur rahim love from India,mushfiq,FAVOR
8ad942fe756a62c7,Mushfiqur Rahim is the best love the catch and also thank you to put this brilliance in the first of the video. Love you Mushi bhai from Mohammad Nawaz Naser Sawad.,mushfiq,FAVOR
08c49d689be23af1,Mushfiqur was better u are just saying this because kl comes from ur country,mushfiq,NEUTRAL
c7f539d3d932be1f,0:01 Mushfiqur Rahim's catch is the best that's why its given in the first Love you Mushfiqur from natore❤,mushfiq,FAVOR
7bcca44f8ed99aae,Mushfiqur Rahim is one of the best keeper in Asia 😀,mushfiq,FAVOR
8235cd6ccfea83b5,😮No one talk talking about mushfiq catch her effort is 100 percent but no one see this no one like this poor bangladesh 😢😢😢😢😢 Who like mushfiq effort,mushfiq,NEUTRAL
9b6dafcc9c956890,Mushfiqur is the greatest wicketkeeper of all time 🔥👑🇧🇩,mushfiq,FAVOR
11cf5538e146baa8,মুশফিকুর ভাইকে ধন্যবাদ আপনি একজন আইডল প্লেয়ার ছিলেন। এতে কোন সন্দেহ নাই। সবারই একটা শেষ সময় আছে সেটা আপনি বুঝেছেন তার জন্য আপনাকে আবার ধন্যবাদ,mushfiq,AGAINST
47e1956137bf4d37,গুড বায় কিংবদন্তি ব্যাটসম্যান মুশফিকুর রহিম ভাই তুমার পরবর্তী নতুন জিবন ভালো কাটুক পরিবারের সাথে দোয়া করি,mushfiq,FAVOR
93427f0ab119b955,"আসলেই মুশফিকের আরো কিছুদিন আগে অবসর নেওয়া উচিত ছিল,🥴 তাহলে সম্মানের সাথে দেশের মাঠে অবসর নিতে পারতেন 😓",mushfiq,AGAINST
9d879df5cdd9ec23,একটা ১০০ বা ৫০ মারলে বলতেন ওর আরও ৫ খেলার দরকার আছে। মুশফিক ইজ আ লিজেন্ড,mushfiq,FAVOR
3dfce1775e064e3c,চালিয়ে যাও। এভাবে কাজ করলে হবে কিছু। মুশফিক এর ভালো তথ্য পেলাম,mushfiq,FAVOR
68d3d08a562f1bab,মুশফিক কেবা রিটারমেন্ট নেওয়া উচিত নতুনদের সুযোগ দেওয়া উচিত,mushfiq,NEUTRAL
bdf03658c7f66b61,মুশফিক যেসব বলে দুর্বল প্রেক্টিসে সে সেসব বল মোকাবেলা করে না।,mushfiq,NEUTRAL
b461c24f2ff39d9f,Musfiq is vuya now. I want that he should not play cricket at least one year. he has to come back after confidence. I feel that he will not come back with performance. he has done his career. thats all,mushfiq,NEUTRAL
d19e988c1df9bd1a,আমার মনে হয় মুশফিক একানেই থামা উচিৎ,mushfiq,NEUTRAL
2b8db7557f12f0cb,"বয়স অভিজ্ঞতার কাছে হেরে গেল।অভিনন্দন মুশফিক ভাই!!!! """,mushfiq,NEUTRAL
2ed641fb207ad74e,মুশফিক এর ফিরে আসা দেখে সত্যিই অনেক ভালো লাগলো🥰..,mushfiq,FAVOR
165894e51f6fa0c9,আপনি নিজেই কিছুদিন আগে মুশফিককে বাদ দিতে বলেছিলেন। এখন এত গুনগান কেন?,mushfiq,AGAINST
17b9d212cc951b62,"ভাই আপনার কথা শুনে আমি হাসতে হাসতে পাগল হয়ে গেছি ,কারণ হল আপনি কিছুদিন আগে একটা ভিডিওতে মুশফিককে একাদশ থেকে বাদ দেওয়ার কথা বলছিলেন, মুশফিক শেষ ফুরিয়ে গেছে আন্তর্জাতিক ক্যারিয়ার শেষ আরো ইত্যাদি ইত্যাদি অনেক কিছু ,আর আপনি এখন মুশফিকের প্রশংসা করেন বা আপনাদের সাংবাদিকতার প্রশংসা করতেই হয়😂😂 ।",mushfiq,AGAINST
ec397cf61a40d1ea,অসাধারণ!!! মুশফিক বাংলাদেশের কোটি জনতার আবেগের নাম!!!,mushfiq,NEUTRAL
457a1d8bcfa5f79a,ইনশাআল্লাহ বিশ্বকাপে আরো ভালো করবে সে অগ্রিম শুভকামনা মুশফিক ভাইয়ের জন্য।।,mushfiq,FAVOR
986c7ff61d81d7d2,"দেখিয়ে দিলো, তার সেই আগের ফর্ম যা বাংলাদেশ এর মানুষ আগেও দেখেছে, আর একবার দেখলো মুশফিক যে পারে সেটা সকলের বিশ্বাস ছিল",mushfiq,NEUTRAL
18309aaf7808c264,মুশফিক কে অভিনন্দন। কিন্তু তৌহিদ হৃদয় এর জন্য খারাপ লাগলো ৪৯ রান করে আউট ১ রানের জন্য ফিফটি করতে পারলোনা😞,mushfiq,AGAINST
3bcee31130ecb640,আমার ভালোবাসার ক্রিকেটার আমার প্রিয় ক্রিকেটার আমার কলিজার টুকরা ক্রিকেটার মুশফিকুর রহিম Love you bos❤❤❤,mushfiq,FAVOR
c584fe71bdfa0a67,Mushfiq bhai puro kopay dese..... Love you Mushfiqur Rahim❤❤,mushfiq,FAVOR
816f91a1f7608fb3,৩৬-৪১ আবার খুব ভালো লাগছে মুশফিক এবং তৌহিদের ঝড়,mushfiq,FAVOR
fc7a594cd53dd760,পরিশ্রম কখনো কারো সাথে বেইমানি করে না এটাই প্রমান হলো মুশফিকের ব্যাটে,mushfiq,NEUTRAL
e3d548d3812f5f81,"This is how mushfiq should play.attacking,positive mindset is the key…",mushfiq,FAVOR
e6519654d519ceee,Afif ke. Upore keliya. Musfiq ke finishing rul a taka ucit,mushfiq,NEUTRAL
09e941d025767580,তোমার মুখে মুশফিকের প্রশংসা মানায় না। কারণ তুমি তাকে নিয়ে অনেক অনেক সমালোচনা করেছো।সে ভালো করলেও তাকে নিয়ে তুমি সমালোচনা করছো।,mushfiq,FAVOR
b76eda3c66a8c1d0,I hope Mushfiq wouldn’t use this performance to take revenge to his critics or talk negative against BCB or fans. He should enjoy his achievements and try to continue his forms toward 2023 ODI world cup. If Bangladesh managed to win world cup then you should open his mouth. Please not now.,mushfiq,NEUTRAL
e2e7c0760e08a448,অনেক দিন পর মুশফিকের century দেখে ভালো লাগলো,mushfiq,FAVOR
b79e39b6e4bdd422,"Jei T20 world cup er por ato troll korlen shekhaneo Bangladesh er akmatro fifty ta Mushfiq er chilo.. Oi innings ta ektu deikhen..he isn’t changed, has been playing maintaining same technique, style from a long..Style differs in position of batting and match situation.. That did happen today.. Ar apnar moto ato educated akjon analyzer prothom e kivabe bolte pare je Ireland er against e century!!! Shame bhaii..England porjonto Ireland er sathe high priority te khale..Ireland England every match high contest e hoyy..I found it silly from you.",mushfiq,NEUTRAL
76b8cea0cbf52a2f,আজকের ম্যাচের রান মুশফিকের ক্যারিয়ারের সাথে যুক্ত হবে না? প্লিজ কেউ একটু জানিয়ে দিয়েন।,mushfiq,NEUTRAL
7adc7c1d902b236f,আপনি তো মুশফিকের সমালোচনা করেন সবসময়। আপনি মুশফিককে দেখতে পারেননা,mushfiq,AGAINST
d3e3b4fc3d0c7974,মুশফিক ভাই আপনি এগিয়ে যান আপনার পিছনে ১৬ কোটি মানুষ আছে,mushfiq,NEUTRAL
661aa391682fc56c,আমি মুশফিক ভাই এর উদ্দেশ্যে বলতে চাই আমার বাড়ি বরিশালে কিন্তু মুশফিক ভাইয়ের খেলা দেখে আমি খুব সন্তুষ্ট ধন্যবাদ মুশফিক ভাই,mushfiq,AGAINST
ae04176560c9803c,"Mushfiq er captaincy te Kono problem nai, bowlers r fielders ra faltu khelse, abar kisu bolleo dosh ,Mushfiq nijeo bhaloi korse, shobai mile bhalo na khelle kokhonoi tournament er champion howa jae na, feeling so sad for Khulna, was supporting only for Mushi",mushfiq,FAVOR
7edf87868a0acc21,মুশফিক নাকি শান্ত -- ডাবল সেঞ্চুরি করার সম্ভাবনা বেশি কার?,mushfiq,NEUTRAL
a26f49e93f9f8535,"নোমান ভাই, সমালোচনা তো হবেই, কিন্ত মুশফিক সব সময় শ্রীলঙ্কার সাথে ভাল খেলে",mushfiq,NEUTRAL
ddd326b2d78daf5e,"We Bengali donot know how to pay respect to a professional cricketer. First of all, Mushfiqur is 38 years old. Second he has been in national service for 20 years. When he plays bad for 4 5 matches. We treat him as one of the worst cricketers in the world. Without Panchopandob our team is nothing.",mushfiq,AGAINST
b5cca0a286ff1905,"মুশফিকের এই সেঞ্চুরি টা ডন ব্র্যান্ডম্যানের থেকেও ভালো, আর শান্ত তো শচীন টেন্ডুলকারের থেকেও কয়েকশ গুণ ভালো",mushfiq,FAVOR
0e8e9d9b8a6fc277,জেমি স্যার মুশফিক কে রিভার সুইফ টা ভালো করে শেখান।,mushfiq,FAVOR
910807762b6a8683,Correct. Jodio ami Mushfiq fan but tarporo bolbo Mushfiqur er ego problem acche jar jonnoy ey jhamela,mushfiq,NEUTRAL
f448a4ef3b954611,Apnar matha ki kharap? Apni kivabe a kotha bolen?mushfiq middle order e ki obodan rekeche tar dharona apnar ache?protita mather joyer karone mushfiq er obodan ase.onek raner malik.koyek match kharap kheltey pare.tar se odhikar ache.sha je onek obdan rekhece amar prio dada.apni keno a kotha bolen?Don't mind for that kind of words.,mushfiq,AGAINST
bc0a9c6a555271dc,"লুটিয়ে পড়লেন মুশফিকুর রহীম। মুশফিকের ব্যাটে আরও এক রাজকীয় সেঞ্চুরি, সাদা পোশাকে ১৪তম শতক তার। উদযাপনে মুখে ফুটল হাসি, পার্টনার তাইজুল ইসলামকে নিলেন বুকে জড়িয়ে। সতীর্থরা বাহবায় ভাসালেন দলের সবচেয়ে অভিজ্ঞ তারাককে। ভক্তরাও মহাখুশি... এমন সেঞ্চুরির দিনে প্রথম বাংলাদে",mushfiq,NEUTRAL
ce557bb305f76fde,মাশাআল্লাহ্ মুশফিক ভালো সাজিয়ে গুচিয়ে কথা বলতে পারে অনেক ভালো এবং কুল পার্সন সবসময় এমন থাকবেন আশাকরি।,mushfiq,FAVOR
422345bac8472513,"প্রিয় 1টা মানুষ,,,,, love u boss,,,,,কে কে ভালবাসেন,,, মুশফিক ভাইকে,,,,",mushfiq,FAVOR
ebcdb9f66751296e,Mushfiqur play 1 down my thought.. He take opportunities for long innings 300+,mushfiq,NEUTRAL
4d95118568ec5696,তেলের মাথায় তেল দেওয়া আমাদের অভ্যাস। কাল যদি মুশফিক ভাই খারাপ খেলে তখন অনেকই মন খারাপ করবেন। এটা হওয়া উচিত না। খারাপ সময়ে পাশে থাকাই প্রকৃত ভালোবাসা।,mushfiq,FAVOR
e99fead6664fec2a,Vai eta mushfiq onno kaw k bolle mana jay. Bt eta mushi k bola uchit hoy nai.,mushfiq,NEUTRAL
ff61e6d60e0470a2,west indies er satheo ekai lore geche west indies er matite...Mushfiqer moto batsman bangladeshe aste aro deri ache...opponent hok na Zimbabwe kintu r k ki dekhaite parche...Mushfiq is one of the best player in the whole team...,mushfiq,FAVOR
dcf0f9a67f368615,মুশফিক ভাই ছাড়া তাহারা সবাইকি তাহলে ঘরের মাঠে পারে???,mushfiq,NEUTRAL
c91e56d148b58307,আরে ভাই মুশফিক জিম্বাবুয়ের সাথে খেলে এই ধরনের মিডিয়া কনফারেন্স করা কতটা গুরুত্বপূর্ণ আপনি মনে করেন,mushfiq,NEUTRAL
f10942b328a20410,It was his catch mushfiqur came in front of him poor sportsmanship,mushfiq,AGAINST
0427c7178a175df1,"I think Mushfiqur Rahim has exceeded the level of rudeness, but I am not surprised at all,Because Bangladeshi cricketers have been seen to do such rudeness before, so it is not surprising.",mushfiq,NEUTRAL
4b0c2852878b90e9,That was just sad to watch .... Success gives you money but not class.. This was pathetic on Mushfiqur Rahim's part..,mushfiq,FAVOR
33c154d191104438,At that situation Mushfiqur team need wickets so 1 catch is very important for his team That's why Mushfiqur can't calm..at that situation any one do this...after-all Mushfiqur apologise to nasum👌😊,mushfiq,NEUTRAL
753af361dd1a897e,অামাদের উইকেট থাকার পর ও অামরা লাস্ট যে ভাবে ব্যটিং করছিলাম মনে হচ্ছে যে মুশফিক টেস্ট খেলতে ছিলো..! মনে করছিলো যে অামরা এই রানেই খেলা জিতে যাবো তাই তারা রানের তাড়া করে নাই😡,mushfiq,NEUTRAL
6233530964695628,গত দুইদিন আগে খালেদ মাসুদ সুজন একটা কথা বলেছিল কিছু কিছু টিকেটার ব্যক্তি স্বার্থে খেলাটাকে চালিয়ে যাচ্ছে সেটা আজকে প্রমাণ করে দিল মুশফিকুর রহিম দলের প্রয়োজনে খেলেনি নিজের প্রয়োজনে 50 টাই করে ইনিংসটা শেষ করেছে যার খেসারত আজকে বাংলাদেশকে দ্বিতীয় হতেও পারে,mushfiq,NEUTRAL
c4a95e4fadfe33eb,"বাংলাদেশ ক্রিকেট দল এগিয়ে যাক - এটা সবার মতো আমিও চাই। তবে, দেশের ক্রিকেট দলকে ভালোবাসার আগে, নিজের দেশকে ভালোবাসেন। তাহলে দেখবেন সবকিছুই সুন্দর। যেমন : অনেকেই ইংরেজি অক্ষরে বাংলা লিখছেন। আপনারা কি পারেন না নিজের ভাষার অক্ষরে লিখতে? অনুশোচনা হয় না আপনাদের যে, এই অক্ষরকেই বাচিয়ে রাখার জন্য একদিন এদেশের দামাল ছেলেরা জীবন দিয়েছে আর আজ সেই অক্ষরকেই গুরুত্ব না দিয়ে বিদেশি ভাষাকে নিজেদের সৌন্দর্যের প্রতিক হিসেবে ব্যবহার করছেন! তবে আমি নিজেও বাংলাদেশ ক্রিকেট দলের এক বিরাট ভক্ত এবং সমর্থক যা ভাষায় প্রকাশ করা যায় না। মুশফিকের এমন ব্যাটিং এর জন্য বাংলাদেশি হয়ে আমি গর্বিত।",mushfiq,FAVOR
2b9665b4bbefe144,2jon e best actor... musfiq farhan my favourite actor...,mushfiq,FAVOR
1127f9f1c4ecdc29,"মুশফিক ফারহান কে সাইড নায়ক হিসেবেই ভালো লাগে, নায়ক হিসেবে সে মানানসই নই, লুক থাকলেই সবকিছু হয় না",mushfiq,FAVOR
3a33a0294b343ed6,ফারহান ভাই এর অভিনয়গুলো তার অনেক সুন্দর কি করে নেই লোকটা অভিনয়ের জন্য আমি মুশফিক আর ফরহান কে ১০০ তে ১১০ দিব। লাভ ইউ ফারহান ভাই ❤এত সুন্দর নাটক এত ইমোশন নাটক আমার কলিজার ভেতর লেগে গেছে ❤,mushfiq,NEUTRAL
9d2f242a719f1c0d,"যত মুশফিক ভাই কে দেখছি ততোই তার ভক্তে পরিনত হচ্ছি এর থেকে ভাল অভিনয় হয় না ভাই মুশফিক সত্যিই সত্যিকারের অভিনেতা গল্পটাও অসধারন।ধন্যবাদ বান্নাহ ভাইকেও,,,,,,,",mushfiq,NEUTRAL
adbea9385680227d,পরিসংখ্যান তো মুশফিকের পক্ষেই কথা বলে তাই না।,mushfiq,NEUTRAL
86688123ac3088a1,মুশফিকই একমাত্র ব্যক্তি যিনি কোন সময় ইনজুরি ছাড়া কোন অজুহাত দিয়ে কোন খেলা মিস করে নি❤,mushfiq,NEUTRAL
0a57c556afd7d111,Love you mushfiqur Rahim bhai you my idol miss you In t20.,mushfiq,FAVOR
4a8b79f5b34fd79b,LOL ... Mushfiqur played that ball like he was in his backyard.,mushfiq,NEUTRAL
804a55f912eba862,MUSHFIQUR RAHIM is a curse for our national cricket team! He is the worst ever wicketkeeper the worl has ever seen in international level. he misses catch every game he plays...,mushfiq,NEUTRAL
d7b021e9499a74bc,Ajke ghumer moddhe Mushfiq re niya sopne dekhsilam je or buke ball lagse senseless hoye gese...ekhon bikele shuni o injury te porse..eta kibhave sombhov?!!,mushfiq,NEUTRAL
4a5c53bf8ff4db02,তাহলে কেনো বলা হয় যে মুশফিক টি টোয়েন্টি খেলতে পারেনা,mushfiq,NEUTRAL
e7023a9cdc71ddc7,মুশফিকুর ও সব দিকে মারতে পারে বাংলাদেশের প্লেয়ার বলে ফোটেনা,mushfiq,NEUTRAL
a4bd25642d8f23a3,"১০০ টি টুয়েন্টি খেলে ১৫০০ রান করছে ১৯ গড়ে। স্ট্রাইক রেট মাএ ১১৫। ফিফটি মাএ ৬ টা তাহলে বুঝেন মুশফিক কি টি টুয়েন্টির জন্য ভালো খেলোয়াড়, কখনোই না",mushfiq,FAVOR
620cbe22121a5887,ওপেনার নামলে কিছু করে দেখাতে পারে মুশফিক ভাই,mushfiq,NEUTRAL
2e724adfe3faa6be,মাশাল্লাহ আলহামদুলিল্লাহ ইনশাআল্লাহ আগামী তো ভালো খেলবে মুশফিকুর রহিম,mushfiq,FAVOR
d0a0026cebd7899c,Mushfiqur Rahim is our pride. Lots of Love for Mushi from London 🤲❤️,mushfiq,FAVOR
3133f1e368cd54f3,মুমিনুল হকের যা অবস্থা তাতে টেস্টে মুশফিককে Captain দেয়া সব চাইতে ভালো হবে,mushfiq,FAVOR
b9d9002fb915d534,Mushfiqur is the best better in the world.,mushfiq,FAVOR
0f3db82ef8cae709,Congratulations and best wishes 🎊❤ Mushfiqur Rahim Bhai.,mushfiq,FAVOR
e2a78c6ae9896c8f,Mushfiqur rohim is best king is always king ♥,mushfiq,FAVOR
6cc9ded3f643aa91,আমার মনে হয় মুশফিক সুইপ শট বেশি না খেলে ফ্লিক শট খেললে বেশি রান করতে পারবে,mushfiq,NEUTRAL
6a417debb869a444,"মুশফিক সবসময়ই ভালো খেলতো, কিন্তু তার এই ভালো নষ্ট করেছে ডোমিঙো",mushfiq,FAVOR
d0c42fc30c4c7598,আমার ভাইটা একদম ঠিক কথা বলছে মুশফিকুর রহিম টি-টোয়েন্টি ম্যাচ থেকে হারিয়ে যান সবার মাঝে সবার হৃদয়ের মাঝে আছে আই লাভ ইউ মুশফিকুর রহিম???,mushfiq,NEUTRAL
9ca8126481fe83f5,আমি মনে করি মুশফিকের বিকল্প হিসেবে মোঃ মিঠুন যথেষ্ট যোগ্য কারণ মুশফিক ৪/৫/৬এ ব্যাট করে এবং উইকেটকিপিং ও করে মোঃ মিঠুন ও ৪/৫/৬ এ ব্যাট করে এবং উইকেটকিপিং ও করে।,mushfiq,NEUTRAL
099d3e881585530d,ভালো খেলা ভালো মনের মানুষ সব মিলিয়ে মুশফিকুর রহমান ভাই অসাধারণ ❤❤❤❤,mushfiq,FAVOR
9e34ffbd4b18ab71,আমি চাই মুশফিক ভাই বাংলাদেশের হয়ে ১০০ তম টেস্ট খেলুক,mushfiq,NEUTRAL
958ffc1a15c85fa3,আমি চাই তিনি যেন সারা জীবন সবার মনে থাকে এ মানুষটাকে❤❤❤মুশফিক,mushfiq,NEUTRAL
e9066b9b65ddcad0,মুশফিক অসাধারণ যার কোন তুলনা হয় না মানুষটা অনেক ভালো।,mushfiq,FAVOR
3ec2b09d687a7a9f,টাইগার মুশফিকুর রহিম ভাইকে আলহামদুলিল্লাহ অনেক ভালো খেলছেন,mushfiq,FAVOR
1eebd367bc1573de,মুশফিকুর রহিম ভাই যেখানেই থাকুক যেভাবেই থাকুক সব সময় ভালো থেকো দোয়া ও শুভকামনা রইল মুশফিকুর রহমান জন্য,mushfiq,FAVOR
964d1df1f86c0e9a,"আমি চাই মুশফিক আরো কয়েক বছর খেলুক, বিসিবির মুশির সাথে কথা বলা প্রয়োজন।",mushfiq,NEUTRAL
5e5f66bdc2a06ae0,ভালবাসা আছে থাকবে এবং বাংলাদেশ চিরকাল মনে রাখবে মুশফিক কে। অভিনন্দন মুশফিক তোমাকে। তোমার ডিপেন্ডএবল উপাধি কেউ তোমার কাছ থেকে কেড়ে নিতে পারবে না। তোমার জীবন সুখে শান্তিতে ভড়ে উঠুক এ-ই কামনা করছি আমি মহিউদ্দিন তোমার এক ভক্ত।,mushfiq,FAVOR
963b5abf24265c50,আমি চাই এখন মুশফিক ভাই অবসরে যাক টেস্ট খেলা থেকে কেননা বড় একটা জিনিস,mushfiq,AGAINST
e5f9f08ddc160c46,"আলহামদুলিল্লাহ একজন মুশফিক একদিনে হয়ে যায়নি দীর্ঘদিনের প্রচেষ্টায় আল্লাহর রহমতে একটি ভালো ক্যারিয়ার পার করেছেন, তবে যদি উনি ক্যাপাবল থাকে তাহলে মুশফিককে দিয়ে আরো টেস্ট খেলানো হোক, একজন মুশফিকের কাছ থেকে অনেক কিছু শিখনিয় আছে, যদি এটাই বাস্তব এক সময়ে সবাইকে বিদায় নিতে হবে সবকিছু থেকে 😢😢😢",mushfiq,FAVOR
4d93d5dcd2192e06,মুশফিক রহিম যদি আরো ১০ বছর টেস্ট খেলে তার পরেও কোনো দিক দিয়ে কমে হবে না😔🥰,mushfiq,NEUTRAL
f250defc54e032a4,"মুশফিক তুমাকে নিয়ে জানিনা, তুমি চলে যাবে আমার মুখের ভাষা নাই, আছে চৌখের জ্বলে ভাষা, তুমাকে ভালোবাসি মুশফিক",mushfiq,FAVOR
119be07d3c042f52,mushfiq Rahim she is the best player of Bangladesh cricket,mushfiq,FAVOR
7b21a3b8ca501c1c,মুশফিকুর রহিমের টোটাল টেস্ট রান কতো? “ টেস্ট বিশ্বের সবচেয়ে রান নিয়ে “ মানে কি?,mushfiq,NEUTRAL
a3ebe53409a2e338,"মুশফিক একটি আবেগ।😢 তবে, অন্য একটি গল্প হতে পারতো আরো আবেগের। নাম্বার ""৭৫"" তোমাকেই বলছি। তুমি বাংলাদেশ এক অন্ধাকার গর্ববোধ।😢 রাস্তার বিজ্ঞাপন বোর্ডে তোমার ছবি দেখি আর ভাবি, তোমার ঐ কাজটা করা কি খুব বেশি জরুরী ছিল..!😢!",mushfiq,FAVOR
dab34ba899f9c879,ফালতু ক্রিকেট খেলেছে মুশফিক এগুলা নিয়ে এত বাড়াবাড়ি অন্য দেশের খেলোয়াড় হলে এতক্ষণ বেটিং করলে 300 রান করে ফেলতো,mushfiq,NEUTRAL
21d8598c755d6c76,"আমাদের জন্যই মুশফিক ভাই অবসরে যাইতে চায়, কারণ একমাস ভালো খেললে আর এক মাস খারাপ করলে আমরা যা তা মন্তব্য করি লল",mushfiq,NEUTRAL
ac6da0c0fa91fd1d,"তবে এখন খুব ভালো লাগছে, যখন খালেদ মাসুদ কে বাদ দিয়ে মুশফিকুর রহিমকে নেওয়া হয়,তখন ভেবেছিলাম মানুষ চিনতে ভুল করছে বিসিবি, কিন্তু এখন দেখি বিসিবি সিদ্ধান্তটাই সঠিক ছিল, তাই আজ মুশফিকুর কারণে বাংলাদেশেরেকর্ড রেকর্ড , কংগ্রাচুলেশন মুশফিকুর রহিম।",mushfiq,NEUTRAL
91da57324755836b,লাস্ট কয়েকটা ম্যাচ খারাপ খেলার কারণে এই মিডিয়া গুলোই মুশফিককে নিয়ে ট্রল করছে।। আর এখন তার গুন গান গায়।😂😂,mushfiq,AGAINST
8c31eb887127b389,"মুশফিক এর বাবা, মা করোনায় আক্রান্ত দুজনেই। তাই মুশফিক হারারা থেকে দেশে ফিরছেন।। দোয়া করি ওর মা বাবা সহ, সারা পৃথিবীর সকল মুসলমানদের সুস্থ করে দিন। আমিন",mushfiq,NEUTRAL
d8e287cdf45fec9e,"বাংলাদেশ দলের জন্য খারাপ সংবাদই বটে,মুশফিক না থাকায় দলের জন্য অনেক ক্ষতি হবে",mushfiq,AGAINST
700399961ec86871,আললাহু তুমি মুশফিকের মা বাবাকে সুস্থ করে দাও আমিন,mushfiq,NEUTRAL
612bcd6a443b5817,মুশফিক যেটা ভালো মনে করেছে সেটা করেছে।,mushfiq,FAVOR
23221e38118f9475,"মুশফিকের এই রকম আচরণ খুবই দুঃখ জনক,,,এটা কেউ আশা করে নি তার কাছ থেকে......অনেক খরাপ লাগলো. !!!!",mushfiq,NEUTRAL
ad282ef8e1ebcaaa,We should do the same thing with Mushfiq when he made us cry twice. 1. Against India in T20 WC match 2016 2. Against New-Zealand in WC match 2019.,mushfiq,NEUTRAL
0ddda6f4b9264570,Mushfiqur is the best.o ei ta korce balo hoice.karon oi time e mon kharap thakete o pare.tokhon Dhaka harate bosecilo tai ei rokom achoron shababik.as a wicketkeeper as a captain hishebe,mushfiq,NEUTRAL
27463880ee83b877,অনন্ত মুশফিকের কাছ থেকে এমন আচরণ আমাকে খুব আঘাত করেছে। কারণ মুশফিক হচ্ছেন বাংলাদেশের দলে আমার সবচেয়ে প্রিয় ক্রিকেটর।,mushfiq,NEUTRAL
bbed5a0cc6ac3087,"Anything else,,, we are never expected that from Mushfiqur Rahim, he should be say sorry for NASUM also Crowd , nasum is very humble person he showing that?",mushfiq,NEUTRAL
f3775dbe5bdc326b,মুশফিক ভাইকে আমি অনেক ভালাে বাসি কিন্তু আজকে জে কাজটা করেছে তার এটার জন্য মাফ চাওয়া টা উচিত,mushfiq,FAVOR
fce35fb329cc7221,হ্যাঁ ভাই আপনি ঠিক বলেছেন মুশফিক ভাই এটা ঠিক করেনি আমার থেকে অনেক খারাপ লাগছে আমি পুরা খেলাটা দেখছি,mushfiq,NEUTRAL
f740b0e077d07486,মুশফিক অন্যায় করেছে। তার ক্ষমা চাওয়া উচিৎ।,mushfiq,NEUTRAL
08d4a37b1e0cd4ad,"মুশফিক ভাই আমার খুব বেশি পছন্দ একজন মানুষ ,,, সে এমন কাজ করবে সে ভালো হয় নাই",mushfiq,FAVOR
cce5cd8d466d8b29,"Very unfortunate. Musfiq was afraid of a sabotage , is it? No way Musfiq cannot do this kind of attitude and he must be punished severely ..",mushfiq,NEUTRAL
640ad248a515954e,"1. See the run out of Nasum, how lazy he was !!!! 2. The first incident: who do you think should run towards the ball in such a crucial moment of the match situation? I believe Mushfiqur Rahim got angry bcoz Nasum was not serious. That could have been an easy double had Mushfiqur not started running from the wicket-keeper’s end. Please scrutinize the incident: It was Mushfiqur who first attempted to run towards that ball not Nasum. Means: Masum was not taking that thing seriously. Nasum thought it might be a single whereas Mushfiqur’s thinking was different. 3. 2nd incident: I believe it was Mushfiqur’s call to take that catch. In such a situation, the other close fielder (Nasum) should stay in a position that makes the caller (Mushfiqur) take the cartch comfortably. But see, Nasum was trying to catch the ball. Don’t forget it was Afif’s wicket and how brilliant he was in that match. It could have been a clash if Nasum had forwarded a bit more and Mushfiqur might have missed that catch.. But Mushfiqur shouldn’t have done what he did to Nasum and should definitely say sorry to him. I think these explains everything...",mushfiq,FAVOR
fca943cf2cdd7ffe,"মাঠের বাহিরে তেকে আমরা ইচ্ছে মত মন্তব্য করে যাচ্ছি, কিন্ত খেলার মাঠে একটজন প্লেয়ার কি আতঙ্কে থাকে সেই ম্যাচটাকে জিতানোর জন্য সেটা শুধু একটা প্লেয়ারই জানে,সবকিছুর পর সেই ম্যাচের অধিনায়কের দায়িত্ব কিন্তু মুশফিক ছিলেন,সেই ক্ষেত্রে এটাকে শাসনও বলা যায়,",mushfiq,FAVOR
4a6773365bc4c740,যত বড় ক্রিকেটার হোক না কেনো আগে তাকে ভালো মানুষ হতে হবে। মুশফিকের ভুলের কারনে বাংলাদেশও একাধিক ম্যাচ হেরেছে তখন তো কেউ বা দলের অধিনায়ক তারদিকে তেড়ে যায়নি। তবে এ ঘটনার জন্য অবশ্যই মুশফিক কে শাস্তি দেয়া উচিত ছিলো। নয়তো এটি বাংলাদেশের ক্রিকেটের জন্য একটা বড় খারাপ উদাহরন হয়ে থাকবে।,mushfiq,FAVOR
33fb051f29b9e043,ভাই একটা কথা হলো কেউই ভুলের উর্ধ্বে নয়। সবসময় টেম্পারমেন্ট ঠিক রাখা যায় না। আফিফের উইকেটটা সত্যিই অনেক বড় ব্যপার ছিল। কারণ সে সেট ব্যাটসম্যান হয়ে গেসিল আর তাদের হারার সম্ভাবনা বেড়ে যাচ্ছিল। সে জিনিসটার কথা যদি ভাবেন তাহলে বুঝবেন আফিফের উইকেটটা অনেক গুরুত্বপূর্ণ ছিল। তাই মুশি ভাই ভুলে মনের অজান্তেই ভুল করে ফেলসে। সিচুয়েশান যার উপর দিয়ে যায় শুধু সে বুঝতে পারে৷ এই ম্যাচে হারলে আর ফাইনাল খেলার কোনো চান্সই থাকতো না। তারপর সিনিয়র ক্রিকেটার হিসেবে উনার কাছ থেকে এরকম আশা করা যায় না। আর টেস্ট খেলার উদাহরণ দিলেন যে সেটা আর এই এলিমিনেটরের ম্যাচটা কি সেইম হলো? বিশ্বকাপের ম্যাচটাতে ভুলে আগেই স্ট্যাম্পে হাত লেগে গেসিল। এটা আমি একটা এক্সিডেন্টই মনে করি। এরকম ভুল অনেক ভালো ভালো প্লেয়ারদেরও হয়ে থাকে। মুশফিক ভাই সবসময় বাংলাদেশের ক্রিকেটারদের জন্য রোল মডেল হয়ে থাকবে আশা করি❤️❤️,mushfiq,FAVOR
7854e6103899fa9e,Mushy is immature. He has proved it time and again. 1. This specific incident. 2. That match vs India in a T20 WC (one of the most embarrassing moments in the history of BD cricket) 3.Afterwards Mushfiqur Rahim took a dig at India after they lost the semi-final to West Indies by seven wickets at Wankhede Stadium. 4. He insisted to keep wicket for years and did that unsuccessfully for number of years whereas there were better keeper than him in BD and so on..,mushfiq,NEUTRAL
4d497214b8b772b3,"মুশফিক ভাই ঠান্ডা মাথায় বিডিও গুলো আবার দেখলে সবকিছু উপলব্ধি করতে পারবেন।। *★জনসম্মুকে,খেলার মাঠে বা মিডিয়ার সামনে তার কি করা উচিত??",mushfiq,NEUTRAL
f5365348fd6800da,আমি বঙ্গবন্ধু টি-টোয়েন্টি সবকটা ম্যাচ দেখেছি। আমি মুশফিকের আমি একজন ভক্ত । কিন্তু ইদানিং মুশফিকের ক্যাপ্টেন্সি আমার মোটেই পছন্দ হইতেছে। প্রায় সময় মাঠে খেলোয়ারদের সাথে খারাপ আচরণ করে চোখ গরম দেখায় মাথা গরম করে । তার জন্য আমি বিরক্ত বোধ করি। আমি মনে করি সিনিয়ার যারা আছে তারা হলেন জুনিয়ারদের গুরু । তাদের কাছে এমন আচরণ কাম্য নয় ।,mushfiq,AGAINST
e922c3c11915c98b,মুশফিকের নামের পাশে এই আচরনটি খুভ বেমানান ছিল,mushfiq,NEUTRAL
8279a029e9a46654,Vai Musfiq vai team ar Captain so Captain hisabe se junior der k sasos krty pare..,mushfiq,NEUTRAL
cecdd7a57bc7571c,অনেক বেশি মানসিক চাপে ছিলো। চাপ থেকেই এমন করছে।আমার নিজের কথায় বলি আমি অনেক শান্ত একটা ছেলে রাগ - অভিমান খুব কম কিন্তু লকডাউনে আটকে পরে ৩/৪ মাসে মেজাজ এতো হট হয়ে গেছে। কেউ একটু ভুল করলে আর মানতে পারি না। পরে নিজে নিজে চিন্তা করে দেখি আমিতো এমন ছিলাম না। একটু সময় নিয়ে নিজেকে আবার গুছিয়ে নিচ্ছি। আশাকরি মুশফিক আবার সেই শান্ত বালক হয়ে ফিরবে। বেশি সমালোচনা করলে হিতে বিপরীত হতে পারে। তাই তাকে বুঝার সুযোগ দিন।,mushfiq,AGAINST
4bb35d94a4f33405,Mushfiq Dhoni k follow korece....but Dhoni was smile facing and was not....If you see in IPL Dhoni took a simple catch and tried to throw the ball towards Faf/others and made it as fun...with a smiling face...but Mushfiq was rude as we can see,mushfiq,NEUTRAL
a2ecff49f6f1b14e,ভাই মুশফিক যে পিঠ চাপড়ে শেষে সব স্বাভাবিক করার চেষ্টা করলো সেটা তো আর দেখান না... বাহ্ দারুন সাংবাদিকরা... শুধু negativity ই ছরান আপনারা..কোনো পজিটিভ কিছু দেন না,mushfiq,AGAINST
f269e9045712ef05,মুশফিকুর রহিমের এমন আচরনের জন্য ক্রিকেটের আইন অনুসারে বিচার হওয়া উচিত,mushfiq,NEUTRAL
53c546242db56179,Plz vai ata bule jan manos hisabe too vol hotte parre. Oni Bangladesh cricketer jonno Onek kiso koresen so i❤️mushfiq I love very mush.,mushfiq,FAVOR
5a7ae1fd2e8a3ac8,এমন ব্যবহার আশা করিনি তাই র কখন মুশফিক যেন অধিনায় না হয় ৷ অধিনায়ক হলে মুশফিক চাপ নিতে পারেনা ৷,mushfiq,FAVOR
3190fbed404c177b,লজ্জাজনক জাতির কাছে মুশফিকুর রহিমের ক্ষমা চাওয়া উচিত এমনকি মাসুম এবং মাসুমের পরিবারের কাছে ক্ষমা চাওয়া উচিত হয়তো তাকে জাতীয় দল থেকে বহিষ্কার করা উচিত,mushfiq,AGAINST
23213a4201dd09e9,মুশফিকের কাছ থেকে জাতি এরকম আচরণ আশা করেনা। তাই মুশফিকুর রহিমের উচিত সংবাদ সম্মেলনের মাধ্যমে নাসুম এর কাছে ক্ষমা চাওয়া,mushfiq,AGAINST
b622602472931e32,এর কারণ মুশফিক এর খেলা যেদিন থেকে দেখি ও খারাপ আচরণ করে আচ্ছে আপনে আমার সাথে কথা বল্লে বুঝবেন ভাই,mushfiq,AGAINST
c5e0e87c865ef62d,সবই ভিউয়ের জন্য করা ভিডিও ভাই।বিজনেস পলিসি ভালোই।এখানে হুদাই যে এতো জ্ঞান দিতেছেন মুশফিক ভাইয়ের দিক থেকেও কি একবার ভেবে দেখেছেন?মুশি ভাইয়ের সাথে কথা বলে কনফার্ম করে কি আপনি এই ভিডিও করছেন?অন্যের দিকটা না চিন্তা করে ট্রেন্ডিং বিষয় নিয়ে কিছু উলটা পালটা নিউজ বানানোই যে আপনাদের আসল কাজ সেটাই বারবার প্রমাণ করেন।Grow up ভাই।,mushfiq,FAVOR
eaab7233321ac178,মুশফিক ভাই আসলে এরকম না হয়তো কোনো দুর্ঘটনার শিকার হয়ে এই ভুলটা তিনি করেছে তাই সবাই মুশফিক ভাইকে ক্ষমার চোখে দেখবেন,mushfiq,AGAINST
c0f8e4e27fea18dd,"নোমান ভাই যতো যাই বলেন, মুশফিকের এই আচরণ মেনে নিতে পারলাম না।এই খেলা ছোট বড় সবাই দেখছে এটা প্রত্যের মাঝে প্রভাব ফেলবে,কারণ সে একজন নামকরা খেলোয়াড়।তাকে দেখে সবাই শিক্ষা নেয় কিন্তু আজকে এতে করে কি হলো?",mushfiq,NEUTRAL
807e38c004db98b9,মুশফিকের এমন আচরন করা ঠিক হয় নাই তাও আবার দুইবার,mushfiq,NEUTRAL
efffcfad213fe555,"মুশফিকে এ জন্য বড় ধরনের শাস্তি দেয়া উচিত,,,আমি মনে করি তাকে এই টুনামেন্ট থেকে বাদ দেয়া হোক,,,তাহলে জুনিয়র প্লেয়াররা ভালো শিক্ষা পাবে।",mushfiq,FAVOR
11f7abccb9883c29,"ভাই আপনি হয়তো লক্ষ্য করেননি যে মুশফিক এক পর্যায়ে হেলমেট ছাড়াই কিপিং করতে শুরু করেন, উত্তেজনাটা সেই পর্যায়েরই ছিল!! আর বদনাম করলেন শুধু, কিন্তু পিঠে যে সাথে সাথেই হাত বুলিয়ে দিলেন সেটা আর বল্লেন না!! আপনাদের জন্যই বিভেদ সৃষ্টি হয়!!",mushfiq,NEUTRAL
6010697cb62ca020,আমি মুশফিকে ভালো বাসি এখন থেকে না ওরে এখন থেকে ঘিনা করি,mushfiq,FAVOR
cf4a844c7d6eda20,মুশফিকের এমন ভঙ্গি করাটা ঠিক হয় নাই তবে ক্রিকেট এমন হয়ে থাকে মুশফিক ভাইকে বলব এটা নিয়ে দুইজনের লাইভে আসুন এবং দর্শকদের একটু জানিয়ে দিন কি ঘটেছিল আপনাদের মধ্যে,mushfiq,NEUTRAL
864b52f842a222ba,Mushfiq brought a lot of shame to BD in the World stage with his Stupid Nagin Dance. He should have been reprimanded then so he never does these sort of stuff again. Shameful,mushfiq,AGAINST
ecfdb86348a6fe0a,নোমান ভাই আপনার সব বিষয়ে একমত থাকলেও এই বিষয়ে আমি একমত থাকতে পারতেছি না... আমার মনে হয় মুশফিকুর রহিম কে পাকিস্তানে যাওয়া উচিত,mushfiq,NEUTRAL
c8fdc54f4e415fcd,Bro.... according to ur logic Mushfiqur shouldn’t play any further match for Bangladesh coz every time he score a good innings people will blame him for loosing against Pakistan!!!! What a lame logic!!!! Mushfiqur said clearly that if he gets any confidence about security in Pakistan he will definitely play in Pakistan in future. So now it’s totally up to him wether he confident or not. Pls #stopbloodyyellowjournalism,mushfiq,NEUTRAL
3d5bd5cbfa9e7e39,Sottikarer hard worker mushfiqur Rahim. Apnar Moto journalist dorkar aro. Cricket board ER aro dayitto newa uchit...,mushfiq,NEUTRAL
0c783b46690f2686,Fahim Imtiaz Bro u r right but for this series BCB leave an option for every cricketer whether they wants to play or not. And Mushfiqur take that opportunity legally. Nothing wrong with that. But now it’s up to him. If now he is confident about security protocols in Pakistan he can change his mind. End of the day BCB leave it on his decision,mushfiq,FAVOR
039c266a4aba26e8,"আপনি সবকিছু ঘোলা করেন কেনো.... ওনাদের সিদ্ধান্ত ভুল হতে পারে....কিন্তু দেশের ক্রিকেটের স্বার্থে তারা সেটা দেখবে.সিদ্ধান্ত ভিতরে ভিতরে বদলাতে পারে... আর আপনি মুশফিক ভাই কে নিয়ে অনেক ভাবছেন...আপনার কথা অনেক গভীর...আপনার চিন্তা ভাবনা একটু কড়া হলেও ভালো...আর আপনি বাংলাদেশের ক্রিকেট নিয়ে অনেক ভাবেন,এটা আমার ভালো লাগে 😍😍",mushfiq,FAVOR
2af24bba4584155c,"ভাই এইখানে একটা পশ্ন আমার মুশফিক দেশের কথা চিন্তা করেন নাই,,,এই টা আমার দুঃখু",mushfiq,NEUTRAL
e819946a64f4edec,Vai Mushfiq k nijer chinta nij korte den .... if he goes to Pakistan oita ki bd team ar jonno Valo naki kharap ..... apni illogical kotha bolben na pls,mushfiq,NEUTRAL
2dcb038f7e47a33d,"Mushfiq should go to Pakistan or else board should take action against him because this drama is getting more worse now. Mushfiq has to play for Bangladesh in Karachi test as we need him badly there!! No excuses, no shitty traps nothing.",mushfiq,AGAINST
c1de5656f4fbcecd,"মোমিনুলও তো একই কথা বললো যে সে মুশফিককে দেখতে চায় পাকিস্তানে। মুশফিক তার সিদ্বান্ত জানিয়ে দেয়ার পরে মোমিনুল এমন কথা ক্যাপ্টেন হিসাবে কিভাবে বলে? মোমিনুল একটা টেস্ট টিমের ক্যাপ্টেন, মানতে কষ্ট হয়।",mushfiq,NEUTRAL
17863ba7cb70b9c5,Mushfiqur Rahim clearly told earlier that if he gets any confidence about security in Pakistan then he will definitely play in Pakistan in future. So don't spread hatred and misinformation. This is very poor and harming journalism from a senior Reporter like you.,mushfiq,AGAINST
b023d14a43b0414e,"Bhai, manush to criticize emni o korbe Omni o korbe. Eikhane ki Mushfiqur Rahim er moto akjon legendary player er kichu asha ba jawa uhcit? he's the best batsman in the squad right now.",mushfiq,FAVOR
f9eb95a385c1ce64,@sohelprodan7656 ভাই আমি খেলার পাগলা সাপোর্টার আমি ও চাই মুশফিক সব ম্যচ খেলুক বাট সে মানসিক চাপের জন্য যেতে চাচ্ছে না তাই বলছি,mushfiq,NEUTRAL
409b2918826f25fb,Mushfiqur Rahim is the best batsman of 🇧🇩 still now,mushfiq,FAVOR
4926edd8ae7f6818,মুশফিক ভাই আমাদের বগুড়ার গর্ব ❤ মুশফিক ভাইয়ের হাসি দেখলেই মনটা ভালো হয়ে যায়।😊,mushfiq,FAVOR
2c241160fb97036c,mushfiqur rahim i love you apnir fn apnir sat dhak kortay cai,mushfiq,FAVOR
ae2fcfaad166c091,"বরাবর বাংলাদেশের বিশ্বাসযোগ্য ব্যাটসম্যান মুশফিকুর রহিম,, আমরা চাই সম্মানের সাথে অবসর নিক,, ,,",mushfiq,AGAINST
18ce9d5c7f6c0c01,মাহমুল্লাহ মুশফিক নয় শান্তর অবসর নেওয়া উচিত।,mushfiq,AGAINST
1f6a0dff69390f38,নেগেটিভ এবং পজেটিভ দুটি সাইড আমি মনে করি মুশফিক এবং মাহামুদউল্লাহ এর আগে ভালো একটা ম্যাচ খেলে আবসর যাওয়া টাই ভাল ছিল তা না হলে যে সম্মান রচনা করেছিল সমালোচনা শিকার হয়ে সেটা ও হরাবে বলে আমি মনে করি ❤❤❤❤,mushfiq,FAVOR
fbce6eb4303ccdb2,মুশফিক এ দেশের আইকন ওর কাজ থেকে অনেক কিছু শেখার আছে তরুণ রা শিক্ষা পারেন,mushfiq,NEUTRAL
58240ba0e6aff3dd,মুশফিকুর রহিমের কপাল টা আসলেয় ভালো দেশের ১ ম ডাবল মুশফিক এবং দেশের ১ ম ৫ হাজার রান করা মুশফিক ❣️❣️,mushfiq,FAVOR
b71685ddeefe13e6,"মুশফিক ৪০ বছর বয়স প্রয়োজন্ত টেস্ট খেলুক, এটাই সবার চাওয়া উচিত।",mushfiq,NEUTRAL
c59636e0779d26ad,"নিঃসন্দেহে মুশফিক ভালো ক্রিকেটার,,, নতুন এরা এদের কাছে পর্যন্ত আসতে অনেক সময় লাগবে",mushfiq,FAVOR
78d42d676254b668,মুশফিককে কি টি টোয়েন্টি দলে খুব দরকার???,mushfiq,NEUTRAL
a7032bf4858124b4,ডুব নাটক টি সেরা লেগেছে সত্যি বলছি এককথায় অসাধারণ সুন্দর লাগছে। বাস্তব জীবনের চিত্র তুলে ধরা হয়েছে। গল্প টা অনেক সুন্দর লাগছে। শেষের দেখে চোখে পানি চলে আসছে। এইরকম নাটক দেওয়ার জন্য পরিচালক কে ধন্যবাদ। মুশফিক আর ফারহান ভাইয়ার এই নাটক ও অভিনয়ের জন্য পুরস্কার পাওয়ার যোগ্যতা রাখে। এই নাটকের দ্বিতীয় পাট চাই প্লিজ। সেরা জুটি মুশফিক আর ফারহান কেয়া পায়েল। বাংলাদেশের কিং মুশফিক আর ফারহান ভাইয়া। অভিনয় জগতের রাজা ফারহান ভাইয়া। আপনার অভিনয়ের কোনো তুলনা হয় না। ❤❤❤❤❤❤❤❤❤❤❤❤❤❤❤❤❤❤❤💯👍,mushfiq,NEUTRAL
bc0a0e482f636abe,মুশফিক আর ফারহান / কেয়া পায়েল জুটির 100 ভক্ত দেখতে চাই,mushfiq,NEUTRAL
94b61cae49c69351,মুশফিক ফারহান ভাইয়া কেয়া পায়েল আপুর সাথে খুব ভালো মানায়❤❤❤❤❤❤❤❤❤❤😊😊😊😊😊😊😊 কে কে আমার সাথে একমত তাদের সবাইকে দেখতে চাই,mushfiq,FAVOR
9a18efd89f9748ce,এই ঈদের আমার দেখা এখন পর্যন্ত সেরা নাটক এইটা আর মুশফিক আর ফারহান ও কেয়া পায়েল খুব ভালো জুটি নাটক টা আমার কাছে ভালো লেগেছে আপনাদে কেমন লাগলো❤❤,mushfiq,FAVOR
55fbc7dd12a0e47c,"মুশফিকুর ফারহানের নাটকে এমন জায়গায় আঘাত করে না, জন্ম জন্ম স্মৃতি ধরে রাখার একটি ডকুমেন্ট ধরে রাখার মত 😢😢😢😢😢😢😢😢😢",mushfiq,NEUTRAL
25a8183b4cb9d6dd,"মুশফিক কিন্তু ভাই একসময় ভালোই খেলতো,এক সময় তাকে বাংলাদেশের রান ম্যাশিন বলা হতো,কিন্তু কেউ কি ইচ্ছে করে খারাপ খেলে😀😀 সে এখনও তার সর্বচ্চ দিয়ে চেষ্টা করছে",mushfiq,FAVOR
11580837f0dd799f,U bal Musfiq has no form for T 20,mushfiq,NEUTRAL
a4d293bdcefe3f67,Onek match a bipoda dol ka yanacha ai musfiq.....kintu sob baiman vhula galo......,mushfiq,NEUTRAL
309559897247b029,"Yes, we need Musfiq in team for 1 day and Test but not for T 20. Mind it T 20 is not old man's game.",mushfiq,NEUTRAL
6a142114c63561a2,"সময় থাকতে বা সম্মান থাকতে অবসর না নিলে শেষ সময় এসে এইরকম ভাবে কাঁদতে হয়... অন্যান্য দেশে মুশফিকের বয়সের কয়জন খেলতেছে এখন মনে হয়, উনার বয়সের কাউকে দেখা যাবে এখন",mushfiq,AGAINST
ca07d5814d6a3211,"মুশফিক না হয় গেল, এখন কি হবে বাংলাদেশ কি সব খেলায় জিতবে- -?",mushfiq,NEUTRAL
559bef36fb6a40a1,আজীবন বিসিবির সভাপতি পাপন কাকু কে মুশফিকের জায়গায় দেখতে চাই,mushfiq,NEUTRAL
245f411a21c357c5,না।।মুশফিক দলে থাক একে একে সব সিনিয়র খেলোয়াড় যদি এভাবে অভিমান করে চলে যায় তাহলে কি বাংলাদেশ হেরে যাওয়া ম্যাচ জিতে যাবে না।।দুই একটা ম্যাচ খারাপ হতেই পারে তাই বলা অবসর নিতে হবে 😢😢😢,mushfiq,AGAINST
cbe30816d528e55e,নিঃসন্দেহে মুশফিক ভালো ব্যাটসম্যান বিশেষ করে টেস্ট ও ওয়ানডে কিন্তু টি-টোয়েন্টি জন্য নয় তার আরো আগে অবসর নেওয়া উচিত ছিল....,mushfiq,FAVOR
dde4339c0234ddfb,মুশফিকের ব্যাটিং ও করতে পারে না কিপিং ও ভালো পারে না,mushfiq,FAVOR
6b8d49492f0fbda8,Musfiq U must retire from T 20 right now. Because u no good for T 20 now. Ur keeping also not good at present. If u retired from T20 1 year back that would be better for Bangladesh cricket team.,mushfiq,NEUTRAL
e24225f4f0e31097,Mushfiqur rahim আসলে t 20থেকে অবসর নিলে বাংলাদেশের জন্য খারাপ খবর কারন একটা প্লেইয়ারের সবসময় ভালো টাইম আসে না এখন কিছু সিনিয়র প্লেয়ার আছে দলে এই জন্য বাংলাদেশ ভালো টিমের সাথে লরাই করার খমতা রাখে আর mushfiqur দের মত man t 20 te na khele tahole bangladesh ar ato anek pharaohs abostha hobe kono match a Jodi Boro kono,mushfiq,NEUTRAL
1d55e01f53e5e536,মুশফিক অবসর নেওয়াতে যতটুকু ক্ষতি হয়েছে তার থেকে বেশি লাভ হবে বলে আশা করছি কারণ তার জায়গায় অন্য আরেকজন তরুণ ক্রিকেটার সুযোগ পাবে,mushfiq,AGAINST
29229f762fd8cba4,ভালো প্লেয়ার না পেয়ে মুশফিকুর রহিমকে বাদ দেওয়া ঠিক না কারণ মুশফিকুর রহিমের জায়গা পূরণ করবে এরকম খেলোয়াড় বাংলাদেশ দলে এখনো তৈরি হয়নি কোচ পাল্টানো দরকার বাংলাদেশ দলের কোচ হিসাবে হোয়াটমোরকে দরকার কারণ তার সময়ে বাংলাদেশ দলে অনেক প্রতিভাবান পিলিয়ার বের হয়েছে আর তারা আজও পর্যন্ত টিকে আছে তাই আবারও কোচ হিসাবে হোয়াটমোরকে দরকার দরকার,mushfiq,FAVOR
6d2d155a3126d430,মুশফিকুর রহিম বুড়া হয়ে গেছে অবসর নিয়েছে ভালো হয়েছে T20 তে বুড়া খেলোয়াড় চলে না,mushfiq,FAVOR
71bd6a87a066500a,"My dear Mushfiq Bhai , I have suffered a lot in your behavior. Hope you learn from mistakes Love you bro",mushfiq,FAVOR
4a23358111271c0d,ধন্যবাদ মুশফিক। আমি এমনটাই আশা করেছিলাম। কারণ গতকালকের আচরণ দেখে আমার মনে হয়েছিল এটা সত্যিকারের মুশফিক নন। আজ ক্ষমা চাওয়া দেখে তাই খুব খুশি হলাম। কারণ ভুল করে অনুতপ্ত হওয়া আর ক্ষমা চাওয়াই মহত মানুষের লক্ষণ। সামাজিক যোগাযোগ মাধ্যমে এ বিষয়ে নেতিবাচক প্রচারণা দেখে খুব খারাপ লেগেছে। আল্লাহ সবাইকে হেদায়েত করুন।,mushfiq,AGAINST
507a7393f492d8ca,Musfiqur rahim ato determine tar joine 150 defend korte parse! Love u musfiqur rahim,mushfiq,FAVOR
115dd291652fb351,আমার মনে হয় মুশফিক ভাই অকে অনেক বেশি ভালো বাসে,mushfiq,FAVOR
89108dfa2a747db5,"এটা একধরনের মুশফিকের ট্রিটমেন্ট ছিল, অতঃএব ট্রিটমেন্ট করলে একটু একটু ব্যথা লাগতে পারে, মুশফিকের শাসনব্যবস্থা খুবই ভালো ক্রিকেটে।",mushfiq,FAVOR
c7ac1361919ca305,"শুধু নেশায় মদ্দ থাকলে এমন কাজ করা সম্ভব,, একজন অধিনায়ক শুধু মুশফিক নয় পৃথিবীর অনেক দেশ এিকেট খেলে আমরাও দেখি,, কোন অধিনায়ক এমন আচরন করতে পারেনা,,,",mushfiq,FAVOR
603eec95ad15d3e9,"right. Mushfiqur rahim tar excitement, dedication thakai amonta korsa.",mushfiq,FAVOR
0a7313f5a24f92de,"মুশফিক ভাই ভালো একজন মানুষ, তার পর ও বলবো এ কাজটা ঠিক হয়নি",mushfiq,FAVOR
20564a231066e81a,কোথায় দেখেছেন জুনিয়র খেলোয়াড়কে সিনিয়র খেলোয়াড় মারতে যেতে?? মুশফিক তো কতো ভুল করেছে কই তার সময়ের সিনিয়ররা তো তাকে মারতে যায় নি। তার ভুলের জন্য দেশ অনেক বার হেরেছে।,mushfiq,AGAINST
f5a3301953186030,"একবার ভুল করলে মানা যেত বার বার ভুল করা শয়তানের ভাই,, কেচ টা তো মুশফিকের ছিলোনা অযথা বেয়াদবি করলো,,মনে নেশা করে খেলতে নেমেছে সঠিক বাবে যাচাই করা দরকার",mushfiq,AGAINST
a43615b589d4c8e8,"মুশফিক যে এই ধরনের আচরণ করতে পারে সেটা আগে জানা ছিলোনা, এর জন্য B.C.B এর কঠিন পদক্ষেপ নেয়া উচিৎ সেটা মুশফিক বা অন্য যে কেউ হলেও....!!!",mushfiq,NEUTRAL
8e475c4ab085f435,"আপনার স্কোর বোর্ডে যদি রান থাকে কম,ম্যাচ যদি হয় খুবই গুরুত্বপূর্ণ। এ অবস্থায় যদি কোন কারণে কারো জন্য ক্যাচ মিচ হওয়ার উপক্রম হয় তখন মেজাজ হারানো অসম্ভব কিছু নয়।সে ও রক্তমাংসের মানুষ।আর আমরা ভালো করে জানি, মুশফিকের খেলার প্রতি মনোযোগ, ভালোবাসা, অনুভূতি কতখানি।আর আমরা সাংবাদিকেরা পারি ও।আগে বাংলাদেশের সাংবাদিকেরা এমন ছিলনা।ইদানীং তারা মনে হয় ভারতীয় সাংবাদিকদের ফলো করতেছে।",mushfiq,FAVOR
e1cc5bcdc5863c15,"মুশফিক ভালো মানুষ,,,,,আশা করি নাসুমের কাছে ক্ষমা চাইবে",mushfiq,FAVOR
f78e84f460db6c0f,"আমি মুশফিকের একজন বড় ভক্ত,,,, মুশফিকের এমন ব্যবহার দেখে আমার মতো আরও অনেক ভক্তই এই বিষয়টা ভালো ভাবে নিতে পারে নাই,,,,আমরা কখনোই মুশফিকের কাছে এমনটা আশা করি নাই,,,,সিনিয়ররা জুনিয়রদের সাথে এমনটা করলে বাংলাদেশের ভবিষ্যত উন্নতি হবে না,,,",mushfiq,FAVOR
c68a4bcd77846e7f,জাতীয় দলের প্লেয়ার বলে সম্মান করল না ওকে এইসব কোন ক্রিকেটার হল মুশফিক টুস্পিক,mushfiq,NEUTRAL
cf4cf158e7d0ae1b,eta professional player er moto conduct na.other country er player der modhe ke senior ke junior sheta bojha zay na.khelar mathe erokom senior junior folanota ekmatro bd national team er khetrey dekte pay.mushfiq zokhon junior chilo tokhon to niomito ek onker ran kore out hoto! e dhoroner culture professional cricket theke bad dite hobe.,mushfiq,AGAINST
fbec5dae3016f95e,I love musi💗💗💗💗 মুশফিক ফ্যান লাইক হবে...!!,mushfiq,FAVOR
c2fb30564c7ea39e,BCB কথাটা বলছিলো মুশফিকের রিভার্স সুইপ খেলে আউট হয় এজন্য।,mushfiq,NEUTRAL
94e2e0592d3db679,ও পাগল।মুশফিকের জন‍্য অনেক ম‍্যাচ নস্ট হইছিল?,mushfiq,NEUTRAL
d950aa2237428638,"musfiq is the best player, my favourite player...",mushfiq,FAVOR
c5cf02175eae64d7,"মানুষ মাত্রই ভুল,,,, তাছাড়া মুশফিক এর আগে এর চেয়ে অনেক ভালো কিপিং করছে",mushfiq,FAVOR
dde43a09af8ac529,মুশফিকের দুইটাই ছিল বড় ভুল। একটা তার নিজের রান আউট সেখানে রান হওয়ার কথা ছিল না। তার পরেও রান নিতে গিয়ে আউট হয়। এরপরে আবার ফিল্ডিংয়ে এসে দ্বিতীয় ভোল্টার করে ম্যাচটাকে হার মানতে হয়েছে,mushfiq,AGAINST
78e88cddbcd77042,Dhoni o vul krto but oi akdin world cup dlo India k... R Musfiq sra team kmn ta bla lgbe na.. So vul val blbn na,mushfiq,NEUTRAL
52c8ddaf1b17e50a,"I just can't imagine what are we? Why are we so selfish? When musfiq don't need mental support we give him. But when he need it we don't give. Now is the time when we should give him mental support at that time what are we doing we are giving him mental pressure. And it be very dangerous for him, and for his game. But we don't understand it. We just thing that players are supermans they can't make mistakes. Seriously just WHAT WE ARE ? HOW SELFISH WE ARE? JUST NOTHING TO SAY ABOUT OUR COUNTRY PEOPLE. Just when the players make a little mistake , then forget all the sufferings of them for us. Seriously, that we are😧😧😧😧",mushfiq,NEUTRAL
948d035c0850cfb4,Dr. Musfiq rahim is the best player,mushfiq,FAVOR
97ef10b12bcb74a1,মুশফিক অসাধারণ প্লেয়ার......ইনশাল্লাহ তার অপফর্ম কাটিয়ে ফিরে আসতে সময় লাগবে না...,mushfiq,NEUTRAL
5cb735345e6471ab,Shobay shob format khelte pare na mushfiq t20 vlo khelte pare na t20 power hitting korte hoy Kom ball beshi run korte hoy dot khela Jay na test moto. Mushfiq auto choice khele,mushfiq,NEUTRAL
3e9a745a3ab37797,আপনারা আছেন বলে কেউ অবসরে যাওয়ার সময় না হলেও যেতে হয়।😃 মুশফিক কি ভাববেন কিপিং এর মতো ব্যাটিং নিয়ে এর মানে কি আপনি চান মুশফিক T20 ছেড়ে দিক?😭 নাকি আপনার নিউজ করার পিছনে ইশারার খেলা?😜,mushfiq,AGAINST
e26fd3e8c297437c,মুশফিকের বিকল্প হাজার বছরেরও হবে না! মুশফিক এটাই হয়!,mushfiq,NEUTRAL
2986add6f16c155d,"@golamrahman5113 musfiq shudu mirpur, Zimbabwe r odi motamoti pare.",mushfiq,NEUTRAL
2a8c935c731a91c4,Poriborton howa uchit chilo nirbachok panel e but durvaggojonok Mushfiq er moto player ke T20 theke bad dilo & oder guts o nai directly bolar.,mushfiq,AGAINST
c92784fa1525a922,Director ra keu bat porlo no... Afif nurul rau no. Coaching stuff o no . Ojoggo selector rau no.. othoso jara bd cricket k agaya nise ai obosthay asen tader k bat dilen.. akta musfiq bd cricket pete 12 yrs lgeche.. jkhn a shoiab malik der performance charau tara team a.. bd cricket near to Zimbabwe,mushfiq,NEUTRAL
cb1dd7d3a7736a4d,মুশফিককে স্বসম্মানে রিটায়ার করার সুযোগ দেয়া উচিত ছিলো।।।,mushfiq,NEUTRAL
46a9be8652e96907,Koii musfiq r koii ki board Pagol hoia gece..,mushfiq,NEUTRAL
c66e45990fa995c8,"Mushfiq ke bad deya !!!!!!! Bangladesh er hoye jodi se 2 bochor o kharap o khele ,,, tarpor o Mushfiq Ke team e rakha uchit…. Mushfiq holo team er Virat Kholi",mushfiq,AGAINST
f54788e13797b7b6,@ahnaffaravi5365 t20 তে কে এমন বাংলাদেশের ভালো খেলোয়াড়। কার আবার ধারাবাহিকতা খুব বেশি? মুশফিক সেই তুলনায় অনেক ভাল,mushfiq,FAVOR
7c3f0e9cd32afe14,ভাই মুশফিক ফর্ম এ নাই গত কয়েক বছর ধরে।টি টিয়েন্টি তে বাজে এভারেজ নাই কোন ভাল ইনিংস লাস্ট কয়েক বছরে।কেন তারে দলে রাখবে?আর অফ ফর্ম জাতীয় দলে খেলে ঠিক করে কই শিখছেন কই দেখছেন এইটা?তার দলে জায়গ হারানো তার প্রাপ্য ছিল,mushfiq,NEUTRAL
8e3eec740ccbf900,"Rest means rest, eta niye eto jol ghola korar kono mane hoina. I think Bangladesh is filled with all pakna sports journalists now. Hope Mushfiq and Liton will do good in test matches which is more important in this series.",mushfiq,NEUTRAL
3980a0227a79efd1,যারা মুশফিককে পাকিস্তানের সঙ্গে টি-টোয়েন্টি সিরিজ থেকে বাদ দিয়েছে ভারতের সঙ্গে বাংলাদেশের প্রথম যে টি-টোয়েন্টি ম্যাচটি জিতে ছিল সেই ম্যাচটি নায়ক ছিল মুশফিকুর রহিম বা নিদাহাস ট্রফিতে 214 রানে চেঞ্জ করে যে ম্যাচটা বাংলাদেশ জিতেছিল সেই ম্যাচটি নায়ক হয়েছিল মুশফিকুর রহিম,mushfiq,AGAINST
6c415c1c358ee59b,Without musfiqur rahim bangladesh can't play internationall cricket,mushfiq,NEUTRAL
fd33da2cfa0e47c7,"মুশফিকুর রহিমকে বিশ্রাম / বাদ যাই দিক, আমার মতে সঠিক সিদ্ধান্ত। টি ২০ দলের পরিকল্পনা থেকে মুশফিককে দূরে রাখা উচিত।",mushfiq,AGAINST
236ce02afd13e02e,Aynata dekhuk dine 6bar akhn mushfiq . ....Valo hoese,mushfiq,FAVOR
391f697979d97263,সামনের টেস্ট সিরিজে ভালো কিছু করা এবং বিশ্বকাপের বাজে পারফরম্যান্স এর ট্রমা থেকে বের হওয়ার জন্য মুশফিকের একটা ব্রেক দরকার ছিল। সবকিছুকে ইস্যু না বানিয়ে সাংবাদিক ভাইদের আরেকটু পজিটিভ দৃষ্টিভঙ্গি নিয়ে রিপোর্ট করা উচিত।,mushfiq,NEUTRAL
2072a2d1e4d4e477,"You are not fit to talk to media,so study protocol and seek apology to media and fans: msg for mushfiq and don't be arrogant and don't hurt any one, please !",mushfiq,AGAINST
2ba9138e018e5f7e,মুশফিক একজন ভালো প্লেয়ার কিন্তু খারাপ লাগে যখন উনি বাজে শট খেলে আউট হোন। ওনার T20 পারফর্ম যেমন তার জন্য তাকে বাদ দিলে অবাক হওয়ার কিছুই নেই। 19 এভারেজ এ রান করেছেন তিনি।,mushfiq,AGAINST
d641c8c855c40a49,মাশাআল্লাহ। ❤ বিশ্বাস হচ্ছেনা এত ছোট বয়সে এত mature voice আমাদের বাংলাদেশের কোনো ছেলের হতে পারে! অনেক অনেক দোয়া ও ভালোবাসা মুশফিকুর রহমান ❤️,mushfiq,FAVOR
9cfc6322326346fc,মুশফিকের কন্ঠে কোরআন তেলাওয়াত আমার এত ভালো লাগে শুনতে বারবার মন চায় যে শুনতে মাশাল্লাহ জাযাকাল্লাহ খায়ের আল্লাহ রাব্বুল আলামীন মুশফিকের হায়াত বাড়িয়ে দিক❤❤❤❤❤ লাভ ইউ কোরআন,mushfiq,FAVOR
89b757157eb5ed24,I'm from India 🇮🇳 but mushfiqur voice love is mashaallah ❤️,mushfiq,FAVOR
089062e8ee258034,Mashallah Estate of Iran beautiful organisation Holy Quran. Bangladeshi people also respect Iran people. I am a paroud mushfiq is a Bangladeshi. Holy Quran is a good friend in the world.,mushfiq,FAVOR
c83bfb6d198ce9f2,মাশা আল্লাহ মুশফিকের তিলাওয়াতটি যতবার শুনি ততবার শুনতে মনে চায় আল্লাহ যেন তাহাকে বড় একজন আলিম এবং দ্বীনের খেদমতের জন্য কবুল করেন (আল্লাহুম্মা আমিন),mushfiq,NEUTRAL
22e63c84c5db26a7,"মুশফিক আমার গ্রামের, আলহামদুলিল্লাহ এমন একজন আছে আমার এলাকায়, এতে গর্ববোধ হয়।",mushfiq,FAVOR
240e78a22c4b3484,65 জেলা থেকে শুধু মুশফিক R ফারহান ভাইয়ের ভক্তদের দেখতে চাই 💕💕💕,mushfiq,NEUTRAL
b010966dec286025,ভালো লাগার প্রোডাকশন। অসম্ভব রকমের বিনোদন পেয়েছি। তোমাদের অসংখ্য ধন্যবাদ। মুশফিক ভাই খুব চমৎকার পারফরমেন্স।,mushfiq,FAVOR
ae3bbb104c905dee,"মুশফিক ভাই, তুমি যা দেখাইতাচো প্রত্যেকটা নাটকই অস্থির! মিউট হইলেও 'কিউট'😘",mushfiq,NEUTRAL
1763f219c195e7a9,Dropping mushfiq for sohan was a horrible decision. Mushfiq is match winner,mushfiq,NEUTRAL
17f226096bd73609,বড় ম্যাচে মুশফিকের এই ধরনের ভুল প্রায়ই হয়ে থেকে হোক সেটে বিপিএল বা জাতীয় দলের ম্যাচ একজন সিনিয়র ক্রিকেটার এর কাছে এরকম ভুল মেনে নিতে কষ্ট হয়,mushfiq,AGAINST
be5a3b3a2c3d64ec,আমাকে একটা মুশফিক দেও আমি তুমাকে গুরার আন্ডা দিবো। যেটা সিলেট বাসি বাজা করে খাবে। এবং আজকে খাইছে,mushfiq,NEUTRAL
db5b5b820ab87603,মুশফিক আর ফারহান ও কেয়া পায়েল এই দুজনার অভিনয় আসলেই অসাধারণ এই দুজনার অভিনয় আমার কাছে অনেক ভালো লাগে,mushfiq,FAVOR
1e211369cb98d374,Musfiq r farhan bhai You are very talented actor in Bangladesh Love from India🇮🇳🇮🇳🇮🇳,mushfiq,FAVOR
c9f61e6c066923db,বর্তমানের বাংলা নাটকের সেরা জুটি..মুশফিক ফারহান ও কেয়া পায়েল....,mushfiq,FAVOR
9f9ccfabce742988,"মুশফিক ফারহান ভাইয়ের নাটক মানেই অসাধারণ ,, তার নাটকে হাসি কান্না সবকিছুই আছে।।",mushfiq,NEUTRAL
49759d091db58317,সত্যি সত্যি যত মুশফিক আর পায়েল আপুর নাটক দেখছি ততই ভালো লাগছে।মুশফিক ভাই একজন সত্যিকারের অভিনেতা,mushfiq,FAVOR
a5dd1befd8137d46,মুশফিক আর ফারহানের নাটক যতো দেখি ততই দেখতে ভালো লাগে। সবাইকে অগ্রিম ঈদ মোবারক,mushfiq,FAVOR
dc2762b7436f14d9,মুশফিক আর ফারহান ভাইয়া মানেই আগুন এককথায় অসাধারন একটা মজার ও রোমান্টিক নাটক অনেক অনেক ভালো লাগল। নাটকটি দেখে হাসতে হাসতে পেট ব‍্যাথা হয়ে গেছে। ফারহান ভাইয়াকে আমার খুব ভালো লাগে ভাইয়াকে যত দেখি ততই যেনো কম দেখা মনে হয়। বাংলা নাটকের সেরা জুটি মুশফিক আর ফারহান কেয়া পায়েল। my crush Farhan I love you. ❤❤❤❤❤❤❤❤❤❤❤❤❤❤❤❤❤❤❤❤❤❤❤❤❤🌹👌👍🤘💯💖💖💖💖💖💖💖💖💖💖💖💖💖💖,mushfiq,FAVOR
44410c465de02353,Marte gelo mane ki..😠Mushfiq vai shudhu protibad krse..Mshfq amn beyadop player na but apni amn vabe boltasen j apnk kew gali dile apni mone hoy take salam diye chole ashen..★Jottoshob!! 👎,mushfiq,AGAINST
bab3c73caaf625d7,ভাই আমিও মুশফিক এর ভক্ত । কিন্তু এখন তার #কিপারের দায়িত্ব ছেরে দেওয়া উচিত। এখন তার বয়স বাড়ছে। অনেক ক্ষেত্রেই দেখা যায় তার মুভমেন্ট #স্লো আগের চেয়ে ।,mushfiq,NEUTRAL
9375e792775442f1,@abdurrahmanrony2871 Mushfiqur Rahim valo batsman. Bangladesh ka onak mach jitaisa.,mushfiq,FAVOR
5169587003c4b774,"নাহ,,,,,,,,,মুশফিকের উচিত এখন শুধু ব্যাটসম্যান হিসেবে খেলা। লিটনকে পার্মানেন্টলি কিপিং করানো উচিত।",mushfiq,NEUTRAL
6241447e2f38803e,"bujlam na,,catch miss korlei ki mushfiq er hat betha suru hye jay nki/? ato ojuhat r vallage na",mushfiq,NEUTRAL
8ddb71ba20ab6438,খারাপ লাগলেও মুশফিককে উইকেট কিপিং ছাড়া উচিত,mushfiq,AGAINST
2393342119b0259a,"মানি আংগুল লাগছে বল, ব্যাথাও পাইছে তাও কিপিং ধরে বসে আছে। মুশফিকের কিছু বিষয় আমার খারাপ লাগে বেশি",mushfiq,AGAINST
517188c8c383626e,মুশফিকের কিপিং টা খুবই বাজে ছিল। তার কিপিং ছেড়ে দেয়া উচিত,mushfiq,AGAINST
72a73e316d9e921a,আমাদের প্রব্লেম অন্য দেশ বাজে খেললে সেটা নিয়েই সমালোচনা করতে। নিজের দেশ এর এই অবস্থা এখন মুশফিক এখন বাজে কিপিং করে। ওর জায়গায় অন্য কাউকে চিন্তা করা দরকার।,mushfiq,AGAINST
9bcebb04b84223ff,মুশফিক ভাইর ক্যাচ মিছ গড় হিসাব করে...ওনার এখই উইকেট কিপিং ছেরে দেওয়া প্রয়োজন...যদিও তিনি উইকেট কিপিং অনেক বেশি পছন্দ করেন,mushfiq,NEUTRAL
589125e489d537fa,ও আমার বালের কিপার অন‍্য দেশ গুলোর কিপার রা দুর্দান্ত সব ক‍্যাচ ধরে হারা ম‍্যাচ জিতিয়ে নেয় আর খাটো প্লেয়ার মুশফিক সহজ সহজ ক‍্যাচ মিস করে জিতা ম‍্যাচ হারিয়ে দেয় ও যদি কিপিং না ছাড়ে আমরা রাজপথে মিছিল করব এইছাগল যেন আর কিপিং না করে,mushfiq,NEUTRAL
6079e08ce5d8092c,মুশফিক কতটা ক্যাচ ছাড়ে তার হাইলাইট আছে কিন্তু মুশফিক কতটা ক্যাচ ধরেছে তার হাইলাইট কখনো দেখিয়েছেন ?,mushfiq,NEUTRAL
4008cf2678148e3c,"মুশফিক ইটের জবাব পাথর দিয়েছেন,সঠিক সময়ে উচিত জবাব। ধন্যবাদ মুশফিক",mushfiq,AGAINST
af0d8d0ad4f9f247,পাপন সাহেব কে জিজ্ঞেস করা উচিত মুশফিকের কি আসলেই কোনো বিকল্প আছে?,mushfiq,NEUTRAL
eb8536bb4f3686f5,"অনেক অনেক শুভকামনা রইল, তবে আজকে মুশফিক ভাই ভুল করেছেন। উচিৎ ছিল একপ্রান্তে দাড়িয়ে থেকে বাউন্ডারি হাকানো,সিংগেল রান নেওয়া উচিত হয়নি।",mushfiq,AGAINST
1588fc55a0711e80,ইনশাল্লাহ মুশফিকুর ভাই আশা করি ভালো খেলবেন,mushfiq,FAVOR
368a6cdbfec09c11,"মুশফিকুর রহিম কে আবার কিপিং দেওয়া হোক,আসা করি, কিপিং দিলে সে হয়তো ভালো খেলবে।",mushfiq,FAVOR
2ca754bdfafb1564,মুশফিক সব সময় আইসিসি ইভেন্ট এ ভালো খেলায় এই ভরসা আছে,mushfiq,FAVOR
f72f74d30020f46c,আপনিই বলেছেন উইকেট কিপার হিসেবে খললে মুশফিক T20 ভালো খেলে,mushfiq,FAVOR
dd32b878ce4cf4c7,মুশফিক ওয়ার্ল্ডকাপে ভালো খেলুক আমি চাই৷ তবে৷ তার t20. থেকে অবসর৷ নেওয়া উচিত,mushfiq,FAVOR
9e6550494ed30b01,মুশফিক t20র জন্য না। R তার মাঝে wk করবেন না । আমার মতে ওকে একাদশে নেয়া টা খুব খারাপ হবে।,mushfiq,AGAINST
ee75b1475b3df97c,কিপিং থেকে মুশফিকে সরিয়ে দেওয়ার প্রভাব পরেছে ব্যাটিংয়ে...,mushfiq,NEUTRAL
1f82ea15bf12fc36,Wicket keeping neyar por ami same kotha ta bolechilam … Mushfiq er batting valo hobena .. Mushfiq always bole se wicket keeping korle tar batting improve hoy but keu shune nai tar kotha ….,mushfiq,NEUTRAL
e19ffea94729328b,আমার মনে হয় মুশফিকুর রহিম টিমে জায়গা নিয়ে ও খুব চিন্তিত কারণ ভাল পারফরম্যান্স না করলে দল থেকে বাদ পড়ার সম্ভাবনা আছে। কারণ মুশফিকুর রহিম যে পজিশনে খেলেন এবং লোয়ার অর্ডারে পর্যাপ্ত পরিমাণ খেলোয়ার আছে।তাই তার কনফিডেন্স লেভেল খুব কম।,mushfiq,NEUTRAL
dce6c001ed40b10e,"apni ki boka naki? ekjon manush formless hoye jetei pare, by the way, amader desher shera batsman Mr.Dependable. emnei eto gobesona korar ki ase eta Musfiq vaiyer upor pressure pore jetaTamim vaiyer ketre hoyese!!",mushfiq,NEUTRAL
47fe9dc21ada67fd,Apni pagol. Team e Virat Kohli aslew Mushfiq bad porbe na. Ar apni Mosaddek Sohaner kotha bolsen😄😄😄,mushfiq,AGAINST
3294154458bd8c9a,ODI & Test e mushfiq thik ase. T20 te not only mushfiq bd er keu e pare na,mushfiq,NEUTRAL
47e8b96f4ac0d9c3,always Musfiqur rahim is s best player....,mushfiq,FAVOR
284cd0f75c5307e3,"টেনশনের কিছু নেই বড় দলের সাথে ভালো করবে বাংলাদেশ , আর মুশফিকের বিষয় টা খুব ভালো ছিল ঐ সময় টাতে তাদের থাকা দরকার ৷",mushfiq,FAVOR
3f2335292ba8b997,মুশফিকুর রহিমকে কিপিং করতে দিলে মনে হয় ভালো হবে আর রাসেল ডমিংগো চায় পুরাতন হটাও,mushfiq,FAVOR
6c6b5fd344e92aa5,"I think Liton er jaigai musfiq ke opening namale Valo hoi ,",mushfiq,FAVOR
231d5a4740b28226,1st match a Mushfiqur Rahim bhalo run koreo kno 8 number a namlo??,mushfiq,FAVOR
20d144a680a31d98,Mushfiq is out of form. He needs to get back to form. We all know.,mushfiq,NEUTRAL
62d7e76d2d0965b8,Mushfiq k diye open koran dekhben Onnanno sbr cheye valo korbe....,mushfiq,FAVOR
73c1c9715857f552,mushfiq 8 number e nama mane bangalir cricket e shonir dosha lagse.,mushfiq,NEUTRAL
794f44ba43d009aa,আমার মতে মুশফিক ভাইকে ওপেনিং এ চেষ্টা করে দেখা যেতে পারে।,mushfiq,NEUTRAL
ddaf002f35a1a849,R a vai baal kou.....Mushfiq kno 8 a????,mushfiq,NEUTRAL
3916622798985976,এটা শুধু ওমান ম্যাচের জন্য ছিলো সামনের ম্যাচ গুলাতে মুশফিক ভাই ৪ নাম্বার এ ব্যাটিং করবে ভালো কিছু আশাকরি বাংলাদেশের কাছে,mushfiq,FAVOR
e5230c676a3feb04,"মুশফিক বস,তুমি অবসর নিয়ে নাও? তোমার অপমান আর ভালো লাগে না😂😂😂",mushfiq,FAVOR
74023bd4b04aaf81,মুশফিককে বাদ দিয়ে শামীম পাটোয়ারী কি নেওয়া উচিত,mushfiq,AGAINST
66fe7ab51668ef79,মুশফিককে যত নামবারেই নামানো হউক সে কিছু করেতে পারবে বলে মনে হয় না সে টি২০ খেলোয়ার না,mushfiq,NEUTRAL
e4c778f39b9be5e4,মুশফিক কাল কে দেরীতে নামানো ঠিক হয় নাই,mushfiq,NEUTRAL
484041ccd2c7ad5e,খুব সুন্দর হয়েছে I Love you ❤❤ মুশফিকা❤❤,mushfiq,FAVOR
1af0f382f9eb1680,Mushfiqur Rahim ar uchit somman thakte test theke biday nia neoya.,mushfiq,NEUTRAL
aa804c8e7eea9926,কেন ভাই কেন এতো রোস্ট কেন খারাপ সময় সবারই আসে মুশফিক যা করছে তোর বাপও তা করতে পারবে না শুধু শুধু টাকার জন্য অন্যকে অপমান কেন করেন,mushfiq,AGAINST
eada12dd596aa60b,এতোদিন মুশফিক ভালো খেলেছে। এবং বর্তমানে সে সঠিক সিদ্ধান্ত নিয়েছে,mushfiq,FAVOR
04325086e4d35bfa,ভালো সময়ে অবসর নিয়েছে মুশফিক ভাইকে আর বাদ দিতে হবে না,mushfiq,NEUTRAL
3532a832f950ce1a,ভাই আপনারা মুশফিকের দিকে না তাকিয়ে বিরাট কোহলির দিকে তাকিয়ে দেখেন সেও রান করতে পারতেছে না অনেকদিন ধরে কিন্তু বিসিসিআই তাকে নিয়ে কোন প্রশ্নই তুলে নাই আর মুশফিক অল্প কিছুদিন ধরে একটু রান করতে পারতেছে না তার জন্য কত কথা প্রিয় খেলোয়াড় ছিল প্রিয়ই থাকবে,mushfiq,NEUTRAL
0ec45ed57e0261b3,Apner kotha hoyto thik..kintu tai bole jodi Mushfiq er T20 kono obodan nai bolen tao kintu vul....,mushfiq,NEUTRAL
c8d8159543797372,"শুধু মুশফিক ভালো খেলেনা। বাংলাদেশের অন্য সব খেলোয়াড় খুব-ই ভালো খেলে,আর এজন্যই তো এতো সব বিশ্বকাপ জয় করলো বাংলাদেশ!!!।",mushfiq,FAVOR
52e31355af3e6bf6,মুশফিক কে মানুষ এতো ভালো বাসে আমি ও তার বক্তো অথছয় মুশফিকের ব্যবহার এতো খারাপ,mushfiq,FAVOR
a6567f4974d0486f,"এমন হাজারো ফ্যামিলির স্বপ্ন ধ্বংস হয়ে যায় প্রতিনিয়ত, এইজন্য অন্ধকার জগতে যাওয়ার আগে হাজার বার ভাবা উচিত, একবার চলে গেলে আর ফিরে আসা যায় না, এই জগত থেকে মানুষ যখন বুঝে সে অন্যায় করতেছে সে ভালো হইতে চাইলে ভালো হইতে পারেনা, রাজনৈতিক সিন্ডিকেট এবং মাফিয়াদের কারণে, মুশফিক আর ফারহানের প্রত্যেকটি নাটক মধ্যে অনেক কিছু শিখার আছে,এমন অভিনয় করে মুশফিক আর ফারহান অঝরে চোখ থেকে পানি পড়তে ছিল, মুশফিক আর ফারহান এবং কেয়া পায়েলের প্রিয় জুটির জন্য সব সময় শুভকামনা থাকবে ❤❤❤❤",mushfiq,FAVOR
f385591f1aa514f8,বুকের ভিতর আগুন সেরা লাগছে নাটক টি এককথায় অসাধারণ। শেষের দিক দিয়ে কান্না করে ফেলছি। মুশফিক আর ফারহান ভাইয়া মারাত্মক অভিনেতা। অভিনয় জগতের রাজা ফারহান ভাইয়া। নাটক টা পুরস্কার পাওয়ার যোগ্য। এই নাটকের দ্বিতীয় পাঠ চাই কেয়া পায়েল জানুক তার স্বামী ধষিতা এবং খুনী নয় প্লিজ। সেরা জুটি মুশফিক আর ফারহান কেয়া পায়েল। আমি মন থেকে দোয়া করি এই জুটির বাস্তব জীবনে বিয়ে হোক। ❤❤❤❤❤❤❤❤❤❤❤❤❤❤💯👍,mushfiq,FAVOR
830fef4641ccd15b,বরাবরের মতোই মুশফিক ফারহান ও কেয়া পায়েল দুর্দান্ত অভিনয় করেছেন। শিশু শিল্পী নাওমির অভিনয় আমাকে আবেগায়িত করেছে। নাটকের সাথে সংশ্লিষ্ট সবার জন্য শুভকামনা।,mushfiq,NEUTRAL
7adca89cab38bf3a,What he has said is absolutely correct. Musfiq deserves punishment for what he did.,mushfiq,NEUTRAL
0c395e3f38401a9c,"মুশফিক সেঞ্চুরি করে বুঝিয়ে দিয়েছে তিনি এখনো শেষ হয়ে যায়নি, হেলমেটে লাথি মারা মানে বাংলাদেশ ক্রিকেট বোর্ডকে লাথি মারা,মুশফিককে আবার টি-টোয়েন্টি ওয়ানডে দলে দেখতে চাই",mushfiq,NEUTRAL
f95e9e5c8d9fe4b3,মুশফিক ফারহান এর নাটক দেখার জন্য কে কে অপেক্ষায় ছিলেন তাদেরকে দেখতে চাই ❤️❤️❤️❤️❤️❤️❤️,mushfiq,NEUTRAL
a84cda2aec4597be,ঈদের পর থেকে এই পর্যন্ত এমন একটা নাটকের অপেক্ষায় ছিলাম কারন ঈদের পরে ফারহান ভাইয়ের রিলিজ হওয়া সব গুলা নাটক দেখেছি কোনোটাতেই হ্যাপ্যি এন্ডিং ছিলনা লাই-জু নাটক দেখে আমার ঈদের পরে দেখা সব গুলো নাটকের উপর থেকে অভিযোগ চলে গেছে ❤❤ Love You Musfiq R Farhan Vaia ❤❤🎉🎉,mushfiq,FAVOR
5133210cc820e8fb,"স্বপ্নের নতুন জুটি: মুশফিক আর ফারহান ও তানজিম সাইয়ারা তটিনী পর্দায় সব জুটি আসে, কিন্তু কিছু জুটি জন্ম নেয় দর্শকের কল্পনায়, ভালোবাসায়। মুশফিক আর ফারহান ও তানজিম সাইয়ারা তটিনী—এমনই এক স্বপ্নের জুটি, যাদের একসঙ্গে এখনও কোনো নাটকে দেখা না গেলেও, মনে হয় যেন তারা একসাথেই গল্প বলতে জন্ম নিয়েছেন। দুজনেই ভিন্নধর্মী অভিনয়ের ধারক, ভিন্ন আবহের আলো। ফারহানের সংযত অথচ দৃঢ় উপস্থিতি, আর তটিনীর কোমল অথচ আত্মবিশ্বাসী প্রকাশ—দুজনের মাঝেই আছে এমন এক জাদু, যা একসাথে মিললে হয়ে উঠতে পারে দারুণ কিছু। তাদের এখনও কোনো নাটক না এলেও, তাদের জুটির প্রতি আগ্রহ দিনদিন বেড়েই চলেছে। দর্শক চায়, নির্মাতারা সাহস করুক, এই অনন্য জুটিকে একসঙ্গে তুলে আনুক পর্দায়—ভালোবাসা, দ্বিধা, সাহস, কিংবা গল্পের যে কোনো পরতেই তারা হয়ে উঠতে পারে নিখুঁত মিল। এটা শুধু একটি জুটি নয়—এটা হতে পারে নতুন অধ্যায়ের শুরু, নতুন সময়ের প্রতীক। অপেক্ষা শুধুই সময়ের, আর প্রথম গল্পটির।",mushfiq,FAVOR
27ac7bc43693c27b,বাংলাদেশের শর্ট ফিল্ম ইণ্ডাষ্ট্রির প্রান প্রিয় অভিনেতা Musfiq R Farhan ❤️ কে কে একমত..!,mushfiq,NEUTRAL
4e730063df94ee8e,"এক কথায় অসাধারণ। আর মুশফিক ফারহান , তার অভিনয়ের ব্যাপারে আমার বলার কিছু নাই । একটা মানুষ কিভাবে এত ভালো অভিনয় পারে?",mushfiq,FAVOR
b6fe0064acfdac9e,"আমার কাছে এই প্রথম মুশফিকুর রহমানের অভিনয় অনেক ভালো লেগেছে 🥰 অনেক হেসেছি নাটকটা। আর গানটা জাস্ট ওয়াও,, আমি ডাউনলোড দিয়ে রাখছি গানটা",mushfiq,FAVOR
842ae5dbd229bdaa,ফারহান ভাই আমি ভারত থেকে তোমার সব নাটক গুলো দেখি ভীষণ ভালো লাগে আমার.... আমি ভাষায় ব্যক্ত করে বোঝাতে পারবো না আমার জীবনে সর্বকালের সেরা তুমি একটার ভীষণ ভীষণ ভালো লাগে তোমার নাটক গুলো দেখতে তুমি রিদা বেস্ট আমার জীবনে মুশফিকুর ফারহান ভীষণ ভালোবাসি তোমাকে আমি❤❤❤❤❤❤❤❤❤❤❤❤❤❤❤❤❤ love you Farhan bhai,mushfiq,FAVOR
a9ffa1688aa7966a,নাটকটা দেখে যতটুকু ভালো না লাগতেছে তার চেয়ে বেশি ভালো লাগতেছে মোশাররফ করিম ভাই এবং মুশফিক ফারহান একসাথে নাটকটা বানাইছে তিনজনকে খুব সুন্দর লাগছে,mushfiq,FAVOR
fb3cdcd0ba33c0ae,২০২৩ সালে প্রথম মুশফিক আর ফারহান এর অসাধারণ একটা চমৎকার নাটক খুব ভালো লাগলো নাটক টা। 👍👍👍👍,mushfiq,FAVOR
ad4e96e0f946bcc1,Mushfiq is a great man for Bangladesh:TABIN,mushfiq,FAVOR
47476dc43f47e0eb,Mushfiq is a great man.So do not have any more bad talk.,mushfiq,NEUTRAL
68d7c74e83b96875,"its really bad to discuss like this, whoever said that to mushfiq he may dont have the knowledge about the #cricket. they should get punishment from BCB.",mushfiq,AGAINST
e79a57ec3ed50fd0,মুশফিক ভালো যারা যারা মুশফিক এর ফ্যান তারা এই লেখাটা লাইক করো,mushfiq,FAVOR
50dbdc25bcab2fbe,"Musfiq bro, shei hoise! Arektu beshi kotha bolte hobe next theke!",mushfiq,NEUTRAL
063855697e2f7b75,আমার কাছে মনে হয় মুশফিক ফারহান বেস্ট হিরো হিসেবে জায়গা করে নিতে পারবে কারণ তার স্টাইল কথাবার্তা দারুন❤,mushfiq,NEUTRAL
5adb11fdb63fcdd3,Please we need movie of mushfiq ar farhan!!!!!,mushfiq,NEUTRAL
f3b16c7e3cadce6f,Yes Krunal drops catch but afif is so good hard hiter this combineshon after Mushfiqur rohim. And also Not Khalil for 19 Overs. This is for Mushfiqur 19 Overs.,mushfiq,AGAINST
89884431e362ddac,@altafkarachi6945 Mushfiqur Rahim 2 baar lbw out tha Usme bacha or 1 catch drop hua.usko pelna nahi bolte.kewal 140 to chase hi karna tha . pelna finch Ko bolte hai Pakistani bowling ki hawa nikal diya.😂😂😂😂,mushfiq,AGAINST
22f3f728023278d5,"না, মুশফিক, U19 এর নাবিল এরা ভালো ইংলিশ বলতে পারে",mushfiq,FAVOR
4b0e845f4854c2a6,আমরা হাসি মুখে বিদায় নিবো আপনাদের বিকল্প আছে তো!!!!!!মুশফিকের বউএর এই কথা সবার মনে আছে 😅😅😅😅 মুশফিক লিটন কি তোমার বিকল্প না তুমার চেয়ে অনেক ভালো????,mushfiq,FAVOR
65492f231a23cf7b,মুশফিকুর রহিম তোমাকে অনেক ভালোবাসি কিন্ত তোমার একটা বক্তব্যে মনখারাপ হয়েছে। তুমিবলছ সমালোচনা কারিরা তাদের মুখদেখেনিতে তাই অনেকেই কমেন্ট করেছে যে মুশফিকুর রহিম তুমি তোমার মুখটা একটু দেখেনাও। তোমরা ভালোখেল এটাই সকলে দাবী। সবসময় চেষ্টা করলেও এক রকম হয়নাএইটা যেমন সত্য। তেমনই এতখারাপ হয়না তাও সত্য। তোমরাইচছা করলে একটু দায়িত্ব শীলহয়ে খেলতেপারতা এটা আমার বিশ্বাস। তখন হয়ত এক দুইটা খেলায় তোমরা জিতেনিতে পারতাম,mushfiq,FAVOR
11a9c6864b7e7063,ভাই অবদানের সেস নাই.. অভিনন্দন মুশফিক কে,mushfiq,NEUTRAL
bbec978079b9a9da,বিশেষ করে মুশফিক ভাইয়ের অবদান এবং বোলারদের ও অবদান আছে,mushfiq,NEUTRAL
e7571edd31fb5e2c,সোহান খুব ভালো খেলছে কিন্তু মুশফিক কে খুব মিস করছি,mushfiq,FAVOR
6852531cf92be66e,"মুশফিক ভাই! কতবার যে শুনেছি, তার কোন হিসাব নেই। এত ভালো লাগে। আল্লাহ আপনার কণ্ঠে বারাকাহ দান করুন।",mushfiq,FAVOR
4f50198ed7f6b89e,মাশাআল্লাহ আল্লাহ মুশফিক ভাই খুব ভালো লাগলো 😊,mushfiq,FAVOR
00c20ddaca2ad0b8,"সেই কবে শুনেই প্রেমে পরছিলাম এই নাশিদটির, আবার নতুন করে পেলাম জাজাকাল্লাহ প্রিয় মুশফিক বীন জামাল ভাইকে❣️❣️❣️",mushfiq,NEUTRAL
fb521128885cba1a,সত্যি বলতে বসের নাটকের জন্য সব সময় অপেক্ষা করি🥰🥰 Love you boss ❤️🖤 মুশফিকুর ফারহান ❤️❤️❤️,mushfiq,FAVOR
69abdfb3d30f9fb7,রিআ্যাকশন নাটক চরিত্রে বিশেষ ভূমিকা সাগর হুদা আঙ্কেল এবং মিলি বাশার আন্টি এবং মুশফিক আর ফারহান ভাই এবং পারসা ইভানা আপু আপনাদের অনুপ্রেরণা আসলেই ভালো লাগলো ধন্যবাদ 💜🇧🇩🖤,mushfiq,FAVOR
4347fcaa2915e18a,মুশফিক ফারহান ভাইয়ার নাটকের জন্য অপেক্ষা করে থাকি যে কখন মুশফিক ভাই আর নাটক আসবে আর নাটক দেখে এত বেশি ভালো লাগে যে আরো ওয়েট করতে মন চায় যে আবার কবে আসবে মুশফিক ফারহান ভাইয়ার নাটক,mushfiq,FAVOR
37a0b8a779d81475,মুশফিকুর রহমান ফারহান জোভান নিলয় আলমগীর এদের নাটক ভালো লাগে,mushfiq,FAVOR
f47d3175921e3530,এর সংগে শুধু ডোমিংগই নয়।দেশীয় নির্বাচকরা অবশ্যই দায়ী। মুশফিক ভাই যে বিশ্রামে আছে তা তিনি নিজেই জানতেন না।,mushfiq,NEUTRAL
46fd1f037e6a16ad,মুশফিকের মতন একটা ব্যাটসম্যান তৈরি করে দেখাও (নান্নু -বাসার),mushfiq,NEUTRAL
b2bf6ee8b9fdf818,"সত্যিই খুব হতাশ হয়েছি,মুশফিকের মতো একজন নির্ভর যোগ্য ব্যাটসম্যানকে কেনো বাদ দেওয়া হলো। ভুলে গেলে চলবে না পুরাণ চাল ভাতে বলে। এটা তাঁর জন্য অসম্মানের যায় অনাকাঙ্খিত।",mushfiq,AGAINST
0952d8c588bc3759,মুশফিক ভাই কে এখন বাদ না দিলে ভালো হইতো,mushfiq,FAVOR
ea6fe119510056d2,"Ae Mushfiq k pochailen aage journalist vai e ra, r akhon taake bad delo tateo journalist Der chulkani suru. Ki chay amader journalist vai Ra Jati jante chay☹️☹️☹️",mushfiq,AGAINST
ac671639781ad584,Musfiq r mudi kew t20 ar Perfect na.ora test ar jonno perfect.,mushfiq,NEUTRAL
74cec752299baeef,"Mushfiq k obosore deya hok, tar vhetor r kicu nai.",mushfiq,NEUTRAL
73bfe7b3163a52db,Musfiq er moto 1 ta bats man amk dekha nangta hoye pura bangladesh gurbo? I challange everybody.................. Musfiq is the best player in bangladesh................russel domingo na BCB nije musfiq k bad dese ........manus gaja khai na .... amra sob buji.,mushfiq,NEUTRAL
fbe646d017c1ce70,মুশফিককে বাদ দিয়েছে। তার মানে মনে হচ্ছে মুশফিক এর মধ্যে অনেক ক্রিকেট প্লেয়ার বাংলাদেশর পাইপলাইনে তৈরি হয়ে আছে। একটা ম্যাচও জিততে পারবে না।,mushfiq,AGAINST
c0b41aad868f2231,Are pakistan er biruddhe khela tai Don Bradman (mushfiq bhai ) khelini😜😜😜,mushfiq,NEUTRAL
93a1c1a7826123b5,mushfiq kon joggotay t20 e chance pay?,mushfiq,NEUTRAL
ba2bbdeb1c2a1f96,Musfiq ke rakhbe je tar pokkhe jukti dekhan.tar performance etotai baje hoyeche je take shudu Domingo noy world-er jekono coach e rakhbena t20 dole.,mushfiq,NEUTRAL
7c714829ef71d291,"@darshkukreja4842 Leave it bro. Mushfiq Muslim hai aur Bangladeshi vai hai, kyu highlight de uske? Kyu Musalman ko itna bar karke dikhaneka hai?? Highlights diya hai utnahi kafi hai",mushfiq,NEUTRAL
3a10302d728b223e,It's fuckin partiality bro... They showed Warner's century not mushfiqur's 😂,mushfiq,NEUTRAL
1361b9e2a81a6564,"If you see both the innings of Mushfiqur and Warner I feel Mushfiqur played with a better strike rate than Warner , Warner did his 166 in 147 balls while Mushfiqur scored his century ,i.e, 102 runs in 97 deliveries and was not out, till the end ,he has always been performing for Bangladesh but other Bangladeshi players always disappoints, he has been performing well for a long time.",mushfiq,NEUTRAL
461af97bb5fbde18,"@vinaybadarla3405 Mushfiq is a short man who is unstoppable and full of sportsman sprit.l always respect others cricketer. You can't play like musfiq,rohit,virat or warner. So, don't insult him.He is our pride.🐅🐅🐅🇧🇩🇧🇩🇧🇩🇧🇩",mushfiq,NEUTRAL
4c1e341cf7967b69,Danush এর চাইতে কম না আমাদের Musfiq R Farhan ভাই 🙂 Love U Bro 😍😘,mushfiq,FAVOR
323b89f41d407214,নাটক টা অসাধারন মুশফিক আর ফারহান এর অভিনয় এর তুলনা হয়না। ❤️আর ব্যাকগ্রাউন্ড সাউন্ড টা অনেক সুন্দর ছিল ❤️,mushfiq,NEUTRAL
b4363ebabafd70e0,মুশফিক ফারহান ভাইয়া থ্যাঙ্ক ইউ সো মাচ এত সুন্দর একটা উপ নাটক উপহার দেওয়ার জন্য আপনার জন্য সব সময় দোয়া রইল আপনি এগিয়ে যান আমরা আছি আপনার সাথে বাংলাদেশের বেস্ট নাটকের নায়ক মুশফিক ফারহান ভাইয়া আপনাকে অনেক ভালো লাগে আপনি এগিয়ে যান অনেক দূর পর্যন্ত যেতে পারবেন,mushfiq,FAVOR
2ead5c02237ab8d0,মুশফিক এর জন্য শুভকামনা করি সে যেন খুব ভাল একটা ইনিংস খেলে।,mushfiq,FAVOR
c0a503ff477e1920,The Only King Musfiq r Farhan Boss🎀 Love you boss🙋‍♂️❤️‍🩹,mushfiq,FAVOR
b6ad85da56015bdb,মুশফিক ফারহান এর প্রতিটি নাটক দেখেন যারা লাইক দিয়ে জানিয়ে দিন !! 🖐️👍,mushfiq,NEUTRAL
529a4022e700e968,বাংলা নাটকের কিং দ‍্যা সুপার স্টার মুশফিক আর ফারহান ভাইয়া ভালোবাসার আরেক নাম মুশফিক আর ফারহান ভাইয়া অবশ্যই সারাজীবন ভালোবেসে যাবো আমার খুব পছন্দের একজন অভিনেতা প্রিয় মানুষ মুশফিক আর ফারহান ভাইয়াকে বড় পর্দায় দেখতে চাই।ফারহান ভাইয়া যদি বাংলা চলচ্চিত্রে অভিনয় করেন একজন সেরা নায়ক হবে।ফারহান ভাইয়ার লুক অসাধারন।ফারহান ভাইয়া অভিনয় জগতের রাজা এককথায় অসাধারন ফাটাফাটি দারুণ দূরদান্ত অভিনয়। ফারহান ভাইয়া খুব ভালো মানুষ। ফারহান ভাইয়ার জন্য আমি মন থেকে দোয়া করি আপনি জীবনে অনেক বড় হোন আরো সাফল্য ও সম্মান অর্জন করেন My Crash Farhan I love you ফারহান ভাইয়া আপনি দেখতে খুব সুন্দর কথাগুলো খুব ভালো লাগে হাসিটা ও সুইট আপনার সবদিক দিয়ে পারফেক্ট আছেন ভাইয়া very handsome and smart ❤❤❤❤❤❤❤❤❤❤❤❤❤❤❤❤❤❤❤🌹👌🤘💯👍💖💖💖💖💖💖💖💖💖💖💖💖💖💖💖💖💖💖💖💖💖💖💖💖💖💖💖💖,mushfiq,FAVOR
f90879d0ec762184,মুশফিক আর. ফারহান মানেই শেরা অভীনেতা So lovely 🤗,mushfiq,FAVOR
a7f1b7b8f690d773,Allwose 💝 Love You🥀 RJ Mushfiq R Farhan🤝 Boss 🥰,mushfiq,FAVOR
94cd3c0c753560b4,মুশফিকুর ফারহান ভাইয়ের নাটক আমি প্রতিটাই দেখি ভালো এবং খারাপ হোক সব নাটককি আমি দেখেছি ফারহান ভাইয়ের অভিনয় গুলো আমার খুব ভালো লাগে এখন আমার একটা ইচ্ছা ফারহান ভাইয়ের সাথে একবার দেখা করা আপনি যদি এই কমেন্টটি পান দয়া করে রিপ্লাই দিবেন আর ফারহান ভাইয়ের সাথে দেখা করার জন্য আমাকে একটা সুযোগ করে দিবেন প্লিজ প্লিজ 😭😭😓😭😭😭,mushfiq,FAVOR
09f4b1411c05f945,মুশফিক আর ফারহান ভাইকে নিয়ে আরো ইন্টারভিউ চাই,mushfiq,NEUTRAL
e3d3bb4a3f505d1d,মুশফিক ফারহান এর ভিতরের যে কথাগুলো এগুলো কি বের দরকার ছিল না রয়েই গেল সাংবাদিক হলেন মিয়া কথা একটা দুইটা তো বের করতে হয় ভিতর থেকে অবশ্য জয় পার্থ 😂😅😮❤,mushfiq,AGAINST
a0a3647f9045bd93,মুশফিক ফারহানকে কোন মুভিতে সাইকো কিলার অথবা সাইকো প্রেমিক হিসেবে দেখতে চাই।,mushfiq,NEUTRAL
698e0005f5a0cfd3,ভালোবাসা অবিরাম প্রিয় মুশফিক আর ফারহান তোমার নাটকগুলো অনেক ভালো লাগে তোমার প্রায় প্রতিটা নাটকই আমার দেখা 🥰 লাভ ইউ বস অনেক বড় ফ্যান যারা যারা আমার মতো বসের নাটকের অপেক্ষায় থাকেন তারা লাইক দিন,mushfiq,FAVOR
2bf3240a92260bf7,মুশফিক আর ফারহান ভাইয়া কে আর কেয়া পায়েল আপু কে আমার খুব ভালো লাগে ❤ আমার মতো এনাদের কার কার ভালো লাগে 😊❤,mushfiq,FAVOR
e4568280e877af3f,সত্যিই বস নাটক টা অসাধারণ ছিল। অনেক দিন পরে মনের মতন একটা নাটক দেখলাম । Musfiq R. Farhan Love you boss ❤️🥀,mushfiq,FAVOR
0fcbc9d8e2f1af1e,অপেক্ষা করতে করতে নাটকটা লাস্টে পেয়ে গেলাম দেখা শুরু করলাম আশা করি অনেক ভাল হবে আর ভালো হবে না কেন বুঝতে হবে না আমাদের বস মুশফিকুর ফারহান 🌹🌹🥰,mushfiq,FAVOR
30334c9b4385342e,মুশফিক আর ফারহান তানজিম সাইরা তটিনি নাটক দেখতে চাই আমার সাথে কে কে একমত আছেন,mushfiq,NEUTRAL
7a96a2b8f63004a5,মুশফিক আর ফারহান+তানজিম সাইরা তটিনি নাটক দেখতে চাই আমার সাথে কে কে একমত,mushfiq,NEUTRAL
687e84f1c1f48106,ভাইয়া মুশফিক আর ফারহান ও তটিনীর নাটক চাই,mushfiq,NEUTRAL
bd10c1b7686df88c,এই নাটকের মুশফিকের কথায় কাথায় আসা ভালো লাগে না পাগলের মতো লাগে😊,mushfiq,FAVOR
288a16e40f7dede9,"""Musfiq R. Farhan ভাইয়ের হাসিটা অনেক সুন্দর""",mushfiq,NEUTRAL
b40d50052cfe0fac,অসাধারণ একটি নাটক ছিল মুশফিক আর ফারহান ভাই এবং সাদিয়া আইমান সেরা জুটি ❤🥰💯💯💯💯💯,mushfiq,FAVOR
e3b0dc8f5c39c6dd,"Mushfiq actor hoy kemon kore, natoker quality minimum level a aache, Azeezul haqim, Touqir, mahfuz Ahmed, nisho, apurbo, etc.....",mushfiq,NEUTRAL
b291ddca0d500f91,Wow! That was amazing. Mushfiqur Rahim is the best wicketkeeper. It was out.,mushfiq,FAVOR
f096acc15064df23,"KillSwiTcH 1117 I said that show me statistics or shut up. Saying Dhoni is better in this and that doesn’t mean shit. I can also say Mushfiqur is better in catching, stumping, skills and batting but why would you believe me? The same way I don’t believe you. To me the best wicketkeeper is Kumar sangakaara and Adam gilchrist. What does being a fan of nagin dance have to do with this? You don’t make any sense.",mushfiq,NEUTRAL
5cf384591563756f,KillSwiTcH 1117 and how many more matches did he play compared to mushfiq?,mushfiq,NEUTRAL
bbffb3efe596d137,KillSwiTcH 1117 ok he may not be the best but I liked him as a keeper. The thing you told me can be said to you too. Dhoni played a lot more matches than mushfiq that’s why he has more stumping. Now quit extending this stupid argument and get on with your life. I have other things to do so don’t disturb me anymore.,mushfiq,NEUTRAL
4f2d087bba624ba5,KillSwiTcH 1117 318 matches(dhoni) vs 184 matches(mushfiq) and yes 2 years is a long time in cricket. Let dhoni retire for 2 years and let mushfiq play 134 more matches. You are just digging your own grave man. Dhoni isn’t the best wicketkeeper. Accept the truth. Sangakaara is the best wicketkeeper. Now keep barking.,mushfiq,FAVOR
9975b4456d2680e7,KillSwiTcH 1117 you don’t have anything better to say and so now you are bringing up irrelevant stuff to create more drama. That’s a sign of being a kid. Mushfiq is the best wicketkeeper and it hurts you to hear that. Well I could care less of a nobody on the internet. And yes I am a mature adult and I don’t waste my time on kids. Muting you.,mushfiq,FAVOR
6b7d096eed736ef3,@Ungabunga6 tor bap musfiq e khali pare airokom!,mushfiq,NEUTRAL
c51a08e118b6d363,আসলেই। শিল্পি সমিতিতে কোনো একতা নেই। তবে মুশফিকুর রহিমকে নিয়ে কথা বলতে গিয়ে একাত্তর টিভির হাল বারোটা বাজে গেছিলো,mushfiq,AGAINST
ec7ce83d4bfb1e49,"সিনেমাটিক, অ্যাকশন,ড্রামা থেকে শুরু করে মানুষের কলিজায় কাঁপুনি ধারানোর মতো কিছু গল্পে যে মানুষটার আধিপত্য সে নিঃসন্দেহে #মুশফিকুর_রহমান_ফারহান🥰🥀",mushfiq,NEUTRAL
460543cdb87d3c50,নাটকটা দেখা শুরু করছি আমি নিশ্চিত নাটকটা অনেক সুন্দর হবে 🥰🥰 মুশফিক আর ফারহান মানে হাসি কান্না অভিমান সব বাস্তবতা নিয়ে অসম্ভব ভালো লাগে মুশফিক ফারহান ভাই এর নাটক গুলো,mushfiq,FAVOR
68f18e337807bcc8,Hmm natok amr o khub prio...r musfiq hole to kothai nai...so lovely....!!!,mushfiq,FAVOR
dc1752f96759bf8f,"বর্তমান নাটকের জগতের কিং,মুশফিক আর ফারহান ভাইয়ের এক একটা নাটকের চরিত্র সাথে কোন নাটকের মিল নাই, মুশফিক আর ফারহান ভাই বাস্তবতা ধরে ধরে নাটকগুলো করেন, বর্তমান সুপারস্টার মুশফিক আর ফারহান।",mushfiq,NEUTRAL
0e4654a63bd240fb,বস মুশফিক আর ফারহানে নাটক মিছ করে না এমন পাবলিক গুলা কই 😮😮❤,mushfiq,NEUTRAL
23e75e152d6d2e0b,সত্যি মুশফিক ফারহান মানে অন্য রকম এক অভিনয় অসাধারণ অসাধারণ আই লাভ ইউ ফারহান ভাই আপনার প্রতিটা নাটক আমি দেখি এবং খুব মনে দিয়ে উপভোগ করি। বাংলা নাটকের সেরা অভিনেতা হিসেবে আমি আপনার বড়ো বক্ত। দোয়া🤲 ও ভালোবাসা ❤রইলো...,mushfiq,FAVOR
e095a8f120726a3e,মুশফিক ফারহান ও তানজিম সাইয়ারা তটিনী জুটির নাটক দেখতে চাই এই জুটির এখন পর্যন্ত কোন নাটক আসেনি তাই এই জুটির কোন নাটক দেখার জন্য এক্সাইটেড❤,mushfiq,NEUTRAL
484fa4e16c451907,মুশফিক ফারহান ভাই ও তটিনী নাটক দেখতে চাই,mushfiq,NEUTRAL
90fe44f98658ac60,আমার মত কার কার মুশফিক ফারহানের এর নাটক ভালো লাগে ❤❤,mushfiq,FAVOR
fa2310bd5923248d,এটা হলো ফারহান ভাইয়ের রিয়েল লাইফের ঘটনা সে যখন রেডিওতে শো করতো তখন তার লাইফে এ ঘটনা ঘটেছিল তখন তার নাম ছিলো RJ Farhan আর এখন সে কারণেই নাম চেঞ্জ করে রেখেছে Musfiq R Farhan ধন্যবাদ ভাই আপনার লাইফের স্মৃতিটুকু আমাদের মাঝে শেয়ার করার জন্য ❤️❤️❤️❤️🔚,mushfiq,AGAINST
ac254589c3a393a4,onar name mushfiq r farhan e cilo ... ar kono name naa. but uni RJ silo,mushfiq,NEUTRAL
6ec296abc68df181,এটা হলো ফারহান ভাইয়ের রিয়েল লাইফের ঘটনা সে যখন রেডিওতে শো করতো তখন তার লাইফে এ ঘটনা ঘটেছিল তখন তার নাম ছিলো RJ Farhan আর এখন সে কারণেই নাম চেঞ্জ করে রেখেছে Musfiq R Farhan ধন্যবাদ ভাই আপনার লাইফের স্মৃতিটুকু আমাদের মাঝে শেয়ার করার জন্য ❤️❤️❤️🔚 - I Love you Musfiq R Farhan 💝,mushfiq,NEUTRAL
fc7e19c7c97d3b7a,"মুশফিক, এরকম স্বাভাবিক অভিনয় দিয়েই তোমাকে অনেক পথ পেরতে হবে। তোমার আরও সাফল্য কামনা করি । ভালো থেকো ভাই। 🇮🇳",mushfiq,FAVOR
cb64b6c7283f9d37,মুশফিক আর ফারহানের নাটক যতো দেখি ততই দেখতে ভালো লাগে।সবাইকে ঈদ মোবারক ❤❤❤,mushfiq,FAVOR
2f98c93a7b5238c9,সকলকে ঈদ মোবারক ঈদের অনেক অনেক শুভেচ্ছা ও ভালোবাসা । মুশফিক আর ফারহান এর পক্ষ থেকে ঈদ মোবারক নতুন নাটক নেভার সিরিয়াস নাটকে আমাদের সকলের প্রিয় অভিনেতা অভিনয় করছে আশা করি নাটক টা আপনাদের কাছে ভালো কেমন লেগেছে সবাই জানাবেন,mushfiq,FAVOR
733f55c7dc07e1b1,তাহলে(প্রয়োজন)নাটকটি দেকিয়েন মুশফিকুর ফারহানের খুব ভালো লাগবে।,mushfiq,FAVOR
c100d5831ea9d41b,"One of the famous one was when Mushfiqur Rahim (Bangladesh) hit two fours in the last over against India and had celebrated too early, only to realize that India sneak in a victory in 2016 ICC WT20",mushfiq,NEUTRAL
27ec6cc45fe30310,এবারের ঈদের পর থেকে যত নাটকগুলো বের হয়েছে মুশফিক আর ফারহান ভাইয়ার প্রত্যেকটা নাটক অনেক ভালো লেগেছে মূল কথা হচ্ছে যে যারা যারা মুশফিক আর ফান ভাইয়াকে ভালোবাসে তারা সকলেই তার নাটকের অপেক্ষায় থাকে,mushfiq,FAVOR
55cb05f3e7b9b64d,বাংলাদেশের কিছু কিছু প্লেয়ার তার আপনার অল্পতে সন্তুষ্ট। যেমন তারা ৫০+ রান করলে তাদের দায়িত্ব শেষ। সবার আগে তাদের মানসিকতা পরিবর্তন করতে হবে। নিঃসন্দেহে মুশফিকুর রহিম বাংলাদেশের সেরা ব্যাটসম্যান। আমি মনে করি মুশফিককে ফলো করা উচিত।,mushfiq,FAVOR
9d8cdf41bb922e8d,"খুব ভালো লাগলো, অভিনন্দন মুশফিক ভাই। আপনার লড়াকু ব্যাটিংয়ে আমরা আরেকটা জয়ের মাইলফলক স্পর্শ করতে পারছি। এবং প্রথম বারের মত শ্রীলঙ্কার সাথে সিরিজ জয়ের আনন্দ পেল বাংলাদেশ।",mushfiq,FAVOR
808fc7a4eed65f8c,আমি মুশফিক আর ফারহান ভাই কে অনেক ভালো বাসি❤️❤️🥰🥰🥰,mushfiq,FAVOR
cd205c372132083c,ভালোবাসার প্রিয় অভিনেতা ? মুশফিক আর ফারহান ভালোবাসার আরেকটা মুশফিক আর ফারহান,mushfiq,FAVOR
6e3f0962bab0dc07,বাংলার ভার্সেটাইল অভিনেতা বাংলা নাটকের গর্ব মুশফিক আর ফারহান ভাই ! আপনাকে অনেক ভালোবাসি আগামী দিনের জন্য রইল শুভকামনা ও ভালোবাসা অভিনয় দিয়ে অনন্য উচ্চতায় পৌঁছে যান দোয়া করি বাংলা নাটকের জন্য ভালো কিছু করেন বেস্ট অফ লাক মুশফিক আর ফারহান,mushfiq,FAVOR
1a0547fe39ce0225,Number 1 Actor in Bangladesh at this moment is Musfiq R Farhan bhaiya. Love you so much Farhan bhaiya.,mushfiq,FAVOR
84b57670ce0246a6,খুব কষ্টের একটা নাটক ছিল মুশফিক ফারহান ভাইয়া মানে একটা ভালো নাটক লাভ ইউ ভাইয়া আই লাভ ইউ আরো সুন্দর সুন্দর নাটক দেন ভাল্লাগে আপনার নাটক ইউটিউবে বসে থাকি ভাইয়া ❤❤😢😢😢😢😢,mushfiq,FAVOR
6b66554bb22ce701,মুশফিক ভাই নাটক ভালো লাগে দেখতে চাই কমেন্ট বলে জান,mushfiq,FAVOR
9e379241042fb743,"মুশফিক এর সাথে নাসুম এর এপিসোড চাই। মুস্তাফিজুর এর সাথে তাসকিন, শরিফুল এর এপিসোড চাই",mushfiq,NEUTRAL
319418a2965d723e,Mushfiq should have an individual episode. He is literally an institution in Bangladesh perspective with his discipline and dedication. There were a lot of blemishes too. Those could lead to an interesting conversation.,mushfiq,NEUTRAL
cadbbc9bde6978f3,মুশফিকের আলাদা পর্ব হওয়া উচিত। এভাবে তাকে অসম্মান করা উচিত হয়নি।,mushfiq,NEUTRAL
c5b7daa97f3e6968,Ekjon likhe diche mushfiq deserve his own episode... sobai shuru korche chile kaan niye geche😂... hayre brain tomader...,mushfiq,NEUTRAL
e5a27911b368609a,Number 4 is not musfiq he is liton,mushfiq,NEUTRAL
3edbab81a2e91c9e,Mushfiqur you beauty! what a talented guy. so smart nd he would be a Bdeshi cricket idol in near future. You just fill up our expectation... Respect.,mushfiq,FAVOR
bd732b4ae0da5e57,musfiq vai er kotha gulo shune mone tripti palem..,mushfiq,NEUTRAL
715a6b178dcf0c73,বিসিবির চাপে এবং মনের ইচ্ছার বিরুদ্ধে মুশফিককে টি-টোয়েন্টি থেকে বিদায় নিতে হলো। যাক ক্রিকেটের ভালো কিছু বয়ে আনবে না।,mushfiq,FAVOR
859e285450417dec,আমার মতো হয় পাপন সাহেব মুশফিককে জোর করে অবসর নিতে বলচে,mushfiq,AGAINST
4eedd009db9cb451,টি২০ তে ভালো কে খেলে যে মুশফিককে বাদদিয়ে তাকে নিবে । শো মুশফিক এক জন ভাল খেলোয়ার ।,mushfiq,FAVOR
816acc247732a195,"In my opinion Mongia and Zaheer's celebrations are based on pure skill, but the others are just showboating. I badly miss Mushfiqur here.",mushfiq,AGAINST
7642f2de12b58c22,"The uploader doesn't even know the meaning of early celebration. It is and it has always been related to the winning or losing moments of the team. BTW you should have uploaded Mushfiqur Rahim's video in the 1st position, that moment is the epitome of early celebration, I guess you're a Bangladeshi, I understand.",mushfiq,NEUTRAL
93f8123955c0a82d,শুভ কামনা রইল মুশফিক ভাইয়ের জন্য । এখনো বাংলাদেশ দলকে মুশফিকের দেওয়া অনেক কিছু বাকি আছে ।,mushfiq,NEUTRAL
39acd8495faa2e11,"মুশফিক ভাইয়ের জন্য শুভ কামনা রইলো ,, আশা করি বাংলাদেশের সবাই ভালো করবে।",mushfiq,FAVOR
a876a0d5c54cdb27,"তুমি মুশফিক ভাই রিভার্স সুইপ খেলোনা এশিয়া কাপ এবং বিশ্বকাপে তাহলেই তুমি ভালো করবে,এটাই হয়ে আসছে।",mushfiq,FAVOR
07b454d9c0e3f0c6,Teacher: What are the different species of snakes? Me: King Cobra...aaa...Black Mamba...aaa...Musfiqur Rahim Teacher: Well done...sit down,mushfiq,FAVOR
51610ef228b0eacf,"@shahnawaziqbal4233 No,Bro.musfiq did not mention dhoni. Musfiq gave west Indies photo& said"" I am happy for west Indies. "" It's not wrost sportsmanship. What shewag always does,this is called worst sportsmanship",mushfiq,AGAINST
c82c4636697492da,@trueindian1087 musfiq wife is beautiful than indian player wife,mushfiq,NEUTRAL
c350ab7059db323a,Hi musfiq congrats and love from india,mushfiq,FAVOR
e5fb9287a8f2a8a8,"Tag huer monaco...wow mushfiq thats my fav watch,,,but i like the gulf edition ..",mushfiq,NEUTRAL
9a4cc59fce7c75c9,সঠিক সিদ্ধান্ত নিয়েছে মুশফিক আরও যে সব বুইড়া প্লেয়ার গুলো আছে তাদেরও অবসরে পাঠানো হোক ।,mushfiq,AGAINST
4ebbed3aaca57551,দুঃখজনক হলেও বাংলাদেশের প্রতিটি ক্রিকেট ভক্ত T-20 তে মুশফিককে মিস করবে কিন্তু দেশের T-20 ভার্সন কে উন্নতির আপডেটের জন্যে মুসফিকের মতো সিনিয়র খেলোয়াড়দের এই রকম বুদ্ধিমওা হতে হবে...???,mushfiq,NEUTRAL
5958e7b6ea1f7287,Ar pabina tora khujlew Emon ekta musfiqur Rahim........ Boi dekhiyei musfiq ke vaddilo 😓,mushfiq,NEUTRAL
abaed1fae12650dc,"যারা মুশফিকের সমালোচনা করে, তাদের বলবো আগে মুশফিকের মতো খেলোয়াড় তৈরি করেন, তারপর সমালোচনা করিয়েন।",mushfiq,AGAINST
406fad7ce0592d62,Bhai Ami jani there is a lot of difference between kohli and Mushfiq But kohli o kintu onk din dhore form e nai,mushfiq,NEUTRAL
0bb8fb3a4ca44c2c,Mushfiqur Rahim announces retirement from T20Is. 🏏 Thank you for everything 👏🏻🇧🇩 Happy retirement Mushi vai 🫡,mushfiq,AGAINST
81663bb6f4561ad8,"অবসর নেওয়া ঠিক আছে , আমার মনে হয় মাঠে অবসর নিলে আরো ভালো হতো আমরা মুশফিক কে মাঠে বিদায় দিতে পারলে ভালো লাগতো",mushfiq,FAVOR
b872f955c1e8c3a8,"Finally reporter ra success hoyeche, hoytoba apnio hoyechen. Mushfiq onk valo hard hitter batsman bolteo paren. Mushfiq r valo ta dekhei retired ta asha korechilam but reporter ar dorshok r jonno dekha holo nah",mushfiq,NEUTRAL
79048086ff26ce81,Alhamdulillah Mushfiqur ar aktu aga Return naya Uchit cilo tayla Hoyto Ag Bangladesh Super 4 a thakto. Tao Valo Return nilo Morgan sao Kharap performance a ar jonno Return nicilo,mushfiq,NEUTRAL
88ac78ac399e858d,We miss you so much. Middle order er akta vorosar nam silo mushfiq vai,mushfiq,NEUTRAL
de54eeda35fc5185,ধন্যবাদ আপনাকে আপনার শুরু থেকে যা বলছেন আজকে অবসর নেওয়ার পরেও ঠিক সেই কথাই বলছেন সুন্দর সাংবাদিকতা। কিন্তু ৭১ টিভি কালকে যে নিউজটা করলো গতকালকে সেখানে মুশফিককে ভিলেন হিসেবে উপস্থাপন করলো অবসর নেওয়ার পরে ঠিক পল্টি খেলো। সবাই কি সারা জীবন খেলতে পারবে অবশ্য তা একদিন না একদিন নিতেই হবে। বাংলাদেশ ক্রিকেটে মুশফিকের অবদান অনেক ধন্যবাদ জানাই মুশফিকুর রহিমকে সঠিক সময় সঠিক সিদ্ধান্ত নেয়ার জন্য ওডিআই ও টেস্টে ভালো করবেন এই প্রত্যাশা করি।,mushfiq,NEUTRAL
efe20123e1cd8eab,Finally. Happy holam Mushfiq er retirement A.,mushfiq,AGAINST
48d7c72124b0be0c,"সব সময় আপনার আলোচনা উপভোগ করি, কিন্তু আজকে মুশফিকুর রহিম সম্পর্কে আলোচনাগুলো ভালো লাগেনি। একটু বেশিই বলে ফেলেছেন। এভাবে না বললেও পারতেন।",mushfiq,FAVOR
5f35fc576c1b9ee2,অন্যকে সরানোর চিন্তা করার আগে পাপন এন্ড কোং নিয়ে চিন্তা করা উচিত মুশফিক আর মমিনুল এর ব্যকাপ না থাকলেও পাপন এন্ড কোং ব্যকাপ কিন্ত ঠিকই আছে,mushfiq,NEUTRAL
2d17614e289c59a1,No other cricketer is as mushfiq bhai in Bangladesh team.,mushfiq,NEUTRAL
231316f61f4b4c43,"মুশফিককের জায়গায় খেলছে সুহান,, আমি মনে করি মুশফিকের জায়গায় খেলাতো দূরের কথা তার জাতীয় দলে খেলার যোগ্যতা নেই।",mushfiq,NEUTRAL
210d750c8d07ea02,"কিসের জন্য সোহান কে নেওয়া হয়েছে,, মুশফিক ওর চাইতে কত ভালো খেলতো,,",mushfiq,FAVOR
2397c486c66cdd8b,এখন যা রান করে মুশফিক থাকলে এতো রান করতে পারবে না টেস্ট কে পলো করলে মুশফিকের ভালো হবে,mushfiq,FAVOR
b16272d64440fd16,ভাই মুশফিক এর বিকল্প বাংলাদেশ এ এখন তৈরী হয় নাই। শামিম ব্যাট এর সাথে বল ঠিকমত লাগাতে পারে না সে আবার মুশফিক এর বিকল্প,mushfiq,NEUTRAL
9ede5ec3f7a98be8,মুশফিক ওয়ান্টেড টেস্টের জন্য নির্ধারিত ব্যাটসম্যান টি-টোয়েন্টিতে তার বদলে সৌম্য সর্কার অথবা শামীমকে নেওয়া উচিত,mushfiq,NEUTRAL
809d7d54f002db31,গাঁজা খাইছেন নাকি কার সাথে কার তুলনা করেন মুশফিকুর রহিম আর শামীম আকাশ-পাতাল ব্যবধান,mushfiq,NEUTRAL
6e77b15184f5e528,"তুই সোহান, আফিফের বদলে বলতে পারতি, তাই বলে মুশফিক? তাসকিনের বোলিং নিয়ে বলতে পারতি। মুশফিক মুশফিকই, তার বিকল্প এখনো বাংলাদেশে আসে নি।",mushfiq,NEUTRAL
736264326a8807bc,মুশফিকের অনেক বয়স হইয়া গেছে তার জাগাত এক জন নতুন খেলোয়াড় খেলাইলে ভালো হবে বিশ্বকাপে আমার মনে হয় তাকে না খেলাইলে ভালো হবে,mushfiq,FAVOR
a8aaf2738df54849,"Mushfiq is just awesome & this catch is extra ordinary, fantastic*!*..good luck, Mushfiq. .",mushfiq,NEUTRAL
267168d2d6f1aa81,ফর্ম না থাকলে দলে থাকবে না এটাই স্বাভাবিক। এখানে মান অভিমানের কি আছে। মুশফিককে আরো প্রফেশনাল হতে হবে।,mushfiq,NEUTRAL
510c02793f8232f2,মুশফিকে ওয়ানডে এবং টেস্টে খেলানো ভালো হবে কিন্তু টি-টোয়েন্টিতে অন্য কাউকে জায়গা দেওয়াটাই অনেক বেস্ট হবে,mushfiq,FAVOR
b1d95a7559ac76c1,মুশফিক বাংলাদেশের লিজেন্ড প্লেয়ার। তার সাথে সমস্যা সমাধান করে ফেলা জরুরী,mushfiq,FAVOR
ad3aa2e9d0f85e1c,Mushfiq is not required at all in t20..........,mushfiq,NEUTRAL
23a60f86b72dcd8d,Mushfiq is perfect for odi and test,mushfiq,NEUTRAL
636926bb6444d61c,"মুশফিক ভাইকে নয় ,,,, মুমিনুল হক কে, টেস্ট খেলা থেকে বাদ দেওয়া উচিত।",mushfiq,AGAINST
14a06991234e5e06,Even afif is more mature than Mushfiqur. Afif is perfect number 7 for Bangladesh test team. He is mature enough to take any challenge,mushfiq,NEUTRAL
af89d755eb49229c,"নাটা মুশফিক কে শুধু টেস্ট ফরম্যাটে এ ব্যাটসম্যান হিসেবে খেলানো উচিত, ODI & T20 তে মুশফিক চলে না 🥵",mushfiq,NEUTRAL
e687a09272f246f4,Mushfiqur rahim is my on of the favourite player He is best than another player,mushfiq,FAVOR
62ec6a67c88b94a0,ব্যাটিং এ মুশফিক এর alternative এখন ও তৈরী হয় নাই।,mushfiq,NEUTRAL
ccfc576f22c96ddf,সিনিয়র খেলোয়াড়দের মূল্যায়ন করা উচিত তবে মুশফিক ভাইয়ের ফেবারিট শর্ট যখন তার বিরুদ্ধে যাচ্ছে তাও একটা দুইটা না অনেকবার আউট হইছে যেহেতু এই শর্টটি লাক ফেবার করতেছে না সেহেতু আপাতত এই শর্টটা না খেলে একটু পিচে থাকার চেষ্টা করাটা কি উত্তম হয়না?,mushfiq,NEUTRAL
e4113e18930a82f8,নাজমুল কি কারনে খেলে আমিতো বুঝলাম না মুশফিক ভাই কে নিয়ে কেনো এতো কথা,mushfiq,NEUTRAL
ff4eca6695f297c0,মুশফিক আগে বানান কার পর বাদ দিনকিন্তু কাউকে অসন্মান করে না।,mushfiq,AGAINST
e927fe773aea5ec9,দেশের ক্রিকেটকে ভালোবাসি শুধু মাত্র পঞ্চপাণ্ডব এর জন্য সব থেকে বেশি ভালোলাগে মুশফিক রান পেলে বলে বোঝানো সম্ভব না ভাই কত ভালোবাসি মুশিকে। এরা চলে গেলে খেলা দেখা হবেনা নিশ্চিত যদিও মাঝে মধ্যে খেলা পাগল হিসাবে খবর রাখা হলেও তার হেতু কেবল মিরাজ আফিফ দুই একজন হবে।,mushfiq,FAVOR
3a8ee16e4558b5d5,"Mushfiqur is not playing good these days anymore , should be kick out from the team also nannu , domingo & mafia papon",mushfiq,NEUTRAL
fba1e64856221d7a,"টি ২০ তে মুশফিক এর জায়গায় বিজয় বা সাব্বির কে দেখতে চাই,,,,,",mushfiq,NEUTRAL
c3e2ed4c10f67688,"টি-টোয়েন্টিতে মুশফিক থাকা আর না থাকা একই কথা, খুবই বাজে স্টাইক রেইট আর গড়৷ শুধু নামের কারণে আর খেলানো উচিত নয়।",mushfiq,AGAINST
baa08032a60c392c,খালেদ মাসুদ পাইলট কে সরিয়ে মুশফিকুর রহিমকে জায়গা করে দেওয়ার পরে সে নিজেকে প্রমাণ করেছে সেও একজন অভিজ্ঞ প্লেয়ার। এ ব্যাপার নিয়ে সাংবাদিকদের এত খোঁচানোর কি দরকার,mushfiq,AGAINST
ab45760273d88e0d,"@UCi-bAisCpl5zcCZASJifz6g আফিফের স্ট্রাইক রেট ১১৬ ,মুশফিকের ১১৫.৩৪ 🙄🙄 আর গড় তো বললামই, আফিফ ১৬, মুশফিক ১৯. আর লিটনের স্ট্রাইক রেট ও আহামরি না😑১২৩... তাহলে বাংলাদেশ কি টি২০ খেলা বাদ দিবে নাকি",mushfiq,AGAINST
741035fcf8a7a544,ব্যাটারদের কিভাবে ১ হাত নিলেন মুশফিক? ফালতু টাইটেল দেন কেন? টাইটেল এর সাথে ভিডিওর কোন মিল নাই। এভাবেই ভিউ কামাতে হয় আপনাদের?,mushfiq,NEUTRAL
0ac1c452b486f3fb,"Mushfiqur crying in corner.. ki like mujhe kyun dhoya.. ""Shuru hota nahi ki khatam ho gaya..:face-blue-smiling:",mushfiq,NEUTRAL
ed320075418bf5d2,Mushfiqur played well and outstanding innings... memorable,mushfiq,NEUTRAL
aefdc0324b3b0694,Alhamdulillah. Execllent and brave batting effort by Bangladesh team in their first innings of the 1st test against Pakistan at Rawalpindi which is incidently the first test for Bangldesh team after the 2nd Independence on 5th August. What a marvelous and brave issings by Mushfiqur narrowly missing his second century His 191 runs enabled Bangldesh to post a respectable and massive total of 565 runs and put them in a strong position. Now it seems Bangladesh team is playing for the country and giving their best after the 2nd Independence of Bangladesh which was missing before.,mushfiq,NEUTRAL
cd1ae01cfedef203,"মুশফিকুর রহিম আমাদের বাংলাদেশের গর্ব,তাকে নিয়ে এরকম ট্রল নেয়াটা আমার কাছে মোটেও ভালো লাগে নি।।",mushfiq,FAVOR
61f460a49f1af7a4,"@Jedii_0 this isn’t for entertainment, please bro try to understand. This is made to strongly hurt Mushfiqur Rahim's feelings.",mushfiq,NEUTRAL
1ebad58a31967081,"পাপন কৈ আছে,, মুশফিকে নিয়ে সিদ্ধান্ত শোনার অপেক্ষায় আছি",mushfiq,NEUTRAL
b9e9b529353ef5a9,আমার কাছে সবথেকে ভালো লাগছে ইবাদতের উতজাপন নাকরায়। মুশফিক ভাইকে সম্মান করার জন্য ভালোবাসা রইলো,mushfiq,FAVOR
1b8f3ebc99b9fc8f,Mushfiqur Rahim is one of the greatest cricketer in Bangladesh ❤️❤️❤️❤️❤️🇧🇩🇧🇩,mushfiq,FAVOR
6a2c17ad609e5c76,"Jei performance, musfiq agei buje geche , musfiq k world cup team a news Hobe na. Jokhon bujte parlo , then quickly announced retirement. Bar bar news korar Kichu ny",mushfiq,AGAINST
c4032c8c1c703e3e,৭১ টেলিভিশন এর সাংবাদিক গুলো এবার কার পিছনে লাগবে? মুশফিকুর রহিম টি ২০ থেকে বিদায় নিয়েছে।,mushfiq,AGAINST
de63d955f8b9ad81,মুশফিকের বিকল্প কোনো দিন ও হবে না। এটা মুশফিকের সাথে অবিচার করা হচ্ছে। মুশফিক সবসময় সেরা। মুশফিকের মতো উইকেট কিপার এখনো বাংলাদেশে জন্মায় নিই। সোহান ৪-৫ টা ম্যাচ ভালো করেছে বলে তাকে মুশফিকের সাথে তুলনা করা হচ্ছে। যে যাই বলুক না কেন মুশফিক সবসময় সেরা। ❤️ Love you Mr 15 ❤️ Mr.Dipandible ❤️,mushfiq,FAVOR
020634f736e08161,"আমি সেই প্রথম থেকে ই বলছি মুশফিক ই কিফিং হিসেবে যোগ্য, এবং রাখা উচিৎ ছিল।",mushfiq,NEUTRAL
3c8c37ae620162f1,মুশফিকের সাথে সোহানের তুলনা হয় না মুশফিক মশফিকই❤️,mushfiq,NEUTRAL
73bb89e06727828a,bhai ke bolse 4-5 ta match bhalo khelse sohan? last 5 years e bangladesh e best wicket keeping korse Sohan...domestic cricket dekhlei bhujben...Mushfique hocche batsmen/wicket keeper ar sohan hocche wicket keeper/batsmen....mushfiq bhalo bat kore ar sohan bhalo keeping kore...etai bastob,mushfiq,FAVOR
c38524e352edd125,Sohan keeping e Mushir cheye ektu valo tobe ha batting e Mushfiqur best.,mushfiq,FAVOR
007e5b79c0557669,"@mytseriesplusvideo6280 ji manlam musfiq polard ba russel er moto 6 marte pare nah..apnar shohan koita polard russel er moto 6,4 marse....ekto dekhaben plz...",mushfiq,NEUTRAL
821078e1ddbab9f9,@RowRow-f4y আপনি ভুলে আছেন ভাই 23 ম্যাচ খেলে ভালো হওয়া যায় না মুশফিকুর রহিমের সেরা,mushfiq,FAVOR
92ea90a1abab08ac,i doubt it. Mushfiq lost us lotta games with his keeping. But he is a great batsmen.,mushfiq,FAVOR
b99d9e5b81fc2a2d,মুশফিকের বিকল্প কোনো দিন ও হবে না। মুশফিক সবসময় সেরা।বাংলাদেশের জন্য মুশফিকের অবদান অনেক। সে অভিজ্ঞ।সোহান ভালো কিপার ঠিক আছে.... দরকার হলে সোহানকেই একবারে কিপিং এর দায়িত্ব দিত...১৬ বছর ধরে পরীক্ষা দিয়ে গেলেন তবুও পীরক্ষা শেষ হলো না,mushfiq,FAVOR
c93aedb5074af019,"Mushfiqur Rahman to dependable and experienced batsman , so must be we need musfiq , if he do well or not",mushfiq,NEUTRAL
ca44e56b36b736a2,মুশফিক বাংলাদেশের সব থেকে যোগ্য এবং দলের সেরা ব্যাটসম্যান। মুশফিক উইকেটের পিছনে থাকা মানেই দলের মাঝে একটা তেজ চলে আসে কারণ সে সবসময় সরব থাকে। এই গুণটা সোহানের মাঝেও আছে। আমাদের সৌভাগ্য দুজন অসাধারণ কিপার দলে আছে।,mushfiq,FAVOR
b97deefe0f411bee,Mushfiqur Rahim is one of the best wicket kipper of the world.,mushfiq,FAVOR
c96770b23bde1235,Sohan playing 11 e khelle take keeping koratei hobe.onno kono way nai.jehetu o fielding kore na..jodi playing 11 e na thake tokhon Mushfiq thakbe..eta plan howa ucit..domingor plan ta thik na..,mushfiq,NEUTRAL
3b011b6dfb281ee9,"Aree vai kiser sohan,,,, Bangladesh er sera keeper musfiq.",mushfiq,FAVOR
1a4931715c8d2212,মুশফিক ভাইকে কিফিংয়ের দেখতে চাই সব ফরমেটে,mushfiq,NEUTRAL
dab781fdc8245cb2,@RowRow-f4y haa apnake besi kotha bola lagnr na... Mushfiq jane oke ki korte hobe ar or desottobodh apnar theke besi...,mushfiq,NEUTRAL
6716aa5f8d536817,মুশফিক ভাই উইকেট পারুক বা না পারুক। তকেই সাদা বলে উইকেট কিপার হিসাবে দেখতে চাই।,mushfiq,NEUTRAL
5a64835a571bfee7,আমার মনে হয় মুশফিক ভাইকেই কিপিং করতে দেওয়া উচিত সোহান নিজেকে আগে ব্যাটসম্যান হিসেবে প্রমাণ করুক তারপর তাকে কিপিং গ্লাভস দেওয়া হোক,mushfiq,NEUTRAL
663030d6cc15f6ce,মুশফিকুর অত্যন্ত ভালো খেলে তবে নতুনদেরকে ও সুযোগ দিতে হবে,mushfiq,FAVOR
4118ca5b5fb18194,আর সোহানের ব্যাটিং যখন খারাপ হবে কিংবা দল থেকে বাদ যাবে তখন কি আবার মুশফিককে কিপিং করতে হবে? তখন মুশফিক রেডি থাকবে তো!!,mushfiq,AGAINST
761415e689ee39ca,1. Mushfiqur rahim ke diye odi te kipping. Sohan ke diye t20 te kipping. Liton ke diye test e kipping 2.Mushfiqur rahim ke diye odi ar test e kipping. Liton ar sohn ke bhag kore test e kipping deya 3.Mushfiqur rahim ke all format e kipping deya.jodi se injury te thake tahole sohan ke diye kipping korano. Liton ar sohan to fielding bhalo korte pare but mushfiq bhai Fielding bhalo pare na karon uni tar career er suru theke keeper chilen.,mushfiq,FAVOR
4bdb7288bba9c91a,মুশফিক বাংলাদেশ দলের যোগ্য ব্যাটসম্যান। মুশফিক উইকেটের পিছনে থাকা মানেই দলের মাঝে একটা সতেজতা চলে আসে.. কারণ সে সবসময় সতেজ থাকে। এই গুণটা সোহানের মাঝেও আছে। আমাদের সৌভাগ্য দুজন অসাধারণ কিপার দলে আছে।,mushfiq,NEUTRAL
803f82afd764f100,Mona hossa ja musfiq team ai nai. Musfiq kepping balo kora na tai sohan ka kepping daoya hoisa. Kinto batsmen hisaba to asai😡,mushfiq,NEUTRAL
1adc7405bddbee54,কিংবদন্তি ব্যাটসম্যান ও কিপিং মুশফিক ভাই কে কিপিং হিসেবে দেখতে চাই,mushfiq,NEUTRAL
6fe6ed7a81d3f0c8,Mushfiq er moto Keeper na thakai valo..,mushfiq,FAVOR
b34ad55e5e7174fa,Mashrafee kintu thik bolse vai.... Eta dressing room er bepar eta kono maddhome ene Mushfiqur ke opoman kora hoise,mushfiq,NEUTRAL
050966f19a3784fb,"এই কথা শুনার পর মুশফিকের অবসর নেওয়া উচিত, না হলে পরে আরও অপমানিত হবে ।",mushfiq,AGAINST
fb1e7106687ea629,Etai amader poblem. Talentder sujog deya hoyna.are vai mushfiq doler best batsman etay to keu dimot bolcena.o keep parena eta thekeo ore bad deya jabe na tahole new talent sujog pabe kivabe.r mushfiq ki sarajebon khelbe.tokon hut kore akjon re fhukaile to mithuner moto mone hobe,mushfiq,NEUTRAL
c571b10fe0124b4f,Mushfiq amar baler keeper.protita series e ak ta noi akta match dubaice.,mushfiq,NEUTRAL
58a941919c07c6c6,"সোহান কে কিপিং থেকে বাদ দিয়ে ভালো একটা ব্যাটসম্যান নেওয়া উচিৎ ছিলো,,,মুশফিক কিপিং করলে ব্যাটিংটা বেশি উপভোগ করতে পারে।",mushfiq,FAVOR
09ad2cba1e6b96ac,সোহান দলে টিকবে কি না সেটা কেউ ভেবেছেন । কিপিং কে ভালো ব্যাটিং ও করতে হয়। দুই দিনের খেলা দেখে মুগ্ধ হয়ে গেছে রে বাঙালি অথচ মুশফিক কত বছর ধরে বাংলাদেশ ক্রিকেট দলে ভালো খেলছে সেটার মূল্য দিতে এখন ভুলে যাচ্ছে!!,mushfiq,FAVOR
7ecd01d9c788e84f,"অবশ্যই মুশফিক অনেক ভালো খেলোয়া কিন্তু ভাল কিপার বললে ভুল হবে একজন উইকেট কিপারের হাতে খেলার ৫০%নিয়ন্ত্রন থাকে,, আমি ছোট বেলা থেকে দেখছি বহুত মিস করেছেন তিনি,,, সোহান ভালো কিপিং করে এটা ভালো এটা দরকার ছিলো,, কেউ ভালো করলে যদি তাকে সুযোগ দেওয়া হয় আর অন্যজনকে এ কাজ থেকে সরিয়ে দেওয়া হয় তাহলে সেটা অপমান হয় এটা প্রথম শুনলাম",mushfiq,FAVOR
f0369240bcdb5eb0,OVER ALL MUSHFIQUR RAHIM IS THE BEST.,mushfiq,FAVOR
f2e303d30af6f54d,মুশফিকুর রহমান কে কিপিং ও বেটিং করলে এতে করে একজন বেটিং অথবা বলার নেয়ার সুযোগ থাকবে,mushfiq,NEUTRAL
aa12392ee015b33f,তোর এত বড় সাহস কেম্নে হলো mushi কে নিয়ে বলার!! 😡😡 Russel Domingo ওই কুত্তার চাইতে লাক লাক গুণ এগিয়ে আমাদের মুশফিকুর রহিম... ওর ব্যাটিং বর্তমান এর sokol উইকেট keeper দের থেকে এগিয়ে. সে তো বর্তমান এর সেরা উইকেট keeper + ব্যাটসম্যান,mushfiq,FAVOR
e6fa55a24ae0bf6a,"আমি মনে করি রাহুল দ্রাবিড় এবং কুমার স্যাঙ্গাকারার মত উইকেট কিপার ছেড়ে ভালো খেলেছে, তাই মুশফিকের উচিত কিপিং ছেড়ে দেন আর কোচের মনের আশা পুরন করে দেন",mushfiq,FAVOR
56ad51d84b4054de,Musfiq is the perfect batsman for all type of cricket. যেমন ফরমেট তেমন ব্যাটিং বাংলাদেশে সেই সবচেয়ে ভালো পারে।,mushfiq,FAVOR
03ecdbfb22408e86,"কারা যেন বলেছিলো মুশফিক এখন আর চলে না, ওই সব মানুষগুলো কই আশা করি ভালো জবাব পেয়েছে তার খেলা দেখে, মন্তব্য করার আগে বুঝে করা দরকার?",mushfiq,FAVOR
dc0d55d65b613d35,ভাই 🤣🤣🤣 আপনি সেরা 🤣👌 আপনার উপস্থাপনা খুবই অসাধারণ। আপনি যেভাবে মুশফিক আর মাহামুদুল্লাহ কে ধুইলেন সাথে আবার কাজের কথাও বের করে নিছেন। এক কথায় অসাধারণ 👌,mushfiq,FAVOR
1cd807f15a9e3cbb,"মুশফিকের উইকেট কিপিং নিয়ে সমালোচনা আমরা যারা করছি। এখন সোহন তো সেটাই করলেন ক্যাচ মিছ করছে আজকের ম্যাচে। আমরা যারা মুশফিকের সমালোচনা করছি, তারা বন্ধ করি, এখন শুধু ওয় ভুল করে না, সোহান ও ভুল করে",mushfiq,AGAINST
c359b758fd672320,"ভাইয়া আপু!!! আপনারা যা করলেন its called জুতা মেরে গরু দান!!!সারা video তার বদনাম করে, শেষ সময়ে হালকা মলম না দিলেও হইত। মাঠে একজন অধিনায়কের অনেক ভুমিকা!!! এটা কে ভালো ভাবে গ্রহণ করুন, মুশফিক bro you r rock ✊ love u!!!",mushfiq,FAVOR
47a139c0598b747d,Mane player vlo khelle joss and kharap khelle mane shob kharap k dhorbe faltu mane mushfiqur k mane apnara ki bolb....,mushfiq,AGAINST
4632239665f3d30a,মুশফিক অনেক ভালো একজন মানুষ। এগুলো হয়তো এমনি ইয়ার্কি জন্য করছে সে কখনো কারো সঙ্গে খারাপ ব্যবহার করে না,mushfiq,FAVOR
35d61bd046798d3e,আমি ভারতীয় ।আমার মনে হচ্ছে ক্যাচ টা মুশফিকের ছিল ই না।,mushfiq,NEUTRAL
2f3aa12e81fb6438,ho arektu baraia bolen. Mushfiq khun korar chesta kortesilo. eta baki rakhsen keno. akta player vul korse.khoma chaise. ekhon ki pa dhorte bolen apnara take?,mushfiq,NEUTRAL
e41b957ea5b2252d,I love you Mushfiq vai ami apner onek fan,mushfiq,FAVOR
d6db4da7dbfe0c5d,Musfiqur Rahim is best....I love you musfiqur Rahim,mushfiq,FAVOR
599e712c79ccb059,ইনশাআল্লাহ্ মুশফিক ভাই টি-টুয়েন্টি বিশ্বকাপে ভালো করবেন 🇧🇩,mushfiq,FAVOR
4dd0d9b686ab5e76,"mona koran ajka jodi musfiq new player hoito then ki hoito , ajka Jodi musfiq national team chance pawar joinno moria takto ,then musfiqka bolto Tomaka national team a chance dewa hoba, next series Pakistan, tokon tiki apni yes Bolten bcos u would need one chance, however akon apni janan team a apnar jaiga pakka, tai oinno kew performance korlao apnar place takba, bai Pakistan ja security disa , I doubt, gotokal ja trump india aisa , ato security paisa ki na , they r not only giving presidential security it's more then that . bcos they cant take any chance. terrorist to dura taak ata masio(fly) oira jaita diba na ..",mushfiq,NEUTRAL
0c0f2a4a87891df3,@zaahidhaasaan6048 তাহলে মুশফিক আর লিগের প্লেয়ারের মধ্যে কোন পার্থক্য নেই।মুশফিক যেমন টকার জন্য খেলতেছে তারাও টাকার জন্য খেলে।আমিও মুশফিককে ভালবাসি মুশফিক গেলে আমাদের ভাল হবে। মুশফিক =৩ জন জুনিয়র প্লেয়ার। কথাটা মাথায় রাখবেন,mushfiq,FAVOR
f10feddc6ce88e65,Mushfiq baal amar.. baad diye dile r ki hoi? Let him play with Zim Ireland he’ll score 300 one day which he can’t with big teams. He knows that very well.,mushfiq,NEUTRAL
7a6cb11b2ca0ac79,অমিত ভাই সব কথা ঠিক আছে ।তবে যেখানে মুশফিকেই একমাত্র দলের ভরসা হিসেবে ধরা হয় সেখানে তার জীবন বাজির কথা (নিছক স্বার্থপরতা ছাড়া)দেশের প্রতি তার ডিডিকেশনের অভাবই দেখা যাচ্ছে।সবাই যেতে পারলে সে পারবে না কেন!!,mushfiq,AGAINST
77fb9f3e3e5a3018,"পাপন ভাই, এবার মুশফিক কে ও শেষ করে দেন,, একে একে সবাই কে শেষ করতে, বসেছেন,,, তার পরে আপনি, চুন্নু টিমে খেলবেন, আপনারা তো ভালো খেলয়ার,, আপনাদের খেলার অপেক্ষায় গোটা বাংলাদেশ,,, আসেন, খেলা হবে,,",mushfiq,FAVOR
5e1b6f75fba7de01,"বিসিবি খেলোয়াড়দের সাধিনতা দিয়েছিল যাওয়ার আগে কারণ একটা ভয় ছিল। কিন্তু এখনতো একটা সফর হয়ে গেছে আর যারা গিয়েছিল তারা কি আমার দেশে খেলোয়াড় না? কাজেই এসব বিবেচনা করে মুশফিকের যাওয়া উচিত। আর না হলে একটা কথা থেকেই যায় ""তাহলে কি দেশের সম্মানের আগে পরিবার""।",mushfiq,NEUTRAL
dfd48906390f83cf,"বাংলাদেশের স্বার্থে মুশফিকের পাকিস্তান সফরে যাওয়া উচিত,,, সেনাবাহিনীরা যেহেতু জীবন বাজি রেখে বিভিন্ন দেশে যুদ্ধ করতে যেতে পারে মুশফিক কেন পাকিস্তান সফরে যেতে পারবেনা। তাহলে মুশফিকের বুকে কী দেশ প্রেম নাই,,,??? এখানে দেশ প্রেম টা সবচেয়ে বড়!",mushfiq,NEUTRAL
c4f496ac4417ea62,"Papon একজন প্রকৃত ক্রিকেট প্রেমী ও ভালো সংগঠক।মুশফিক আই,পি,এল,এ খেলতে ডাক পাবে এই লোভের আশায় বাজে অজুহাতে পাকিস্তান সফরে না গিয়ে বাংলাদেশ কে জয় থেকে বঞ্চিত করেছে।আমি মুশফিকের পাকিস্তান সফরে না যাওয়ার সিদ্ধান্তের তীব্র নিন্দা জানাই।",mushfiq,FAVOR
032721b6684e9e36,jamuna tv মুশফিকুর কি আপনাদের কে মাল পানি দিছে নাকি??,mushfiq,NEUTRAL
d4535dc31aa3d10c,Musfiq must have played in Pakistan. BD team wouldn't have lost so badly if he had joined the team. He is evading BD team in the name of security. He is giving a lame excuse.,mushfiq,NEUTRAL
c79d246fc8fff442,"মুশফিকের অবসর নেয়া উচিৎ, যাতে করে বিসিবি তাকে ফিরিয়ে আনার জন্যে আকুল ইততিবনতি করে!!",mushfiq,AGAINST
db5c8f0281a513e7,এই সমস্ত নাটক বাদদেন ভাই। পুরো বাংলাদেশ খেলতে যেতে পারলে মুশফিকের প্রবলেম কি? আর প্রতিটা পরিবারের কাছে তার প্রিয়জন সব থেকে দামী। আর প্রতিটা প্লেয়ারের পরিবার আছে Ok??,mushfiq,AGAINST
0b531dea6cf58927,আপনারা যাই বলেন না কেন মুশফিক কিন্তু বাংলাদেশের একজন ভালো বেটার। আশা করি সামনে ভালো করবে।,mushfiq,FAVOR
a01a968ab0123ff4,বেশিকিছু না সাংবাদিক ভাই হালকা করে মুশফিক কে একটু ভরে দিলো🤣😅,mushfiq,AGAINST
e53a050c1380f9d1,"রিপোর্টার এটা দেখাইলো?😂😂🤣🤣 আয়নাবাজি সিনেমার গল্পকেও হার মানাবে। মুশফিক ওয়ানডে এবং টেস্ট খেললে ভালো হবে। টি-টোয়েন্টিতে প্রয়োজন ইয়াসির আলী রাব্বি, সাব্বিরের মত কিছু ব্যাটার।",mushfiq,FAVOR
28ce846236e62684,মুশফিক ভালো খেলোয়াড় তাতে কোন সন্দেহ নাই। তবে উইকেট কিপার থেকে বাদ দেওয়ায় সে প্রতিশোধ খেলায় নিল।,mushfiq,FAVOR
77417342b8cae25f,@itzmenasir7503 খারাপ টিমের সবাই খেলছে শুধু মুশফিক না । তাহলে মুশফিক কে নিয়ে কেন সমালোচনা হবে শুধু?,mushfiq,AGAINST
c022fb27b8642964,mushfiq jid koreche or shotirthora jotodin t20 khelbe okeo toto din t20 kheltei hobe sheta performence korte paruk ba na paruk.,mushfiq,NEUTRAL
b52b204981a48780,How many players like Mushfiqur are there all over Bangladesh * We can't do anything but we can criticize anyone * How can Mushfiqur be made a backup player without criticizing so much ?????❤️🇧🇩❤️mr15💪,mushfiq,NEUTRAL
18a37d5b177787b8,bangladesher manush ashoei sarthopor... valo khelle mathai uthay kharap khelle matite namay...😒😒 Remember that mushfiq is the only player who don't have any ego & selfishness 🙂,mushfiq,AGAINST
2750e3827d81b24c,মুশফিক কে স্টেডিয়ামে ঝালমুড়ি বিক্রি করার সুযোগ করে দেওয়া হউক,mushfiq,NEUTRAL
d7ad1d0052bee0dd,মুশফিক এর আয়নায় কি এগুলো দেখা যায়না??,mushfiq,NEUTRAL
3085b668f6063fef,টি-টোয়েন্টি সংস্করণের ম্যাচে মুশফিকের সামথ্য নেই তাকে না খেলালেই দেশের জন্য ভালো,mushfiq,FAVOR
fa22016f2ddac2c8,ভাইয়া মুশফিকুর রহিম কে কিছু বলতে চাইনা আমরা আমাদের আয়নায় মুখ দেখা উচিত,mushfiq,NEUTRAL
1293821f1ac905ec,"মুশফিক টি২০ খেলোয়াড় না তাকে বাদ দেওয়া উচিত, ওয়ানডে এবং টেস্ট খেলুক",mushfiq,AGAINST
47707db7851c9031,মুশফিকুর রহিমের ব্যর্থতার কারণ কিপিং না করা। কারণ সে কিপিং এ অভ্যস্ত তার ক্ষেত্রে কিপিং ছাড়া ব্যাটিং uncomfortable.,mushfiq,AGAINST
5739f6b9737cd4b1,মুশফিক নিঃসন্দেহে ভালো ব্যাটসম্যান তবে এ ধরনের ব্যাটসম্যান টি-টোয়েন্টিতে দরকার আছে বলে আমি মনে করিনা,mushfiq,FAVOR
d621b0d4277d17e8,কেন ভাই কি করলো সাংবাদিক। আপনি কি মুশফিক এর চাচতো ভাই নাকি..?? আমার তো এমনটাই মনে হচ্ছে।,mushfiq,AGAINST
7e815cd1191e7c69,"মুশফিক যদি সেন্সুরি করতে না পারে, তাহলে এটা মুশফিকের ব্যর্থতা। কারণ মুশফিকের মত ব্যাটার অবস্থার উপর ডিপেন্ড করে ব্যাট করা প্রয়োজন। শুধু ডিপেন্স করলেই হবে না।",mushfiq,AGAINST
f508674a03376202,খুব সুন্দর লাগে মুশফিকের নাগিন ড্যান্স নাগিন মুশফিক খুব ভালো নাগিন নাচ করে মিস করবো নাগিন ড্যান্স,mushfiq,FAVOR
2a08fd9ee7abcb33,মুশফিক না গেলে নুরুল হাসান সোহান গেলা ভালো হবে,mushfiq,FAVOR
0b8b6d415cb6b2be,মুশফিকুর রহিম আসলেই অনেক ভালো ব্যাটসম্যান ও উইকেট কিপার। বাংলাদেশ দল থেকে তিনি চলে গেলেও তাকে কখনো ভুলে যাবো না। 🇧🇩🇧🇩,mushfiq,FAVOR
7b167f648c6479e1,মুশফিকুর রহিম খুব ভালো মানুষ। যারা মুশফিকুর রহিম কে পছন্দ করে তারা Like করবেন।,mushfiq,FAVOR
67487267fb3c02b9,My favourite player is Mushfiqur Rahim i love him,mushfiq,FAVOR
6c7ec9878a573342,সবচেয়ে ভালো লেগেছে মুশফিক কে নিয়ে ভিডিও বানাইছেন। ধন্যবাদ,mushfiq,FAVOR
c72c5b5fa343d922,Mushfiqur Rahim is my favorite player. He is the best. He is one of the best bats man.,mushfiq,FAVOR
b30e75c9900b3e5e,Musfiq is too good. Thanks you so much for your exploit . Run away with your good force. I proud of you.,mushfiq,FAVOR
2c56408c4eeed0f7,আমার কলিজার টুকরা 😢😢যাকে একবার ছুয়ে দেখার জন্য.... প্রার্থনা করি😢 কলিজা ছিড়ে দেখানো যদি যেতো তাহলে পুরো বিশ্ব দেখতে মুশফিক ভাইকে কতটুকু ভালবাসি। যেদিন অবসর নিবেন সেদিন ওই খেলা দেখা বাদ দিয়ে দেবো😢,mushfiq,NEUTRAL
6e362682fcca3634,আমার খুব ভালো লাগলো মুশফিকের খেলা অসাধারণ পারফরম্যান্স আমার খুব ভালো লাগে,mushfiq,FAVOR
3a9f367b0bc7be72,Mushfiq amar sob theke poesonder i love you mushfiq,mushfiq,FAVOR
921db77bfb31adc6,আমি বগুড়া থাকি তাই আমার প্রিয় খোলোয়ার মুশফিকুর রহিম। মুশফিকুর রহিম খুব ভালো মনের মানুষ।,mushfiq,FAVOR
53ca6942df3b1b0c,Musfiq is my real hero ...i love him sooo much,mushfiq,FAVOR
cb87f7eefb021e25,রাজশাহীর বগুড়ার গর্ব মুশফিকুর রহিম ভাইয়াকে খুব ভালো লাগল।,mushfiq,FAVOR
c29c08aed4b05bab,My favourite player name is Musfiqur Rahim,mushfiq,NEUTRAL
1d37ab8246845505,মুশফিকুর রহিম আমার পিও খেলোয়া আর সে একজন ভালো মানুষ 🇧🇩🇧🇩🇧🇩🇧🇩🇧🇩,mushfiq,FAVOR
120c3dacdac01991,আলহামদুলিল্লাহ আমার কাছে মুশফিক কে অনেক অনেক ভালো লাগে,mushfiq,FAVOR
78137729716b1a51,My favourite player is Mushfiqur Rahim/ Mr.Dependable/ Run Machine,mushfiq,NEUTRAL
4bf28d82d8558271,মুশফিক আমার অনেক অনেক প্রিয় এক জন্য খেলোয়ার LOVE YOU Mushfiq,mushfiq,FAVOR
d01d6ba5079d213d,আমার সবাইকে অনেক ভালো লাগে।তারপর ও মুশফিককে একটু বেশি পছন্দ করি।,mushfiq,FAVOR
44ae049105601918,Mr. Defendable Mushfiqur Rahim Amar Priu Cricketer,mushfiq,NEUTRAL
6c8e50598b283694,Mittha bolbona Amar jokhon 5 bosor tokhon thekei ami musfiqer fan Ami Argentinar er fan kontu jokhon sunlam musfiq brajil tai amio brajil I LOVE YOU MUSFIQ Argentinar s,mushfiq,FAVOR
2dea2b864b79802f,মুশফিক রহিম আমি তাকে খালাতো ভাই বলে ডাকি,mushfiq,NEUTRAL
8d8afde74d54fde1,মুশফিকে আমি অনেক ভালোবাশি বিপিত্রলে মুশফিক যে দলে খেলে আমি সব সময় সেই দলটি করি মুশফিক সবার সেরা,mushfiq,FAVOR
77185787f7609f42,Mushfiqur Rahim is the best and favorite cricketer of all time in my world,mushfiq,FAVOR
1344debd55ba0ee2,মুশফিকুর রহিম খুব ভালো মানুষ। যারা মুশফিকুর রহিম কে পছন্দ করেন তারা Like করবেন।,mushfiq,FAVOR
becc82059af3afd4,My favourite player only and only mushfiq. He is an appsilute champion,mushfiq,NEUTRAL
e8008e256203263f,আমি খেলা তেমন দেখিনি তাও মুশফিকুল ভাই খুব সবাই ভালো খেলে তাও কিছু মানুষ তো আছে পছন্দ র,mushfiq,FAVOR
a1059f58cdbc43d7,"মুশফিক আমাদের বাংলাদেশের অমূল্য সম্পদ আর বিশ্ব ক্রিকেট ইতিহাসে মুশফিকের অবমূল্যায়ন কালো অধ্যায় হিসাবে আইসিসি স্বীকার অবশ্যই একদিন করবে বলে আমার দৃঢ় বিশ্বাস। কিন্তু না করলেও কিছু যায় আসেনা, বাংলাদেশ তো জানে, মুশফিক অমূল্য রত্ন,মুশফিক গর্ব, বাংলাদেশ ক্রিকেট ইতিহাসের গৌরবোজ্জ্বল এক ক্রিকেটের (উইকেট কিপার ও ব্যাটসম্যান) স্বর্ণাক্ষরে লিখিত নাম,মুশফিকুর রহিম। ব্যক্তিগত ভাবে তাঁর যোগ্য প্রসংশার কোনো ভাষা আমার জানা নাই★অনবদ্য★।তাঁর প্রতি হৃদয়ের অকৃত্রিম শুভকামনা।।",mushfiq,FAVOR
db38c83dfd0b91b8,May be 3 musfiq will equally be same of those namer of cricket is the you talk rubbish is the freind,mushfiq,NEUTRAL
36148c9cf1532bfb,Hala modo first 10 years mushfiq namse koi?? Ar onno deser player namse koi,mushfiq,NEUTRAL
f047b04a8ccd5a99,ভাই কবে জন্মাইলেন? মুশফিকের মোট ম্যাচ কতো জানা আছে?,mushfiq,NEUTRAL
5a7e130abd981390,what an innings! now he is the highest scorer in our test. greatest congrats mushfiq.,mushfiq,FAVOR
8f1d19834d2bf2ce,Who is the best wicket keeper batsman Mushfiqur Rahim=Like Ms Dhoni=Comment,mushfiq,FAVOR
38f0899b09147f2e,I am from India .. Brilliant innings by musfiqur rahim,mushfiq,FAVOR
40c6ab11e3e61df7,Mushfiqur Rahim the First Wicketkeeper Batsman to score 2 double hundreds in test cricket's long 141¾ years history,mushfiq,NEUTRAL
a9a0087400276c70,I am a Bangladeshi I want to say that We can't compare with Dhoni and Mushfiq.,mushfiq,NEUTRAL
befb99404bb8ff7b,Dhoni probably best wicket keeper but mushfiq is the best batsman then dhoni,mushfiq,FAVOR
693f778ab09c2f74,"Mushfiqur Rahim Better batsman, Dhoni better wicketkeeper.",mushfiq,NEUTRAL
83dcfc246b16b946,ভাই আমি বাংলাদেশী কিন্তু সত্যি বলতে মুশফিক এর চেয়ে কোটিগুণ ভালো উইকেট কিপার ব্যাটসম্যান মহেন্দ্র সিং ধোনি,mushfiq,FAVOR
f6696de497802cac,​​ @mohammadsamsulislam4210 iF u just consider wicket keeping then dhoni is better but if u cosider wicket keeping batting then obviously mushfiq is far better,mushfiq,NEUTRAL
a28a4e218c25ce19,"Kumar Sangakara 8 ti Double Century korleo Wicket keeper Thaka obosthai koreche matra 1 ti.erokom r o 6 jone kreche.But,Wicket Keeper hisebe Test e 2 ti Double Centurion only one man ""Mushfiqur Rahim"".",mushfiq,NEUTRAL
15a697ad9cb35186,"What an innings by Mushfiqur Rahim 219😍 Love you,, Bro!!!",mushfiq,FAVOR
2fe16bfc8933ed71,Many Many Congrats Mubarakkkkkk 🎉 Mushfiq.. and the you have celebrated it by doing Shukur Shujud is absolutely beautiful..Alhamdulillah you have showed us again why you called Mr. Dependable . You make us happy.. Thank you,mushfiq,NEUTRAL
6770d2b4f04f172c,Highest scored in test career in Bangladeshi batsman musfiqur rahim....congratulations,mushfiq,NEUTRAL
56dd250b0118d5fe,Very nice Mushfiqur Rahim. We hop u will ply good cricket for your country,mushfiq,NEUTRAL
4d0111a25686cb28,Congratulations Mushfiq..... well played. I proud of you Mushfiqur Rahim 🇧🇩🇧🇩,mushfiq,FAVOR
cfd038bff8b4d6a8,"Musfiq is my idle, at the same time he is my most favourable player of Bangladesh cricket history.",mushfiq,NEUTRAL
197b94bdb561a685,Mushfiqur Rahim The Wall Of Bangladesh Cricket. 😎😍😍,mushfiq,NEUTRAL
4b8d5f47f890c064,Very good innings from Musfiqur Rahim .🐆🐆🎺🎺🇧🇩🇧🇩🏆🏆🎉🎊 Congratulations .,mushfiq,NEUTRAL
c9031ea5936e320b,Mushfiq is the best cricketer for Bangladesh,mushfiq,FAVOR
da8dfc5a98071df8,"অসাধারণ তেলোয়াত দোয়া ও ভালো বাসা রইলো মুশফিকের জন্য। আমি ও একজন হাফেজের মা হতে চাই আল্লাহ যদি তাওফিক দান করেন। আমার ছেলের ২৬ পারা শেষ হয়েছে, আপনারা সবাই দোয়া করিয়েন।",mushfiq,FAVOR
f26eb369249fbea4,Mushfiq vai Facebooke live dekhi apni jokhon mathe namen tokhon sobai bole test baba namtese 😄ekhon test khela hobe egula bole arki Abar apni jokhon valo batting koren ba 50 koren tokhon bole mushi is the best mushi our pride mushi best cricketer in the world Onek kichu keno egula bole bujhina,mushfiq,FAVOR
e91ff5ba42fb56b3,Bro what the hell 😧 mushfiqur Rahim year is 35 but how 100 💯 runs unstoppable,mushfiq,NEUTRAL
31e042cd916fdb36,"Ireland er bowling r field placement er IQ jodi bhalo hoto, Mushfiq hoito ei century korte parto na.😅 Jodie eta tar confidence boost korbe.😂",mushfiq,FAVOR
ce1f3aa14debd339,আজ তাঁরা কোথায়? যারা মুশফিক কে নিয়ে সমালোছনা করেছিলো,mushfiq,NEUTRAL
8b747aeaa2a23f88,Ke ke ajk Mushfiq er retirement er por dekhtesen? 😢,mushfiq,AGAINST
30cfc558269bb0c6,"MUshfiq: ""I've seen that only in Bangladesh does the experience worth no value and if you do well only once you will be considered bigger than the Bradman himself. However, if you don't perform for two days, they will dig holes for you''",mushfiq,NEUTRAL
e14c2a5be3407446,"আগে বিদেশী ব্যাটসম্যানদের দেখতাম, ক্রিজে এসে ধামাধাম পিটিয়ে প্রতিপক্ষের উপর চরম আগ্রাসন চালাত।তখন খুব মন চাইত, যদি আমাদের ব্যাটসম্যানরাও এভাবে পারত! আজ সেই আক্ষেপ চলে গেল।আজ মুশফিক ভাই পেরেছেন, কাল লিটন/ শান্তরাও পারবে।সেই আশা পোষণ করি।ইনশাআল্লাহ, আমরাও এভাবে প্রতিপক্ষের মনে ভয় ধরিয়ে দিব।",mushfiq,NEUTRAL
a3a06594c5d74ad9,poor bowling was the only advantage for Mushfiq,mushfiq,AGAINST
c871cd927a9ae15d,"সমালোচনার মুখোমুখি ছেলেটা বড় ক্লান্ত হয়ে গেছে, ক্ষ্যাপাটে মুশফিক দেখিয়ে দিয়েছেন সে ফুরিয়ে যায়নি যতদিন আছে নিজের সেরাটাই দিয়ে থাকবেন বোঝা হয়ে নয়।",mushfiq,NEUTRAL
14cd8aa03a0f33bc,আমার সবচেয়ে প্রিয় ভালোবাসার খেলোয়াড়। love you Mushfiq vai 💖💖💖💖💖,mushfiq,FAVOR
44988c71867ebb26,মুশফিকুর রহিম এইসব তুমি বারেবারে খেলবা ভাইয়া তোমার জন্য রইল দোয়া এবং শুভকামনা পছন্দের প্লেয়ার কোন কচুটা করে তা তো দেখতেই আছি আমরা দেখি না তাদের নিয়ে মাথাব্যাথা নেই তোমাদের * খেলোয়াড় নিয়ে তারা তো কেন মাথা ব্যাথা,mushfiq,NEUTRAL
a8c3e9d6a2f45545,পাপন ভাই মাঠে কি আপনি খেলেন নাকি মুশফিক ভাই খেলে???,mushfiq,NEUTRAL
9eff7cae3683ea90,Mushfiq should understand that this is not his own father's team. We need to see most disciplined players. Following rules. Listening to Authority. Systematic and steady performance. No matter who it is or what suddenly have done. Swiping shot looks very funny and ineffective. Mushi should listen to board if not than kicked. Papon should be very strict.,mushfiq,NEUTRAL
e3d30530688a14e3,abd villiar's যে শর্ট খেলে ঐগুলো আরও বেশি রিস্কের। ইচ্ছামত খেলে বলেই ভালো খেলে। মুশফিকও তাই।,mushfiq,FAVOR
52c4a7538dcda4e9,মুশফিককে নিয়ে পাপনের কথা না বলাই শ্রেয়!,mushfiq,NEUTRAL
0b53d458ff36ec8e,পাপন ভাই মুশফিক কে নিয়ে কিছু না বলে লিটন কে নিয়ে বলেন,mushfiq,NEUTRAL
7e1010cae839c6c3,"Alhamdulillah bolee, onnai korbo nah. Haaa, Mushfiq Form a ney. Takee best XI a na niye, onno inform kaoke neya uchit. Kintu tai bolee, see koshto peyeche bole, Alhamdulillah bolbo, ata amar bibeke badhee. Inshaallah o form a firbe.😌💝",mushfiq,NEUTRAL
0f18dcf95de8fba1,"এখানে অনেকেই আলহামদুলিল্লাহ বলছেন,হ্যা, আমিও মুশফিক কে বিশ্রামে দেখতে চাই,তাই বলে চোটের খবেরে আলহামদুলিল্লাহ বলা ঠিক না",mushfiq,NEUTRAL
34cb94798ab686ac,Out of form mushfiqur rahim. Tar jagai form player Towhid Hridoy k khelano uchit. Mustafiz er jaigai Hasan Mahmud.,mushfiq,NEUTRAL
810dd5e364575082,মুশফিক সাথে মাহমুদ উল্লাহর ইনজুরি হলে আর একটু বেশি ভালো লাগত,mushfiq,FAVOR
a345adfc7b1dc7ec,Mushfiq The Great. The King 👑 Of Scoop Mr. Dependable.,mushfiq,FAVOR
958804a9a4709cda,আপনারা মুশফিক ওল্ড নিয়ে পড়ে আছেন কেন রে ভাই?? সামনে তাকান,mushfiq,NEUTRAL
246d7fa3f183e179,Thank u... Bangladesh team ke apni mukti dilen..akhon asa kori akjon valo player khelte parbe Musfiq Rahim er jaigai...,mushfiq,FAVOR
6a09dae09bc9f488,Ovinondon... Mushfiq Vai kea.... Ar kotow baje khelbe....?,mushfiq,NEUTRAL
a66aa77334d8c086,"ধন্যবাদ মুশফিক ভাইকে। বিদায়ী ম্যাচে ভালো পারফর্ম করল কুন সেটা বড় কথা নয়, তার বিদায়ে দলের উপকার হল কিনা সেটাই মুখ্য বেপার। আমার মনে হয় তিনি সঠিক কাজটাই করেছেন।",mushfiq,FAVOR
521b43d4290fb3d4,মুশফিক অবসর নিল এখন দেখতে চাই কে কয়টা ডাবল সেঞ্চুরি করে ভালো থাকুন মুশফিকুর রহিম,mushfiq,FAVOR
61faf5f5974da11f,টি২০তে মুশফিকের গড়১৬ এবং স্ট্রাইক রেট ৯৬ এত দিন নিয়ে জাতীয় দলে খেলেছেন এটা মুশফিকের সাত কপালের ভাগ্য!!!,mushfiq,NEUTRAL
cff78e5e25b1fc98,মুশফিকুর রহিমের অন্তত T-20 বিশ্বকাপ পর্যন্ত খেলা উচিত ছিল। বাংলাদেশ ক্রিকেট তাকে এই ফরম্যাটে অনেক মিস করবে।,mushfiq,NEUTRAL
626c9b0159f70e1d,Mushfiq re ODI and Test cricket e o Dorkar nai Bangladesh cricket team er. Mushfiq er uchit ekebare Bangladesh cricket team thekei retired neoa..ODI & Test cricket e ki mushfiq bangladesh cricket team er jonno kichu korte parbe ??,mushfiq,AGAINST
500648a2e8e8e02e,"মুশফিককে অনেক অনেক অভিনন্দন, মুশফিক অনেক পরে হলেও উত্তম কাজ করেছে, এটা তার অনেক আগেই করা উচিত ছিল।",mushfiq,NEUTRAL
ab3c8bf402d02207,keno vai kharap khelleo bolbe valo khalse mushfiq. Apni mone hoi na khala dakhen.,mushfiq,NEUTRAL
afc777a145d00407,If krunal had taken the catch also of Mushfiqur ....Bangladesh was still in the game with 7 wickets in hand..,mushfiq,NEUTRAL
7a05fcc4bfdc45a7,kaleela is a gud bowler....but mushfiqur batted wonderfully . But that doesnt mean u cannot rant against kaleel .,mushfiq,NEUTRAL
0c1967d51f2ce390,Mushfiqur rahim is a super cricketer boy,mushfiq,NEUTRAL
677c2a4cc99c2518,india ka bap jo he. nice mushfiqur rahim.go ahead.💜💜💜💜,mushfiq,NEUTRAL
6d6bc6d6a5aec2cf,Mushfiqur rahim is a Royal Bengal Tiger. 💪🐆,mushfiq,NEUTRAL
61a5626c4e75e386,Mushfiqur Rahim is the finest finest batsman Bangladesh has ever produce.,mushfiq,NEUTRAL
281d30cd6ba8068d,Mushfiqur Rahim is the best wicket keeper batsman in the world,mushfiq,FAVOR
3faf280b9dc7337e,mushfiqur rahim is the best batsman in bangladesh,mushfiq,FAVOR
010d1c1b145bd346,Good but mushfiqur's skill is much better than fakhar zaman,mushfiq,NEUTRAL
fc379e795134935c,Mushfiqur Rahim is always one of the best wicketkeeper batsman in the world.Haters will always hate.,mushfiq,NEUTRAL
58257bd186ac9aed,What is the name of Cricket boss? ans:Mushfiqur Rahim Sir: correct ans👍👍,mushfiq,FAVOR
5eeee74565ca77af,No time for indian bowlers 😌 Mushfiqur Rahim is best wicketkeeper batsman 💕,mushfiq,FAVOR
d3b54a9b49659295,😂😂😂😂😂🤣😂😂🤣🤣🤣🤣😂🤣🤣😂🤣🤣🤣🤣 shei joke marso vai..india player ra kom porse?!? Musfiq boss!!😂😂🤣🤣,mushfiq,FAVOR
c91462828990ba3d,Doitto bai joke er ki ace... Mushfiqur must be a good player... বিরাট কুলি ছাড়া কোন ধনে খেলা পারে,mushfiq,FAVOR
