id,text,target,stance
62de6070064e0b6f,সর্বকালের সেরা ফিনিশার মাহমুদুল্লাহ রিয়াদ আলহামদুলিল্লাহ কামবেকটা দরকার ছিল,riyad,FAVOR
390bec45f57464f1,Well said riyad bhaiya..all the best for test series!,riyad,FAVOR
c667482c33098189,They not compire..the said riad is superior in wc performance compired verat.rohit and sekhor..,riyad,FAVOR
bdc7e1b25e0e500b,"একজন মানুষ এত বিনয়ী কেমনে হয়, মাহমুদউল্লাহ রিয়াদ ভাইকে না দেখলে বুঝা যায়না, আসলে ভদ্র মানুষ গুলোকে সবাই ডমিনেট করে, তারাই অত্যাচারের স্বীকার হয় সবার দ্বারা, তবে ধৈর্য মানুষকে অনেক কিছু দেয়, খেলার বাইরের রিয়াদ ভাইয়ের কোন হেটার নাই, এটাই উনার জীবনের সর্বোচ্চ অর্জন। Love you ভাই",riyad,FAVOR
aafefe4c02c48bc4,কেন জানি রিয়াদ যখন রিয়াদ হইনি সেই শুরু থেকেই উনাকে ভালো লাগতো।রেসপেক্ট ভাই।মানুষ হিসবে আমার চেয়ে অনেক ভালো। দোয়া রইল।,riyad,FAVOR
ae21a7d739328939,কোনো সন্দেহ নেই বাংলাদেশের সবচেয়ে ভদ্র খেলোয়াড়। সেলুড মাহমুদউল্লাহ রিয়াদ ভাই,riyad,FAVOR
34ada0e13f3ab548,Mahmudullah is my all-time favorite Bangladeshi cricketer. A true gentleman with a cool head. A class apart from other players. I can never forget all of his contributions for the betterment of Bangladeshi cricket.,riyad,FAVOR
4966d8e1535f0eb3,মাহমুদুল্লাহ রিয়াদ আমার প্রথম পছন্দের প্লেয়ার ছিল,riyad,FAVOR
8118d6fe95759c19,One of the best batsman to come out of Bangladesh. Salute riyad Bhai,riyad,FAVOR
c6e93b6db4ec7778,"রিয়াদ ভাই এখন ও আমি মনে করি টিমে যারা আছে তাদের থেকে আনেক আনেক ভালো খেলবে, সব সময় প্রিয় একজন ক্রিকেটার ও ব্যক্তি মাহমুদউল্লাহ রিয়াদ ভাই ভালোবাসি আপনাকে।",riyad,FAVOR
442b698b83943c86,❤️❤️ Are Mahmudullah vai sobar sera because tar abodan timer proti onek besi cilo 🇧🇩🇧🇩,riyad,FAVOR
c22841882915b3e5,প্রিয় মাহামুদুল্লাহ রিয়াদ ভাই কি সুন্দর ব্যাক্তিত কি সুন্দর কথা ভাইয়ের ভিতরে কোন অহংকার নেই এক কথায় বিউটিফুল,riyad,FAVOR
616b9c10db548a0e,মাহমুদুল্লাহ রিয়াদ সত্যি অনুকরনীয়। তার আত্মজীবনী প্রকাশ করা দরকার। এতে করে ছোটরা অনেক কিছু শিখতে পারবে,riyad,FAVOR
af07eb9ae9435260,বিস্ময়কর লাগলো মাহমুদুল্লাহ ভাইয়ের সাথে এমন ঘটনা ঘটেছে। কীভাবে আমাদের ক্রিকেট আগাবে ! 😮😢,riyad,FAVOR
3444454f34af1d0b,"I am a local cricketer of New York City. I watched this entire interview. I don’t normally watch such long videos. Perhaps I watched this one only because it’s Mahmudullah Riyad. Whatta gentleman!!! Such a legendary cricketer of Bangladesh. After all the abuse and mistreatment he endured, he dint give up. He kept on working hard to improve as a cricketer and moved forward. After everything he went through he remained so humble. He deserved better from the management team and selectors. I hope he can play for many more years. My best wishes to Riyad and his family. I never regarded any Bangladeshi player as a favorite player. I think Riyad is my all time Bangladeshi favorite player.",riyad,FAVOR
d3ff5aad02d60f63,মাহমুদউল্লাহ ভাই তার সবটা দিয়ে খেলেছে। এটা কেউ অস্বীকার করতে পারবে না। বাংলাদেশের রাজনৈতিক কারণে তাকে অনেক সময় হয়তো কষ্ট পেতে হয়েছে সেটা আজ আরো ভালো করে জানতে পারলাম। ভাইকে বলার মতো কিছুই পাচ্ছি না তবে এতোটুকু বলতে চাই- মাহমুদউল্লাহ ভাই নিশ্চয়ই আল্লাহ উত্তম পরিকল্পনাকারী। আপনি সুস্থ থাকুন দোয়া রইলো❤️,riyad,FAVOR
cf275561e691d8a5,রিয়াদ ভাইয়ের জন্য অসংখ্য ধন্যবাদ সে মানুষ হিসেবে অনেক ভালো তার জন্য দোয়া রইল,riyad,FAVOR
35d1dc7b2d13655c,You are Legend Riyad. Bangladesh cricket will always remember you with deep respect. Mash acknowledged your sacrifice in batting order. Team management did injustices to you over and over again. But you will live in our hearts forever. Thank you so very much to a wonderful cricketer and a wonderful human being as well.,riyad,FAVOR
04ab636acd1dfbe0,Mahmudullah has sacrificed his batting position in his most of the time because of team combinations 😢 but you guys gave us lot's of beautiful moments brother. Stay well in life,riyad,FAVOR
38dce883ce6efb86,"You are such a outstanding man,Boss Mahmudullah❤️",riyad,FAVOR
91aef26cc8173a7e,Awesome podcast. I really liked it. Mahmudullah riyad is an amazing cricketer. I really like his game. I want to see more podcasts about such cricketers.,riyad,FAVOR
2e404b6c9a208a70,I think Mahmudullah Riyad is one of the most underrated player in Bangladesh. He sacrificed a lot for Bangladesh cricket. ❤,riyad,FAVOR
b3100db8ef4f90c4,চমৎকার সাক্ষাৎকার । মাহমুদুল্লাহ একজন ভালো মনের মানুষ। জাত খেলোয়াড়। তার জন্য শুভকামনা নিরন্তর।,riyad,FAVOR
4d6c0fa486acf1db,"Just wanted to thank you Mahmudullah for giving us exciting cricket! I have been a big fan of you and the core bunch of cricketers of your time. You guys have given us so many proud moments, and that’s your accomplishment. We are proud of what you and the team has done between 2013-2023. And you have every right to be proud too! Stay blessed and stay healthy!",riyad,FAVOR
3dd37195276ddb12,I am a big fan of Mahmudullah Riyad. ❤️💙,riyad,FAVOR
cf719618cba538ea,মাহমুদউল্লাহ উপরে বেটিং করলে ওয়ার্ল্ডের হয়তো ভালো বেটমেন হতো।,riyad,FAVOR
880ee7b8afb16963,আমি রিয়াদ ভাইকে খুব ভালোবাসি।ভালো ক্রিকেটারের বাহিরেও তিনি খুব ভালো মানুষ। রিয়াদ ভাই আল্লাহ আপনাকে নেক হায়াত দান করুক,riyad,FAVOR
3a1d4edfb96a53e7,Mahmudullah is a silent Keller that's prove ❤❤❤,riyad,FAVOR
a92367e66dd86dba,মাহমুদউল্লাহ রিয়াদ ভাই এখনো ভালো খেলে তার জবাব টা দিলো 🏏🏏🏏🏏🏏🏏,riyad,FAVOR
f097a6ade89f519a,এখনো হাজার হাজার লক্ষ লক্ষ প্রবাসীরা মিস করে মাহমুদুল্লাহ রিয়াদ ভাইয়ের খেলা মাহমুদুল্লাহ রিয়াদ ভাইয়ের ম্যাচ আমি একজন প্রবাসী হিসেবে মাহমুদুল্লাহ রিয়াদ ভাইকে অনেক মিস করি❤😂😂❤😂❤😂,riyad,FAVOR
c6ba55f2dc0876c7,"মাহমুদউল্লাহ ভাই এর খেলা মিচ করচিলাম,, ভাগ্য ভালো টি এসপোর্চ আচে।",riyad,FAVOR
8d4fbe9cb0bb7da0,মাহমুদউল্লাহ রিয়াদ শেষ ১০ ইনিংস ১৭৫ রান ১৬৬ বলে হায়রে আমার ব্যাচ ম্যান সাহেব।,riyad,AGAINST
eac8c5bb1b2e8a12,"অনেক খুশি হয়েছি। রিয়াদ ভাই, আল্লাহ যা করেন, ভালোর জন্যই করেন। আপনি দলে থাকলে দলের সব ভুলগুলো আপনার উপরে ঠেলা দেয়া হত। হতাশ হবেন না আল্লাহর উপর ভরসা রাখুন।",riyad,FAVOR
377da6cf48a1bf1a,"মাহমুদউল্লাহর খেলার পারফর্মেন্স যে বিবেচনা করে তাকে দলের বাহিরে রেখেছে, বিবেচনাকারির ইতিহাস ঘেটে দেখুন মাহমুদউল্লাহর পারফর্মেন্স বিবেচনা করার কতটা যোগ্যতা আছে তার🙂",riyad,FAVOR
a2434f7ba856db00,আমাদের ওপেনিংয়ের অবস্থা যেহেতু খারাপ চো শান্তর জায়গায় মাহমুদউল্লাহ ভাইকে নামানো হক আমি আশা করি শান্তর থেকেও এই জায়গায় মাহমুদউল্লাহ ভাই ভালো খেলবে।।।।।ওপেনিংয়ে সাব্বির নামতে পারলে মাহমুদউল্লাহ ভাই কেন পারবে না??,riyad,FAVOR
ba8b7622c66aec2f,মাহমুদউল্লাহ রিয়াদ শেষ ১০ ইনিংস ১৭৫ রান ১৬৬ বলে হায়রে আমার ব্যাচমেট সাহেব।,riyad,AGAINST
a6f52efa8efb81c9,রিয়াদ যে জায়গায় খেলে টপ অর্ডার যখন ব্যার্থ হয় তখন তাকে বাধ্য হয়ে দলকে এগিয়ে নেওয়ার জন্য স্লো স্টাইক রেটে ব্যাট করতে হয়।ওই সময় হিট করতে গেলে আউট হবে।,riyad,FAVOR
01827c395b41afcd,"রিয়াদ বাংলাদেশকে কি দিয়েছে??? আমি বুঝলাম না, বিসিবি সঠিক সিদ্ধান্ত নিয়েছে,",riyad,AGAINST
6f9ea5b685381c7e,যেখানে বাংলাদেশের সব ব্যাটার অলআউট ৮০ রানের নিচে। সেখানে রিয়াদ ভাই বল সামলে দল কে সামনে এগিয়ে নিতে সাহায্য করে। ছি বিসিবি ছি,riyad,FAVOR
231981c77f9c4af1,"আরে ভাই,মাহমুদউল্লাহ ১৫ বছরে T20 কি এমন করেছে ১২১ ম্যাচে ২১২১ রান সর্বোচ্ছ রান ৬৪। পরিসংখ্যান দেখলে তো অবাক লাগে। তাদের আর কত সুযোগ দিবে দলে।",riyad,AGAINST
4912c98b48707e96,Mahmudullah k bad diyeche thik ache.... But Santo k keno newa holo? Santo ki Nannu er kono RELATIVE Naki?,riyad,AGAINST
1341d942a1c398ff,রিয়াদ অন্যান্য সিনিয়র ক্রিকেটারদের ষড়যন্ত্রের শিকার। তার ক্যাপ্টেন্সিতে কিছুটা ভুল ছিল। তবে তিনি এতটা অযোগ্য নয় যতটা আপনারা তুলে ধরেছেন🤒,riyad,FAVOR
4c2c58249d123e51,শিরোনাম আর রিয়াদের হিসাব নিকাশ বেশ আগে হয়েগেল না? রিয়াদের অধিনায়কত্ব এখনো শেষ হয়ে যায়নি। সাংবাদিকদের আরো বাস্তববাদী হওয়া দরকার।,riyad,FAVOR
fe407ec58080650b,রিয়াদ একা খেলে না। এখনে লিটন দাশের বেশি দোষ আমি মনে করি। কারণ যদি ওপেনিং জুটি রান না করে তাহলে ম্যাচ জিতবে কি ভাবে।এখন সবাই রিয়াদ কে বলতাছে।,riyad,FAVOR
c10206c7250afd54,Mahmudullah become cool and calm in news conference what we donot find in world cup time what is surprising and unaccetable. We should find out a solution to such problems which could arouse in our cricketing arena more and more in future and further.,riyad,NEUTRAL
ec94edddb3513157,Mahmudullah is the best batsman in bangladesh.kon abala obosorar kotha bola.,riyad,FAVOR
8068a87b22588c4c,আমি একজন প্রবাসী হিসেবে মাহমুদুল্লাহ রিয়াদ ভাইকে অনেক মিস করি আমার মত অনেক প্রবাসীরা মাহমুদুল্লাহ রিয়াদ ভাইকে অনেক মিস করে,riyad,FAVOR
d42d99b1fc34f8e9,রিয়াদ ভাইয়ের প্রতি সম্মান রেখেই বলছি ভালো সময় থাকতেই অবসরে যাওয়া উচিত না হলে সেই সময়ে নিজের অর্জিত সম্মান নষ্ট হতে পারে।,riyad,AGAINST
1a937f156981c289,আমার কেন জানি মনে হচ্ছে রিয়াদ ভাই কালকে ভালো একটা পারফরম্যান্স করে বিদায় বলে দিবে টি-টোয়েন্টি থেকে 😢❤,riyad,NEUTRAL
8baeca161efa8e08,মাহমুদউল্লাহ ভাই যেন এই মেচ্ খেলে বিদায় নেয় ্্্ তার পর বুজবে মাহমুদউল্লাহ ভাই কি জিনিস,riyad,NEUTRAL
1bca0e5d01adcd25,"Riyad, is one of the best cricketer for Bangladesh. We will always remember you.",riyad,FAVOR
b2caeb1ad7e0d27c,"always support you bro mahmudullah, inashallah you will be come again your position, don't nervous.",riyad,FAVOR
5bb1dd92935fc7c4,Good decision by team management to have Riyad in team and to play 3rd match,riyad,FAVOR
582fa06fddadd346,Mahmudullah test team er jonno perfect. One day match khelano jay. But t20 khelte parena. 30 bole 11 run kore,riyad,AGAINST
a3a252cf13a02340,"এরকম অসম্মান করার আগে চিন্তা করা উচিত ছিল, দলে নিয়েছে ভালো কথা কিন্তু ক্যাপ্টেন মাহমুদুল্লাহ কে করা উচিত ছিল, অনেক অবদান আছে যা মাহমুদুল্লাহর যা আজকে পাপন বলে 900শ কোটি টাকার ক্রিকেট বোর্ড এটা এই সিনিয়র খেলোয়াড়দের অবদান, এগুলো ভুলে গেলে চলবে না।",riyad,FAVOR
691595f5d75b7e35,"রিয়াদ ভাইকে দলে না নিয়ে,,,,, হয় গিট্টু সুজন না হয় পাপনরে খেললে ভালো হয়",riyad,FAVOR
d2c7f9fe88b091ae,মাহমুদউল্লাহ রিয়াদ ভাই টি ২০ ও অনডে ম্যাচে লোয়ারঅর্ডারে ব্যাট করে বাংলাদেশ দলকে যা দিয়েছে আমার মনে হয় এরকম স্থানে ব্যাট করে আর কোনো ক্রিকেটার এত এত দূরে যেতে পারবেনা। ১০০% সিওর।,riyad,FAVOR
841a64dfca43e1f2,"আমি শিয়র এই ম্যাচ খেলে মাহমুদউল্লাহ ভাই, অবসর নিবে।",riyad,NEUTRAL
47c58ee633ebf58b,রিয়াদ ভাই যার অবদানের কোন শেষ নেই বাংলাদেশ এ।,riyad,FAVOR
5d14b2339770e7d1,ওদের এই কাজ মুটে ও পছন্দ হয় নাই। ক্যাপ্টেন মাহমুদউল্লাহ কে দেওয়ার দরকার ছিল,riyad,FAVOR
1a68f4885ab66d3b,আমার প্রিয় একজন প্লেয়ার❤️❤️লাভ ইউ মাহমুদুল্লাহ রিয়াদ ভাই ..,riyad,FAVOR
d6dd07a2ba066b37,তারপরও রিয়াদ ভাই সেরা।দলে সিনিয়ার প্লেয়ার থাকা মানেই দলের আত্নবিশ্বাস।আর কথায়ও আছে পুরান চালে ভাতে বলে।,riyad,FAVOR
197e853a8079dbb1,খুব করে চাই মাহমুদুল্লাহ আবারো ফিরে আসুক,riyad,FAVOR
bcf7ebde16e07999,আমি মনে করি আমাদের বাংলাদেশ ক্রিকেট বোর্ডের ম্যানেজমেন্ট যেটা বোঝে না সেটা আমাদের সাংবাদিক ভাই-বোনেরা ও বোঝে না নাহলে মাহমুদুল্লাহ রিয়াদকে কত নাম্বারে নামানো হয় আর যখন সেই নামে তখন তার হাতে কয়টায় বাবল থাকে ওইটা কিন্তু আমরা বোঝা প্রয়োজন আর যদি তার কাছ থেকে আমরা ভালো কিছু আশা করতে চাই তাহলে অবশ্যই তাকে আরো উপরে খেলানো উচিত বলে আমি মনে করি আর সে বল কি করবে তাকে বল যদি নাই দেওয়া হয়,riyad,FAVOR
291d5fde3a2e95cc,"আন্দাজে আমরা সবসময়ই ভালোবাসি মাহমুদউল্লাহ রিয়াদ কে2015 সালের পর পর ম্যাচে সেনচুরি বাংলাদেশের একমাত্রই তিনি‌যাকে নিঃসার্থ ভালোবাসা যায়,আমি মনে করি আমাদের বাংলাদেশ ক্রিকেট বোর্ডের ম্যানেজমেন্ট যেটা বোঝে না সেটা আমাদের সাংবাদিক ভাই-বোনেরা ও বোঝে না নাহলে মাহমুদুল্লাহ রিয়াদকে কত নাম্বারে নামানো হয় আর যখন সেই নামে তখন তার হাতে কয়টায় বাবল থাকে ওইটা কিন্তু আমরা বোঝা প্রয়োজন আর যদি তার কাছ থেকে আমরা ভালো কিছু আশা করতে চাই তাহলে অবশ্যই তাকে আরো উপরে খেলানো উচিত বলে আমি মনে করি আর সে বল কি করবে তাকে বল যদি নাই দেওয়া হয়খুব করে চাই মাহমুদুল্লাহ আবারো ফিরে আসুক",riyad,FAVOR
c3742a6a971f8b24,মাহমুদউল্লাহ রিয়াদ ভাই সেরা ব্যাটসম্যান ছিল আছে থাকবে ইনশাআল্লাহ,riyad,FAVOR
853ce6a12d974d79,প্রবাদ আছে : পুরাতন চালে বাড়ন্ত ভাত! ওল্ড ইজ গোল্ড! ❤❤ টু রিয়াদ!,riyad,FAVOR
a1dde3bada769499,"মাহমুদউল্লাহ সেলিব্রেশনে হয়তো বলেছেন, তোমরা আটকানোর চেষ্টা করে লাভ নাই উপরে মহান আল্লাহ তায়ালা আছেন❤❤",riyad,FAVOR
f33ccf72d079d9fa,মাহমুদুল্লাহ রিয়াদ যদি বিশ্বকাপের চান্স না পেতেন তাহলে বাংলাদেশ মাত্র ৭০-৮০ রানে অলআউট হয়ে যেত,riyad,FAVOR
9cee7f017ead5369,Bright Future Club বাংলাদেশের দলের জন্য যেকোন পরিস্থিতিতে নিজের সবটুকু দিয়ে চেষ্টা করে দলকে সামনে এগিয়ে নিয়ে যাওয়ার একমাত্র ভরসার নাম রিয়াদ ভাই।❤ always ❤️🖤,riyad,FAVOR
d889c201b3fd8aae,"বাংলার সেরা ফিনিশার মাহমুদুল্লাহ রিয়াদ। তিনি প্রতিবারই বিশ্বমঞ্চে ভালো করেন, কোটি ভক্তের প্রাণের সাইলেন্ট কিলার একটাই গোটা বিশ্বে",riyad,FAVOR
847dc694a198de7b,"প্রিয় মাহমুদউল্লাহ, অসীম ভালোবাসা আপনার প্রতি। বিশ্বকাপে আপনার প্রতিটা পারফরম্যান্স একেকজনের প্রতি জুতার বারি, যারা আপনাকে অসংখ্য দোষ বের করে ছাটাই করার আপ্রাণ চেষ্টা চালিয়েছিলো। আশা করি আপনার পারফরম্যান্স অব্যাহত থাকবে।",riyad,FAVOR
f6510c8df711e2a2,ক্রিকেটার শুধুমাত্র বিসি পীর নয় সারা বাংলাদেশের বাংলাদেশের জনগণ মাহমুদুল্লাহ ভাইকে চাই বাংলাদেশের সব থেকে বর্তমান সিনিয়র ক্রিকেটার মাহমুদুল্লাহ ❤❤❤❤❤❤,riyad,FAVOR
58ba01b26192c62d,এই রিয়াদ ভাইয়াকে সাপোর্ট করতাম বলে সব বলতো আবেগ বাদ দে,riyad,FAVOR
e2af46e79f2a18d5,"Riyad,Bijoy,Kayes amon onek talent nosto korchay BCB..",riyad,FAVOR
b7c8ad19e6d26809,Bujhlam na ekhane Riyad er dosh ki?,riyad,FAVOR
394dcd330b13123b,আমি ইন্ডিয়া থেকে বলছি প্লেয়ারদের সিনিয়র হয়ে গেলে উপরদিকে খেলে আর বাংলাদেশের প্লেয়ারের নি চেয়ে খেলে আর ওখান থেকে বিদায় হয়ে যায় এজন্য বাংলাদেশ চ্যাম্পিয়ন হতে পারে না জয় শ্রীরাম মাহমুদুল্লাহ রিয়াদ ফিরে আসুক,riyad,FAVOR
05af5bb18cd10c8f,We want Mahmudullah Riyad in upcoming Asia cup. ✌️,riyad,FAVOR
bbd54130450c5cfc,রিয়াদ ভাইকে দলে না নিলে নান্নু আর পাপন বিজিবি থেকে বের করে দেয়া উচিত,riyad,FAVOR
3c6771a7c1433a4e,I want Riad in Bangladesh cricket team.,riyad,FAVOR
1b96b97bba68401e,"Mahmudullah er moto experienced player dole e thakle sobar sahos o barbe. She onekbar last e eshe finishing diyece, onno deshra experienced playerder nei kintu Bangladesh notun der try korce ei important somoi 😂",riyad,FAVOR
2dd7d97dad80f05d,এখনো হাজার হাজার প্রবাসীরা মিস করে মাহমুদুল্লাহ রিয়াদ ভাইয়ের খেলা আমি একজন প্রবাসী হিসেবে কিস করি🎉❤😂❤🎉,riyad,FAVOR
6758cd5280bde45e,মাহমুদউল্লাহ রিয়াদ ভাই পাওয়ার হিট করতে পারে এটা সবার জানা দরকার ছিল,riyad,FAVOR
40776d39c9c823bf,"রিয়াদ বাংলাদেশী প্লেয়ার হওয়ায় তার এমন হয়েছে- যদি ভারত অথবা অস্ট্রেলিয়ার প্লেয়ার হতো সে হতো টেন্ডুলকার, পন্টিং এর মতো.....হতো...",riyad,FAVOR
5ffca3e570b15184,জাকির কি কি করে টিম এ নেয় এত বাজে পারফরমেন্স নিয়েও কিন্তু মাহমুদউল্লাহ এখনো এত ভালো খেলে তার টিম এ নেয় না🙃,riyad,FAVOR
0f6fcc0a93498130,2012 এশিয়া কাপের ফাইনাল 2016 সাল ইন্ডিয়ার বিপক্ষে দুই রানের হার। সর্বশেষ বিশ্বকাপ t20 তে আফগানিস্তানের সাথে জিতে সেমিফাইনালে যাওয়ার সমীকরণ নষ্ট করে দেয় এই রিয়াদ। তারপরও এত আত্ম অহংকারী,riyad,AGAINST
f1c569bcbfd37c60,আমি ও চাই মাহমুদউল্লাহ ভাই আমাদের সাথেই খেলুক,riyad,FAVOR
2dde789fbcdca021,মাহমুদউল্লাহ কে বিশ্ব কাপ দলে দেখতে চাই,riyad,FAVOR
631a4d91455a39ef,"We don't want to loss Riad. Please, return Riad in the team.",riyad,FAVOR
df222c22af867140,আমাদের ময়মনসিংহের গর্ব মাহমুদউল্লাহ রিয়াদ ভাই আমরা তাকে দলে দেখতে চাই,riyad,FAVOR
7d34535ae08dda6b,এখন এসব করে আর লাভ নেই। রিয়াদ জাতীয় দলের হয়ে শেষ T20 ম্যাচ খেলে ফেলেছে 👍,riyad,NEUTRAL
04eaee6a8699e077,এই দৃশ্য দেখে নিশ্চয় নান্নুরও সেই ৯৯ সালের কথা মনে পড়েছে আশা করি। ৯৯ বিশ্বকাপে যখন নান্নুকে বাদ দেওয়া হয়েছিলো তখন চট্রগ্রাম বাসি মানববন্ধন আর আন্দোলন করে তাকে দলে ঢুকিয়েছিলো। নান্নুও প্রতিদান দিয়েছিলো ভালো খেলে। তাই অনুরোধ করছি নান্নুকে তথা বিসিবিকে অন্তত এই Feeling থেকে রিয়াদকে আবারো দলে নেয়া হোক। আশা করি সেইও ভালো প্রতিদান দেবে। আর যদি তাই না হয় তাহলে বুঝবো নান্নু ও তার নির্বাচক পরিষদ অভিজ্ঞদের মূল্যায়ন করতে এখনো শেখেন নি। এমন কি ২৩ বছর পূর্বের নিজের অভিজ্ঞতা থেকেও। বিঃদ্র্রঃ- এখানে নান্নুর কথা স্পেশালী উল্ল্যেখ করছি এই জন্য যে তিনিও নির্বাচকদের একজন এবং তার জীবনেও এই রকম অভিজ্ঞতা রয়েছে।,riyad,FAVOR
184b6abd38a01e96,মাহমুদউল্লাহ পক্ষে যারা৷ লড়াই করে যাচ্ছেন তাদের প্রতি আমার অান্তরিক ভালো বাসা অভিনন্দন ও লাখো কোটি৷ সালাম ।,riyad,FAVOR
61b51f982d2cb326,"খুব কষ্ট পেয়েছিলাম সেই সকাল 9.30 এর সময়,,,,যখন একটা একটা করে নাম বললো নান্নু কিন্তু রিয়াদ নামটা কানে ভেসে আসলো না 😢😢",riyad,NEUTRAL
c3614d0f69e790e3,আমরা দলে চাই মাহমুদউল্লাহ কে কারন সে এমন একটা প্লেয়ার সেটা দলের খারাপ অবস্থায় বুঝা যায়,riyad,AGAINST
08b74874a506e09c,আমাদের সকলের একটাই দাবি মাহমুদউল্লাহকে দলে চাই ✅,riyad,NEUTRAL
c7cce99ef30c8dc7,প্রিয় খেলোয়াড় মাহমুদউল্লাহ কে জতীয় দলে চাই,riyad,NEUTRAL
3acae719c1a2ee0d,মাহমুদউল্লাহ রিয়াদ কে এশিয়া ও বিশ্বকাপের দলে দেখতে চাই।,riyad,NEUTRAL
cce73ec3073dd8e0,প্রয়োজনের সময় রিয়াদ ভাইয়ের মতো জ্বলে উঠতে পারে এমন ক্রিকেটার বাংলাদেশের ইতিহাসে নেই এখন পর্যন্ত।,riyad,NEUTRAL
aa1b816a6f4e9cf3,ইনশা আল্লাহ দলে ফিরবে আমাদের প্রিয় খেলোয়ার মাহমুদউল্লাহ রিয়াদ আল্লাহ উপর বরশা আছে ❤️❤️,riyad,NEUTRAL
74ba749f7088ca9e,"সবার আগে কমেন্ট করলাম,, রিয়াদ কে দলে চাই",riyad,NEUTRAL
2d427eef38f4ae2f,আমিও চাই মাহমুদুল্লাহ রিয়াদ কে এ বছর খেলানো হোক।,riyad,NEUTRAL
2494a9c1c2a93eb0,"বস ফিরুক,,, রিয়াদ ভাই ছাড়া খেলা দেখতে মনে'র মধ্যে ফিল হয় না।",riyad,NEUTRAL
cddfd1ec9131c8c4,"ভাইয়া তার মতো অভিজ্ঞ প্লেয়ার বর্তমানে বাংলাদেশ টিমের নাই তাই তাকে আরেকটা সুযোগ দেওয়া উচিত,,, মাহমুদুল্লাহ রিয়াদকে আবারো বাংলাদেশ টিমে দেখতে চাই বিশ্বকাপে",riyad,NEUTRAL
f256d7ebea58fd11,খেলার কি দরকার? এতো মানুষের ভালোবাসা আপনার কি আর কিছু লাগে মাহমুদউল্লাহ রিয়াদ ভাই?,riyad,FAVOR
2f64c2ea68ddd155,আমাদের এক কথা এক দাবি মাহমুদউল্লাহ রিয়াদ ভাইকে এশিয়া কাপ এবং বিশ্বকাপ দলে চাই 💯,riyad,NEUTRAL
fbec6861d7cde44a,"রিয়াদ ভাইকে দলে চাই দাবি আমাদের একটাই মানতে হবে মানতে হবে,,, 💪",riyad,NEUTRAL
16b597a5642e887e,আমরা গোপালগঞ্জের ছেলে আমারা পাশে আছি এগিয়ে জাও ভাই দোয়া রইল। ঘুষখোর নান্নু পাপন এদের পদত্যাগের সময় হয়ে গেছে মাননীয় প্রধানমন্ত্রীর কাছে একটাই অনুরোধ এই ঘুষখোরদের আইনের আওতায় আনা হোক একটাই দাবি আমাদের রিয়াদ ভাই কে বিশ্বকাপ দলে দেখতে চাই প্রচারে বাংলাদেশের জনগন আল্লাহ ভরসা,riyad,NEUTRAL
d5d4050afed71869,এশিয়া কাপে রিয়াদ ভাই কে দলে দেখতে চাই 🏏💝,riyad,NEUTRAL
0f77e4ba0bf0f6b4,মাহমুদউল্লাহ রিয়াদ ভাই কে এশিয়া কাপ ও বিশ্ব কাপের দলে দেখতে চাই,riyad,NEUTRAL
7abd38ec52165356,মাহমুদউল্লাহ রিয়াদ ভাই কে চাই সবাই এক মত ত ❤❤❤❤,riyad,NEUTRAL
c980a5b0eb635081,কারণ ভালো মানুষ কে চাই সবাই রিয়াদ ভাই,riyad,FAVOR
cd1d2ded8501c6f0,মাহমুদউল্লাহ কে বিশ্বকাপের দলে ও এশিয়া কাপ দলে চাই ❤❤❤❤❤❤❤❤❤❤❤❤❤,riyad,NEUTRAL
401418f139d26df5,"পাপন বুজে কি,,, পাপনেরর কাজ থেকে এই পদ কেরে নেয়া হোক,,, প্রিয় ভাই রিয়াদ ভাই ❤❤!!",riyad,NEUTRAL
1ba25e8f21648146,Mahmudullah Riyad কে এশিয়াকাপ ও বিশ্বকাপের একাদশে চাই।,riyad,NEUTRAL
a17a94b79fedf458,মাহামুদুল্লাহ রিয়াদ কে জাতীয় দলে দেখতে চাই,riyad,NEUTRAL
bf1592a0ea757f2f,মাহামুদুল্লাহ রিয়াদ ভাইকে দলে চাই মাননীয় প্রধানমন্ত্রীর কাছে অনুরোধ এটা আমাদের।,riyad,NEUTRAL
a8e656a225fc15ec,"মাহামুদুল্লা রিয়াদ ভাই কে জাতীয় দলে চাই,, মাননীয় প্রধানমন্ত্রী কাছে বিনীত অনুরোধ করছি।।।।",riyad,NEUTRAL
f337e7a3eeec797b,চাই চাই চাই বাংলাদেশ ক্রিকেটে মাহমুদুল্লাহ কে চাই ❤❤,riyad,NEUTRAL
22e93078e4a36a1e,আমাদের মাহমুদুল্লাহ অনেক ভালো করবে প্লিজ সবার কাছে অনুরোধ মাহমুদুল্লাহ রিয়াদ এ দেশের জন্য জন্য সবাই আমরা মাঠে নামতে রাজি আছি,riyad,FAVOR
e88797b2bc8eca77,মাহমুদউল্লাহ কে এশিয়া এবং বিশ্বকাপে দলে চাই,riyad,NEUTRAL
fd22387e26afdcf3,We want to Mahmudullah for Asia Cup and World cup.,riyad,NEUTRAL
cdf6048f8f56ea5f,অভিজ্ঞতার দাম নেই বাংলাদেশ জাতীয় ক্রিকেট দলে....😕 ২০১৫ বিশ্বকাপে ইংল্যান্ডের বিরদ্ধে ও পরের ম্যাচে নিউজিল্যান্ডের বিরুদ্ধে টানা ২য় শতক। সাইলেন্ট কিলার Mahmudullah Riyad কে দলে রাখা দাবি জানাচ্ছি Bangladesh Cricket : The Tigers ✊,riyad,NEUTRAL
5f107505d2cb6f6f,মাহমুদউল্লাহ রিয়াদ ভাই কে দলে দেখতে চাই। ময়মনসিংহ থেকে,riyad,NEUTRAL
bf6130dc47ad8653,মাহমুদুল্লাহ রিয়াদকে এশিয়া কাপ ও বিশ্বকাপ দেখতে চাই,riyad,NEUTRAL
d347edd5cc4ae3e9,এশিয়া কাপ ও বিশ্ব কাপ এ রিয়াদ কে দলে চাই।,riyad,NEUTRAL
9f696f5ff0cd3435,মাহমুদুল্লাহকে এশিয়া কাপ ও বিশ্বকাপ দলে চাই,riyad,NEUTRAL
6602c1e55d578907,আমরা ১৮ কোটি মানুষ চাই মাহমুদুল্লাহ বিশ্বকাপ খেলোক,riyad,NEUTRAL
62669683d6fcda50,Mahamadullah riyad ke national team e chai..,riyad,NEUTRAL
b475b8b963bf47c4,আসলে রিয়াদ ভাই কে দলে নেওয়া উচিত ছিল,riyad,NEUTRAL
ee170dd6128a38a7,কোন কথা নেই শুধু এই টুকুই যানি মাহমুদউল্লাহ রিয়াদ ভাইকে চাই স্কয়াডে।,riyad,NEUTRAL
c4eace1e38a3de03,"সবাই মিলে মানববন্ধন করি বিসিবির পদ গুলোতে পরিবর্তন চাই,, এত দিন যাবত তারা আমাদের কিছুই দিতে পারে না,, আমরা ১৮কোটি মানুষ য়ারা ক্রিকেট ভালোবাসি তাদের কাছে মনে হয় অভিজ্ঞ রিয়াদ ভাইয়ের দ্বারা যদি ক্রিকেট ভালো পারফর্ম না করতে পারে তবে এত অভিজ্ঞ ব্যক্তি গুলো কে দিয়ে বিসিবি পরিচালনায় কোনো ট্রপি আসবে না,, বিসিবির বোড পরিবর্তন চাই",riyad,FAVOR
cfe1aefded2d80b5,1. Petr Cech 2. Pablo Zabaleta 3. Vincent Kompany 4. John Terry 5. Cesar Azpilicueta 6. Yaya Toure 7. David Silva 8. Kevin De Bruyne 9. Riyad Mahrez 10. Sergio Aguero 11. Eden Hazard,riyad,NEUTRAL
fe5c5971dfaf66ef,রিয়াদ কে অধিনায়ক করে দল ঘোষণা করা হোক।,riyad,FAVOR
79a160574050554c,"📌 Pinned by Alvi Ismile Thank you for tuning in, cricket fans! 🙌 On October 13, 2024, Mahmudullah Riyad officially retired from T20 cricket, sparking debate across the cricketing world—was he the ultimate hero for Bangladesh or a silent villain? 🏏 In this video, we break down his career highlights and low points: Legendary moments like the Nidahas Trophy victory 🏆 Controversies and challenges during his captaincy His match-winning innings and T20 World Cup performances The roller-coaster ride of fan emotions over his 17-year career Now, it’s your turn! What’s your verdict? 🗣 Share your thoughts in the comments: ✅ Was he Bangladesh’s unsung hero? ❌ Or did his struggles cost the team too much in crucial matches? Drop a comment, smash that LIKE button if you found this deep dive insightful, and SUBSCRIBE for more cricket analysis, highlights, and debates! 🏏 Let’s keep the discussion going! 👇 #MahmudullahRiyad #BangladeshCricket #HeroOrVillain #T20Cricket #CricketControversy #CricketDebate #NidahasTrophy #T20WorldCup #CricketHighlights #MahmudullahLegacy",riyad,FAVOR
647c8aca25ffd7e7,Mahmudullah Riad is a real gem for us💎💎❤❤,riyad,NEUTRAL
7e7f41120ca5c705,Mahmudullah is underrated all rounder and his finishing is top notch,riyad,NEUTRAL
5ad363d99415d434,"Mahmudullah is deadly. In a pressure match, something happens to this dude. He changes to a different beast. I have never seen any other BD cricketer handling pressure as good as him. Proud of him.",riyad,FAVOR
cfc94eab66c00ef9,Riyad is a genius ... Star of Bd with 3 icc 100 🎉🎉🎉,riyad,NEUTRAL
7c61ca805301f934,Mahmudullah started his career as a spinner... but the story of him becoming the best finisher of Bangladesh is truly incredible 👏,riyad,FAVOR
d65d2c781e720990,Mahmudullah is the best finisher in our Bangladesh team And still he’s doing great ❤🇧🇩,riyad,FAVOR
d41aefcbbec4d9e0,"Mahmudullah is one of the clutch players off all time. This guy performs only on crucial times. The caliber, the hardwork, the dedication at 38 years. He’s my idol. He’s got the talent with humbleness. Forget bd, very few players in history can handle pressure that nicely",riyad,NEUTRAL
44a69c30f7baa03f,@mohan_9 His pet name is Riad.Full name Mohammad Mahmudullah Riad👍,riyad,NEUTRAL
6ecaf1615a076cda,"One asks , who is a cricketer who has 0 haters : riyad ofc",riyad,AGAINST
e13f784d692cc7d6,Ami ekjon cricket pagol chele. Riyad vai ke valobashar maddhome cricket a amar paglamir jayra suru hoyechilo. Vayer nek hayat kamona korchi amin❤,riyad,FAVOR
064a388f1be0e92f,"Mahmudullah my 4th fav cricket player before saifuddin, mushfriqur and maxwell. Great vid as usaul. keep it up bro",riyad,FAVOR
e559a648c5919f81,"Riyad he's a real silent killer, he secrifice a lot for his country..",riyad,NEUTRAL
abe8552a11f5a934,Mahmudullah is my all time fav cricketer,riyad,NEUTRAL
a587eeff5c8e7696,"Remember The Name Mahmudullah Riyad🖤 Love From Mymensingh, in Mahmudullah Riyad Areas😁",riyad,FAVOR
baa32593e5d12b0f,I was born in 2000. I have been following cricket from early childhood and started to watch it more frequently around age 14 and watched the 2015 World Cup. That was one of the best world cup for bangladesh national team. Probably that's when I became a big fan of Mahmudullah and started to pay attention to his performance more from then. Yet I can't really be proud of our country's overall performance since we never really achieved anything much in those ICC tournaments. It has always been disappointment in the long run. Our country is rebuilding hope it gets better soon. Hope in near future I get to see better performance from our team in those tournaments. Oh and I've noticed Mahmudullah plays well against New Zealand time to time. 11:52 that six was such a delight to watch that day Btw I accepted that he was never really that good as captain. In last ODI world cup it was probably only his batting that was good about our team! I can't really remember anything much honestly.,riyad,NEUTRAL
d3ff2361fdd592dc,"If it wasn't for 2015 controversial umpiring, Bangladesh could have played semifinal...... But he is still a very good player...... If Bangladesh needed 6 run in the last ball of the match, people here will only choose ❝Mahmudullah❞",riyad,NEUTRAL
7a261521d2784919,This video doesn’t justify the legacy of Mahmudullah.,riyad,NEUTRAL
833c931b7eb3fa36,IT IS MAHMUDULLAH RIYADH NOT MAHAMDULLAH RIYAD that is NOT how u pronounce it also its prounounced moymonshingh not MYMENSINGH that is just how u SPELL it,riyad,NEUTRAL
724dbde193ed61f1,"Mahmudullah is a very selfish player. I'll never forgive him for what he did vs afg. 40+ runs needed in 19 balls and he defends like an idiot and when the match is out of hands, he gets out.",riyad,NEUTRAL
cad827411b3bac98,মাহমুদুল্লাহকে সেঞ্চুরি দিয়ে মাপা যায় না। সে বাংলাদেশের জন্য যা করেছে তা বাংলাদেশ ক্রিকেট কখনোই ভুলতে পারবে না।,riyad,AGAINST
83e493c75db58490,অসংখ্য ধন্যবাদ ভাইয়া আপনাকে মাহমুদুল্লাহ রিয়াদের এত সুন্দর উপস্থাপনা করার জন্য ইমরুল কায়েসের একটু উপস্থাপনা চাই।,riyad,AGAINST
65460a9e78b69ec1,কিন্তু এখন সব খারাপ মানুষ মাহমুদউল্লাহকে ভুলে যাচ্ছে 😭😭😭,riyad,AGAINST
400e70b544450179,বাংলাদেশ ক্রিকেট প্রেমী কে কিছুই বলবো না শুধু একটি কথা বলতে চাই এসব ইনিংস দেখে চোখের পানি ধরে রাখতে পারিনি মনে হচ্ছে মাহমুদুল্লাহকে আমরা হারিয়ে ফেলেছি শুধু বিসিবির জন্য,riyad,NEUTRAL
9d28e8b20ba83851,আমার সব থেকে ফেবারেট পেলায়ার মাহমুদুল্লাহ ভাই I love U 💞💞💞💞💞,riyad,FAVOR
270a8683d888f695,রিয়াদ ভাই সারা জীবন ভক্তদের মধ্যে স্মরনীয় হয়ে থাকবে,riyad,NEUTRAL
8c5385fbb3246629,"I can't forget you, Always love you Riyad ❤",riyad,FAVOR
ce9e5fb11a1a3f94,He is not only silent killer But also heart of all bangladeshi cricket lover ... আমাদের বাংলায় দ্বিতীয় রিয়াদ আর দেখা যাবে না ।।। শুভ কামনা বাংলার legent,riyad,FAVOR
ab1af45a3ad9d6ff,Mahmudullah is the best cricketer for Bangladesh.,riyad,FAVOR
6325d52acdb5d2ea,Legends never die and Mahmudullah Riyad is the Legend. Keep it up Silent Killer!,riyad,FAVOR
700f915b83134908,HAPPY BIRTHDAY Mahmudullah Riyad nayok er arale thaka khol nayok. ❤️ From Mymensingh,riyad,NEUTRAL
2d4da1a7b67256b3,Happy birthday...... Riyad bhai May Allah bless you,riyad,NEUTRAL
6259360a2714015f,Mahmudullah is the best pleyar of Bangladesh cricket ⚾🥎,riyad,FAVOR
57a3b97f7a39ece9,Miss u Mahmudullah.... Ai Cricket premira kokhono vulte parbe na...,riyad,NEUTRAL
082ecbdc60a88691,he is really silent killer of Bangladesh.. love u riyad vi ♥♥💖,riyad,FAVOR
a97be0cafd918891,"আমার প্রিয় খেলোয়ার মাহমুদুল্লাহ রিয়াদ ভাই আপনাকে জানাই হ্যাপি বার্থডে এবং বাংলাদেশ জাতীয় ক্রিকেট দল জন্য যা করেছে তা বুলার মত নয়,আপনাকে সারা জীবন অন্তর থেকে ভালবেসে যাব লাভ ইউ মাহমুদুল্লাহ রিয়াদ",riyad,FAVOR
f76f3f0cd9a59f37,মাহমুদুল্লাহ ভাই অনেক ভালো ও ধার্মিক ক্রিকেটার।,riyad,FAVOR
95ecbf9c19417490,রিয়াদ ভাই আমাদের ময়মনসিংহের ছেলে Love u রিয়াদ ভাই ❤️❤️,riyad,FAVOR
08910320964e58a6,Mahmudullah কে কতটা ভালোবাসি তা এই ছোট্ট কমেন্ট এ লেখা যাবে না।Mahmudullah এমন একজন cricketer যে নিজের career এর দিকে না তাকিয়ে দলের অবস্থার দিকে তাকিয়েছে(MAS-2)আমাদের এলাকায় আমরা MAHMUDULLAH কে ভালোবাসে Uncle বলে ডাকি।love u uncle (NO-30),riyad,FAVOR
dca5c93e3f1fc712,মাহমুদুল্লাহ ভাইকে আবারো টি২০ তে দেখতে চাই ইনশা আল্লাহ,riyad,NEUTRAL
cdeacc751e279fd1,মাহমুদুল্লাহ রিয়াদ আমারা সারা জীবন মনে রাখবো এবং আমরা চাই রিয়াদ ভাই দলে থাকুক,riyad,NEUTRAL
bde2ebb7931134ea,Akono cokha jol chola ashe sai muhuttar kotha mone porle gawar lom dariya uta what a Match love Mahmudullah ❤,riyad,FAVOR
bb0aa4218db441da,ভাইরে ভাই আমি ভিডিওটা দেখে সত্যি কান্না করে ফেলছি।।।রিয়াদ আমার একটা ভালোবাসা ❤❤❤❤,riyad,FAVOR
3462e12a218c350a,Love you boss mahmudullah taskin sabbir imrul অতি দ্রুত আপনাদের আগমন ঘটবে ইনশাআল্লাহ,riyad,FAVOR
7c18afca75cb91ce,"ভাই আপনার ভিডিও মধ্যে দিয়ে মাহমুদুল্লাহ রিয়াদের প্রংশসা বেশ সুন্দর ভাবে ফুটে ওঠেছে,আমার মনে হয় রিয়াদ ভাই এর ইনিংস গুলো স্বর্ণ অঙ্কের ইতিহাসের পাতায় লেখে রাখা উচিত।",riyad,NEUTRAL
ae65255eed294281,Miss korbo riyad ke...l love you riyad,riyad,FAVOR
f91bd793266700fa,মাহমুদুল্লাহ রিয়াদ জন্য শুভ কামনা কারিয়ারের শেষ জেনো ভালো কিছু উপহার দেয় বাংলাদেশে কে,riyad,FAVOR
0da94ccb6fc39847,It's really unforgetable match from Mahmudullah Riyad batting.,riyad,NEUTRAL
16bb8ca577b5f912,One of the best innings of Mahmudullah riad under extreme pressure... ❤,riyad,FAVOR
fcf87deafdec86b1,বাংলাদেশে মাহমুদুল্লাহ এমন প্লেয়ার ছিল যিনি বড্ড চাপেও তার দায়িত্বটা পালন করতে ভুলে যায়নি,riyad,AGAINST
d881ac22e59cab83,Hero Mahmudullah is a superstar of Bangladesh,riyad,FAVOR
2d3f23f8db8a732e,মাহমুদউল্লাহ রিয়াদ outstanding.... Vi Mahmudullah Riyad 46* Against South Africa upload to ball by ball... 2019 world cup,riyad,NEUTRAL
e8bb2f1cc6b0baff,মাহমুদুল্লাহ রিয়াদ ভাই টিমে দেখতে চাই প্লিজ,riyad,NEUTRAL
ebd23cfe845a34c3,ইয়াসির আলী কিসের খেলোয়াড় 👿👿 রিয়াদের মতো খেলোয়াড় বাংলাদেশে কয়জনও বা আছে? যে সবসময় দুঃসময়ে বাংলাদেশের পাশে থেকেছে। কিন্তু scort এ এই রকম একজন খেলোয়াড়ের নাম নেই। এটা খুবই দুঃখ জনক বিষয়। 😔😔😔,riyad,NEUTRAL
608e8bc916b3984f,Never saw Mahmudullah so frank as in this episode.. Mash effect ❤️,riyad,NEUTRAL
a0810d0ea4d61b43,Mahmudullah bhai er question ta bhalo cilo.,riyad,FAVOR
d47fe8bf9aaab94c,"Really, You r our silent killer. It’s called old but not out.love you Mahmudullah Riyad bhai ❤❤",riyad,FAVOR
c47e7d6803d37823,"Mahmudullah : When I get older, I will be stronger 😎💯 Love you silent killer Mahmudullah Riyad ❤️",riyad,FAVOR
41de418c918f14a5,"মাহমুদুল্লাহ রিয়াদ সবাইকে বুঝিয়ে দিলো,, আমি কিছুই না আল্লাহই সবকিছু,, থ্যাংক ইউ সো মাচ,, আলহামদুলিল্লাহ অনেক খুশি হলাম আল্লাহ তাকে বাংলাদেশের হয়ে আরো আরো বেশি রান করার শক্তি দান করুক আমিন আমিন আমিন❤❤❤❤❤❤",riyad,NEUTRAL
dca8d11e9c177624,আজকের মাহমুদউল্লাহর ছয় টা কত মিটার ছিলো?,riyad,NEUTRAL
fddac6533f95b749,মাহমুদউল্লাহ রিয়াদ পাতিরানাকে যে ছয়টা মারলো ছয়টি কত মিটার?,riyad,NEUTRAL
08e8d0a8a1c044d0,We wanna Mahmudullah Riyad as a captain.,riyad,NEUTRAL
a34a72a516cf98b0,মাহমুদউল্লাহ যখন ব্যাট করে তখন দল দেখে রান করে না নিজ দলের প্রয়োজনে যখন যেমন দরকার ঠিক তেমন ভাবেই রান করে। কোন দিন সফল কোনো দিন অসফল।,riyad,NEUTRAL
763920e9e9200ced,"@aiyazhasan6251 ভাই মাহমুদউল্লাহের ওয়েস্ট ইন্ডিজ আর নিউজিল্যান্ডের সাথেও টেস্ট সেঞ্চুরি আছে,তাছাড়া ভারতের সাথেও একবার ৯৬ করে অপরাজিত ছিল সঙ্গীর অভাবে সেঞ্চুরি করতে পারেনি।তাছাড়া মাহমুদউল্লাহ যেটাইমে নামে আর বাংলাদেশের যে লেজ এর থেকে ভাল করা কঠিন।।।।",riyad,FAVOR
2772174f902611be,Mahmudullah the Silent Killer ❤️..One of the Finishers in the world...,riyad,NEUTRAL
03ab637bdde8c7bc,"Love you THE SILENT KILLER ""Mahamudulla Riyad"".",riyad,FAVOR
d5742ddb194bc23b,Mahmudullah is a world class cricketer undoubtedly,riyad,FAVOR
a54706ddf3388932,"Valobashar arek nam "" Mahmudullah Riad "" ❤️. Khub miss kori ei innings ta",riyad,FAVOR
66a7467298537fa8,"১৭ মাস পর টেস্ট খেলতে নেমে ৮ নম্বরে ব্যাট করতে এসে দলের মহাবিপদের সময় ১৫০ রানের একটি ইনিংস খেলা👏👏👏মাহমুদুল্লাহ তুমি অনবদ্য, অসাধারণ, অবিশ্বাস্য। অথচ টেস্ট খেলতে পারে না বলে এতদিন তাকে টেস্ট দলেই নেয় নাই। হায়রে বাংলাদেশের ম্যানেজমেন্ট।",riyad,NEUTRAL
bfc903c7de3ea29c,মাহমুদউল্লাহ রিয়াদকে অভিনন্দন। আশা করি উনি রান করার ধারাবাহিকতা বজায় রাখবেন। আমার মতে আসন্ন টি২০ বিশ্বকাপের পর উনার উচিৎ হবে টি২০ থেকে অবসর নিয়ে শুধু ওয়ানডে আর টেস্ট -এর জন্য নিজেকে প্রস্তুত রাখা। ফিট থাকলে এখনও উনার কমপক্ষে ৩-৪ বছর টেস্ট আর ওয়ানডে খেলার সামর্থ আছে বলেই আমি মনে করি। 😍🏏😍🏏😍🏏,riyad,AGAINST
4da844ae5bcaa6ee,Riad vai is best ..in test love you bro,riyad,FAVOR
10117a9a21468864,I think he wasn’t that consistent earlier what we needed from him. That's what the problem he had. This gap made him more hard worker n more confident about playing test cricket. May be he took the chances for granted earlier.. No doubt he has a great potential in him. But you need to have the hunger to pursue that. I think this gap gave Mahmudullah that hunger to pusue his potentials..,riyad,FAVOR
639ef321b4d20a35,Amar dekha all format best player #boss Mahmudullah riyad🥰🥰🥰 Love u skiller30,riyad,FAVOR
f1bdb9d09b9da73e,মাহমুদউল্লাহ রিয়াদ এর অবসরের কথা শুনে মনটা খারাপ হয়ে গেলো। 😥💔🖤,riyad,AGAINST
c8893e020c2696cd,this fabulous century deserves my boss Mahmudullah.,riyad,FAVOR
e8be8097d4fc9d40,zimbabwer againste killer. ok ekhon t20 teo oboshor niye nin riyad saheb. sob kicur jonno dhonnobad.,riyad,AGAINST
fbcf6d6ed56658ed,"বিসিবি রাজনীতি শুরু করছে খেলা নিয়ে ।ইমরুল কায়েস, মাহমুদুল্লাহ আছে অভিজ্ঞ খেলোয়ার তাদেরকে বাদ দেয় কিভাবে ।",riyad,AGAINST
8dd98d1d155b2986,যে মাহমুদউল্লাহকে প্রথমে নির্বাচকরা দলে নিতে চাই সে মাহমুদউল্লাহই ভালো খেলেছে,riyad,FAVOR
85ddbfcbee35f1bb,মাহমুদুল্লাহ সিদ্ধান্ত Good তার বিদায় বেলা এই 150 রান রেকর্ড হয়ে থাকবে ।,riyad,NEUTRAL
7a01bfaa221af7f2,Well done Mahmudullah...Bal daikha shanto r saif re namai ...,riyad,NEUTRAL
5eb7c40f10bcf1b0,"The Springboks are jumping high again. After their campaign was derailed by the flying Dutch, they are back on track with vengeance. KDK, the maestro with the bat, crafted a daddy century replete with breath-taking strokes. This is his third century and he seems to be in the mood for a few more. Klaasen did what he does best, beat the leather out of the ball and the fight out of Bangladesh. History has not been kind to Bangladesh when it comes to chasing a mountain of runs. Unsurprisingly, they were 6 down for 81 runs in 21 odd overs and looking down the barrel. A plucky century by Mahmudullah, however, not only delayed the inevitable, but also lifted Bangladesh to a respectable total. But, it was Bangladesh’s fourth defeat on the trot after a commendable win against Afghanistan. They are stuck in a rut.",riyad,FAVOR
65f548c746be444b,Thank you Mahmudullah ❤️ Happy retirement from test cricket. You are my icon. Bangladesh don’t forget your contribution.,riyad,AGAINST
27ad31f3a5ddef84,Mahmudullah Riyad is the best cricketer in the Bangladesh national cricket team.,riyad,FAVOR
3a87455cabf0dac0,"Babu Fazor I would give that title to mushi, Mahmudullah would be the wheel of the cart.",riyad,NEUTRAL
ea671d0372a68288,মাহমুদুল্লাহ রিয়াদ অবদানের কথাটা মুখে শুনে খুব ভালো লাগলো। ❤️👍😇,riyad,FAVOR
ac654c6b472c4123,"Mahmudullah, is the best captain in Bangladesh.. .",riyad,FAVOR
520bbe5dddb34f40,মহামাদুল্লাহ রিয়াদ ভাইকে না নিলে আমার মনে হয় খেলা মঝা পাবে না বাংলাদেশি দরশোকরা কারণ হলো সে তার জীবনে অনেক অবদান করেছে বাংলাদেশ দলের জন্য,riyad,NEUTRAL
1fd0fb9128252cda,আমি মনে করি রিয়াদকে দলে নেওয়া উচিত 😔,riyad,NEUTRAL
ebc55126c524cb78,মাহমুদউল্লাহর জায়গায় কে উঠবে শুনি?নান্নু ভাই নাকি?,riyad,NEUTRAL
c51a896085d0fa24,রিয়াদকে টেস্ট দলের অধিনায়ক হিসেবে দেখতে চাই।,riyad,FAVOR
3048041ad8c8cfee,Mithun ke bad dia Mahmudullah ke neya hok....,riyad,AGAINST
4561c39e0a547800,দুর্নীতি বিসিবির সব সালারা মাহমুদউল্লাহর মতো খেলোয়ার নাকি বাদ পরে মাহমুদউল্লাহর মতো খেলোয়ার বাংলাদেশে দুই একটা পাওয়া যায় লাইক করেন মাহমুদউল্লাহর ভক্তরা,riyad,AGAINST
d17a6311463729b6,Faltu kaj kam khema daw mia ra.. Mahmudulla riyad er dhara kase kebol doi ekjon player e bortoman bd team e ase.. Noshtami korle kul paiba na..,riyad,AGAINST
4acc3c765cc11f3e,"রিয়াদের থেকে,, ডোমিঙ্গ, পাপন, নান্নু, সুমন, এরাই ভালো প্লেয়ার। হি হা হা",riyad,FAVOR
e511325958caac97,"রিয়াদকে নিবে না কেন!!লিটন,মিথুন কি ওর চেয়ে ভালো প্লেয়ার??",riyad,FAVOR
ed06c0969335863c,21জন খেলোয়ার এর মধ্য ও জায়গা পাবে না মাহমুদুল্লাহ? এটা মানা যায় না,riyad,NEUTRAL
f674e9007f293cf8,মাহমুদউল্লাহ থেকে মিঠুন ভালো!!! হাস্যকর বরই হাস্যকর,riyad,FAVOR
3f16ed20f87a0f9c,মাহমুদুল্লা রিয়াদ ভাই খুব সুন্দর ব্যাটিং করেছে আজকে । jazakallah Khair ❤❤❤🇮🇳,riyad,NEUTRAL
a8f9f537eda4558a,যতবার শুনি মাহমুদউল্লাহ ভাইয়ের বিদায়ের কথা ততবারই কান্না চলে আসে.. বাংলাদেশ একজন লিজেন্ড ক্রিকেটারকে হারালো আর বিসিবি কি পারবে এই ঘাটতি পূরণ করতে...,riyad,FAVOR
0ec5340b1e207e7f,সত্যি রিয়াদ বুঝিয়ে দিলেন কি ভাবে অন্যায় / অবহেলার প্রতিবাদ করতে হয় । আগামীতে এরকম প্রতিবাদের জন্য প্রস্হত থেক বিসিবি ।,riyad,AGAINST
fea757cb43fa1d23,বিসিবির কারনে ভালো খেলোয়াড় এর এমন আচারন... ভালোসার আরেক নাম মাহমাদুল্লা রিয়াদ,riyad,FAVOR
ce1642e9a0b76659,রিয়াদের উচিত আর অপমানিত না হয়ে সব ধরনের ক্রিকেট থেকে বিদায় নেওয়া,riyad,NEUTRAL
53198cbb68c1ee34,মাহমুদ্দুল্লাহ রিয়াদ কে দলে চাই। আমরা প্রবাসিরা।😢😢😢😢😢😢,riyad,NEUTRAL
e6c86a7586157e74,সবার প্রতি একটাই অনুরোধ যার যার জায়গা থেকে ক্রিকেট বোর্ডের এই স্বেচ্ছাচারিতার বিরুদ্ধে রুখে দাঁড়ান আমাদের ট্যাক্সের টাকা দিয়ে। আমাদের বিশ্বকাপ জয়ের স্বপ্ন ভাঙ্গার। ব্যক্তি পছন্দকে প্রাধান্য দেয়ার বিরুদ্ধে দাঁড়ান। মাহমুদুল্লাহকে দলে চাই।,riyad,NEUTRAL
d45c81854186daef,পাপন স্যার রাজনৈতিক শুরু করে দিয়েছে ক্রিকেট বোর্ডে রিয়াদকে দলের চাই,riyad,NEUTRAL
97c0e9c25bdca8d9,It's like sachin ke shorai dilo 2011 bishshokaper age karon boyosh hoye gece 😂. Riyad er history era janena? Tar cheye valo batsman ke ace? She jodi opening e namto taile desher shera batsman bole chinto sobai..kintu last e namai hole eto obohilito. Tau sobar attobishshash barai last e neme.,riyad,FAVOR
13bb6616235be152,যে টিম নির্বাচন নান্নু সাহেব একটা ম্যাচ জিততে পারে নাই ক্যাপ্টেন থাকাকালীন সে নান্নু কিভাবে আবার প্লেয়ার সিলেকশন হয় আমি তো এগুলো বুঝিনা মাহমুদুল্লাহর মত এত সুন্দর একজন প্লেয়ারকে এশিয়া কাপে বিশ্বকাপে চান্স দেওয়া হচ্ছে না এটা আসলে আমাদের জন্য দুঃখের বিষয় আমরা বাংলাদেশ টিমে মাহমুদুল্লাহকে দেখতে চাই না হলে আমরা বাংলাদেশের খেলা কে বর্জন করব ✊,riyad,NEUTRAL
0b691886f7eeede1,আরে ভাই বাংলাদেশ ক্রিকেট বোর্ড যে পাপনের বাপের সম্পত্তি এখানে রিয়াদকে কেন নিবে? তার যাকে ভালো লাগবে সে তাকে নেবে,riyad,FAVOR
cab5cc5095cb91c2,ভাই আবেগ দিয়ে ক্রিকেট হয় না। মাহমুদউল্লাহর হয়তো ব্যাকাপ নেই। তবে সেটা এই মাহমুদুল্লাহর না আগের মাহমুদুল্লাহর।তার অন্যতম প্রধান রোল ছিল ফিনিশিং কিন্তু সে কি পেরেছে দলের চাহিদা মত খেলতে।যেখানে শেখ মাহেদী তার থেকে বেশি এগ্রেসিভ আবার রিয়াদের থেকে স্পিনটাও ভালো করে।তবে আশা করি এটাই রিয়াদের শেষ না।,riyad,FAVOR
5ecabf954ba09384,"আফিফ শামীম এরাকি মাহমুদুল্লাহ রিয়াদের থেকে অনেক ভালো, সব জায়গায় রাজনীতি",riyad,FAVOR
5b136ab4696b344a,ইতিহাসের সেরা কমেডি উক্তি!! জ্বালাময়ী ভাষণ ঃ মিস মাহমুদউল্লাহ,riyad,FAVOR
1799b81d3cd33228,মাহমুদউল্লাহ ভাইয়ের ক্ষোভ মাখানো কথা শুনে আমি হাসবো? না কাঁদবো?,riyad,NEUTRAL
9350a9a04c4b8f49,"সেই লাগছে প্রথম বল থেকেই ৪, ৬ মারবো ইনশাআল্লাহ আশাকরি কাল ১০০ করবে রিয়াদ আর মোট রান যেনো ১৮০+ হয় তাহলে ইনশাআল্লাহ আমরা জিতবো",riyad,NEUTRAL
1dce5e991018fc1b,"রিয়াদ বলে কয়ে 6 মারতে পারে,কালকেই সব হেটার্স তা দেখতে পারবে😏",riyad,NEUTRAL
ed7556e882581cde,মাহমুদুল্লাহ কিভাবে টি-টোয়েন্টির অধিনায়ক হয় মাহমুদুল্লাহ শুধুমাত্র টেস্ট খেলার উপযোগী সে কি করে টি-টোয়েন্টির অধিনায়ক হয়,riyad,NEUTRAL
acea8d5d44d9f8c2,Bal falabe.. Mahmudullah 😡😡.. Mahmudullah echce kore kharap khelce 😡,riyad,AGAINST
00faaa56790bf16f,২০২৩ এর বিশ্বকাপে মাহামুদুল্লাহ রিয়াদকে চাই সে যথেষ্ট অভিজ্ঞ,riyad,NEUTRAL
570a3d9c01466b1c,মাহমুদউল্লাহ রিয়াদ ভাই কে বিশ্ব কাপে দেখতে চাই,riyad,NEUTRAL
b1c7598e02a4987e,মাহমুদুল্লাহ রিয়াদ বাই আবার আসবে বলে চেয়ে আছে মানুষ বিশ্বকাপের মাঠে,riyad,NEUTRAL
a215e8eb57aa5c32,অবশ্যই রিয়াদ কে দলে চাই জাতির সুনামে,riyad,NEUTRAL
898ece36f7095931,কোন কথা শুনতে চাই না জনগণ রিয়াদ ভাইকে মাঠে দেখতে চাই আবার,riyad,NEUTRAL
8db522223fb02062,"আপনাদের কোনু নাটক দেখতে চাই না, মাহমুদউল্লাহ রিয়াদ ভাই কে বিশ্ব কাপে দেখতে চাই",riyad,NEUTRAL
3030db8f8c492678,নান্নুর বউকে বাংলাদেশ ক্রিকেট টিমে সুযোগ দেওয়া হোক....মাহমুদউল্লাহ ভাই একজন ভালো ক্রিকেট প্লেয়ার হওয়া শর্তেও নান্নুর মন ভরছে না 🙏🙏🙏🙏,riyad,FAVOR
7d5f86254a0ac5cf,রাব্বি কি মাহমুদুল্লাহর থেকে ভাল মনে হয় না আমার মনে হয় পন্চপান্ডপ দের একটু সন্মান দেয়া উচিত তা না হলে অনেক ভুল করবে বিসিবি মাহমুদুল্লাহ টেষ্ট থেকে হঠাৎ অবসর নেওয়া তে বিসিবির আঘাত লেগেছে তাই বদলা নিচ্ছে,riyad,AGAINST
d8630a4d34aaf6e5,চ্যালেঞ্জ করে বলতে পারি ইয়াসির রাব্বি থেকে মাহমুদুল্লাহ অনেক ভালো সবার থেকে আলেদা,riyad,FAVOR
f02e40a6ee4d72f2,"বিশ্বে কোন প্লেয়ার টাই খারাপ না খেলে, এজন্য রিয়াদ,বাইকে এতগুলো ম্যাচ, না খেলিয়ে রাখা উচিত হয় নাই, দুঃসময়ে কোন প্লেয়ার টা পাশে থাকে, সেটা আমরা দেখেছি বারে বার,মনে করে দেখেন 15 বিশ্বকাপ, জেতা সবগুলোর অবদান রিয়াদ ভাই,",riyad,AGAINST
66cee43e01b10b58,মাহমুদউল্লাহ ভাইর বিদায় টা মেনে নিতে খুবই কষ্ট হচ্ছে। হাজার সেলুট ভাই তোমাকে....,riyad,NEUTRAL
0c54a16230aad849,মাহমুদউল্লাহ কে অভিনন্দন এ রকম নিরব প্রতিবাদ প্রয়োজন আছে। টেস্ট ক্রিকেট থেকে বিদায় প্রিয় খেলোয়াড়।,riyad,AGAINST
4c2b2250ae80ec9f,"মাহমুদুল্লাহ ভাইয়ের মতো বাংলাদেশের ক্রিকেটে আর কেউ আসবে না,,,,বটবৃক্ষ হয়ে!!!!!!!",riyad,NEUTRAL
ba7fddfa7c8a8324,"সাঙ্গাকারার পর এবার মাহমুদুল্লাহ রিয়াদ সঠিক সিদ্ধান্ত নিয়েছে, এটাকে রাজকীয় বিদায় বলে মানুষ অনেক দিন ধরে মনে রাখবেন",riyad,NEUTRAL
e76f27c099d83852,যেখানে সম্মান কে অসম্মান করে সেখানে থাকার চেও না থাকাই ভালো 💚💚💚💚💚Miss you💚রিয়াদ,riyad,FAVOR
4c781018de179dff,অভিনন্দন মাহমুদুল্লাহ ভাই। আপনি দেখিয়ে দিলেন প্রতিবাদ চুপ থেকেও হয়। আর আপনিই যোগ্য বিসিবিরা অজ্ঞ,riyad,AGAINST
c449dea878eb1ba1,মাহমুদউল্লাহ যে কতদিন বাংলাদেশের পিঠ বাঁচানো ইনিংস খেলেছেন সেটা ঐ ম্যাচের পরিস্থিতি বিবেচনা না করলে বোঝা যাবে না..........,riyad,NEUTRAL
c5c7804f0b0afaf4,রিয়াদ ভাই নিরব প্রতিবাদটা অসাধারণ হয়েছে!! খুব মিস করবো অাপনাকে...,riyad,AGAINST
07b8672ae3f4fb80,Miss u mahmudullah n love u lot,riyad,FAVOR
21cb37655c5c1a79,বিপদের সময় রিয়াদ ভাই ঐ খেলা গুলো মনে হলে শরিরের লুম দারিয়ে যায় love u bro,riyad,FAVOR
48fe88a34455834f,"এই দেশে গুনি মানুষকে সম্মান দেওয়া হয়না, তাই সম্মান নিয়ে চলে যাওয়াটাই ভালো, লাভ ইউ রিয়াদ ♥♥♥♥♥",riyad,FAVOR
e3498fcfea175a01,ভালবাসার আরেক নাম মোহাম্মাদুলাহ রিয়াদ ভাই টেস্ট খেলাটা সুদু তার জন্য দেখা মনে হয় আর দেখা হবে না আমার বাংলাদেশের টেস্ট,riyad,FAVOR
019c887b05263dca,"আজ থেকে টেস্ট খেলা আর দেখা হলো না। রিয়াদ ভাই যে ফরমেট থেকেই অবসর নিবে, সেটাই দেখা বাদ হয়ে যাবে😪 তাকে যে কতো ভালোবাসি, তা হয়তো বলে বোঝাতে পারবো না!",riyad,FAVOR
774c06dc13a2ba11,ভাই এই ভিডিও না হইলেও ৩০ বার দেখছি এতো টাই ভালো লাগছে যে বলার মতো না । ধন্যবাদ । Love you boss Mahmudullah Riyed .I really really miss you .,riyad,FAVOR
a97cb88e9a0d0dbe,"অনেক অভিমান করে টেস্ট ক্রিকেট থেকে অবসর নিলেন আমার প্রিয় খেলোয়াড়, লাভ ইউ মাহমুদউল্লাহ রিয়াদ❤️❤️❤️❤️❤️❤️",riyad,AGAINST
bc2d9060470b73b9,এই কোচের পদত্যাগ চাই।না হয় এমন রিয়াদ আরো হারাবে বাংলাদেশ,riyad,NEUTRAL
ea2f3f7637f2f00d,"ভালো সিদ্ধান্ত আমি মনে করি,,, আভিনন্দন মাহমুদউল্লাহ রিয়াদ বস,, এগিয়ে যাও সব সময় ভালোবাসা রইলো,,,,",riyad,FAVOR
de7cee1a7e28bb65,"অনেকে অনেক দেশের খেলোয়াড় কে ভালোবাসে, আমি ছোটবেলা থেকে মাহমুদুল্লাহ রিয়াদ এর ভক্ত +খেলা দেখার জন্য পাগল ছিলাম love you..... রিয়াদ।",riyad,FAVOR
81ba45b1f0235a2e,শুভ কামনা মাহমুদউল্লাহ ভাইয়ের জন্য। তবে রিপোর্টার ভাইয়ের উপস্থাপন ছিল শুনার মতো,riyad,NEUTRAL
0135467d3daaed12,"আমি দুঃখ পেলেও খুশী হয়েছি,অবহেলিত হয়ে না থাকার চেয়ে অবসরে গিয়ে ভালোই করেছেন রিয়াদ ভাই, 🇧🇩🇧🇩😢😢 আসলে একটি কথা সবাই জানে-যেখানে যোগ্য লোকের যোগ্যতার মান বজায় থাকেনা,সেখানে একসময় যোগ্য লোকের আর জন্মই হয় না। ধন্যবাদ-বাংলাদেশ ক্রিকেট বোর্ড।",riyad,NEUTRAL
cc6c298f888e40a7,রিয়াদ ভাই সারা বাংলাদেশ আপনাকে মিস করবে টেস্ট ক্রিকেটে....,riyad,NEUTRAL
be95ee8117ecb414,"kanna chole ashlo vai, Bangladesh er khela dekhi khali Riyad vai er jonno se r test e thakbena khubi khrp lagche. Salute Sir love u.",riyad,FAVOR
5ba7ae52ba2fa3ad,মাহমুদউল্লাহ রিয়াদ ভাই আমার একজন প্রিয় খেলোয়াড় তুমি মাঠে তাকলে আমরা আশা রাখি বাংলাদেশ জিতবে কিন্তু এখন কার উপর নির্ভর করব সেলুট রিয়াদ ভাই আপনাকে🙋‍♀️🇧🇩🥰😍💕 আমাদের ক্রিকেট বোর্ডয়ে সমস্যা রয়েছে তাই আজ আমাদের প্লেয়াররা এভাবে ক্রিকেট কে বিদায় জানাচ্চে। অনেক কষ্ট লাগতেসে রিয়াদ ভাইর জন্য Miss you Riyad Bhai Love u,riyad,FAVOR
019de50af2101ac8,"Bangladesh Cricket team er moddhe riyad vai e akjon jar kono hater nai love you vai bd finisher,silent killer❤️❤️❤️❤️",riyad,NEUTRAL
2db318b58b38baa3,রিয়াসাদ ভাই আপনার এই রিপোর্ট এর জন্য আপনাকে এতটা ভালোবাসি যা বলার মত না।।আপনি লড়াই করে যান মাহমুদুল্লাহ ভাই যেন দলে ফিরে। 😢😢যৌগ্য লেকটা যেন তার সম্মান টা পায়❤❤,riyad,FAVOR
f247b1046519878d,"ভালো বাসার আরেক নাম মাহমুদউল্লাহ রিয়াদ,,,, কারা কারা একমত তারা লাইক দেন।",riyad,FAVOR
4170c24feb06d587,Oh dear😍😍 Mahmudullah you are always my favourite..,riyad,NEUTRAL
af33deffd9986d62,"ভালোবাসার আরেকনাম মাহমুদুল্লাহ্ রিয়াদ ভাই, আমাদের ময়মনসিংহের পোলা Love means mahmudullah..he is my Hometown boy & hero.",riyad,FAVOR
d90a65e9423487f0,"I miss this mahmudullah now a dayz, only one Bangladeshi player who plays good with less attitude Love from india 🇮🇳",riyad,FAVOR
ef86a23646356edf,গত বিশ্বকাপের নায়ক মাহমুদুল্লাহ রিয়াদকে এতো সহজেই ভুলে গেলে কিভাবে হবে!!,riyad,NEUTRAL
7e3b853911722b85,আফিফ টাফিফ বুজিনা মাহমুদউল্লাহ কে দলে দেখতে চাই তাকে প্রাপ্ত সম্মান দেওয়া দরকার। আফিফের সামনে অনেক সময় আছে।,riyad,NEUTRAL
3b87a402f2da1721,"বাকি ম্যাচগুলো দেখা হবে শুধু মাহমুদউল্লাহ রিয়াদের জন্য। আর কারও জন্য মাথাব্যথা নাই, মাহমুদউল্লাহ ভালো খেলুক শুধু এটাই চাই।",riyad,FAVOR
f33af07bb4f22a3b,"ওয়াসিম আকরামের কথার সাথে আমিও ১৪ কোটি মানুষ সহমত ,রিয়াদ ভাইকে তিন চারে নামানো উচিত",riyad,NEUTRAL
21b22fef817430af,রিয়াদ ভাই আমাদের ময়মনসিংহের গর্ব দোয়া করি আরো ভালো পর্যায়ে যাক আমাদের প্রাণপ্রিয় রিয়াদ ভাই,riyad,FAVOR
d20dcee44f2b90b0,মাহমুদউল্লাহ রিয়াদ ভাই সেরা ছিল আছে থাকবে,riyad,FAVOR
5c285150f3558dac,Riyad vaia sobsomoy e valo khele.Dua roilo Riyad vaiar jonno....,riyad,FAVOR
583c5e49300ec0de,"Mahmudullahr jonno next 4match khela dekhbo ...r karor jonno na . Mahmudullah k etodin khelay na neway , ignore korar karone tini tar performance er moddho diye abro njk prove korlen kno tini "" Silent killer """,riyad,NEUTRAL
b57e7a73a2722784,Dirty politics in BD cricket! Selectors & Haturising may be fired for not playing Riad in the first 2 matches. Riad is the best batter in BD cricket team now.,riyad,NEUTRAL
df1f95d07b7fddfc,Riyad opening namano hook..... Na hole paponer maiyar link viral kore dibo😂,riyad,NEUTRAL
df6bf89a8466e422,T20 te akhono Bangladesher onek kisu shekhar ase. Jokhon shobai T10 nia basto hoye jabe tokhono Bangladesh t20 shikhte thakbe taina riad bhai?,riyad,NEUTRAL
981cf2dcac00d7fb,মাহমুদুল্লাহ রিয়াদ আবারো গতো ওয়ানডের মতো টি টোয়েন্টি বিশ্বকাপে বাংলাদেশের হয়ে সর্বোচ্চ রানের মালিক হবে অভিনন্দন প্রিয় খেলোয়াড় মাহমুদুল্লাহ রিয়াদ কে।,riyad,NEUTRAL
ac8a37d89405e1d4,"খেলা দেখার ইচ্ছা নাই আর l Wth… remove these spare tires: Nannu- papon- the coach. NO RIYAD NO ASIA & WORLD CUP. Who wants him in main squad, please vote? #NoRIADnoAsiaANDworldCup #weWantRiyadInMainSquad #removeNannuPaponCoach Spread these hashtags",riyad,NEUTRAL
5785cb5e6d6ff0a9,মাহমুদউল্লাহ কত রান যেনো করছে? C graded batter যখন ক্যাপ্টেইন হয়🤣,riyad,NEUTRAL
0da4d58cbed9db9c,জে দেসের খেলায় রাজনীতি ঢুকে গেছে তারা আর কি পারবে অজু হাত দেখানো ছাড়া অন্য কিছু?? এই ইংল্যান্ডের বিপক্ষে দুর্দান্ত খেলে রিয়াদ অথচ সে নেই এটা রাজনীতি নয়তো কি?,riyad,NEUTRAL
ccdbd823000158c1,"30রানে 5 উইকেট পড়ে যাবে তাতে দোষ নেই।মাহমুদুল্লাহর নাকি স্ট্রাইক রেট খারাপ, তাই তাকে বাদ দিছে, তাহলে শান্তরে কোন হিসেবে নিছে?",riyad,AGAINST
cc7613f4918576af,মাহমুদুল্লাহ নিজের থেকে খুব ভালো খেলার চেষ্টা করছে এবং খেলছে,riyad,FAVOR
e745d43e24ccd188,মাহমুদুল্লাহ রিয়াদ ছাড়া বাংলাদেশ টিম অচল। রিয়াদ একজন নির্ভর যোগ্য প্লেয়ার আমরা সবাই রিয়াদকে চাই টিমকে জিতানো জন্য অপরিহার্য সে,riyad,NEUTRAL
4576655f911a8140,প্রতিবার একজন কোচ আসে একটি টার্গেট নিয়ে। একজন অভিজ্ঞ এবং ভরষার খেলোয়ারকে বাদ দেওয়া হয়। এবারও তাই হলো। রিয়াদ বাদ! কি অদ্ভুত !,riyad,AGAINST
74f318357fef5c10,বাংলাদেশ ক্রিকেটে এখন বড় ধরনের সিন্ডিকেট চলছে মাহমুদুল্লাহ পরিবর্তে ৭ নম্বর পজিশনে তো অনেকেই বাজিয়ে দেখা হলো বাংলাদেশ ক্রিকেট বোর্ড সফলতা কতটুকু পেয়েছি মাহমুদুল্লাহর মত অভিজ্ঞ একজন প্লেয়ারকে একটিবার সুযোগ দেওয়ার দরকার ছিল 🤬😡🤬,riyad,NEUTRAL
5dc62102833e8ce6,"কিছু না করেও চান্স হয়, যদি তার নাম রিয়াদ না হয়।",riyad,NEUTRAL
8c7fb0d3e94fbead,Nannor asole jonmogoto problem ace!!! Senior plus tar jaigai performance o khub kharap noi plus j kono moment e dolke miracle kichu ene dita Parto.. Otocho kichu bijonmar jonno Mahmudullah k ato opoman o kosto nia chole jete hobe!!,riyad,AGAINST
102b60b330af3b76,"টিম ম্যানেজ করার তো ওদের যোগ্যতাই নেই,কিভাবে এরা এতো বরো দায়িত্ব পেলো।। মাহমুদউল্লাহ কে দলে রাখলো না কেনো???",riyad,NEUTRAL
f598ef70c6062ec7,ক্রিকেট বোর্ড ভুলে গেছে যে একজন মাহমুদুল্লাহর অবদান বাংলাদেশ ক্রিকেটে কত নতুন প্রফুলসহ উনারা যে পরিমাণ তামাশা শুরু করেছে একটা সময় বাংলাদেশের থাকে,riyad,AGAINST
ea9a74eb754311b1,"নাঈম শেখ কে কেন দলে রাখা হয়েছে বুঝলাম না, এর বদলে রিয়াদকে সুযোগ দেওয়া উচিত ছিলো",riyad,NEUTRAL
8fb60b810e76d436,নান্নু চোর করে কেন চুরি করা হয়েছে মাহমুদুল্লাহ ক্যারিয়ার ?,riyad,NEUTRAL
e293664153e1e040,কোথায় ১০০ জন সারা বাংলাদেশের কোটি মানুষের হৃদয়ে আছে মাহমুদউল্লাহ রিয়াদ ভাই,riyad,NEUTRAL
e576aac41708f45c,Riad sacrificed his batting position for Bangladesh Team as per the then captain Mashrafi. And this the gift. Do you think such a good performer would sacrifice his batting position for country?,riyad,NEUTRAL
542c56ddb8af6266,রিয়াদ ভাইকে দলে চাই। বিসিবির ষড়যন্ত্রের প্রতিবাদ করছি। রিয়াদ ভাইকে দলে আনা হউক,riyad,AGAINST
f16a0a0980812d30,মাহমুদুল্লাহর এমন বিদায় আমরা চাই না। মাহমুদুল্লাহকে জাতীয় দলে চাই ❤,riyad,NEUTRAL
3eee4e9242b3834e,আমাদের সেরা ফিনিশার মাহমুদুল্লাহ রিয়াদ। তাকে আমরা চাই চেয়েছিলাম কিন্ত এভাবে অসম্মান করে আমরা তাকে বিদায় দিতে চাইনা। ২০কোটি মানুষ আমরা ভালোবাসি রিয়াদকে। ইনশাআল্লাহ দেশের ইতিহাসের সবচেয়ে বড় বিক্ষোভ করবো,riyad,FAVOR
8aa6545e9da86bed,আজকে মাহমুদুল্লাহ খাড়া হয়ে গেল এত ভালো হয়ে গেল সবাই,riyad,FAVOR
517d66a3a0bc945b,মাহামুদুল্লাহ রিয়াদ কে দলে রেখে আবারো ১৮ সদস্যের নতুন করে এশিয়া কাপের জন্য স্কোয়াড ঘোষণা করা হোক ।,riyad,NEUTRAL
faa5792da83b8406,"সাইলেন কিলার রা আসে,মানুষের মন জয় করে এবং নিরবেই আবার চলে যায় 😪😪😪 কোটি মানুষের ভালোবাসায় সিক্ত আমাদের সাইলেন কিলার ❤️ তুমাকে মনে রাখবেই এ জাতি 👍 ভালো থেকো বস মাহমুদুল্লাহ রিয়াদ👍👍 😪❤️❤️❤️",riyad,FAVOR
ae15044be8643b1f,মাহমুদউল্লাহ রিয়াদ এর অবদান বাংলাদেশের মানুষ। কোনদিন ভুলবে না। মাহমুদউল্লাহ রিয়াদ কে আমরা এশিয়া কাপে দেখতে চাই। ❤❤❤❤❤,riyad,AGAINST
99e89c042c4625bf,মাননীয় প্রধানমন্ত্রী আপনি যদি একটু খবর পেয়ে থাকেন দয়া করে রিয়াদ কে ফিরিয়ে আনেন আমরা সকলে খুব খুশি হবো,riyad,NEUTRAL
f380f27cb764d7f2,আপনারা কিছু একটা করেন মাহমুদুল্লাহ রিয়াদের জন্য ❤😢,riyad,NEUTRAL
3945fca05d5502b9,বাংলাদেশের সিনিয়রদের দাম নাই ..এরকম একটা মাহমুদুল্লাহকে আপনার তৈরি করে দেখান,riyad,NEUTRAL
537194f0ebc60a88,এতো কথা শুনতে চাইনা। যে কোন উপায়ে মাহমুদউল্লাহ রিয়াদ ভাইকে এশিয়া এবং বিশ্বকাপ দলে চাই।।,riyad,NEUTRAL
4bbfe3b94c00056e,"হাতুড়ি একটা টাটকা শ,য়,তা,ন এর ভাই,আমরা মাহমুদউল্লাহ কে চাই,,",riyad,NEUTRAL
9fb50e063290f078,অল্প শোকে কাতর অতি শোকে পাথর মাহমুদউল্লাহ ভাই নেই শোনে আমি পাথর হয়ে গেছি কিছুই বলতে পারছি না,riyad,NEUTRAL
9f21899ded1d7de6,"Mahmudullah riyad Asia & WC squad a nai so Bangladesh ER khela dekhar Gusti kilai....... Bangladesh ER against a jader khela, all time antorik vabe tader kei 120% support & pray krbo jeno tara win krte pare in sha' Allah Atlast, i hope Bangladesh asia & world cup er sob gula match shudu harbei na...go hara harbe...",riyad,FAVOR
6e470a9c19438006,বাংলাদেশ প্রাইসময় ম্যাচ হারে ফিনিশিং এ ভালো না করার জন্য রিয়াদকে বাদ দিয়ে বড় ভুল করল,riyad,NEUTRAL
065756881bcfe0b7,এই সাইলেন্ট কিলারের কেরিয়ার নিরবেই ধ্বংস করে দিলো বিসিবি😂😂😂😂😂😂😂😂😂😂😂 মাহমুদউল্লাহ রিয়াদ ভাই এর জন্য দোয়া রইলো অফুরন্ত ❤❤❤❤❤❤❤❤❤❤❤❤❤❤❤❤❤,riyad,NEUTRAL
7ab36785c5a284eb,শুধু রিয়াদ কেস করে রাখিনি তারা ভেঙেছে কোটি ভক্তের আশা ভেঙেছে কোটি ভক্তের স্বপ্ন আল্লাহ তাদের বিচার করবে,riyad,NEUTRAL
f00a69c694219014,আমি চাই মাহমুদুল্লাহ রিয়াদ জাতীয় দলে বিশ্বকাপে খেলা একজন ভালো ভদ্র নম্র ভালো খেলোয়ার,riyad,FAVOR
a1d49db4d6f955ab,একজন সিনিয়র খেলোয়াড় মাহমুদুল্লাহ রিয়াদ বাংলাদেশ ক্রিকেট বোর্ড এটা উনার সাথে বেইমানি করা হলো আমি মনে করি এশিয়া কাপ ও বিশ্বকাপে মাহমুদুল্লাহ রিয়াদ অনেক প্রয়োজন বাংলাদেশ ক্রিকেট বোর্ড ভাবা উচিত মাহমুদুল্লাহকে অনেক প্রয়োজন,riyad,NEUTRAL
0e148f00f72c07e3,আপনার কাছে আমার একটি প্রশ্ন সাঙ্গাকারা এক সময় বলেছিলেন যে রিয়াদ অনডাউন খেললে ভালো করবো দল। আপনার কি মনে হয় সাঙ্গাকারা ক্রিকেট বোঝে না। উত্তর চাই।,riyad,FAVOR
4d33d42658c10ade,মাহমুদুল্লাহ রিয়াদ t-20তে ভালো খেলে তারপরও বাদ,riyad,FAVOR
3c4885c79898111a,মাহমুদুল্লাহের জন্য ভালোবাসা আছে কিন্তু সে একজন র্নিলজ্জ। যদি বিন্দু মাত্র লজ্জা থাকতো এই নাটকের জন্য অপেক্ষা না করে অবসরে চলে যেতেন।,riyad,NEUTRAL
192ca4d2f78b60a3,​ @Anonymous-cu9uf I think you don't know much about Bangladesh cricket. Mahmudullah was not playin for Bangladesh for 8 months before WC. He was also about to be dropped from WC squad. But other's out of form makes him to be included in the WC bound team. He gets the chance to play & he nailed it to the corrupted BCB officials & Head Coad Hathurusingha who was reluctant to involve him in WC squad,riyad,AGAINST
bca723ca6f351a6e,মাহমুদউল্লাহর অবদান মনে হয় এরা জানে না,riyad,NEUTRAL
36309e9bf4fb1991,দর্শক বেশির ভাগ মানুষই বলছেন Faria Shahrin এর মত মডেলদের কারনেই অনেক সময় Mahmudullah Riyad এর মত বিবাহিত ক্রিকেটারদের সংসার ভেঙ্গে যায় অথবা অনেক সমস্যা সৃষ্টি হয়! আবার কিছু মানুষ বলছেন ঠিক এরকমই একটি মন্তব্য যদি তাঁকে নিয়ে কোন ছেলে করত তাহলে তিনি পুরো মিডিয়ায় সেটা নিয়ে হল্লা করতেন। আপনি কি এর সাথে একমত? জানান নিচের কমেন্ট সেকশনে!,riyad,NEUTRAL
6c8e890ccc2f7492,এটা সানি লিওন এর জাত না হলে মাহমুদউল্লাহ রিয়াদের মতো একজোন ভালো মানুষ কে এরাকোম কথা বলতে পারতো না আমার কলিজার টুকরা রিয়াদ,riyad,FAVOR
40914fc00f3e95cf,ওই টা ওয়াইড বল ই ছিল। মাহমুদউল্লাহ বুঝতে পারিনি,riyad,NEUTRAL
8d2f1b56b73ee386,রিয়াদ পাগল হয়ে গেছে তারাতাড়ি পাবনা পাগলা গারদে পাঠানো হোক সেলিম খান ধামরাই ঢাকা,riyad,NEUTRAL
ea9b5e6282bceb62,মাহমুদুল্লাহ রিয়াদ অনেক ভালো মানের একজন প্লেয়ার,riyad,FAVOR
25477a894cc02918,Mahmudullah Riyad is best. I love Mahmudullah Riyad.,riyad,FAVOR
1801df6f0fba7c0d,আর সেই মাহমুদুল্লাহকেই আজ ষড়যন্ত্র করে বাদ দিয়ে দিল!,riyad,AGAINST
7def69f4321e7dc9,MR :Mahmudullah Riyad মিস করি Love YOU,riyad,FAVOR
1fafe30515118675,"এই মাহমুদুল্লাহকে আজকে ami chara সবাই, ধীরে ধীরে ভুলে যাচ্ছে, হায়রে নিয়তিএই ম্যাচটার কথা সারাজীবন মনে থাকবে কোথায় হারিয়ে গেল mamudulla খেলাগুলো সেই আজ আর নেই । খেলা গুলো বাংলাদেশ আবার দিবে ইনশাআল্লাহ। আমি এই ম্যাচ দেখার পর ভেবেছিলাম তািন এই ম্যাচ জিতিয়ে বিদায় নিবে কিনতু এটা হলো না",riyad,AGAINST
8076588636847a17,Mahmudullah Riyad is a best cricketer Bangladesh cricket team,riyad,FAVOR
158c5f540d3af10d,east or west Mahmudullah is the best,riyad,FAVOR
f452a1c59fd17982,Mahmudullah is the best silent killer in bd,riyad,FAVOR
0e38590c35222bbe,মাহমুদুল্লাহ রিয়াদকে আমরা চাই আবারো জাতীয় দলের সে খেলবে টি-টোয়েন্টি ম্যাচ,riyad,NEUTRAL
4796b322a96bbdf6,রিয়াদ কি ২০১৬ তে ৩ বলে ২ করতে পেরেছিল?? রিয়াদ ও সেই gallery shot এর জন্যই আউট হয়ে গিয়েছিল। যা লাউ তাই কদু।,riyad,NEUTRAL
61808d343102ded1,মাহমুদউল্লাহ রিয়াদ কে বিশ্বকাপে চাই চাই চাই।,riyad,NEUTRAL
bfa8125b26665856,Mahmudullah ka keno bowling korte diye holo na.,riyad,NEUTRAL
e70f617367d41e15,"Mohammad Mahmudullah, also known as Riyad, is a former Bangladeshi international cricketer who captained the national side. He plays for Dhaka Division and has represented the national team in all formats. An all-rounder, he is a lower or middle-order batter as well as an off spin bowler. He has scored more than 10,000 runs and taken 150+ wickets in international cricket. He is renowned for his ability to finish a close limited-over game. He is the first Bangladeshi to score a World Cup hundred. Mahmudullah started his career as a bowler and then converted into a batsman who could bowl off-breaks.🎉",riyad,NEUTRAL
6f9d0c04c002f18b,"এটা ক্ষোভের বহিঃপ্রকাশ,,,,,, মাহমুদুল্লাহ রিয়াদ যেটা করেছে আমার ব্যাক্তিগত দৃষ্টিকোণ থেকে সঠিক বলে মনে হয়,,,",riyad,NEUTRAL
bdb3c66ef415a1db,"মাহমুদুল্লাহ রিয়াদ ভাই কে অসংখ্য ধন্যবাদ এভাবে বিসিবি কে উচিত শিক্ষা দেওয়ার জন্য,",riyad,AGAINST
f92e2e1d60a528a7,খুবই ভালো। এরচেয়ে ভালো সিদ্ধান্ত হতে পারে না।❤️❤️❤️রিয়াদ ভাই।,riyad,FAVOR
afe1c5384ab7c999,"আলহামদুলিল্লাহ আলহামদুলিল্লাহ রিয়াদ ভাই,১৮ কুটি মানুষের মন জয় করে নিয়েছেন,,,",riyad,NEUTRAL
5951859bef708a7e,মাহমুদউল্লাহ ভাইকে খুবি ধন্যবাদ খুবি ভালো একটা সিদ্ধান্ত নিছেন মাহমুদউল্লাহ রিয়াদ,riyad,FAVOR
422e4eaa2cde4c06,অনেক ভালো একটা সিদ্ধান্ত নিয়েছে রিয়াদ ভাই,riyad,FAVOR
e3d2e941b183edea,Good decision Riyad Vai! You deserve a lot more respect.,riyad,FAVOR
f47f14e85c4c2347,রিয়াদ ভালো করছে কারণ রিয়াদের সম্মান টা আরো অনেক বড়,riyad,FAVOR
f31cc35dd691c233,রিয়াদ ভাই অনেক বেশি ভালো কাজ করেছেন।,riyad,FAVOR
d150ffcbd83a338e,রিয়াদ ভাইয়ের উচিৎ হবে নিজের মান সম্মান নিয়ে নিজেকে সব ধরনের আন্তর্জাতিক ক্রিকেট থেকে অবসর নেওয়া এই ম্যানেজমেন্টের কাছে ক্রিকেট একটা ব্যবসা প্রতিষ্ঠানে রুপ নিয়েছে ভালোবাসা বলতে কিছুই নেই,riyad,FAVOR
61b96bee391df406,Thank you dear brave Riyad.. Allah bless u.,riyad,NEUTRAL
7195cbead384d63a,vai apni mahmudullah er na khelar sathe management ke joraccen keno. khelata to nijer bepar. papon to ar mathe khele diye asbe na. Mahmudullah obosor neyar time hoye gese. eitar sathe management er kono somporko nai.,riyad,NEUTRAL
88ff64f9321b2bb4,একজন সিনিয়র ক্রিকেটার কে কি ভাবে এ সমস্ত ম্যাচে প্রস্তাব দেয়? ধন্যবাদ রিয়াদ ভাই ❤️❤️,riyad,AGAINST
f534e410d2027c6c,Mahmudullah Riyad is my best player.Please make more vedio with by and by other player.,riyad,FAVOR
632a96785e594c42,You may not ever see such a humble person like Mahmudullah again in BD team!,riyad,NEUTRAL
2d30171dad52f32b,Mahmudullah Riyad bhai looking like Shikhar Dhawan. 👍👍👍👍👍,riyad,FAVOR
d612b48f1ca448e6,মাত্র ৭১ রান করেছেন। মাহমুদউল্লাহ ছাড়া আর কত জন ৭১+ রান করেছেন???,riyad,NEUTRAL
9e0aa6f125945049,Mahmudullah Riyad is my favourite player. He is the best 😍😍😊,riyad,FAVOR
39bf84f5064ac8cd,রিয়াদের জায়গায় ইয়াসির রাব্বিকে একটা সুযোগ দেওয়া উচিত কারণ ওর বড় শর্ট খেলার শক্তি আছে।রিয়াদের অনেক অবদান আছে কিন্তু t20 তে এখন এত ভাল না,riyad,FAVOR
d1ae22c3b4283286,রিয়াদ ভাই কে আমরা সবাই বিশ্বকাপে দেখতে চাই,riyad,NEUTRAL
07c4d349dad5fd51,আমি মনে করি যে মাহমুদুল্লাহ রিয়াদ নিজের থেকে অবসর নেওয়া উচিত ।এতো কিছুর পরেও যদি তাকে বিশ্বকাপ স্কোয়াডে রাখে তাহলে সে ভালো পারফরম করতে পারবে না।এর থেকে আগে অবসর নেওয়া উচিত।,riyad,FAVOR
bbba32a4f9e1be2b,সেরা ম্যাচ উইনার দেশের একমাত্র সাইলেন্ট কিলার তাকে রাখতেই হবে ইনশাআল্লাহ আবারও বিশ্বকাপে ভালো কিছু করবে রিয়াদ,riyad,FAVOR
c4e836338977c771,"রিয়াদ ভাইকে একটা কাজ করা উচিত,,এই ম্যাচে বিদায় বলে দেয়া উচিত,,,",riyad,NEUTRAL
33e5f353e8bb6128,মাহমুদুল্লাহ একজন সিনিয়র ক্রিকেটার বাংলাদেশ ক্রিকেটার জন্য অনেক অবদান আছে এই ক্রিকেটারের আজ এই প্রলতিদান পেলেন।,riyad,NEUTRAL
843d3d735213787b,এই দুই ম্যাচ খেলা দেখি নাই রিয়াদ ভাই যখন আছে তৃতীয় ম্যাচটা তো দেখা লাগে আমার মনে হয় রিয়াদ ভাই অবসরে যাবে যতটুকু ধারনা যদি অবসরে যায় শুভকামনা রইল রিয়াদ ভাইয়ের জন্য,riyad,AGAINST
024194430eb14ff0,"রিয়াদ ভাই যদি আগামীকালকের ম্যাচটা খেলে বিদায় নিতো তাহলে খুব খুশি হতাম,,বার বার তাকে নিয়ে হেনস্তা করার খেল তামাশা থেকে বিদায় নেওয়াটাই ব্যাটার হবে,,❤️❤️লাভ ইউ রিয়াদ ভাই",riyad,NEUTRAL
0a26a3315f8a48bd,Mahmudullah is the T20 s best captain I have ever seen,riyad,FAVOR
8f38ba901724ba61,@farukislam9645 ফর্ম যখন নাই ত আবার আজকের ম্যাচ খেলার জন্য মাহমুদউল্লাহ ভাইকে ডাকার কি দরকার ছিলো? ওখানেতো মিরাজ আর ইমন ছিলোই,riyad,NEUTRAL
a1faf11e40c720bf,"এই ম্যাচ শেষে , মাহমুদউল্লাহ রিয়াদ যেনো অবসর ঘোষণা করে ! অনুরোধ রইলো !",riyad,AGAINST
9b6bf14479341611,রিয়াদ ভাই এখন পদত্যাগের সিন্ধান্ত নিলে। খুব ভালো হইতো 🥰,riyad,FAVOR
e3dfabcb861c8fd0,মাহমুদউল্লাহ রিয়াদ ভাই একটা ভালো ম্যাচ খেলেই বিদায় নিবো মনে হচ্ছে,riyad,FAVOR
844a479d839b7aed,মাহমুদুল্লাহ রিয়াদ ভাই বিদায় বলে দেওয়া দরকার💔,riyad,NEUTRAL
868d43f412b3d019,আজকে মাহমুদউল্লাহ ভালো খেললে অবসরে যাবেন ১০০ % যেমন টা টেষ্ট খেলায় করছিলেন,riyad,FAVOR
efb2e8538682f4ee,Ay macht ta khela Mahmudullah bhi obbosor neya nik.,riyad,NEUTRAL
4b7db35978422d26,Mahmudullah riad & Mashrafee are the best cricketers in Bangladesh. They are idol in our country.,riyad,FAVOR
e855af176978e91a,মাহমুদউল্লাহ বিদায় জানিয়ে দিলে খুব ভালো হবে,riyad,FAVOR
6f970ee538a5baf9,মাহমুদুল্লাহ রিয়াদের উচিত হবে আজ দারুন একটা ম্যাচ উপহার দিয়ে বিদায় ঘোষণা করা।,riyad,NEUTRAL
a1d4854396e5367d,রিয়াদ ভাই এবার অনেক ভালো কিছু করে দেখাবে,riyad,FAVOR
9542feb8d8bbef2f,মাহমুদউল্লাহ এই ম্যাচে রান করতে পারলেই অবসরের ঘোষণা দিয়ে দিবেন মনে হয়।,riyad,AGAINST
ac3d7b015dd640c0,ইনশাআল্লাহ মাহমুদুল্লাহ টি-টোয়েন্টিতে চান্স পেয়েছে আবারো টেস্টে শতরান করে ট্রিটমেন্ট একটাকেও বিদায় জানাবে এটাই তার জন্য চরম সুযোগ,riyad,NEUTRAL
0e25fdb6bc17c5f8,আমার মতে মাহমুদউল্লাহ রিয়াদ ভাই কালকের ম্যাচ খেলে অবসর নিয়ে নেবে,riyad,AGAINST
e41e43429c11c532,"মাহমুদউল্লাহ এই ম্যাচে আবসর নিয়ে নিক৷,, ভালো হবে তার জন্য,,",riyad,FAVOR
9557c7728f949e3a,"রিয়াদ 40 বলে 68 অবশেষে বিদায় বাংলাদেশ,ভালো থেকো তোমরা ৷",riyad,FAVOR
3ad33e47f9f5f61d,আমার ছোট একটা আবদার মাহমুদুল্লাহ ভাইয়ের কাছে।এই ম্যাচে ২০-২২ বলে একটা ঝড়ো ফিফটি করে t20কে বিদায় বলে দেওয়া উচিত 💔,riyad,NEUTRAL
69d8831591c994f0,আমি দোয়া করি রিয়াদ ভাই এই ম্যাচে ভালো একটা খেলা দেখিয়ে পাপুদার পাচায় ব্যাটের ডান্ডা ঢুকিয়ে দিয়ে টি টুয়েন্টি কে বিদায় জানিয়ে দেয়,riyad,FAVOR
9b3e5d97df8de2a9,আগামীকাল ভালো performancকরে মাহমুদুল্লাহ রিয়াদ ম্যাচ জিতে অবশ্যই পদত্যাগ করবেন টি-টোয়েন্টি থেকে,riyad,FAVOR
87e8417f6476c0dc,মাহমুদুল্লাহর এই ম্যাচের পর অবসর নেওয়া উচিত ।।,riyad,AGAINST
554f0a02beed74b8,আমার মনে হয় আগামীকাল রিয়াদ ভাই ট20 থেকে অবসর নিয়ে নিবে,riyad,AGAINST
c98f5348ebacaaae,"আমার মনে হয়, এই ম্যাচ খেলেই বিদাই নেওয়া অচিত, মাহমুদুল্লাহ",riyad,NEUTRAL
ecc723c5b7be8cd5,সবার যেটা মনে হচ্ছে মাহমুদুল্লাহ রিয়াদ ভাই কালকে টি-টোয়েন্টি থেকে অবসর নেবে আমারও সেটাই মনে হচ্ছে। কালকে অবসরে চলে যাবে ধন্যবাদ সবাইকে?,riyad,AGAINST
557bc2dca149cb6d,রিয়াদের কাছ থেকে কি অবসরের ঘোষণা শুনবো কাল??,riyad,AGAINST
2668af06ab01affc,রিয়াদের উচিত হবে এই ম‍্যাচেই ২০ ওভারের ক্রিকেটকে বিদায় বলা,riyad,NEUTRAL
41baee696eac97d1,Zim er loge nurul hasan er team vlo khelce ekhn senior der drkar nai... Shalar ei team aus/eng loge khelley under 80 te allout hobe...riyad er under zim thk 2-1 a t20 jitcilo previous yr a.. Mosaddek 5ta paice je shb gula marar bowl chilo...zim bole pare nai...,riyad,NEUTRAL
80abc3832fa66a5e,এই ম্যাচে যদি মাহমুদুল্লাহ রিয়াদ বিদায় বলে দেয় তাহলে বিসিবি কে চরম একটা শিক্ষা দেওয়া হবে। আর আমার মতে মাহমুদুল্লাহ রিয়াদের এই ম্যাচেই বিদায় বলে দেওয়া উচিত,riyad,NEUTRAL
d9a5519eefe13c15,মোসাদ্দেক ভালো করুক রিয়াদ ভালো করুক আপনারা এদেরকে সাহস দেন। সমালোচনা কম করেন। তাদেরকে মিডিয়ার চাপে পিষ্ট করেন না। অনেক বেশী খোঁচা দেন আপনারা,riyad,FAVOR
ebaf507a5fe29bc7,"এই ম্যাচে মাহমুদুল্লাহকে ক্যাপ্টেন করা উচিৎ ছিল,,,,",riyad,NEUTRAL
371cd559e8e5332b,আমার মতে মাহমুদউল্লাহ না খেললেই ভালো হতো বিসিবিকে না বলে দেক,riyad,FAVOR
1ac57968769cfd4a,Riyad ei best captain আমরা অস্ট্রেলিয়া কে হোয়াইটওয়াশ করে ছিলাম আমাদের মাহমুদউল্লাহ রিয়াদ এর নেতৃত্বে 😌❤️❤️ ভূলে গেলে চলবে না বিসিবি পাগল দুইদিন পর পর ক্যাপ্টেন্সি চেন্জ। করে একটা প্লেয়ার এর খারাপ সময় আসতেই পারে তাই বলে ক্যাপটেন্সি থেকে বাদ 😢 ৫ পন্ডপের ৪ পন্ডপ আছে বলে বাংলাদেশ ভালো করছে ওরা না থাকলে টিম জিম্বাবুয়ে হয়ে যাবে।,riyad,FAVOR
8c08e32486510f57,কেপটেন সি রিয়াদ ভাইকে দেওয়া উচিৎ ছিল। না দেওয়া কে আমি অপমান মনে করছি,riyad,NEUTRAL
9884b7079e15db9e,"রিয়াদ কে আপমান বলে মনে করি আমি সে আচে তারপরেও কেন,",riyad,NEUTRAL
cd9eddcd4bd07272,রিয়াদ ভাই অনেক ভালো খেলবে মিলায় নিয়েন 🖤,riyad,FAVOR
679b5510f746b343,আলহামদুলিল্লাহ দোয়া করি রিয়াদ ভাই ভালো করুক ❤❤❤❤❤❤❤❤,riyad,FAVOR
c681c629d90a8ab4,Mahmudullah will have to go through acid test to book a place for him in Bangladesh squad for world cup.,riyad,NEUTRAL
68ae62b7b25e2b94,রিয়াদের পরিক্ষা খালি? নাকি অন্য কারও পরিক্ষা আছে? রিয়াদ ভাই মাঠে নামার সাথে সাথে ভালো করবে এটা তাকে বিশ্বকাপে না নেয়ার প্লান।,riyad,FAVOR
f8d93c0d8d65e4f4,Haire mahmudullah world Cup khele akabare amni biday nito Asia are world ai bosor khelte Dile valo hoto karon amader dorker cup,riyad,FAVOR
ca3cb8b1ea5e5ead,"আমি চাই , রিয়াদ ভাইকে দলে না রাখলে , বাংলাদেশ সব ম্যাচ হেরে যাক",riyad,NEUTRAL
5ecb4c5eeed7c309,খালি রিয়াদ কে নেয় নাই দেখে? সেই সাপোরটার ভাই আপনি😂,riyad,NEUTRAL
560973944058c890,সাত নাম্বারে রিয়াদের ৭০ বলে ৩০ রানের ইনিংসগুলো খুব মিস করব।,riyad,NEUTRAL
b323e2f98f92461a,"রিয়াদ কি শুধুই ৭ নাম্বার পজিশনের জন্যই 😢?? তার কি ৫,৬ নাম্বারে খেলার অভিঙ্গতা নেই?? শামিম পাটোয়ারি যার ওয়ানডে তে অভিষেকই হয়নি, নাঈম শেখ,শেখ মেহেদি, আদো কি রিয়াদ থেকে বেস্ট??😡",riyad,NEUTRAL
7c0e8401fae7135d,সবাই যে সব সময় ভালো করে এমন ও না মাহমুদুল্লাহ দিন আবারও ফিরে আইবে ইনশাআল্লাহ 💓,riyad,FAVOR
5bb54ea1e3aec27f,কোন আমলে কে কি করেছে বেস্ট মাহমুদউল্লাহ ই,riyad,NEUTRAL
444a627193fc5843,"দলের সবাই যদি খারাপ খেলে, কেপ্টেন কী করবে। রিয়াদ ভাই কী একা জিতাতে পারবে । রিয়াদ ভাইয়ের খারাপ খেলাগুলো চোখে পড়ে ।ভাল খেলাগুলো কেন চোখে পড়ে না । তিনি যখন কঠিন কঠিন মেচ জিতিয়ে, বাংলাদেশকে এত সুন্দর সুন্দর মুহূর্ত উপহার দিয়েছে । কেন তা চোখে পড়ে না ? রিয়াদ ভাইয়ের মত কেউ চেষ্টা করে না।",riyad,NEUTRAL
0a5697ccc7ab1c34,bad dise valo hoyse vhai. mahmudullah T-20 ar material na.,riyad,NEUTRAL
f50125cfa6103ede,রিয়াদ ভাই ভালো খেলোয়াড় 🥰🫡 কিন্তু Captaincy ভালো ভাবে করতে পারে না 😒😞🥱🫡☹️,riyad,FAVOR
921e26ce78456d39,এই সাংবাদিকদের এতো নিউজের কারণে মাহমুদুল্লাহর এই অবস্থা !!,riyad,AGAINST
5cab991b8e9e2f87,so sad how sohan bangladesh team captain mahmudullah is good captain world cup led,riyad,NEUTRAL
442ef3cb036e05ce,"ভাই, রিয়াদ ছাড়া আর কে কেপ্টেন আছে বাংলাদেশ এ? ভালো করলে- তার অনেক ভালো কথা? আর- খারাপ করলেই সমালোচনা? লিটন কে নিয়েও তো আপনারা সমালোচনা করেছেন? আর কোন দেশের নিউজ মিডিয়া এরকম সমালোচনা করে না-- আপনাদের মতো",riyad,NEUTRAL
a0ca2cb1b80fca9d,বাংলাদেশ দলের দুঃসময়ের সবচেয়ে বড় বন্ধু ছিল রিয়াদ ভাই ❤️❤️❤️,riyad,NEUTRAL
862e4ce10816a3d6,রিয়াদ থাকবে নিদাহাস এর ছক্কায়💘 রিয়াদ থাকবে কার্ডিফের আঙ্গিনায়❣️ রিয়াদ থাকবে পঞ্চপাণ্ডব পাতায়❤️ রিয়াদ থাকবেন দূর দিনের ত্রান কর্তায়.. মাহমুদউল্লাহ রিয়াদ কে শুধু ভালোবাসা যায়💓 ঘৃণা করা যায় না🧡,riyad,FAVOR
d7f48ea23ec11561,"রিয়াদ ভাই পারফর্ম না করলেও দলের জন্য একটা অনুপ্রেরণা ছিলো 😫বাদ দেওয়া টা ঠিক হোয় নায়, একটা সুজোগ দেওয়া উচিত ছিলো 💔💔ভালোবাসা অবিরাম রিয়াদ ভাই ❣️",riyad,FAVOR
c39fd60af876bd49,বাংলাদেশ এই বছর যে কয়টা ম্যাচ খেলা হয়েছে তাতে মাহমুদউল্লাহ ভাই ঐ চাপের মুহূর্তে অনেক ভালো খেলেছে। সে না থাকলে আরো বাজে ভাবে হারতে হতো। লীগ মুক্ত বোর্ড যেদিন হবে ঠিক তখন থেকে বাংলাদেশ দলের উন্নতি হবে তার আগে না। খুব কষ্ট পেলাম রিয়াদ ভাই কে বাদ দেওয়ায়😭😭,riyad,NEUTRAL
8c619d500a6da9e4,আবার চাই টি টুয়েন্টি তে মাহমুদউল্লাহ কে🌹🌹,riyad,NEUTRAL
786795780d1a1fb5,আজকে রিয়াদ ভাই বিশ্বকাপ থেকে বাদ পরছে বলে সবাই খোপ প্রকাশ করছে 😢 কিন্তু কিছু দিন আগে যখন রিয়াদ ভাই ফর্মে ছিলোনা তখন আমরাই রিয়াদ ভাই কে বাজে কথা বলছি এটাই বাংলাদেশ অনেক দুঃখজনক 😢😢😢,riyad,AGAINST
b3e109f203d6777c,He was not only given the title of silent killer. Take a look at history of Bangladesh cricket. He is the first to score a century for Bangladesh in the World Cup👑 Mahmudullah Riyad 💖,riyad,NEUTRAL
899dca5ad0b03d81,মাহমুদুল্লাহ রিয়াদকে কেউ খারাপ কিছু বললে হৃদয়ে গিয়ে লাগে জানি না কেন হয়তো ভালোবাসা‌ থেকে,riyad,FAVOR
1a7eaf6f6f7bbc95,"মন খারাপ করবেন না রিয়াদ ভাই, বিসিনি না থাকলেও আমরা আছি আপনার পাশে✅✅🥙",riyad,AGAINST
5efd52d356270a43,"দল যখন ২০ রানে ৪/৫ উইকেট হারিয়ে ফেলে তখন ই নামে রিয়াদ। তখন ধরে খেলা ছাড়া আর কোন অপশন থাকে না। কপাল খারাপ তোমার তথা পুরো বাংলাদেশের, লিজেন্ড🖤😓😓ভালবাসি।",riyad,FAVOR
ff9772dfcf4c56e0,"riyad odi,test er jonno valo kintu t20 te or form nai. tai amar kache bcb thik decision nise.",riyad,FAVOR
4ab6ef0c34859b99,"হুম,,আর যারা সমালোচনা করছে,তারা আসলে ক্রিকেট বুঝেনা।নাহয় তারা ভুলে গেছে রিয়াদ এর জিতানো ম্যাচ গুলো।।নিদাহাস ট্রফি তো বহুকাল মনে থাকবে আমার,,আরো অনেক ম্যাচ আছে এমন",riyad,AGAINST
533024708f4b4b7e,মাহমুদুল্লাহ দলে নেই তাতে অবাক হইনি কিন্তু লড শান্ত স্যার কে ১৫- সদস্য তে রাখাই অবাক হয়েছি,riyad,NEUTRAL
1b1de8df0a2aa90c,রিয়াদ ভাইয়ের মত খেলোয়ার এই বাংলাদেশে কে আছে আমার জানা নাই রিয়াদ ভাইকে অনেক ভালোবাসি,riyad,FAVOR
23aa1b87e7ebf5c1,এদেশের প্রতিভাবান কাউকে মূল্যায়ন করা হয় না কারণ এদেশের প্রত্যেক সেক্টর অযোগ্য ব্যক্তিদের অধিনে চলে গেছে। অযোগ্য ব্যক্তিরা যোগ্য ব্যক্তিদের চোখে পড়ে না আর কিভাবে সম্মান দিতে হয় তাও জানে না। আমার জীবদশায় আমি অনেক ম্যাচ দেখেছি দেশের ক্রিকেটের মান সম্মান তলানিতে যাওয়া অনেক ম্যাচ তিনি জিতিয়েছেন। স্যালোট রিয়াদ ভাই। তোমাকে বাংলার ক্রিকেট প্রেমিকরা কখনো ভুলবে না।,riyad,AGAINST
b358ed0a0ecaf695,অনেক আশা ছিল রিয়াদ ভাইয়ের শেষ আসর। হয়ত ভালো কিছু দেখব আর না দেখলেও সম্মানের সাথেই শেষ হবে তার ক্যারিয়ার।কিন্তু বিসিবি তার প্যান্ট খুলে উত্তম প্রতিদানই দিন। ধন্যবাদ বিসিবি ধন্যবাদ পাপন গং,riyad,FAVOR
be7a1e51b5b4c5c4,রিয়াদ একজন ভালো মানুষ এমন কি দেশের হয়ে অনেক ভালো ক্রিকেট খেলেছেন এখন খারাপ সময় হলেও তাকে অপমান করা ঠিক না,riyad,FAVOR
6a45b497c9ca87a6,"Best player ever mahamudul riad , I love bro",riyad,FAVOR
b48a408510e86238,"Soumya,Riad,Rubel and Kayes are the most underrated players of Bangladesh",riyad,NEUTRAL
0dd5d1f8a70e89df,বাংলাদেশ দলের দুঃসময়ের সবচেয়ে বড় বন্ধু ছিল রিয়াদ ভাই.!🇧🇩❤️,riyad,NEUTRAL
e40ce10fc7fc7053,রিয়াদ ভাই আমার মুনের জায়গায় রাখি ভাই আপনাকে অনেক সেলাম ভালো থাকবেন,riyad,FAVOR
db4a322d70ad708d,খারাপ সময় সব প্লেয়ার এই জীবনে আসে এ কারণে তাকে এভাবে অপমানজনকভাবে টিম থেকে ছাটাই করে দেবে রিয়াদ ভাই আমাদের ক্রিকেটের হিরো ছিলেন আছেন সব সময় থাকবেন,riyad,AGAINST
ad421735fd425494,"রিয়াদকে বিশ্ব কাপে নেওয়া উচিৎ ছিল,সম্মানের সাথে বিদায় বিসিবি কর্তব্য ছিল।",riyad,NEUTRAL
1e48759c67d0bf3a,রিয়াদ ভাইকে একটা ম্যাচ খেলিয়ে বিদায় করলে অনেক ভালো হতো 😓😓,riyad,FAVOR
470aad5b7495d6be,"বিসিবি র সিদ্ধান্ত কে স্বাগত জানাই । রিয়াদ এর ফর্ম এখন ফ্লপ, সুপার ফ্লপ। তাই নতুন দের আগমন হওয়া উচিৎ । এর চেয়ে ভালো কেহ ও আসতে পারে। শালী ও স্ত্রী দের মন্তব্য নিয়ে তো দেশের ক্রিকেট চলবে না। তাদের চুপ থাকাটাই আদর্শ ও ভদ্রতার পরিচয় মিলবে। ধন্যবাদ 👌👍👌👍",riyad,FAVOR
81d738b9f68f301c,"ভাই,আমি নিজে মাহমুদউল্লাহ ভাইকে মিস করবো।বাংলাদেশের প্রতি শ্রদ্ধাশীল হলে আপনাকে বুঝতে হবে তার বাদ পড়া আরোও আগে জরুরী ছিল। তারপরও তাকে অনেক সুযোগ দেওয়া হয়েছিল কিন্তু ব্যর্থ তার ব্যর্থতা তকে বাদ পড়তে বাধ্য করছে আমাদের এই সহজ সত্যটা মানতে হবে।",riyad,AGAINST
dc793f1e49ccf299,Assalamualaikum Bangladesh Cricket Board dropped from T20 World Cup squad Mahmudullah Abhighan is an experienced former captain we pray Mahmudullah bhai will move forward we will be with him and we will all pray for him. 🇧🇩,riyad,AGAINST
82fcbb8ac04cdfbe,রিয়াদের উচিত ছিল অনেক আগেই টি২০ থেকে রিটায়ার করে ওয়ানডে আর টেস্টে মনোযোগ দেয়া,riyad,NEUTRAL
d27e0330eb9a6481,Bhai imotion tar jaigai.. But practically chinta korle.. Riyad na thakle bakira sujug pabe. Take onk sujug dewa hoice....,riyad,NEUTRAL
cc95654b975704f7,ঠাণ্ডা মাথার দক্ষ খেলোয়াড় মাহমুদুল্লাহ। দুঃখিত হওয়ার কী আছে। জীবন এমনই।ভক্তরা আপনাকে মনে রাখবেই।ভাল আপনাকে থাকতেই হবে। অন্য দিকে মন দিন। শুভেচ্ছা অফুরান।,riyad,FAVOR
28448cbd32428e6d,Ami nirbacok cudi.. Juggo legend mahmudullah Boss Mash ar por,riyad,FAVOR
0efe64c5f7f20e40,"নাজমুল হাসান পাপনের কথা শুনলে মনে হয়, হের বাপ-দাদা ১৪গুষ্টি ক্রিকেটার ছিল। আপনার অতীত ওরা ভুলে গেছে 💔। Mohammadullah Riyad ❤️।",riyad,AGAINST
8c927066ddfa0164,বিসিবির উচিৎ ছিল মাহমুদুল্লাহ ভাইকে বিশ্বকাপ পর্যন্ত সুযোগ দেওয়া,riyad,NEUTRAL
78cdbc0a2c9f4619,রিয়াদ ভাইকে দল থেকে বাদ দেওয়া বিসিবির উচিত হয়নি,riyad,AGAINST
6ef0e4103e16dcba,"শুনতেই যেন অবাক হলাম,,, খুবি কষ্ট হচ্ছে রিয়াদ নাই,,,,,😥😥😥😥😥 এর করা জবাব চাই রিয়াদ ভাই🥰🥰🥰🥰🥰",riyad,NEUTRAL
1be61b7787edcbbd,নতুন কোচ ত আর মাহমুদউল্লাহ ভাই এর হিস্টিরি জানে না হয়ত বিসিবি ও ভুলে গেছে💔🥺🙂 রিয়াদ থাকবে নিদাহাস এর ছক্কায়💘 রিয়াদ থাকবে কার্ডিফের আঙ্গিনায়❣️ রিয়াদ থাকবে পঞ্চপাণ্ডব পাতায়❤️ রিয়াদ থাকবেন দূর দিনের ত্রান কর্তায়.. মাহমুদউল্লাহ রিয়াদ কে শুধু ভালোবাসা যায়💓 ঘৃণা করা যায় না🧡,riyad,NEUTRAL
423272052f73548a,এটা খুবই দুঃখজনক যে রিয়াদ কে বিশ্বকাপের ম্যাচে দেখতে পাব না। Miss you Riyad vi🥰 এভাবেই ভেঙে যাচ্ছে খেলোয়াড়দের মনোবল..,riyad,NEUTRAL
aa392cdbbd720a1d,Onk valobasi Mahmudullah vaia ... Love U all time,riyad,FAVOR
6c4faa340f3f5f27,রিয়াদ ভাই তোমাকে হাজার সালাম।তোমার উচিত এখন অবসর নেয়া। তাহলে ভালবাসা সারাজিবন তোমার প্রতি থাকবে অপরিসিম সবার,riyad,NEUTRAL
9d92c9069dfb444b,নাননুরে এক কাপ চা দেওয়া হোক লাভ ইউ রিয়াদ ভাই তুমি দলে নেই আছ আমাদের মনে এবং থাকবে,riyad,NEUTRAL
fd3d64c96271d9af,"রিয়াদ ভাই আমার কাছে ক্রিকেট জগতের অনেক প্রিয় খেলোয়াড় ছিল এবং থাকতে।,,",riyad,NEUTRAL
741be556f92148f3,রিয়াদ কে যদি দায় মুক্ত করে হিট করতে বলা হয় তাহলে বেক্তি গত ভাবে আমি মনে করি সে ভালো করবে। কারণ তার মত বড় ছক্কা খুব কম হয়,riyad,FAVOR
ee44ff62af2e9526,ইনশাআল্লাহ আপনাদের দোয়ায় আমি আবারও টি টোয়েন্টি বিশ্বকাপে যায়গা পেয়েছি অবশ্যই আমার মতো রিয়াদ ভাই ফিরে আসবে এটাই আপনাদের ভালোবাসা ইনশাআল্লাহ ভালো কিছু করার চেষ্টা থাকবে আল্লাহ হাফেজ ❤️,riyad,FAVOR
21f936d788400df5,আমাদের দাবি একটাই মাহমুদউল্লাহ ভাইকে বিশ্বকাপ দলে চাই।,riyad,NEUTRAL
4211b335c5b444e2,মাহমুদউল্লাহ রিয়াদ কে দলে ফিরে চাই চাই,riyad,NEUTRAL
f11a6f62f395ea92,মাহামুদুল্লা রিয়াদ এতো সুন্দর একটা ক্রিকেটকে বাংলাদেশ কোনো মুল্যবোধ করে নি আর একটি কথা না বলেই না আমার মনে হয় ক্রিকেট কোনো একটা দলের ভুক্তভোগী,riyad,NEUTRAL
382d09f3bd73f148,"রিয়াদ ভাই কে বাদ দেয়া ঠিক হয়নি অন্তত বিশ্বকাপে রাখা উচিত ছিল,,,,,,",riyad,AGAINST
461dfc092cba048f,t20 তে বেশির ভাগ ম‍্যাচে বাংলাদেশের যখন ১০-১২ ওভারের মধ্যে ৫ - ৬ টা উইকেট পরে যায় তখন কিন্তু এই রিয়াদি খেলাটাকে ধরে খেলার চেষ্টা করে আর যারা বলছেন ওর ব‍্যাটিং গড় ভালো না তারা দয়া করে রিয়াদকে ২বা ৩ নাম্বারে খেলিয়ে দেখুন আসা করি ১ বছরের মধ্যে রিয়াদ হবে বাংলাদেশের সেরা T20 ব‍্যেটার।,riyad,FAVOR
8a71f71b103be7f6,"মাহমুদুল্লাহ রিয়াদ বাংলাদেশের সকল মানুষের অন্তরে আছে, শুধু নেই অযোগ্য টিম সিলেকশন এর মনে",riyad,NEUTRAL
2d642a7d4dfc8583,এই বিশ্বকাপ পর্যন্ত রিয়াদকে রাখাটা খুব জরুরী ছিল দলের প্রয়োজনে এবং অন্যদিকে রিয়াদের শেষ টি২০ বিশ্বকাপ স্মৃতিটা মধুর করতে অবশ্যই ভালো পারফর্ম করত এতে কোন সন্দেহ নাই ৷,riyad,FAVOR
8b0c665f00525a30,বাংলাদেশ এতো ভালো খেলোয়াড় কে মাহমুদউল্লাহ কে কেনো বাদ দিলো । ১২০ উপুরে রান করতে পারবেনা ওজি কন্ডিশনে। এশিয়া কাপ ভালোই খেলই বা কে,riyad,FAVOR
9291561940331a62,মাহমুদুল্লাহ রিয়াদ শুধু টি-টোয়েন্টি থেকে না সব ফরমেট থেকেই অবসর নেওয়া উচিত। কারণ এদের মতো অজগ্য কর্মকর্তাদের কাছে অপমানিত হওয়ার থেকে ক্রিকেট না খেলায় ভালো,riyad,FAVOR
00b12b0dabe03d34,yasin rabbi ke kno newa hlo bhujlam na.?? mahmudulla riyad rabbi theke better ...bcb ask ar kotodin calabe,riyad,NEUTRAL
a059b961f613c583,"যানিনা ওনাদের প্লেনটায় কি আছে, তবে একটু পাকফোকর দিয়ে হলেওরিয়াদ ভাইকে রাখা উচিত ছিল,কারন রিয়াদ ভাইয়ের হাতে বড় কিছু শট খেলার অভিজ্ঞতা আছে,এটা কিন্তু উড়িয়ে দেওয়া যায়না?",riyad,NEUTRAL
f1796f7820762c94,আমার জদি খমতা তাকতো তা হলো দেখতাম কেমনে মাহমুদুল্লাহ ভাই কে বাদ দিতো মনটা খুব খারাপ হয়ে গেচে😭😭😭😭,riyad,AGAINST
c0c1697b3b2889ae,"Beton Kom ektu tk poisha na khaile ki r chola jai ,cost of living onek bere gese, Riyad k off Korte Parlei to corruption ta Valo kora jai...",riyad,NEUTRAL
5060369328092174,মাহমুদউল্লাহ রিয়াদ কে দলে না দিলে বাংলার কোন মানুষ আমরা খেলা দেখব না মাহমুদউল্লাহ রিয়াদ কে দলে ফিরে চাই চাই,riyad,NEUTRAL
ca37bc8b38201a48,আমদের দেশের ক্রিকেট এখন টাকার খেলা এখানে অভিজ্ঞদের কোনো দাম নেই তাইতো মাহমুদ্দুল্লা রিয়াদকে দলে রাখা হয় নাই,riyad,NEUTRAL
8aebb35d131c6d83,নাজমুল শান্তকে না রেখে মাহমুদউল্লাহ রিয়াদ কে রাখলে ভালো হতো,riyad,FAVOR
a9466651e63740b7,ইংশা 'আল্লাহ মাহমুদউল্লাহ রিয়াদ খেলবেন সবসময় এই বিশ্বকাপেও খেলবেন তিনি ও ইংশা 'আল্লাহ ভালো পারফরম্যান্স করবেন,riyad,FAVOR
e18c8e774a660cfa,রিয়াদ কে দলে চাই রিয়েদ আমাদের কে অনেক কিছু দিয়েছে ভুলে গেলে হবে না আশা করি ভালো কিছু করবে🤍,riyad,FAVOR
548f3126f8839ce7,Come back king Mahmudullah Riyad. 🖤🥰 In sha Allah.,riyad,FAVOR
59179dc8c65cfab5,যাক অবশেষে সংবাদ টা শুনে মনে প্রশান্তি আসলো🥰😻 ইনশাআল্লাহ রিয়াদ ভাই ভালো করবে,riyad,FAVOR
ffd9056f147277f0,আমি বিস্বাস করি।বিশ্বকাপে রিয়াদ ভাই থাকলে।কিছু একটা করে দেখাবে ইনশাআল্লাহ✊আমার সাথে কারা কারা একমত??লাইক দিন👍,riyad,NEUTRAL
0d7a4b611a549626,রিয়াদ ভাইকে সাধারণ মানুষেরা পছন্দ করে। আর তাকে ছাড়া দল মেনে নিতে পারতাম না।,riyad,NEUTRAL
ac296301ccaf611a,"ইনশাআল্লাহ রিয়াদ এবারও অষ্ট্রলিয়া, নিউজিল্যান্ডের সফরে ভালো পারফর্ম করবে।",riyad,FAVOR
2afa348f04e5d6cc,Riyad bhai is a legend.He is always an auto choice.I support him.I hope he will do well upcoming world cup t20.Best wishes.,riyad,FAVOR
600d982da7942aea,আমার মনে হয় সঠিক সিদ্ধান্ত হবে এটা। যদিও রিয়াদের পারফরম্যান্স খারাপ।তবে অভিজ্ঞতা সম্পন্ন একজন প্লেয়ার থাকা জরুরি।,riyad,AGAINST
c853ded9976ccd5e,রিয়াদ ভাই ❤️❤️ বিশ্বকাপে অনেক ভালো খেলে অবসার নিবেন😇😊,riyad,FAVOR
308d20ebaaf1a3d9,আমার বিশ্বাস সুযোগ পেলে রিয়াদ ভাই এবার বিশ্বকাপে ভালো কিছু করবেন..ইনশাআল্লাহ🥰ভালোবাসা ও দোয়া সব সময়।,riyad,FAVOR
ca3b63b72a8baab0,"Riyad is very important player, mind it when Riyad comes in bat that time top order totally failed, Riyad had no choice to play risky shot , otherwise so many matches Bangladesh could all out under 50 run.... Thanks we got such a dependable player like Riyad....",riyad,AGAINST
27b2a8f21c51313b,"আশা করি রিয়াদ বিশ্বকাপে ভালো কিছু করতে পারে,,,,🙂",riyad,FAVOR
2c4f1d6787030d70,"@simurad420 আপনি কবে থেকে খেলা দেখেন?...খেলা তো বুঝন না আপনি।।আপনি রিয়াদ কে বাদ দিয়ে কাকে নিতে চান,,, রাব্বি কে? 😂",riyad,AGAINST
12d57afb27df148d,যাক শুনে অনেক ভালো লাগলো😊 ইনশাআল্লাহ ভালো করবে মাহমুদউল্লাহ ☺,riyad,FAVOR
535d408961ffc621,মাহমুদুল্লাহ ছাড়া বেশি দূর এগোনো যাবে না। আমার কথা মিলিয়ে নেবেন সবাই। তিনি পুরানো খেলোয়াড়ের মধ্যে একজন । তার অনেক অভিজ্ঞতা আছে ।,riyad,NEUTRAL
4442100c0a948702,রিয়াদ ভাইকে একটা পজিশন ঠিক করে দিলে অবশ্যই রিয়াদ ভাই তার সেরাটা দেওয়ার চেষ্টা করবে ইনশাআল্লাহ। আর ভুলে গেলে চলবেনা দেশের ভাইরে রিয়াদ ভাই সব সময় ভালো খেলেন,riyad,FAVOR
c8cfb761c5b5cf18,বাংলাদেশের সর্বকালের সেরা টি২০ ব্যাটার মাহমুদুল্লাহ। সব চেয়ে বেশি রান ও ছয় এর মালিক তিনি Love you MR30 ♥😍,riyad,FAVOR
2627440e903e50bf,আলহামদুলিল্লাহ্ আলহামদুলিল্লাহ্ আলহামদুলিল্লাহ্ রিয়াদ ভাই ভরসার প্রতিদান চাই। আল্লাহর উপর ভরসা রাখেন আর নিজের উপর বিশ্বাস রাখেন। ইনশাআল্লাহ জয় হবেই হবে।,riyad,NEUTRAL
75171464d8d34e8d,ইনশাআল্লাহ রিয়াদ ভাই কিছু করে দেখাবে এবার ইনশাআল্লাহ 🇧🇩🇧🇩,riyad,NEUTRAL
b3848061d40dba93,আমারা আন্তরিক ভাবে চাই রিয়াদ দলে থাকুক এবং ভালোভাবে কামব্যাক করুক।,riyad,FAVOR
205fa4dbcb59c435,আশা করি রিয়াদ ভালো করবে কিন্তু পারবে না,riyad,FAVOR
126135e4075b1323,রিয়াদ অনেক ইম্পর্ট্যান্ট।এখন খারাপ সময় গেলেও ভালো সময় আসবে ইং শা আল্লাহ্ 🌸🖤,riyad,FAVOR
66f77b429655aac9,রিয়াদ কোনোভাবেই টি টোয়েন্টি তে কাম্য না। He is good player for odi.,riyad,FAVOR
275a25471b998aad,মাহমুদুল্লাহকে এই বিশ্বকাপ খেলার সুযোগ দেওয়া উচিত কারন এইটা তার স্বপ্ন,riyad,NEUTRAL
8230e2a469709a73,অভিজ্ঞতার জন্যই রিয়াদকে জায়গা করে দেওয়ার দরকার।,riyad,NEUTRAL
68c40f211fb3cca6,মাহমুদুল্লাহ রিয়াদকে টি টুয়েন্টি বিশ্বকাপে দেখতে চাই। ইনশাআল্লাহ ভালো করবে।,riyad,FAVOR
970ae32caac68392,Mahmudullah is best options in this situation.,riyad,FAVOR
0a4d6b97d03e8f1c,Mahmudullah Riyad is very important for our Bangladesh National Cricket Team. He should have in coming T20 World cup. Joy Bangla🇧🇩🇧🇩🇧🇩🇧🇩🇧🇩🇧🇩🇧🇩🇧🇩🇧🇩🇧🇩🇧🇩🇧🇩🇧🇩🇧🇩🇧🇩🇧🇩🇧🇩,riyad,NEUTRAL
c2ad29886fb79a02,রিয়াদ ভাই ভালো কিছু দেখাবে আল্লাহ দিলে,riyad,FAVOR
e942d31123e01605,যে এই প্রতিবেদনটা করেছে দোয়া করি আল্লাহ তার ভালো করুক। রিয়াদ ভাইকে ছাড়া দল ভাবতেই পারতাম না।,riyad,FAVOR
6057e951c71e65a0,কিছু করুক না করুক মাহমুদুল্লাহ ভাই এর জায়গাটা সবসময় থাকা চাই বাংলাদেশ দলে,riyad,NEUTRAL
7dbc6c86af99267b,মাহমুদুল্লাহ দলে আছে মানে আমরা টেস্ট ম্যাচ দেখতে পারবো ইনশাআল্লাহ,riyad,NEUTRAL
6df54838714101f9,আজ আমি অনেক খুসি রিয়াদ আছে দেখে রিয়াদ কে বাদ দিলে খেলাই দেখব না লাভইউ❤❤রিয়াদ,riyad,AGAINST
1491c7e8ff505f53,Mahmudullah Bangladesh team a khub dorkar...jara bole Riyad vai khela pare na tara khelay buje na tara sobay Voday..,riyad,NEUTRAL
cf92ef01354d0fb7,Good decision. Experienced player dorkar 1 jon middle order er jonne. Jodi batting crash kore tobe dore khelte parbe. Tobe riyad k kom pokhkhe 120+ strike rate e run korte hobe.,riyad,NEUTRAL
a16bba6efecd3926,রিয়াদ অনেকটাই স্লো ঠিক আছে। কিন্তু দলের বিপদের সময় কিন্তু উনি হাল ধরেন। তাই রিয়াদকে দলে রাখা উচিৎ।,riyad,NEUTRAL
55e3881a33cc6772,রিয়াদকে দলে চাই এবং ভালভাবে তাকে বিদায় দেয়া হউক,riyad,FAVOR
409ba6c5ce69963b,রিয়াদ অবশ্যই থাকবে .. রিয়াদ দল ও দেশের সেরা,riyad,FAVOR
61377976e9882d66,"@asikmia5713 বিশ্বকাপে রিয়াদ এবং অন্যান্য প্লেয়ারদের পারফরম্যান্স গুলো দেখেন,,,রিয়াদ বিশ্বকাপে অন্যান্যদের থেকে ভালো খেলে।",riyad,FAVOR
504f9e8bd72e5804,"রিয়াদ খারাব খেলে,,, ঠিক আছে তার চেয়ে ভালো কোন ক্রিকেটার আছে,,, পাপন সুজন,, নান্নু, বাঁশার,,,,",riyad,FAVOR
4bbe37425ac96fd4,রিয়াদ কে নিয়ে এতো আলোচনা কিসের ভাই বুজিনা রিয়াদ ভাই ছিলো আছে থাকবে আশা করি 🥀❤️❤️👍👍👍👍,riyad,NEUTRAL
f2793704bc9d34ed,রিয়াদ সব থেকে৷ ভালো মানের খেলোয়ার বস,riyad,FAVOR
592635f9ae8e8ea4,"আমি রিয়াদের খেলা পছন্দ করিনা, তারপর ও আমি চাই সে অভিজ্ঞ খেলোয়াড় সে বিশ্বকাপ স্কোয়াডে থাক",riyad,NEUTRAL
409842de4f128ebc,"ভবিষ্যতে খুবই খারাপ হাল হতে যাচ্ছে, বাংলাদেশ ক্রিকেট টিমে, মাহমুদুল্লাহ খুবই একজন ভালো প্লেয়ার,এবং দলের খারাপ পারফরম্যান্স এর অবস্থা মাহামুদুল্লাহ রিয়াদ এগিয়ে নিয়েছে দলকে, আমি চাই মাহামুদুল্লাহ কে দলে রাখা হোক।",riyad,FAVOR
ad26704216c2baf8,"আমি মনে করি মাহমুদউল্লাহ কঠিন মুহুর্তে ভালো করবে,তাকে আরু কয়েকটা ম্যাচ সুজুক দেওয়া উচিৎ",riyad,FAVOR
e056fabc949bc3c2,There's no replacement of riyad. রিয়াদকে বাদ দিয়ে যাকেই নেয়া হোক না কেনো অস্ট্রেলিয়ার বাউন্সিং পিচে টিকতেই পারবে না,riyad,AGAINST
8433c8ede3ccb4f0,"রিয়াদ খুব সুন্দর খেলে,,,, যেই চাপের মধ্যে নামায় রিয়াদকে",riyad,NEUTRAL
74a862877a818bcd,"পারফরম্যান্স এর জন্য যদি রিয়াদ বাদ পরে তাহলে , পারফরম্যান্স না করে অন্য ম্যান কি ভাবে টিমে ডুকবে!!!",riyad,AGAINST
2ec142132bf4b934,"Riad der bad deyar jonno board onek option khuje berai but 10 bochor er upore board jara porichalona kortesen tader k bad deyar option keo khuje na. Shujon, bashar nannu joto din board a involve thakbe maybe toto din atleast Bd cricket t20 te beshi valo korte parve na. Cz shujon,bashar,nannu der kas theke t20 advice paivar kisu nai.",riyad,NEUTRAL
8cc101d2629cba3e,আমার মনে হয় মাহমুদুল্লাহর খেলা বাদ দেওয়া উচিত ক্রিকেট বুটকে শিক্ষা দেওয়ার জন্য ওরা সরকার দলের লোকদের টিকেট খেলা বে,riyad,AGAINST
41f9f53b6d4ddfa5,Riyad er bibek thakle Musfiqur er por poroi t20 theke obshor nito.bekkol er moto test theke obshor nice.,riyad,NEUTRAL
1b1abb4cb2068728,আপনি কি খেলা দেখেন ভাই?রিয়াদের মত কোন প্লেয়ার নেই আপনি জানেন?,riyad,NEUTRAL
402f70f38e3bc8e9,Riyad slow batting karone team improve Kore na hole 100 niche all out Hye jabe,riyad,NEUTRAL
8c794d80e2c7fde4,Riyad desh k onk kisu e diyese.. Kharp kheltase.. Tai jatai kora ta e valo....karon joggo nah hole rehe lav ki,riyad,FAVOR
1359cc8a65b2fc65,মাহমুদউল্লাহ রিয়াদ একজন সিনিয়র Cricket সে দল কে অনেক কিছু দিয়েছে তাকে বাদ উচিত না,riyad,AGAINST
1ec93bf2d3f3e381,যেহেতু রিয়াদ নেই তাই বাংলাদেশ যুদি 50 রানে অল আউট হয় আমি খুশি হবো।,riyad,NEUTRAL
3407c16bf8928b3a,এশিয়াকাপে রিয়াদ ছারা আর সবাই কী পারফম করছে??,riyad,NEUTRAL
d7d8e0ab4d60844f,দল বিপদে পড়লে রিয়াদ ভাই ই ম্যাচটা ধরেন!,riyad,NEUTRAL
186816bbc058b54e,রিয়াদকে বাদ দিয়ে ইমরুলকে আনা হাজার গুণে ভালো।আশরাফুলকে আনলেতো কথাই নেই।,riyad,FAVOR
bf8f1b0752e2e595,রিয়াদ সব ফর্মেটে বেস্ট❤️❤️❤️সেটা টিমের সব প্লিয়াররাই জানে!!,riyad,NEUTRAL
bac738726ffae5c0,যমুনা টিভির মাধ্যমে জানাতে চাই। যে আমাদের দেশের কোন পেলিয়ার। অনুষ্ঠানিক কোন বিদায় দেওয়া হয় নাই। সুতরাং মাহমুদউল্লাহ রিয়াদ দেশকে অনেক কিছু দিছে। তার মত পারফরম্যান্স এখন ও কেউ করে না। তাই বলচি থাকে তার সম্মান দিয়ে মাঠ থেকে বিদায় দেওয়া যেন হয়। এবং এই বিশ কাপ যেন তাকে খেলানো হয়। এটা আমার কথা না পুরো জাতির কথা।,riyad,NEUTRAL
d2d41687315d82ee,ঐ রিয়াদ কে সব সময় বিপদের মধ্যে নামান কেন? তখন বিগ হিট খেলবে নাকি উইকেট ধরে খেলবে?,riyad,NEUTRAL
d36457c8ac104553,মাহমুদুল্লাহ থাকলে সমস্যা কোথায় মাহমুদুল্লাহ একজন সিনিয়র দক্ষ প্লেয়ার আমরা চাই মাহমুদুল্লাহ থাকুক।,riyad,NEUTRAL
96aa95ac6215077e,"Riyad k r dole dekhte caina,Just enough is enough 😑😑",riyad,NEUTRAL
1a8bc372d19fe2c8,এশিয়া কাপ সবার থেকে খারাপ খেলে নাই ভালোই খেলেছে মাহমুদুল্লাহ,riyad,FAVOR
42edab31c5c1b0cf,"সুজন আপনি কয়টি শট খেলেছেন! রিয়াদ থাকলে ১৭০/১৮০হতে পারে,সম্ভবনা ৮৫% না থাকলে ১২০ হবে না এটা ১০০%সত্য",riyad,NEUTRAL
9a6ac5c77635a1f3,"বিশ্বকাপ দলে মাহমুদউল্লাহ মুশি থাকলে ভালো হতো,, প্রতি দলে অভিগ্যরায় থাকে",riyad,FAVOR
76ad2369a0caf7b1,মিচ ইউ রিয়াদ। নির্বাচকদের পরিবর্তন চাই। দুর,riyad,NEUTRAL
12efb12fde294c04,Mahmudullah Riyad khub balo batter or batting dekhesi mate Mahmudullah ke chai Tim e Shanto ki akta batsman Amar mone hoy na oi nirbachok ra chur,riyad,NEUTRAL
64b5148162d3c345,মাহমুদুল্লাহ কে অনুচিত হইছে আমরা চাই মাহমুদউল্লাহ কে আবার দলে আনা হোক,riyad,NEUTRAL
d6767124b2790557,Mahmudullah K World Cup Team E Include Kora Houk! R ShantO k Baad Dewa Houk!!,riyad,NEUTRAL
92db724de69cdd8f,"সাংবাদিক ভাইয়েরা আপনারা কত রঙ্গ জানেন, বাদ দিলেও দোষ, না দিলেও দোষ, রিয়াদের যে পারফরম্যান্স, উনার তো আরো আগে অবসর নেয়া উচিত ছিল,,,",riyad,AGAINST
6c71bbc65041461d,"পাপন,নান্নু সুমন তোরা আমাদের ক্রিকেট টাকে আর ধ্বংস করিস না, তোরা পদত্যাগ কর প্লিজ, শান্ত কে কিভাবে দলে ঢুকালি বল,এখন ও সময় আছে রিয়াদ কে দলে ঢুকা",riyad,NEUTRAL
1f5050a497ec963d,আমি কিন্তু বলেছিলাম 5 জন স্ট্যান্ড বাই নেওয়া হবে আমার কথা মিললো 15+5 = 20. এর মধ্যে যদি রিয়াদ না থাকে তাহলে খুব খারাপ হবে,riyad,AGAINST
ba2851b505dc6dd7,আমি কিন্তু বলেছিলাম 5 জন স্ট্যান্ড বাই নেওয়া হবে 15+5 = 20. এর মধ্যে রিয়াদ না থাকলে খারাপ ব্যাপার হবে,riyad,AGAINST
ba20af98d4ba2689,মাহমুদউল্লাহর খেলা দেখলে মনে হয় কতো দিন যেন না খেয়ে আছে। শরীর চলে না।,riyad,NEUTRAL
2855292ad93600b9,"মাহমুদুল্লাহর খেলা দেখে আমি খুব বিরক্ত হচ্ছিলাম। একজন ব্যাটসম্যান কিভাবে, প্রথম বলে শর্টরান নিয়ে বলারকে স্ট্রাইক দেয়?? তাহলে এই ব্যাটসম্যান কিসের ব্যাট করবে? দায়িত্বজ্ঞান হীন ব্যাটিং",riyad,NEUTRAL
8c31c5adba6f89fc,@mdnirob.computer1788 মাহমুদউল্লাহ একাই অনেক ম্যাচ জিতিয়েছে। সে ভালো প্লেয়ার।,riyad,FAVOR
9aa8b46bd605d21e,"মাহমুদউল্লাহ ঠিকমতো খেলতে পারে নাই।ওর জন্য তিন জন রান আউট হয়েছেন।তাকে হতাশ মনে হয়েছে, কেন এমন টেস্ট খেলা শুরু করেছে।",riyad,NEUTRAL
e28ad29c5d2766e0,পাগল ছাড়া কেউ মাহমুদউল্লাহ কে কেউ এ কথা কেউ বলবে না!,riyad,NEUTRAL
a7fcd71529bb5b42,Sby jokon out hoiye jacce riyad vai ey wicket dore rakar cesta. But afsosh valo kichu korte parenai.jodi riyad vai 50/60 ran korte parto tyle ar etto khota sunte hotona.. 😔😔,riyad,FAVOR
acfe038b4aa945d3,আসলে ওই সময় আমার যা রাগ উঠছিল কিসের মাহমুদউল্লাহ বেশি বেশি করে বল খেলবে শেষের ১/২ বল আগে এক রান নিবে উনি ওটা না করে প্রথম বলে এক নিয়ে বোলারদের দিচ্ছেন,riyad,NEUTRAL
533a0bc061e18263,ওদের যে কেন বাদ দেওয়া হয় না বুজি না রিয়াদ লাস্ট কবে ভালো খেলসে জানা নাই,riyad,FAVOR
4804c4899f9996af,"সত্যি বলবে রিয়াদের বেটিং দেখে আমার অনেক রাগ হয়ছিলো,তারা কি শিখলো এতো বছর খেলে অভিজ্ঞ প্লেয়ার,পুরুনো প্লেয়ার তারপর ও শিখলো না, কখন কি খেলা খেলতে হবে",riyad,NEUTRAL
d4b3120436cdc3c1,মাহমুদউল্লাহ অবসর নেওয়া উচিত ওর খেলার ধরন আর চলেনা,riyad,AGAINST
e500a166df2c86e6,Mahmudullah Read is test player but not t-20 formet & Odi formet.,riyad,NEUTRAL
2bc18c265cbd0a30,"আজ থেকে ঠিক ১০ বছর আগে মার্চের ২২ তারিখে এশিয়া কাপের ফাইনালে পাকিস্তানের সাথে ""রিয়াদ"" যেমন ব্যাটিং করেছিলেন, আজ আবার সেটাই দেখলাম। ফলাফল: সেদিন আমরা ২ রানে হেরেছিলাম। আজ হারার আগেই হেরে গেলাম। আগে বয়স কম ছিল বলে, আর, এখন বয়স বেড়ে গেছে বলে? নাকি ক্রিকেটিং সেন্সে সমস্যা?",riyad,NEUTRAL
617e2f2f19bb34e2,"Kichui hoi nai, time den...riyad bhai aabar valo khelbe 😍 age is just a number...36 36 kore matha kharap kore felteche 😒😒",riyad,NEUTRAL
6e48770539d68472,"ভিডিওটি দেখে প্রশ্নটির উত্তর দিন -- রিয়াদকে যেভাবে টেস্টে ডাকা হল, বাংলাদেশ ক্রিকেটের সে প্রসেস আপনি সমর্থন করেন?",riyad,FAVOR
3979117ab880bcbf,Apni onk valo kotha bolsen..Jai hok..text xl a riad k chai. Dekhiye dibe boss insallah,riyad,FAVOR
e83b8638b3bebb9a,"অপেক্ষা করুন জবাব টা রিয়াদ এর ব্যাট দিবে ইনশাআল্লাহ, আর একটা কথা মনে রাখবেন সোহান+সৌম্য+লিটন এরা দিনের পর পর টেষ্ট ক্রিকেট কে রীতিমতো ধর্ষন করে আসছে সেটা আপনাদের খুব ভাল লাগে,আর অতিরিক্ত হিসেবে একজন রিয়াদ কে সহ্য করতে পারেন না। ইনশাআল্লাহ সময়ের সাথে জবাব পেয়ে যাবেন আর দয়াকরে সেদিন বলবেন না রিয়াদ ফিরে এসেছে বাঘের বেশে।",riyad,FAVOR
065a5bf7bcf342ea,"আমি মনে করি, রিয়াদের কোন প্রক্রিয়ার প্রয়োজন নেই, যে ক্রিকেটার নিয়মিত ODI এবং T20 তে ভালো সার্ভিস দিচ্ছে ওকে অবশ্যয় টেস্টে খেলানো দরকার। আর নোমান ভাই আপনার প্রতিবেদন এবং উপস্তাপনা ভালো লাগে, কিন্তুু অযথা এই ধরনের বাজে নিউজ আসা করি না। নিউজ করলে লিটন- সৌম্য কে নিয়ে করেন। এই দুই ক্রিকেটার T20 তে অনেক ভালো, কিন্তুু test & odi তথটা খারাফ। ওদেরকে বাদ দিয়ে মুমিনুলকে কি odi তে নেওয়া যায় না।",riyad,NEUTRAL
75d79a29ebae02aa,আপনার কাছে আমার প্রশ্ন মাহমুদউল্লাহ চেয়ে কি মিথুন ভাল পারফর্মার?,riyad,FAVOR
03253525b60be11e,"অবশ্যই,, রিয়াদ ভাই শান্তু, সাইফ, দের থেকে হাজার গুন ভালো।ফর্ম খারাপ একটু যেতেই পারে, ইনশাআল্লাহ রিয়াদ ভাই এইবার ভালো কিছুই করবে। আপনি ভুল ধরার মধ্যে এক নাম্বার তাহলে নেইমারের ভুল কি আপনার চোখে পড়ে না? খালি মেসির ভুল ই চোখে পড়ে??",riyad,NEUTRAL
c75baab89ab7ad68,Rabbi k kno dole nisse? Riyad ki amon perfm korle j take tst nite hbe? Rabbi dole ase take na khelaye wi er moto sommoy k nia ese namaye den. Hassokor.... Ki amon record j riyad k nitei hbe? Afg team tar dike takan. Zim er sathe test haray captain e chbge kore felse. Afg dhoni bola hoi sehjad k. Kintu dekhen akhn r neina... Gurbz 18-19 ager akta plyer akhn niomito khele.. Adim juger den darona bad den. Riyad tst a cholena. Ami take t20 e o nile o odi te nitam na,riyad,NEUTRAL
e120c84df09dd78a,"Bro Riyad should have been continued playing Test ,the reason specially in overseas bouncey wiket he is one of the top performer more than Liton, shanto Shoummo and others, don't forget he's last performance with Newzeland in test!!!",riyad,NEUTRAL
a35a81c5fd5f99a9,ভাই রিয়াদ ভাইয়ের টেস্টে বাংলাদেশ কে এখনো অনেক কিছুই দেওয়ার আছে।,riyad,NEUTRAL
ba1b21e35348e963,BCB should play at 5th position in ODI of Mahmudullah,riyad,NEUTRAL
46661155a5cdc677,Technically Mahamudullah Riad is best test player of the country,riyad,FAVOR
c64f010a265a870a,"Mahmudullah Moto Player 3 Formet Perfect,,Unara Joto Vul Korbey More Toto Match Harbey..!!",riyad,NEUTRAL
81123f06e7d7e6e8,"Noman vi আমি আপনার সব রিপোর্ট ফলো করি, কিন্তু কখনও কমেন্ট করি নাই, আমি মনে করি আপনি ব্যক্তিগতভাবে মাহমুদুল্লাহ রিয়াদকে একেবারেই পছন্দ করেন না।",riyad,NEUTRAL
df5cafb2e24e99ca,প্রসেস? এই দেশে কবে প্রসেস ফলো করা হয়? তবে রিয়াদ যে এখনও ফুরিয়ে যায়নি সেটা প্রমাণ দিয়ে দিল।,riyad,NEUTRAL
96182f1a2076cd4e,"ভাই, কারো ইনজুরির জন্য নাহ। রিয়াদ ভাইকে এমনেই দলে রাখা উচিত।",riyad,NEUTRAL
045f8f9305385e2a,Dur abal tar korha tui bujhsos? Riyad re bad dise off form er jonno taile kono perform chara abar riyad re e anlo kn aro toh performer/inform player chilo Abal,riyad,AGAINST
14255b79aeadb971,Akhn to abar notun kore riyad ke niye prosongsai vasiye r akta vedio banaba aitai tumader kaj...,riyad,NEUTRAL
325a9d552f95aa96,"আমি মনে করি রিয়াদের কোন প্রক্রিয়ার মধ্যে আসার কোন প্রয়োজন নেই, যে ক্রিকেটার ওয়ানডে,টি- টুয়েন্টিতে নিয়মিত পারপর্ম করে যাচ্ছে। তাকে টেস্টে সুযোগ দিতেই হবে।",riyad,NEUTRAL
e239f40d92bb4d1d,দেখেন টেস্ট হারলে বাংলাদেশের কিছু একটা জায় আসে না। মাহমুদুল্লাহ কে আগে থেকে নিচ্ছে সে যেন ওয়ান ডে এবং টি২০ তে ভালো করে। কন্ডিশন এর সাথে যেন মানিয়ে নিতে পারে। এ নিয়ে এত আলোচনার কিছু নেই ভাই,riyad,FAVOR
1f89063880581ee8,তাহলে আপনার মতে সান্তকে বার বার নেয়া উচিত রিয়াদের মত straight বেটে খেলা best batsman keu nei,riyad,FAVOR
fee7aef424753b36,রিয়াদ এর খেলা দেখেন যান আগেই মন্তব্য করা উচিত না।।।,riyad,NEUTRAL
43e0d2f2c0da2ab8,বহুত বড় ক্রিকেট বুদ্ধা তুমি। রিয়াদ যদি শেষ ৮ ইনিংসে মোট ১০০+ রান করার জন্য বাদ দিতেই হয় তাহলে বাংলাদেশ টেস্ট দলে ৫জনও নিয়মিত খেলতে পারবে না। কারণ বাংলাদেশের কেউ ধারাবাহিক নয়। আর রিয়াদের ৪টা সেঞ্চুরির মধ্যে ৩টাই ১৯ সালের দিকে। ৪টা টেস্ট খারাপ যেতেই পারে।,riyad,AGAINST
30e33a7d5076e198,মাহমুদুল্লাহ টেস্ট খেলোয়ার না... সে ওয়ানডে আর টি২০ প্লেয়ার,riyad,NEUTRAL
de3d0319e342f79d,রিয়াদ কোন টেষ্ট খেলোয়াড নন। পারলে নতুন কাউকে সুযোগ করে দিন,riyad,NEUTRAL
f71cceb97b01448d,মাহমুদুল্লাহ না খেলেও দলে রাখার উচিত ছিল,riyad,NEUTRAL
9dac78426ddb425f,রিয়াদ ভাই কে চাই কাল মিরপুরে অনসনে জাব,riyad,NEUTRAL
a754bad64935a1c7,"@kazijayed6576 টি টুয়েন্টিতে রিয়াদের যে স্টাইকরেট সেটা খুবই কম,,, কিন্তু তার আগে বাংলাদেশের কে কে আছে আমার জানা নাই একটু জেনে আমাকে জানাবেন প্লিজ,,,",riyad,NEUTRAL
af77338aa5be4dcc,ওরা তো রিয়াদ ভাইয়ের কাছের লোক .আমরা বাংলাদেশের খেলা ভালোবাসি সবাই চাই রিয়াদ ভাই থাকুক,riyad,FAVOR
5a105ccbf96bc3b5,"আলহামদুলিল্লাহ, অনেক খুশি হয়েছি। রিয়াদ ভাই, আল্লাহ যা করেন, ভালোর জন্যই করেন। আপনি দলে থাকলে দলের সব ভুলগুলো আপনার উপরে ঠেলা দেয়া হত। হতাশ হবেন না আল্লাহর উপর ভরসা রাখুন।",riyad,FAVOR
ce8cd4ca7ed86d41,মাহমুদুল্লাহ রিয়াদকে বিশ্বকাপে দেখতে চাই মাহমুদুল্লাহ রিয়াদ অনেক ভালো ব্যাটসম্যান ভালো হিটার,riyad,FAVOR
9a0e6e163daba536,without riad is there anybody to score?????,riyad,NEUTRAL
a7d8aa71d189abbe,আমি চাই বাংলাদেশ এশিয়া কাপের মতো ১ টা ম্যাচও যেন না জিতে 😡😡 Miss u Riyad 💔💔,riyad,NEUTRAL
d3e86a98b762056a,We can't expect good something from this immatured team.Riyad should be included in the team.Alas! In Asia cup Riyad Vai was in form and he has the capability to win the match from pressured moment.,riyad,NEUTRAL
6bdca83851bae36a,রিয়াদ ভাই ছাড়া ক্রিকেট খেলা দেখাটা আর ভালো লাগবে না ভরসা করতে পারতাম রিয়াদ ভাইকে কিন্তু বিসিবি যে সিদ্ধান্ত নিয়েছে আমাদের সকলের মন ভেঙে দিয়েছে এমন ভাবে রিয়াদ ভাইকে বাদ দিয়ে..!,riyad,FAVOR
38d61054db3501b6,রিয়াদ এর T20 খেলার কোনো যোগ্যতা নেই যেখানে T20 খেলার জায়গায় সে টেষ্ট খেলতে নামে 😡😡,riyad,NEUTRAL
cc39d9271ecc0071,রিয়াদকে অবশ্যই দলে রাখা উচিত হবে দলের ভালো ফলাফল প্রত্যাশায়,riyad,FAVOR
86ecde49ac7c76c3,মাহমুদুল্লাহ রিয়াত সবসময় দলকে টেনে ভালো পজিশনে নিয়ে যেতো। আজকে তিনি বাদ। খুবি দুঃখজনক।,riyad,FAVOR
f6d09f6c7f6c5ff3,"আমার প্রশ্ন হচ্ছে মাঠে মাহমুদউল্লাহ রিয়াদ রান না করলে কি তার সহধর্মিণী রান করবে, যদি তাই হয় তাহলে তাকে আবার সুযোগ দেওয়া হোক। মাহমুদউল্লাহ খেলা করে নিজের জন্য দলের জন্য নয় ঐ ধীর গতির ক্রিকেট এখন আর চলে না। এ কথা মনে রাখতে হবে যে বাসার খেলা আর মাঠের খেলা এক না, এই জন্য আমি বললো তার বয়স হয়েছে সে এখন বাসায় খেলুক মাঠের খেলায় লাগবেনা।।।",riyad,NEUTRAL
5febb4a45d4ffa07,মাহমুদউল্লাহ রিয়াদ এর খুব প্রয়োজন ছিলো শান্তর চেয়ে ঐ প্রিজ এ সৌম্য ভালো করবে,riyad,FAVOR
a6accb2afcd6857b,২০ রানে ৫ উইকেট পড়ে যাওয়ার পর মাহমুদুল্লাহ এসে ম্যাচটা ধরে রাখে। দলের প্রয়োজনে ৬/৭ এ ব্যাটিং এ নামে। এখন দোষ মাহামুদুল্লাহ রিয়াদের স্ট্রাইক রেট!! অকৃতজ্ঞ বোর্ড!! শান্ত নাঈমদের কোনো সমস্যা নেই!! 😠😠,riyad,AGAINST
f918e620faf80a5d,আমার মতে রিয়াদ ভাই আপনি অবসরে জান এতো অসনমান করে আপনাকে,riyad,AGAINST
3791a9e394f5be28,নতুনদের নিয়ে খেলতে নামবে আর হারলে বলবে আমরা নতুন প্লেয়ার তাই প্রেসার নিতে পারি নাই। রিয়াদকে দলে না নেয়ার মাশুল বাংলাদেশ খুব ভালো মতই পাবে,riyad,FAVOR
5365b881d9e017fe,"শান্ত থেকেও মাহমুদউল্লাহর অভিজ্ঞতা অনেক ভালো।তাই বলছি শান্তকে নয়, মাহমুদউল্লাহকে দলে চাই।",riyad,FAVOR
627d4eba3efd9116,মাহমুদুল্লাহ রিয়াদ সারা বাংলাদেশের কোটি মানুষের হৃদয়ে আছে।,riyad,NEUTRAL
4601a14c5e1ac29e,"Mahmudullah is capable of big hitting, though he has a lower strike rate in recent matches, but he is better than Shanto and others. I always remember the match against Srilanka 😍",riyad,NEUTRAL
7a941f102d8ea659,মাহমুদউল্লাহ বাংলাদেশ ক্রিকেট এ এক ভালোবাসার নাম মাহমুদউল্লাহ যখন দলে নেই বাংলাদেশ যেন প্রতিটি ম‍্যাচে ০জয় নিয়ে ফিরে এটাই আমার প্রতাশ‍্যা। অগ্রিম হারের শুভেচ্ছা।,riyad,FAVOR
869355bddd48b931,Mahmudullah valo player... But akhon tar t20 te deoyar sob sesh,riyad,FAVOR
4f01c915fb3f7d81,"মাহমুদুল্লাহ এদেশেএকমাত্র যোগ্য লোক, মাহমুদুল্লাহকে আজীবন। তিন ফরমেটে অধিনায়ক রাখা দরকার!",riyad,NEUTRAL
d21cd16a4eb22aab,"কথাগুলো সত্য বলেছে মিথ্যা বলে নাই"" কিছু কিছু লোক দেখলাম মাহমুদুল্লাহকে নিয়ে সমালোচনা করেছে"" তার চেয়ে ভালো ভালো পেয়ার কি আছে থাকলে হয়তো যোগ্য কাজটি করেছে ভাবতাম"" কিন্তু না আসলে সম্মান পাওয়ার যোগ্য ছিল নাকি মাহমুদুল্লাহ রিয়াদ ভালো থাকবেন যেখানে থাকবেন ""শুভকামনা রইল আপনার জন্য আপনি কোটি কোটি মানুষের হৃদয়ে থাকবেন""""",riyad,FAVOR
921626272e0ef0ae,মাহমুদুল্লাহ বাদ পড়া আশ্চর্যের বিষয়। রিয়াদের অন্তর্ভুক্তি চাই দলে।#,riyad,AGAINST
bd5e5ce7170bc5d4,"একদম ঠিক কথা বলেছেন। আপনার হিসেবে তো নান্নু,পাপন, রাজ্জাক, ইত্যাদি এইসব মানুষদের আগে নেওয়া উচিত ছিল। তারা তো রিয়াদের থেকে এগিয়ে",riyad,NEUTRAL
a1a3c51678ef00f7,বন্ধুরা আমরা সবাই ক্রিকেটের জন্য আন্দোলন করতে চাই সবাই এক হও। পাপনের পদত্যাগ চাই ও নান্নুর। এখানে রাজনীতি দিয়ে দল চলবে না দল চালাইতে হবে যোগ্য প্লেয়ার দেখে। বন্ধুরা সবাই এক হও আমরা সবাই এই রাস্তায় নেমে পড়ে আন্দোলন করবো সবাই। মাহমুদুল্লাহ কে দলে চাই,riyad,NEUTRAL
996c64232434f23f,মানলাম রিয়াদ কে বাদ দিছেন বাট শান্ত কিভাবে স্কোয়াডে??,riyad,AGAINST
891daca53b429969,রিয়াদ কে বাদ দেওয়া উচিত হলো না বাংলাদেশ ক্রিকেট ধ্বংসের পথে ইনশাল্লাহ,riyad,AGAINST
4a2d941d82d3a8c4,Mahmudullah ekhon shanto r cheyeo kharap khele. Factos,riyad,AGAINST
1f9a05be7653f590,রিয়াদএর মত প্লেয়ার বাংলা দেশে আসতে অনেক দেরি আছে অনেক মেচের নায়ক রিয়াদ,riyad,FAVOR
929debcd21e32ed6,Mahmudullah is finished now Happy to see him out of t20 Squad,riyad,NEUTRAL
ace989e716b81139,Kotha thik ache but Mahmudullah T20 er joggo na... Kintu shanto tanto kenme loy 🙃,riyad,NEUTRAL
e97cdf362326afae,She had right to say this. Bcb is corrupted. How shanto replace riad. What is his stat? Riad is most experienced player in t20 team.,riyad,NEUTRAL
537f21d89fb66bef,"আবেগ দিয়ে দুনিয়া চলে না,,,, মাহমুদউল্লাহ ভাই কে T20 তে অনেক সুযোগ দেওয়া হয়েছে পারফরমেন্স করার জন্য ফলাফল কোথায়!",riyad,NEUTRAL
e09f38b3d394f48a,ভাবী র কাছে আমার প্রশ্ন মাহমুদুল্লাহ কোন দেশের হাডহিটার?,riyad,NEUTRAL
099ffe2f78a9988c,"আহারে মাডাম রিয়াদ সাহেব T20 মাঠের জন্য যোগ্য না। এখানে সময় নিয়ে খেলার মত সময় নাই এখানে ৪ ৬ এর মারামারি।,,,,,,,,,,,,,, বাসার টেস্ট ম্যাচ টুক্কুর টাক্কুর করে খেললে চলে কিন্তু t20 তে না",riyad,NEUTRAL
73ff49cf8e2c050b,মাহমুদুল্লাহ রিয়াদকে একটা পরামর্শ দিতে চাই দুবাই গিয়ে গোল্ডেন ভিসা নিয়ে সেখানে বসবাস করুন আপনাকে কখনোই মূল্যায়ন করবে না যদি মূল্যায়ন করত তাহলে এদের অবস্থান অনেক উপরে থাকতো,riyad,NEUTRAL
6d65faaeaa827940,"শুধু ওর স্ত্রী নয়। সারা দেশের মানুষ চাই মাহমুদুল্লাহ খেলাক।শান্ত কেমনে কি বুঝি না,,,,",riyad,NEUTRAL
d32504d4bb54fb04,বাংলাদেশ একটা ম্যাচও জিততে পারবে না। রিয়াদ আউট! এন্ড শান্ত ইন! এটা গজব।,riyad,NEUTRAL
8e1c290c547b2f00,মাহমুদুল্লাহ কে দলে রাখা অবশ্যই উচিত ছিল. সিনিয়র খেলোয়ার আর কেউ নেই এবার বিপদে বুজা যাবে কে হাল ধরে।,riyad,NEUTRAL
49ac4905f36ee31f,রিয়াদ ও মুসফিক ভাইয়ের উচিত ছিল এ দেশ ত্যাগ কইরা অন্য দেশে খেলার জন্য কারণ এ দেশটা হচ্ছে দুর্নীতিবাজদের দেশ ভালো মানুষের কোন দাম নাই যোগ্য লোকের কোন দাম নাই,riyad,FAVOR
9ba6b090845469f9,মাহমুদউল্লাহ ভাই এর উচিত সব ফরম্যাট থেকে বিদায় নেওয়া। তাহলে টের পাবে বিসিবি।,riyad,NEUTRAL
be9728095bdbb05a,ভাই এই কথা কেও বলে না জকন 20 রানে পাঁচ উইকেট পরে জাই তখন রিয়াদ এসে খেলাটা দরে রাকা তার অপরাধ দয়া করে এই কথাটা বলবেন প্লিজ,riyad,NEUTRAL
8ed0c72d678b613c,৫ওভার ব্যাটিং করে ২০ রান সংগ্রহের যোগ্যতা মাহমুদুল্লাহর চেয়ে ভালো আর কে পারে বাংলাদেশ দলের? সত্যিই দুঃখজনক।,riyad,FAVOR
4c9620f333a2329a,মাহমুদুল্লাহর ব্যাটিং এ সবসময় ভরসা করা যায় । ইনশাআল্লাহ আমরা বিশ্বকাপে ভালো করবো,riyad,FAVOR
39f7a7093f0670fd,খুব মিছ করবো মাহমুদউল্লাহ এর ব্যাটিং।সে আসলেই অনেক ভালো ক্রিকেটার❤️💙,riyad,FAVOR
d53e0882ae96d0c4,miss korbo Mahmudullah vai ke Love you boss,riyad,FAVOR
5719af6035e4df90,"@fahimshahriyar2494 😐 ভাই রে ভাই কে আপনি? মজা, রিয়াদ ভাই কে নিয়ে করা হয়নি করা হচ্ছে, BCB এর মাথা দের নিয়ে, বাংলাদেশ ক্রিকেট এর অবসান ঘটিয়ে তবেই, থামবেন BCB,, chill bro,, আমাদের Sad/ happiness এ BCB''এর কিছুই যায় আসে না, so আজাইরা চিল্লাইয়া লাভ নাই, emotional হয়েই বা লাভ কি 😔",riyad,NEUTRAL
9eb731cbe9e0dca9,মাহমুদউল্লাহ সহ সকল সিনিয়ররা অবসর নেয়া উচিত। তাদের যা দিবার দিয়েছে।ভালো দের বাংলায় কদর নেয়।,riyad,FAVOR
418c38c5bd346de8,"মাহমুদুল্লাহ আরও ৩/৪ বছর বাংলাদেশ কে সার্ভিস দিতে পারতো! কিন্তু বিসিবি কর্মকর্তাদের জন্য পারলো না! আফসোস, আমরা একটা লিজেন্ড কে হারিয়ে ফেললাম! ভালো থেকো মাহমুদউল্লাহ 30❤️!",riyad,FAVOR
0914469b870fc704,"মাহমুদুল্লাহ রিয়াদ সঠিক কাজটি করেছেন, কারণ মানসম্মান পাপনের ক্রিকেট বোর্ড সিনিয়র খেলোয়াড়দের দিতে জানেনা, যার কারণে প্লেয়ারদের উচিত যারযার সম্মান থাকতে খেলা ছেড়ে দেয়া।",riyad,NEUTRAL
a7a763d426bd563a,এখন এতো কথা কিশের জন্য ফরমালিটি দেখাচ্ছে। যহন রিয়াদ কি ইচ্ছে করে টেস্ট ছেরেছে তাকে বাধ্য করা হয়েছে।,riyad,NEUTRAL
79926bd3642ef448,বুঝবে একদিন...রিয়াদ ভাই কি ছিলো.... আমাদের জন্য====আসলে সব রাজনীতি 😢,riyad,NEUTRAL
33edc646025a88c8,মোহাম্মদ উল্ল্যাহ রিয়াদ কে অবশ্যই বিশ্বকাপ একাদশে রাখা উচিৎ এবং রাখতে হবে। রিয়াদের এভারেজ এখনো অন্যদের চেয়ে অনেক ভালো।,riyad,FAVOR
d5d6b8569f9bf539,2015 ODI world cup back to back century mahamudullah Riyad. He is a best player in Bangladesh,riyad,FAVOR
4031e2297b921d64,অন্তত এবছর বিশ্বকাপ পর্যন্ত রিয়াদকে দলে চাই। মিস্টার ফিনিসার ইনশাআল্লাহ ভালো করবে খুব শিঘ্রই,riyad,FAVOR
cf5c4b365c990c96,"টেস্ট থেকে অবসর নিয়ে ভুল করেছে রিয়াদ। উনি সাদামাটা খেলোয়াড়, নক্ষত্র কাকে বলে সেটা জানা উচিত সাংবাদিক মহাশয়ের",riyad,AGAINST
67619692ceebc8fc,লাস্ট ১০ ইনিংসে ৪৮ গড়ে সেকেন্ড হাইয়েস্ট স্কোরার রিয়াদ। আপনি নিজে কোন আবেগে আছেন তাই বলেন তো?,riyad,NEUTRAL
dee8284055b595d3,"Allah jeno world cup ta ontoto jeno khelte pare Mahmudullah Riyad. R a baroa jeno world cup a kono notun record kore ashte pare thik 2015 world cup er moto. R ter por team management er mukhe jhama ghose nije e bidai niye nik. Opoman er bad hoya thake nijei shore jak. Kintu ter age arakber toh nijeke proman korte hobe, thik airokom toh 2015 world cup ao hoyecilo,take na niyei toh Bangladesh giyecilo world cup khelte - tokhon Allah chilen Mahmudullah Riyad er shathe tai nijeke promon o korte shofol hoyecilen tini. Aiber o amon kicu hok🥺",riyad,AGAINST
8fb4cc9a58d2ea00,মাহমুদুল্লাহ ভালো খেলার এতে কোন সন্দেহ নাই বয়স অনুসারে সে এখন ইন্টার্নেশনাল 2020 খেলার যোগ্য না এতে কোন সন্দেহ নাই,riyad,FAVOR
7ecc7310f7c8a9ba,"যাদেরকে নিছে তাদের রিয়াদের কাছাকাছি আছে,,রিয়াদ অডিআই ক্রিকেট ভালো খেলছে?",riyad,FAVOR
43ceb1a8f06eded0,"আবেগ নয়, মাহমুদউল্লাহ বর্তমান সময়ের সেরা পজিশান ৭ এ খেলানো উচিৎ!",riyad,FAVOR
1c0534f8fed0e3d2,আমার প্রিয় প্লেয়ার মাহমুদউল্লাহ রিয়াদ ভাইকে বিশ্বকাপ মূল একাদশে চাই,riyad,NEUTRAL
6beccebbae2fd430,রিয়াদ ভাইকে অবশ্য ই এবারের বিশ্বকাপে দেখতে চাই,riyad,NEUTRAL
d5fd0d602030b197,মাহমুদুল্লাহ রিয়াদ ভাই মূল একাদশে থাকুক সেটাই চাই,riyad,NEUTRAL
60ae711d78ef2ede,mahmudullah one is the best odi players ❤,riyad,FAVOR
0e232418a3bf5bd4,মাহমুদউল্লাহ রিয়াদ ভাইকে বিশ্বকাপ দলে দেখতে চাই কারণ তিনি একজন অভিজ্ঞ পারফরমার তার মত অভিজ্ঞ পারফরমার বিশ্বকাপ দলে থাকাটা খুব জরুরী,riyad,NEUTRAL
5a742ae145343f40,"Seniors should get preference in team selection because this is the last World Cup for them. Others like afif,sohan, and mosaddek may get a chance in the team in the future, but player like mahmudullah, this cricket world cup is last for them.",riyad,NEUTRAL
80ecb391b4b04132,world cup squed e mahmudullah ke rakhte uchit bcoz he is huge experience player.,riyad,NEUTRAL
5e289fa911a445b6,রিয়াদ বাংলাদেশের ১নাবার Cricket man পাপন sir বয়স হছে তাই এমন কথা বলে,riyad,NEUTRAL
32ab7208c9ee63f6,মাহমুদউল্লাহ রিয়াদ ভাই কে বিশ্বকাপ স্কোয়াডে চাই,riyad,NEUTRAL
6ca48fbf06aec731,Amar mone hoi team e chance pabe na tar cheye Haz e jaoa valo Hobe Riad Vai ER ....,riyad,FAVOR
52806155cf00f39e,ভাই বিশ্বকাপের আগে যে সিরিজ গুলো হবে গুলো থেকেই বিচার বিশ্লেষণ করে মাহমুদুল্লাহ সোয়ান আফিফ নেবেন কিনা সেটা বোঝা যাবে,riyad,NEUTRAL
0e57f4136a77f483,মাহমুদুল্লাহ রিয়াদ ভাই একা দশে থাকোক সেটাই আমরা চায় কিন্তু মাহমুদুল্লাহ রিয়াদ ভাই যেহতো হজের জন্য নিয়ত করে ছে তার হজে যাওয়াটাই উত্তম হবে আমি মনে করি আপনারা কি মনে করেন?,riyad,NEUTRAL
f32e440a6fb1cda8,It will better not to re-entrance of Riad..Affif is the best for No.7,riyad,FAVOR
1c38992b8242587b,মাহমুদুল্লাহ রিয়াদ এদেশের জন্য অনেক দিয়েছে ভাই এখন তাকে অপমান না করলেও পারেন সারা বাংলাদেশের মানুষ বারা ভরে আছেন থাকে সম্মানের সাথে বিদায় দেন এখনো ভালো খেলে ক্রিকেট তাকে জাতীয় দলে নেয়া উচিত সারা বাংলাদেশের মানুষের আবদার পুরা বিশ্বকাপে দেখতে চাই সাইলেন্ট কিলার মাহমুদুল্লাহ রিয়াদ,riyad,FAVOR
8850dfefe0172ead,Afif should be the best for number 7 position not Riyad.,riyad,FAVOR
60e8f77c74dec3c2,সবই ঠিক আছে তবে ৭ নম্বরে দুজনকে রাখতে আমার মত রিয়াদ ও মিরাজ।,riyad,NEUTRAL
9bb44eddbd718ef6,"Please don't compare with other player. All are foolish people who talking about Mahmudullah, what do you want to see from him, he is a such a number one relented batsman.",riyad,FAVOR
bb09352128198bc6,মাহা মুদদোললা রিয়াদ কে দলে দেখতে চাই,riyad,NEUTRAL
d2fe561bf476d2a2,একটা খেলোয়ার বাংলাদেশের জন্য কি না করেছে দুইটি ফরমেট অলরেডি অবসর নিয়েছে এখনো তার পরীক্ষার দেওয়া শেষ হলো রিয়াদ এর বিকল্প যাদের ভাবা হচ্ছে যদি কোন ম্যাচে অ্যাক্সিডেন্ট হয়ে যায় আরলি চারটা পাঁচটা উইকেট পড়ে যায় তখন কে হাল ধরবে খেলুক না সে এবারের ওয়ার্ল্ড কাপটা,riyad,AGAINST
bcee1fccc8f8aea3,"মাহমুদউল্লাহ এর ফিটনেস নিয়ে আমার প্রশ্ন। সে কী আসলেই ১০০% সুস্থ শরীর শক্তি, সামর্থ্য নিয়ে খেলছে? নাকী পেইন কিলার খেয়ে খেয়ে খেয়ে খেলে😓",riyad,NEUTRAL
2fd863863b937147,Affif er body language valo na. Mahmudullah best hobe.,riyad,FAVOR
59c4916e11571f20,মাহমুদউল্লাহ রিয়াদ কে নিলে ভালো হবে কারণ মাহমুদউল্লাহ রিয়াদ অনেক ক্ষন ব্যাট করতে পারে ও তার অভিজ্ঞতা ও বেশি,riyad,FAVOR
75f0a4f4498676ca,"সাংবাদিকরা কতটুকু পেশাদারিত্ব বজায় রাখে আমার বুঝে আসেনা, মাহমুদুল্লাহ রিয়াদকে নিয়ে এত মাতামাতি করার কি আছে ? মাহমুদুল্লাহ রিয়াদ আহামরি কোনো প্লেয়ার না ।",riyad,AGAINST
454e75ed40d93cf0,এখন মনে হচ্ছে কারো খেলা লাগবেনা শুধু রিয়াদ‌ই খেলবে?,riyad,NEUTRAL
0044daf11aa28731,@abuhurayra9035 vai riyad vai ki hajj cancelled kore diyechen?,riyad,NEUTRAL
267de2344bcdf4a6,"একদম মনের কথা বলে দিলেন ভাই,,,রিয়াদ ভাই থাকলে অষ্টলিয়ায় অনেক ভালো করত,,,",riyad,FAVOR
bcb108c140f10697,রিয়াদ ভাইকে ২০২৪ বিশ্বকাপ পর্যন্ত রাখা উচিত ছিল।,riyad,NEUTRAL
02d9703b26fb0b22,বিবিসির ভুল সিদ্ধান্তে বাংলাদেশ হারলো রিয়াদ ভাই থাকলে ভালো হতো কারণ এইরকম পরিস্থিতি তে রিয়াদ ভাই অনেক মানিয়ে নিতে পারে,riyad,FAVOR
9e6bd9b74c120880,Badly missed Mahmudullah... Se thakla aro valo kichu hoto last match e,riyad,NEUTRAL
69c30cdbe4073897,রিয়াদ ভাইকে আবার দলে ফিরিয়ে আনা হোক। তত্ত্ব বিদ শ্রীধরনের বিদায় চাই।,riyad,NEUTRAL
965a2f83603b7116,রিয়াদ টি টোয়েন্টি বিশ্বকাপ খেলেছে টানা ৭ টি(১৫ বছরেরও বেশি সময়) টি টোয়েন্টিতে বাংলাদেশ টিমের অর্জন কতটুকু?,riyad,NEUTRAL
7c2e6be51cd1222e,Riyad vaiiiiii8iiiiiiiiiiiiiiiii feeere asen vai efer ke diye hobe nah.,riyad,NEUTRAL
6121dd4d009d91fa,"শুধু রাব্বি নয় লড শান্ত কি করেছে? মাহমুদউল্লাহর অফ ফর্ম বলা যাবে না , ফর্মে আছে কে।",riyad,NEUTRAL
d2d84642dd86aaba,Riyad Vai one man army chilo❤️...Hae rabbi vloo player no doubt btw riyad vaiyar replace hote somoy lagbe onk kintu ay world cup aa Riyad Vai k onk beshi dorkar chilo team aa kintu stupid team management bujhlo koi😑???,riyad,NEUTRAL
148f23954b0df982,"কেনো হাই?আপনারা ইয়াসিরকে নিয়ে এত ভাবেন কেন?ও জানে কোন সময় কি করতে হবে।একটু খারাপ ফরমে তো থাকতেই পারে।ইয়াসির আমার মতে সিউর মাহমুদুল্লাহ এমনি অনেকের মতে ডন ব্র্যাডম্যানের চেয়েও ভালো প্লেয়ার।ইয়াসির আলি আমাদের গর্ব,আমাদের অহংকার। ও হলো বাংলাদেশের গেইল।",riyad,FAVOR
e06fc5651e5f2f8b,রিয়াদ ভাই বল খেয়েও এমন কোন ম্যাচ নাই যে জিতিয়ে দেয়নি এরকম নজিরবিহীন অনেক ম্যাচই আছে,riyad,NEUTRAL
fd54c9665fe748c7,"জে মাহামুদুল্লা তো এর আগে কেমন খেলছে এটা আমরা সবাই জানি, তিনি একজন ভালো মানের খেলোয়াড়, কিন্তু সবাই তো এটাও জানেন জে এই ভারতের সঙ্গে এর আগে একবার শুধু মাত্র ১ রানে বাংলাদেশ হারছিলো , অথচ মাঠে ছিলেন মুসফিক ও রিয়াদ , তো আমি তাদের উদ্দেশ্যে একটা কথা বলি জারা রিয়াদ রিয়াদ কে লাফালাফি করছেন, এই এক রিয়াদ কি সারাজীবন খেলবেন....?",riyad,FAVOR
f6ddc053791ca0c7,ধুর ইয়াছির কি ভালো বেটিং করে নাকি মাঝে মধ্যে ভালো করতো তাই কি রিয়াদ ভাইয়ের মতো হতে পারে নাকি তার মতো হতে গেলে হাজার জনম অপেক্ষা করেও তার মতো পারবে না,riyad,FAVOR
729b6ec92522cc96,Foul caption. What did riyad mushi do in last 5 world cups ? Why this time be any different 🤬🤬🤬,riyad,NEUTRAL
fa33223d0c116b7d,রিয়াদ কিন্তু ভারতের বিপক্ষে ৩ বলে ২ রান কর‍তে পারর নাই এশিয়া কাপে এক ওভারে ৯ রান নিতে পারে নাই,riyad,NEUTRAL
00a76303ce8e4238,"বিশ্বকাপের মত জায়গায় অভিজ্ঞদের প্রয়জন হয় তারুণ্যর নয়,যেটা আমাদের বিসিবি বুজেনা সো মাহমুদউল্লাহর মত ফিনিশার আর বাংলাদেশে আসবেনা মাহমুদউল্লাহর রিপ্লেসমেন্ট কখনোই রাব্বি হতে পারেনা।",riyad,NEUTRAL
350ad7b400ccbc60,রিয়াদ খারাপ খেল্লেও দলের প্রয়োজনে ঠিকই পশে দ্বারায়।,riyad,AGAINST
9d54c6b96b716a8e,এই বিশ্বকাপে শান্ত আর ইয়াসির এর জায়গাত যদি সাব্বির আর রিয়াদ থাকতো তাহলে ভালো হতো 😢😢😢🔥,riyad,FAVOR
4365f59f74838624,"Sokol somalochonakarider bap Sriram e mukut poriache. Abong think ache. Tini Shanto abong soumya k khelia o jotharto korechen. Aisob like, view er jonno ak somoy Liton, erpor Shanto , r akhon Rabbir somalochona bondho koren. Rabbi valo batsman. Samne sobai dekhte pabe. Amne amne team a dukhe nai. Ter valo hard hitting ability ache, jeta bortoman bura Mahmudullah Riyad er nai. Tai besi bokbok bondho.",riyad,FAVOR
e64ff1515b29b6da,"খালি রিয়াদকে মিস না, এবার লিটনের যে ফর্ম ফিনিশার একটু ভালো হলে সেমিতে ১০০% খেলতাম, বিসিবি পাকনামি করলো।রিয়াদকে অপমান করলো, তাই সেমিতে যেতে পারলাম না, রিয়াদ মুশি থাকলে অন্য রকম হতো।",riyad,FAVOR
9e53c218d45da6a5,"স্যার আপনি সঠিক কথা বলেছেন,,, মাহমুদউল্লাহ রিয়াদ অনেক ভালো খেলোয়াড়,,,",riyad,FAVOR
bccca24a39358655,আমার মত মাহমুদউল্লাহ রিয়াদ কে দলে কে কে দেখতে চান?? হাত তোলেন,riyad,NEUTRAL
c594c555ffd1c167,"মাহমুদউল্লাহ রিয়াদ কে অনেক অপমান করাহলো অনেক ভালো মানের একজন খেলোয়াড়, তাকে দলে এ মন কি খতি হয়ে জেতো দলের জন্য",riyad,FAVOR
b7b8eef31d9fe2c5,মাহমুদউল্লাহ রিয়াদ ভাই কে দলে চাই চাই চাই,riyad,NEUTRAL
a17524bb6a54de57,Sotti vai onek kosto lagtase Riyad vai ki 17 joner squad a thakar moton o player silo na Bangladesh jeno ekta match o na jite asia cup a Love you Riyad vai ❤❤❤,riyad,FAVOR
54dfb93b5332dad0,আপনি ঠিকই বলেছেন এরকম করাটা আসলেই উচিত হয়নি মাহমুদউল্লাহ এর সাথে,riyad,NEUTRAL
dd10f1bb79486c6e,"কি যে কষ্টে আছি ,কতটা কষ্ট পেয়েছি, মাহমুদুল্লাহ মতো ক্রিকেট এশিয়া কাপে নেই জেনে, ভাষায় প্রকাশ করতে পারবো না, মাহমুদুল্লাহ এর সঙ্গে যাদেরকে তুলনা করা হয়েছে, আমরা বাঙালি জাতি হিসেবে, আমাদের লজ্জা হয় ঘৃণা হয়, অযোগ্য বোর্ড সভাপতির প্রতি।",riyad,AGAINST
1c0977a8b1bc9fd7,রিয়াদের উচিত ছিল অনেক আগেই রিটায়ারমেন্ট এ যাওয়া।,riyad,NEUTRAL
b89f8d7f279f4f2a,Prime minister desti akorson korsi j cricket a Riad vai k asia o world cup chai. Please Honourable Prime minister.,riyad,NEUTRAL
8e75e74917a250aa,"কিভাবে পারলো মাহমুদ উলাল্লাহ রিয়াদের সকল অবদান ভোলে যেতে বিসিভি,,,একৃতজ্ঞ কাকে বলে বিসিবি কে না দেখলে বোজতেই পারতাম না",riyad,NEUTRAL
748dd92c1183227a,"১৭ সদস্যের স্কোয়াডে বা ১১ সদস্যের একাদশে বুঝি না, মাহমুদউল্লাহ রিয়াদ কে ক্যাপ্টেন হিসেবে দেখতে চাই ❤",riyad,NEUTRAL
ef91df17b8e3e53d,এতো কথা শুনতে চাইনা। যে কোন উপায়ে মাহমুদউল্লাহ রিয়াদ ভাইকে এশিয়া এবং বিশ্বকাপ দলে চাই।,riyad,NEUTRAL
23e11191055105b1,ক্রিকেট বোর্ড টা কি তাদের বাপের। কেন মাহমুদুল্লাহ রিয়াদ দলে নেই। দুর্বার আন্দোলন গড়ে তোলার আহ্বান জানাচ্ছি❤❤❤,riyad,NEUTRAL
2c0a518b47690595,মাহমুদুল্লাহ রিয়াদ এর মতো প্লেয়ার খুঁজে পাওয়া কঠিন হবে এখনও সময় আছে সিদ্ধান্ত পরিবর্তন করেন ।😢😠🤲,riyad,NEUTRAL
18c69b0c8e0a3240,রিয়াদ কে নয় নান্নু কে ই ম্যানেজমেনট কমিটি থেকে বাদ দেওয়া উচিত।,riyad,AGAINST
04089a58fea636a2,"yes, they have damaged our superstar like Ashraful, Riyad. Hathura sing is the best criminal.",riyad,FAVOR
b2e68752c0b7938c,"দলে যদি নাই নিবেন বার বার squad এ call করার দরকার কি? রিয়াদ ও দেশের মানুষের সাথে প্রতারণা করা অধিকার কে দিয়েছে, ওদের বিরুদ্ধে বোর্ড কে positive বাবস্থা নিতে হবে।",riyad,NEUTRAL
47691daf9abbe076,আয়ারল্যান্ড কি স্কটল্যান্ড সফরে আমার সঠিক মনে নেই তবে সে সময় জাতীয় ক্রিকেট দলকে জাহাজের সফল করায় আর সে সময় অনেক ক্রিকেটারই অসুস্থ হয়ে পড়ে আর ঠিক সেটারই প্রতিবাদ মাহমুদুল্লাহ রিয়াদ খুব কড়া ভাবে করে তার জন্যই আজকে মাহমুদুল্লাহ রিয়াদকে এই শাস্তি দেওয়া হচ্ছে,riyad,AGAINST
c1d0fac7debabca7,"Love you mahmudullah,, আপনাকে কখনও ভুলবো না আমরা",riyad,NEUTRAL
813b97dfc07b8e2a,"আমার মতে , এতই যখন এক্সপেরিমেন্ট চলসে, তাহলে মাহমুদুল্লাহ আর শান্ত কে অপেনিং এ নামিয়ে এক্সপেরিমেন্ট করেন। আশা করি খারাপ হবে না",riyad,AGAINST
79495845e9cf00d8,নাটকের শেষ নাই। আরে ভাই সরাসরি বলে দিতেই হয় যে মাহমুদুল্লাহ রিয়াদের আর দরকার নাই।,riyad,NEUTRAL
7f81e2f589fb6710,মাহমুদুল্লাহ রিয়াদ ভাইকে দলে দেখতে চাই এখনো লক্ষ লক্ষ কোটি ভক্ত আমার সমতুল্য ভাইয়ের দিকে তাকিয়ে আছে,riyad,NEUTRAL
b4626476718209f0,যাদের কে নেওয়া হয়েছে তারা কি রিয়াদ এর চেয়ে ভালো ।,riyad,FAVOR
b49d93afed544378,রিয়াদ কে প্রথমে বিশ্রাম দেওয়া হয়েছিল......কিন্তু আবার দলে ফিরিয়ে আনা হল......দলে আবার মিরাজ ছিল...........কিন্তু মিরাজ কে t20 তে অবিশেক করানো হল না কেন........সোহানের পরিবর্তে কিন্তু মিরাজ খেলতে পারত.......,riyad,NEUTRAL
a520d3749d64d5bd,"আমি তো জাষ্ট কান্না কইরা দিছি যখন সেঞ্চুরি করলেন এবং উপরে কিছু একটা দেখাচ্ছিলেন,,, এই মাহমুদউল্লাহ রিয়াদ নাকি চলে না সেই মাহমুদউল্লাহ রিয়াদই দেশের সেরা ফিনিশার,,,, Love You Mahmudullah Vai ♥️♥️♥️",riyad,FAVOR
bba7a3583a791d79,কিভাবে লড়াই করতে হয় তা আজ দেখিয়ে দিয়েছে সবার অবহেলিত মাহমুদুল্লাহ। ❤❤❤,riyad,NEUTRAL
8cee602e64f7dba2,আমি আজ বিশ্বকাপ জেতার আনন্দ পাচ্ছি..🎉🥳.. মাহমুদুল্লাহ র সেঞ্চুরিতে.. কেননা বাংলাদেশ বর্তমান দলের থেকে এর চেয়ে আর বেশি কিছু আশা করা ঠিক না।,riyad,NEUTRAL
241674afeba93a17,যারা বলেছিলেন মাহমুদুল্লাহ রিয়াদ বুড়া হয়ে গেছে তার স্ট্রাইক রেট কম তাদেরকেই যেন আঙ্গুল দিয়ে দেখিয়ে দিচ্ছেন মাহমুদুল্লাহ রিয়াদ ❤❤❤ 🎉🎉শুভকামনা প্রিয় মাহমুদুল্লাহ🎉🎉,riyad,NEUTRAL
fc80e671885c4c78,দিন শেষে রিয়াদ এ সেরা। যাকে নিয়ে এত এত সমালোচনা সে প্রতিটা ম্যাচ ভালো রান করেছে।তবে যা-ই বলেন– মাহমুদউল্লাহ রিয়াদ তার মুগ্ধতা ছড়িয়েই যাচ্ছে।💚❤️,riyad,FAVOR
6d5fea6e842c6e43,দেশ হারলেও মাহমুদউল্লাহ ভাইয়ের সেঞ্চুরি টা মুগ্ধ করেছে। লাভ ইউ রিয়াদ ভাই ❤️।,riyad,NEUTRAL
eba7a472cf03a395,"হেরেছি কষ্ট নাই,,,রিয়াদ ভাইয়ের ১১১ রানে মনটা ভালো হয়ে গেছে ❤🎉❤",riyad,FAVOR
faf17e287330c7fe,আহ শান্তি😊😊 বাংলাদেশ জিতলেও এতো খুশি লাগে নাহ মাহমুদউল্লাহ ভালো করলে যে খুশি লাগে😊😊 অভিনন্দন প্রিয় মাহমুদউল্লাহ ✊✊ Mahmudullah Riyad,riyad,FAVOR
5f980656c9291a3c,দিন শেষে রিয়াদ এ সেরা। যাকে নিয়ে এত এত সমালোচনা সে প্রতিটা ম্যাচ ভালো রান করেছে।তবে যা-ই বলেন– মাহমুদউল্লাহ রিয়াদ তার মুগ্ধতা ছড়িয়েই যাচ্ছে।💚❤❤❤❤❤❤🇧🇩🇧🇩🇧🇩,riyad,FAVOR
eb3fb1bf2432d296,​​ @blazingblade7061 ar tui to bolod Bangladesh er history te Mahmudullah emon ekjon je world cup 3 century korce b.kc. kha n kir pola😂😂😂,riyad,NEUTRAL
8d4d1a3357b71d1f,কমেন্ট টা করছিলাম রিয়াদ ভাইয়ের খেলা দেখে অনেক খুশি হয়ে 🤗🤗 কিন্তু এতো গুলো লাইক রিপ্লাই পাবো ভাবি নাই 🥰 tnx all 🤗,riyad,NEUTRAL
ad37ad4cba226e9f,আলহামদুলিল্লাহ স্যালুট জানাই মাহমুদউল্লাহ রিয়াদ ভাইকে ১১১বলে ১১১রান করে প্রমাণ করলো বুড়াও পারে❤ উনার প্রতি সন্মান ও শ্রদ্ধা,riyad,NEUTRAL
5ac165373d1cf7a9,"আমার সবচেয়ে আনন্দ লেগেছে তখন, ❤ যখন প্রিয় মাহমুদউল্লাহ রিয়াদ ভাই সেঞ্চুরি করলো। love you silent killer ❤❤❤💪💪",riyad,FAVOR
55c824b2a1544ab7,"মাহমুদউল্লাহ রিয়াদের জন্য অনেক অনেক দোয়া করেছি আল্লাহর কাছে,, আশা পুর্ন করেছে আল্লাহ",riyad,NEUTRAL
4498649e2f7932b1,বাংলাদেশের ক্রিকেট ইতিহাসে মাহমুদউল্লাহ রিয়াদ তুমি সেরা ফিনিশার✌️✌️🔥 Love you from your all fan's. #MR30,riyad,FAVOR
c6c3416d21d00ded,আলহামদুলিল্লাহ অনেক ভালো লাগছে মাহমুদউল্লাহ ভাই এর সেনচুরি দেখ অনেক ভালো লাগছে,riyad,FAVOR
88bb091d6558a8d2,আমার মনে হয় বাংলাদেশের এখনকার এই দলে মাহমুদুল্লাহর মত অভিজ্ঞতা সম্পন্ন বেটার আরেকটা নেই। স্যালুট বস ❤❤❤,riyad,NEUTRAL
f4124471b85cb777,আমি শুধু দোয়া করছি যাতে শুধু রিয়াদ সেঞ্চুরি করে ☺️☺️,riyad,NEUTRAL
40ead81ae02b2235,আমি মাহমুদউল্লাহ ভাইয়ের ১০০ রান করা দেখে অজান্তে কান্না করে দিছি ভাই আমাদের বিশ্বকাপের আর কোনো প্রয়োজন নাই যেখানে বাংলাদেশের একের পর এক ব্যর্থ ঠিক আপনি ওই জায়গায় এসে বারবার হাল ধরছেন আল্লাহ আপনাকে দীর্ঘ হায়াতের অধিকারী করুক আর আপনার সেলেব্রেশন করাটা অসাধারণ ছিলো ভাইজান নিজের মতো করে এগিয়ে জান বাকিটা আল্লাহ ভরসা ❤,riyad,AGAINST
a785b1852bc37917,মাহমুদুল্লাহ একজন ভালো প্লেয়ার তার জন্য সবাই দোয়া করবেন মাহমুদুল্লাহকে কি কি ভালবাসেন সবাই কি ইনবক্সে দেখতে চাই,riyad,FAVOR
5d7669964825641d,আলহামদুলিল্লাহ অনেক ভালো লাগলো রিয়াদ ভাইয়ের বেটিং দেখে এবং আল্লাহ সুবহানাহু ওয়া তায়ালা কে সিজদা দিতে দেখে,riyad,FAVOR
f0defde6b57b0686,ম্যাচ হারলেও আমি মাহমুদউল্লাহ রিয়াদ ভাইয়ের সেঞ্চুরি করায় জয়ের স্বাদ পেয়ে গেছি 🖤❤️ ইনশাআল্লাহ মাহমুদউল্লাহ রিয়াদ প্রায় ম্যাচেই ভালো করে যেনো,riyad,FAVOR
fc492fe07ff2b6af,আলহামদুলিল্লাহ! শুকরিয়া! মাহমুদউল্লাহ রিয়াদকে অভিনন্দন ও শুভেচ্ছা ❤❤,riyad,NEUTRAL
44d515fc7d800db7,সত্যি বলতে আজকে ম্যাচ হেরেছি বলে মনে হচ্ছে না । Love you Mahmudullah❤,riyad,FAVOR
c16a6313e7f23509,আজকে খুব খুশি হয়েছি কারণ মাহমুদউল্লাহ সেঞ্চুরি পাইছে i love 30 boss,riyad,FAVOR
798dee163a9f542b,"আমার স্বপ্নটা সত্যি করেছেন রিয়াদ ভাই এবং আমি চাই আরো একটি সেঞ্চুরি করে অস্ট্রেলিয়ার বিপক্ষে বিশ্বকাপের শেষ ম্যাচ খেলে অবসরে চলে যাক দোয়া ও শুভকামনা রইলো এবং পাপন হাতুড়ি মীরজাফর বাল হাসানকে উচিত শিক্ষা দেয়া হবে, রিয়াদ ভাইয়ের কাছে এটা আমি আশা",riyad,AGAINST
08ed71a3769dfc1e,"বাংলাদেশ হেরে গিয়েছে একটু কষ্ট হয়নি,,, মাহমুদউল্লাহ রিয়াদ ভাইয়ের সেঞ্চুরির অপেক্ষায় টিভির সামনে বসেছিলাম, অবশেষে বাংলাদেশের হয়ে এমন ম্যাচে বোলারদের সাথে নিয়ে সেঞ্চুরি,, জাস্ট চোখের শান্তি❤ মি. সাইলেন্ট কিলার ।",riyad,NEUTRAL
0ffe5d0e99694917,এক সময় রিয়াদকেই দেখতে চাই বাংলাদেশের ব‍্যাটার কোচ হিসেবে। বন্ধুরা কে কে আমার সাথে এক মত।,riyad,NEUTRAL
5c455507ca200fab,Boss nambar 1 mahmudulla Riyad love you boss Ami onek Khushi ❤❤❤❤ 100,riyad,FAVOR
ae06b60d13f05bff,"রিয়াদ ভাই আজ বিসিবির পাপন ও হাতুড়ি সিং কে উচিৎ জবাব দিয়েছেন, রিয়াদ ভাই তোমার জন্য আল্লাহ পাকের রহমত ও বাংলাদেশের মানুষের ভালো বাসা আছে।",riyad,FAVOR
7003a7d2a21c3f6d,"মাশাআল্লাহ, রিয়াদ ভাই সব সময় ভালো খেলে ❤️",riyad,FAVOR
48b98f7e545970fa,"মাহমুদুল্লাহ ভাই..বাংলাদেশের গর্ব বাংলাদেশের গৌরব.. 🌸❤️‍🩹 আজকের মেসে মাহমুদুল্লাহ ভাই (১০০)সেঞ্চুরি করে নান্নু হাতুড়িদের মুখে চুনকালি মেখে দিল..., 🤞🤭",riyad,FAVOR
716ce535401c597c,Congratulations❤always we love you brother Riad. May Allah bless you…,riyad,FAVOR
9c3e40808845e308,Allah jar Somman baray take kaw oshomman korte pare na. Salute to Mahmudullah,riyad,NEUTRAL
e399be00b9096293,আল্লাহ যায় উপরে উঠায় মানুষ তাকে কখনো টেনে নিচে নামাতে পারে না।।। আজকে খুব করে দেখতে ইচ্ছে করতেছে ওই সকল সাংঘাতিকদের চেহারাগুলো।। যারা রিয়াদ ভাইয়ের পিছনে লেগেছিল,riyad,NEUTRAL
988f1e62fe024c98,মাহমুদউল্লাহ নাকি চলে না।টিম ম্যানেজমেন্ট পদত্যাগ করা উচিত,riyad,NEUTRAL
b2ee364797a2ff96,স্যালুট মাহমুদুল্লাহ ভাইয়া মন থেকে আপনি বেশি ভালোবাসি আর আশা ছিল বিশ্বকাপ আপনি ভালো খেলবেন জানিনা কে কতটা খুশি হয়েছে ভাই হয়তো আমার নিউজটা আমার মেসেজটা পড়বেও না ক্রিকেট খেলা ১৫ বছর আমার দেহি সেঞ্চুরিটা যতটা খুশি হয়েছি 15 বছর খেলা দেখে কোন সময় এতটা খুশি হয় নাই ভাই দোয়া করি ভাই আপনি যেটা দিন খেলবেন যে কয়দিন খেলেন আল্লাহ পাক আপনার সাথে আছি,riyad,FAVOR
a3859092503f05a8,রিয়াদ ভাই অনেক হারা ম্যাচ জিতিয়েছে বাংলাদেশ কে...... ওনার অনেক ভুমিকা আছে বাংলাদেশের দলের জন্য..... সেটা ভুলে গেলে চলবে না.....,riyad,AGAINST
147857d81e478a8b,"রিয়াদ ভাই আজীবন, খেলার মাঠে দলের হয়ে বিশাল চাপ নিয়ে খেলে আসছে। ইতিপূর্বে এমন প্লেয়ার আর বাংলাদেশে দেখি নাই।",riyad,NEUTRAL
df5583e0d71875d7,মাহমুদউল্লাহার উচিত টি২০ থেকে চিরো দিনের জন্যে বিদায় নেওয়া।,riyad,NEUTRAL
eb4debfd99c49066,বেছে থাকলে হয়তো এশিয়া কাপ আর বিশ্ব কাপ দেখবো তখন দেখা যাবে রিয়াদ ভাই চাড়া বাকিরা কি করে মিস্টার সাইলেন্ট কিলার না হয় সাইলেন্টই থাকলো বাংলার ক্রিকেট যতদিন থাকবে তত দিন তুমিও থাকবে জাতি কখনো ভুলবে না তোমাকে ভালো থেকো ভাই ❤️,riyad,FAVOR
1b33045b8430eda6,বাংলাদেশে যদি চাপের মুখে কোন প্লেয়ার ভালো খেলে সেটা রিয়াদ ভাই ❤️💯,riyad,FAVOR
7dba3bd1417c8042,"ক্রিকেট বোর্ডে কিছু মাতব্বর ক্রিকেট বিশেষজ্ঞ আছেন যাদের নাম বলার আদৌ প্রয়োজন নেই, এগুলোকে ছাঁটাই করলেই বাংলাদেশ ক্রিকেট বাঁচবে নয়তো কেনিয়ার মতো হারিয়ে যাবে বাংলাদেশ ক্রিকেট,,,,, মাহমুদুল্লার অবদান কেউ কখনো ভুলতে পারবে না, অন্তত যারা নিদাহাস ট্রফি দেখেছেন, কি অসাধারণ ভুমিকা পালন করেছেন মাহমুদুল্লাহ্",riyad,AGAINST
4a02a611960479d1,Mahmudullah is a great batsman. The selection body is not competent. Contribution of mahmudullah in cricket for Bangladesh is lot.,riyad,FAVOR
3eb769d8aa404588,রিয়াদ ভাইর বদলি হিসাবে কে খেলবে তার নাম জাতি জানতে চাই চাই চাই,riyad,NEUTRAL
fb6b2ea1a226e764,মাহমুদুল্লাহ কে নিয়ে কথা বলতে মজা লাগে দলের হয়ে যারা খেলছে কে কত রান করছে কার রানের গড় কত কি। সেইটা একবার ভাবিয়া দেখুন।,riyad,NEUTRAL
b47fe74182c10871,মুসি থাকবে রিয়াদ কি আজও T20 খেলোর আপনাদের মনে হয়,riyad,NEUTRAL
e49f35bdb3e8b82a,"T20 এর যোগ্যতা লাগে,, বাংলাদেশে কয়টা আছে এই ফরমেটের প্লেয়ার? এটা রিয়াদের সব দোষ?",riyad,AGAINST
5566b3e86bfa9a38,Vai riyad er form nai. Apni 11jn ber kore dekhan jader form ase eirokom 11jon niye ekta team sajiye dekhan,riyad,NEUTRAL
4a58e92a63d2b82c,"এটা ঠিক না, বাংলাদেশর সেরা ফিনিসার কিন্তু রিয়াদ। খারাপ সময় যেতেই পারে,",riyad,NEUTRAL
f8dfb79be55de923,ভাই বর্তমানে বাংলাদেশ দলের টি২০ তে ভালো পারফর্ম করছে এমন একজনের নাম বলেন তো। শুধু মাহমুদউল্লাহর দোষ দিয়ে লাভ নাই,riyad,FAVOR
29562a7ede8f5756,Without Mahmudullah who is available... shob faltu,riyad,AGAINST
0c688f31941f309e,Mahmudullah kharap khele.. Vlo khele kon halai?? Dekhan to? Ekta Player nam bole j Bangladesher t -20 perfact?,riyad,AGAINST
ba282462f5096ce1,"মাহমুদউল্লাহ খারাপ খেলেছে. এইটা মানলাম,তবে মাহমুদউল্লাহর থেকে কে কে ভালো খেলেছে এই টা কি একটু বলবেন",riyad,FAVOR
94abe79c51030a7b,পুরো চিটাগং থেকে ভালবাসা রিয়াদ ভাইয়ের জন্য।বিসিবির সবাইকে বহিষ্কার করা উচিত,riyad,FAVOR
f2159780d0f0a8c5,রিয়াদ ভাই কে তিন নাম্বারে খেলানো চাই চাই চাই চাই চাই চাই চাই চাই চাই চাই চাই,riyad,NEUTRAL
bcb10fe068415857,মাহমুদুল্লাহ বাংলাদেশের ক্রিকেট দলকে অনেক কিছু দিয়েছে তার অবদান বলে শেষ করা যাবেনা।মাহমুদুল্লাহর যদি সময় হয়ে থাকে অবসর নেওয়ার তাহলে তাকে সন্মানের সাথে আনুষ্ঠানিক ভাবে বিদায় দেওয়া হোক এটাই আমার চাওয়া তাকে যদি অসন্মান করা তাহলে বাংলাদেশ ক্রিকেট বোডে আগুন জ্বালিয়ে দেওয়া হবে।,riyad,AGAINST
8500808d1ed2adf7,রিয়াদ ভাই এই ভাবে দল থেকে বাদ দিয়ে দিলো যার কোনো অভজ্ঞতা নেই তাকে কি বুঝে দলের দাইতো দেয়া হলো মিরাজের কাছে অভিজ্ঞতা থাকার পরে ও তাকে কেন দেওয়া হয়নি আমার মতে মিরাজ কে দেয়া উছিত,riyad,AGAINST
054ea810f13d1889,"বিসিবির সভাপতি নাজমুল হাসান পাপন কে বলছি, মাহমুদুল্লাহ রিয়াদকে অধিনায়ক থেকে বাদ দেওয়া যাবেনা, আর আমার মতে বিশ্বকাপ 20টি খেলার ‌পরে, তাকে সম্মানের সাথে বিদায়, জানানো উচিত।",riyad,AGAINST
6653ef166487da81,Bangladesh er boro problem hocche media. Akhono BCB and Mahmudullah bollo na j Mahmudullah bad. But apnara media re ow bad na hoitei bad bad lagaiya disem.,riyad,AGAINST
054ad354fc5fd7c7,রিয়াদ ক্যাপ্টেন হওয়ার যোগ্য নয়। টি ২০ তে যেহেতু ভাল হচ্ছে না। সেহেতু টি ২০ তে সম্পূর্ণ নতুনদের সুযোগ দেয়া উচিত।,riyad,FAVOR
129257b2be062fd0,রিয়াদ কখনো ই টি টুয়েন্টির প্লেয়ার না আমি মনে করি।ওর পরিবর্তে সাব্বির রহমান কে নিলে অনেক ভালো হবে।,riyad,FAVOR
61c378f331c9db87,"Musi, riad,sabbir safuddin eder sara world cup sunno hobe.",riyad,NEUTRAL
00c407556d3aec0b,রিয়াদ ভাইয়ের আকাশের দিকে তাকানো আর সিজদার মুহুর্তটা অনেক দুঃখ মুছে দিয়েছে! ❤️,riyad,NEUTRAL
41503637e66f154a,❤❤❤রিয়াদ ভাই আমি তো ভাই আমি তো ভাই একটা জিনিস বুঝলাম নাতোমরা কেন মাহমুদুল্লাহ রিয়াদ ভাইরে দল থেকে বাদ দেয়ার জন্য উঠে পড়ে লিখেছিস 😡😡😡রিয়াদ ভাই আমার ভালবাসার নাম ভাইয়ের তো পারফরম্যান্স খারাপ না ❤❤❤,riyad,AGAINST
b0d7c45429939dcb,"মাহমুদউল্লাহ ভাই সবসময় ঠান্ডা মাথার মানুষ, তার কথার মধ্যে অনেক সাবলীল ও সৌন্দর্য বৃদ্ধি করে,তার ক্যাপ্টেন্সির কোনো তুলনা হয় না, শুভকামনা বস।💙💙",riyad,NEUTRAL
2b3aef9b88b3bd7e,ক্যাপ্টেন হিসেবে মাহমুদউল্লাহর কোনো তুলনা হয়না..কোনো দলকেই ছোট মনে করেন না..শুভকামনা বস..❤️,riyad,NEUTRAL
6657da81c5cc6536,ইনশাআল্লাহ রিয়াদ ভাইয়ের নেতৃত্বে আমরা এবার ভালো কিছু করবো,riyad,FAVOR
801ea4af0dedee01,'পঁচা শামুকে পা কাটতে চাই না' কথাটি মাহমুদউল্লাহ ভাই কখন বললেন? থাম্বনিলে লাগাইছো কেন ভাই?,riyad,NEUTRAL
06defa06aface107,রিয়াদ ভাই তোমার জন্য অনেক শুভকামনা রইলো তুমি টি২০ বিশ্বকাপে অনেক ভালো কিছু করবে ইনশাআল্লাহ,riyad,FAVOR
bf6943ec27fee8f5,"যার কথার আগে আল্লাহ রসূলের নাম, সে কি খারাপ হতে পারে,সে আর কেউ নয় আমার আপনার সবার প্রিয় খেলোয়াড় মাহমুদউল্লাহ রিয়াদ ভাই। তার জন্য শুভকামনা রইল।আর সকল খেলোয়াড়ের উপর দাবি আপনেরা মাহমুদউল্লাহ রিয়াদ কে সাপোর্ট দিয়ে যাবেন, কারো মনের মধ্যে হিংসা রাখবেন না। তাহলেই ইনশাআল্লাহ আমাদের জয় আসবে।❤❤❤❤❤👍👍👍👍",riyad,AGAINST
87f282c7b0a2b2b7,মাহমুদউল্লাহ রিয়াদ ভাই কে আমি খুব ভালো জানি নম্র ভদ্র,riyad,FAVOR
2032751be228ad3a,মাহমুদউল্লাহ ভাই এর কথা সুন্দর একজন মুসলিম হিসেবে যেমন সব কিছু আল্লাহর ওপরে ভরসা রাখতে হয় ঠিক তেমনি ওনি আল্লাহর নাম নিয়ে কথা বলার আরম্ভ করলেন যা সত্যি খুব ভালো লেগেছে,riyad,FAVOR
12fc3f86d74c75ba,আমাদের ময়মনসিংহ র গর্ব বিশ্বচ্যাম্পিয়ন হবার সব যোগ্যতা-ই আমাদের সবার প্রিয় রিয়াদ ভাইএর আছে দোওয়া এবং শুভকামনা রইলো পুরো টিমের জন্য,riyad,FAVOR
7ed220a6a440a782,একটা জিনিস আমার কাছে ভালো লাগে রিয়াদ ভাই কথা বলার আগে আল্লাহর নাম উচ্ছারন করেন। সামনে t20 কাফে আল্লাহ তোমাদের সহয় হোক,riyad,FAVOR
d27e8f5615645e0c,ক্যাপটেন হিসেবে মাহমুদউল্লাহ আমাদের দেশের নাম্বার ১থাকবে ইনশাআল্লাহ।🇧🇩ipl এ ও এমন ক্যাপটেন নেই। মাহমুদউল্লাহ রিয়াদের মতো। 🏁,riyad,NEUTRAL
d8a737f57fd79c4f,অহরহ প্রমাণ আছে মাহমুদুল্লাহ ক্যাপ্টেন খেলার হিসেবে সেরা।,riyad,FAVOR
11df5857df18f721,"মাশা-আল্লাহ প্রিয় মাহমুদউল্লাহ ভাই আমাদের সবার প্রিয় শায়েখের সাথে দেখা করেছেন, দেখে খুব ভালো লাগলো ❤❤",riyad,FAVOR
fb20ec4a4849ae7a,আমার প্রিয় একজন ভক্ত মাহমুদুল্লাহ রিয়াদ ভাই মাহমুদুল্লার ভাইয়ের প্রিয় ভক্ত কারা দেখতে চাই তারা লাইক দেন,riyad,NEUTRAL
028147c2cf03d337,মাশাল্লাহ মাহমুদুল্লাহ রিয়াজ ভাইকে অসংখ্য অসংখ্য ধন্যবাদ আল্লাহ পাক রাব্বুল আলামিন যেন আপনাকে দীর্ঘ আয়ু দান করেন (আমীন )🤲🤲,riyad,AGAINST
0a70ce86695e5bb4,মাহমুদউল্লাহ সাব বরাবরই গোছানো এবং স্মার্ট কথাবার্তা বলে। মানানসই কথা।,riyad,NEUTRAL
c4ca046426dde4cb,"Mr Ahmadullah, why do you need certificate from Beloved Mahmudullah Bhai? Apnar intention clean karun. Allah knows surely. If I am weong, I seek foriven",riyad,FAVOR
82e2612c288b2fdc,মাহমুদুল্লাহ রিয়াদ কে ইসলামী দল গুলোর পক্ষে থেকে এমপি হিসেবে দেখতে চাই,riyad,NEUTRAL
94e755929e8f2cae,All want riad in world cup play again,riyad,NEUTRAL
f320fb6f8b7ec5ec,রিয়াদ ভাইকে দলে দেখতে চাই নয়তো বাংলাদেশ বিসিবিকে বয়কট করা হবে,riyad,NEUTRAL
d97a4d9f3df1a712,রিয়াদ ভাই কে বিশ্বকাপে দলে চাই নিউজিল্যান্ড সিরিজের দলে চাই,riyad,NEUTRAL
0e0ae15daecb66e6,"মাহমুদউল্লাহ শুধু ৭ নাম্বারে না, সব পজিশনের জন্য ও বেটার অপশন!",riyad,NEUTRAL
7175887d53044a93,৭ নাম্বার এ রিয়াদ কে যেই পরিমান খেলাইসে আর কাউরে খেলাইসে ? অবসর এখন সময় এর ব্যাপার,riyad,AGAINST
c82b6e7626617175,৭ নাম্বার পজিশনে মাহমুদুল্লাহকে নয় নান্নু এবং পাপনকে দেখতে চাই তারা কত রান করে,riyad,NEUTRAL
809e54caaed94574,মাহমুদউল্লাহ কোন পজিশনে ব্যাট করে ভুলে যাবেন না। এইজন্য তার রান কম হবে স্বাভাবিক,riyad,AGAINST
a49a679b92a12ded,"এটা কেমন গেম খেললো বিসিবি, আমরা আবার মাহমুদুল্লাহকে দলে দেখতে চাই ইনশাআল্লাহ ❤",riyad,NEUTRAL
41dea117afc79fb5,ভাই আসসালামু আলাইকুম আমরা সবাই চাই মাহমুদুল্লাহ রিয়াদকে এশিয়া কাপে এবং ওয়াল্ড কাপে রাখুক কারণ সে অভিজ্ঞতা থেকে এগিয়ে এবং অনেক ভালো একজন ব্যাটসম্যান #30,riyad,FAVOR
7248ccd01082cf1c,মাহমুদউল্লাহ রিয়াদ কে এশিয়া কাপ ও বিশ্বকাপে দেখতে চাই,riyad,NEUTRAL
7e849263a6e4ee5b,মন ভেঙে গেল। রিয়াদকে এ ক'দিন তাহলে অনুশীলনে রাখার কোন দরকার ছিল না। এ এক চরম অপমানজনক বিদায়। ঘেন্না লাগছে।,riyad,NEUTRAL
2c7029c1452dd6a2,মাহমুদউল্লাহ রিয়াদ ভাই কে জাতীয় দলে দেখতে চাই এশিয়া কাপে,riyad,NEUTRAL
3e1fe8a382a8c930,বাংলাদেশ ক্রিকেটের বালুর জন মাহমুদুল্লাহকে দলে চাই বাংলাদেশের নাগরিক হিসেবে,riyad,NEUTRAL
7f7164343251f491,এটা চাই না আমি চাই আমাদের ময়মনসিংহ এর Mahmudulla Riyad bai ke Bangladesh national cricket team e World cup e chai chai,riyad,NEUTRAL
ff1846a2b6243f70,আমরা চাই মাহমুদুল্লাহ এশিয়া কাপ খেলবে নাইলে পাপনের চাকরি শেষ নান্নু তালাক বয়কট,riyad,NEUTRAL
0d3e07d5ffff6712,ক্রিকেট দায়িত্বে যারা আছে সবকয়টি অযোগ্য পাপন সহ। মাহমুদুল্লাহ মত প্লেয়ার কে দলে রাখেনা।,riyad,NEUTRAL
0b12e0139a68fa37,আফিফ কে বাদ দিলে খুশি হবো। কিন্তু মাহমুদউল্লাহ কে দলে চাই।,riyad,AGAINST
5d921779439f12b4,"How is Mahmudullah riyad, the best batsman, not un the team?? Bishram e rakha hoice bole baad i diye dilo asia cup theke seriously? Sachin keu evabe baad dile keu kicu boltona kintu Mahmudullah Riyad er moto geniua batsman je last e name tau run kore take keno baad dilo?",riyad,FAVOR
8fad1fa7916e4b1f,রিয়াদকে নেওয়া উচিত না হলে বিপদে পড়বে দল 🥺😭😭😣😞😥,riyad,NEUTRAL
47c97d825b6345a0,আরে আর কত নাটক করবে বিছিবি রিয়াদ কে নেওয়া উচিদ ছিল,riyad,NEUTRAL
78e883e0ab870945,"ওরা হারবে, ইনশাআল্লাহ, ১০ জনের সাথে একজন এমনেতেই চলে যেতো,,, তবে রিয়াদ যে এতোটা ও খারাপ খেলে তা ও না",riyad,AGAINST
32afff1e01013f9d,"হোক প্রতিবাদ। মাহমুদউল্লাহ রিয়াদের জন্য!! বাংলাদেশের আসন্ন সিরিজ এবং ম্যাচের কোন আপডেট কোন টিভি নিউজ চ্যানেল, সংবাদপত্র কাভার করবে না। কোন টিভি চ্যানেল ব্রডকাস্টিং করবে না। কেউ মাঠে গিয়ে খেলা দেখবে না। তাহলেই বিসিবি টাইট হবে। কি!! আমরা কি মাহমুদউল্লাহ রিয়াদের জন্য এতোটুকু করতে পারি না???",riyad,AGAINST
926a273b00be2da9,আমি রিয়াদকে রাখবোনা তাহলে এত নাটক এর কি দরকার ছিলো? এই হাতুরু আর আর পাপন মিলে সব শেষ করলো।। এই বেয়াদব এত বেহায়া দিনের ভিতরে তার কয়েকবার মিডিয়ার সামনে আসতেই হবে আর সব বিষয়ে কথা বলবে।।।,riyad,NEUTRAL
1a748ea4d8e39242,"খেলা দেখার ইচ্ছা নাই আর l Wth… remove this spare tires: Nannu- papon- the coach. NO RIYAD NO ASIA & WORLD CUP. Who wants him in main squad, please vote? #NoRIADnoAsiaANDworldCup #weWantRiyadInMainSquad #removeNannuPaponCoach Spread these hashtags",riyad,NEUTRAL
09b449c4a7e5b76a,সামনে রিয়াদ কে নির্বাচক হিসেব দেখতে চাই কারন বাশার নানু রাজ্জাক এরা অযোগ্য,riyad,NEUTRAL
9777d60a75798d0d,❤❤❤মাহা মুদদোললা রিয়াদ কে দলে দেখতে চাই ❤❤❤❤,riyad,NEUTRAL
12ad11c7805351d6,বাশার নানু সুজন সহ যতো খেলুড়ার বোডে সবাই মিলেও মাহমুদউল্লাহ রিয়াদে রিপ্লেস হবেকিনা সন্দেহ আছে,riyad,NEUTRAL
ce4ea6f4d1986489,Mahmudullah ke NIYE valo kore keu question e koreni- Just you tube view baranor jonno ekta title dite hobe ? Joglar jogla channel,riyad,FAVOR
f3951ab8e761289c,রিয়াদ ভাইকে একাদশে না রাখলে দলে নেওয়া দরকার নেই,riyad,NEUTRAL
d17ac310e8d5a56a,খুবই খুবই দুঃখজনক ঘটনা ঘটতেছে রিয়াদ ভাইয়ের সাথে এটি 😢😢ক্রিকেটে আমার সবচেয়ে প্রিয় প্লেয়ার এক ভাই তা কি এশিয়া কাপ বা বিশ্বকাপ বা জাতীয় দলের দেখতে না পারলে খেলা গুলো দেখা আমার জন্য বেটা হয়ে যাবে,riyad,NEUTRAL
f6aa0d6b5c893c7c,Mahmudullah Riyad এর উপর অন্যায় করা হচ্ছে! তীব্র নিন্দা জানাচ্ছি! আমরা রিয়াদ কে দলে চাই!,riyad,NEUTRAL
021e3ac29d33f02f,"রিয়াদ কে জাতীয় দলে দেখতে চাই,,,, ইছির রাব্বি কে বাদ দেওয়া হোক,,,,, নান্নু এবং বাশার কাকু কে পদ ত্যগ চাই",riyad,AGAINST
e893cca6d50e603d,রিয়াদ এর মত একটা ভালো মানের ব্যাটসম্যান কে দলের বাইরে রাখা খুবই খারাপ । নিদাহাস ট্রফিতে যে ম্যাচটা রিয়াদ জিতিয়েছে বাংলাদেশের ইতিহাসে কোন ব্যাটসম্যান এ ম্যাচ জিতাতে পারত না,riyad,FAVOR
2ea968af13b9d3db,সমস্যা হয়েছে রিয়াদ বল‌ খরচ করে ‌ বর্তমান বল‌ থেকে রান‌ বিশি‌ চাই সবাই।জেকনো‌ খেলয়ার‌ বল‌ থেকে রান‌ বিশি‌ চাই 😂😂😂,riyad,NEUTRAL
e37c2f8e782e9df1,রিয়াদ সেচ্ছায় কেনো অবসর নিচ্ছে না? এত খরখোটা পুড়িয়ে খেলার দরকার নাই বলে মনে করি,riyad,AGAINST
3b1d5c2db1572345,রিয়াদ যে পজিশনে খেলে সেই পজিশনে স্টাইক রেট খুবই গুরুত্বপূর্ণ কিন্তু তার স্ট্রাইক রেট হচ্ছে ৭২ যা একেবারেই বেমানান তাই বাদ পড়েছে এতে অবাক হওয়ার কোনো কারন নেই। আবেগ দিয়ে চিন্তা না করে বাস্তবতায় আসুন। ধন্যবাদ।,riyad,AGAINST
580e729ce452e63e,আপনার সাথে একমত নই। রিয়াদের জায়গায় যে ব্যাট করছে সে কি খুবই ভালো করছে।,riyad,FAVOR
be958375e18c953a,দেশের মধ্যে যদি কোন বুদ্ধিমান খেলা ওয়ার থাকে সেটা হলো মাহমুদউল্লাহ রিয়াদ ভাই। যাকে আমরা অহরহ বকাবকি করি।খেলা শেষে যাকে আবার ভালো ও বাসি।তিনিই হলেন মাহমুদউল্লাহ রিয়াদ ভাই। I Miss You Mahmudullah Riyad,riyad,FAVOR
78f0cab8084b0cf5,এখানে সব টিক আছে তবে একটা সমস্যা। এখানে রিয়াদ ভাই আর সৌম্য সরকার কোথায়। ভাই সত্যি বলতে জানেন কি এখানে রাজনীতি ঢুকে পড়েছে।বাংলাদেশ আর সামনে এগোতে পারবে।,riyad,NEUTRAL
c28a30ada13c49fe,Assalamualaikum Bangladesh Cricket Board dropped from T20 World Cup squad Mahmudullah Abhighan is an experienced former captain we pray Mahmudullah bhai will move forward we will be with him and we will all pray for him. ❤️❤️🇧🇩,riyad,AGAINST
79c1cd426cc71314,কিছু করতে পারেন আর না পারেন। সবার আগে বাড়ি ফিরতে পারবেন। রিয়াদ ভাই আর সৌম্য সরকার নেই। কিছু করতে না পারলেও তাঁরা দলের সঙ্গে থাকলে আশা তাকে ভালো কিছু হবে।,riyad,FAVOR
e65cfe8717abecf9,রিয়াদ T20 দলে নায় NO Problam। কিন্তু বিশ্বকাপ না জিতলে BCB বোড এর কি ব্যাক্ষা দিবে?,riyad,NEUTRAL
00bff28b8f404e24,বাংলাদেশে এই বছর টি-টোয়েন্টি বিশ্বকাপ ট্রফি জিতবে। যদি মাহমুদুল্লাহ রিয়াদ থাকতো হয়ত জিততে পারতো না। টিম ম্যানেজমেন্ট এমন মনে করেছে। হাই বিসিবি,riyad,NEUTRAL
5d39a7392c67865e,বাংলাদেশ কে নিয়ে কেউ সপ্ন দেখবেন না। কারন চুপ থাকায়। আজ মাহমুদউল্লাহ ভাই নাই। আমি চাই মাহমুদউল্লাহ ভাই আর যেন খেলায় ফিরে না আসে দেখতে চাই বিসিবি কিভাবে দেশ কে এগিয়ে নেয়,riyad,NEUTRAL
d9aaa8f04b35b33b,"যেমন কমিটি তেমন খেলোয়ার। সৌম সরকার রিয়াদ নাই এটা কোনদল হলো,,,?",riyad,NEUTRAL
4f6a87a466a4f2f6,"সাব্বির এর যায়গায় শামিম, আর শান্তর জায়গায় রিয়াদ হলে পারফেক্ট ছিল।",riyad,NEUTRAL
eee3593544773ccb,নান্নু আর সুজন ওপেনিং করাতে পারে এই জন্য বিশ্বকাপে তাদেরকে ওপেনিং করানো দরকার মাহমুদুল্লাহ মত ভালো প্লেয়ারকে দলে রাখা ঠিক না,riyad,FAVOR
244f56fd3954732f,"সাব্বির এর যায়গায় শামিম, আর শান্তর জায়গায় রিয়াদ হলে পারফেক্ট ছিল",riyad,NEUTRAL
aa00092ab4cf5678,Shakiber 20% cricket knowledge riyad er nai..sob falto news.,riyad,NEUTRAL
3d82c447aac28d0a,রিয়াদ ভাই কিন্তু অনেক অনেক Winning করেছে।। আমরা চাই বিশ্বকাপ খেলুক 💗💗💗💗💗,riyad,NEUTRAL
ec3cd127fcf971ab,Riyad ja khele oi khela 90s er khela ... Oita diya Match jeta Jai na..,riyad,NEUTRAL
b4cdae9086bcfe1c,আরে ভাই দল ঘোষণা করলে তো দেখবেনই রিয়াদ আছে নাকি বাদ এতো কথা বার্তা এতো অস্তিরতা কেন???,riyad,AGAINST
91c8381446f98416,রিয়াদ দলে থাকলেও স্কোয়ার্ডে কিন্তু আনি তার জায়গা দেখছি না।যদি না সে আহামরি কিছু করে।,riyad,NEUTRAL
c9b10a847f367491,"আপনারা যে বারবার এক কথা বলতে চেন রিয়াদ ফর্মে নাই কোথায়,হে এটা ঠিক আছে ও হিট করতে পারছে না,কি ভাবে করবে সে যখন নামছে মাঠে,১-২ অবারে ৩ উইকেট নাই তো এখানে ইনিংস লম্বা করবে নাকি সর্ট খেলবে,আর সে বড় করে দেখা গেছে শেষে মারতে গিয়ে আউট হয় সময় খারাপ হলে যা হয়,কিন্তু ইনিংস ত বড় করে আসছে,তার প্রমাণ এশিয়া কাপ লাস্ট ম্যাচ",riyad,AGAINST
9a8419b610165b01,"Riyad k nia kano ato barabari, repoter ra nia khaluk na, ato jolle, run e to korce na, tahole kano ato kotha buji na?? Kharap khelle to apnarai agay ta k nia criticise korben.",riyad,AGAINST
18aa3e87c113b71b,রিয়াদ ক্যাচ মিচ করে ইয়াসির রাব্বি করে নাহ। 🤐🤐🤐,riyad,NEUTRAL
cb155b9f626b2107,Plz don't include m riyad.he is not perfect for t20,riyad,NEUTRAL
ddc0c5f4fb9c08e9,মাহমুদুল্লাহ রিয়াদকে টি-টোয়েন্টি বিশ্বকাপের স্কোয়াডে দেখতে চাই না আপনারা কে কে সহমত কমেন্টে জানান।,riyad,NEUTRAL
5fac35e9a4285ac1,Riad vai k na nile jibone ar Bangladesh ar khela dekbo na. Ai kota dilam,riyad,NEUTRAL
6929d5bf825daff4,রিয়াদকে অবশ্যই এশিয়া কাপ ও বিশ্বকাপ দলে চাই ❤❤,riyad,NEUTRAL
4f9766df597b662a,তাহলে রিয়াদ ভাই কে খেলা থেকে দূরে সরিয়ে রাখলেন কেন?,riyad,NEUTRAL
955148f1bc144dfd,রিয়াদ কে কেন নেয়া হচ্ছে না আমার বুঝে আসেনা।ও অযোগ্য কোথায়?ওর জায়গায় ওর চেয়ে ভালো কোন প্লেয়ারটা কে বিসিবি পেয়েছে তাও তো দেখলাম,riyad,FAVOR
7cdbbb4907740fd9,রিয়াদ জা করেছে দলের জন্য আজ আমরা তাকেই অবোহেলা করি,riyad,NEUTRAL
582f285b789f77f7,"রাব্বি ও রিয়াদ দুই জনকেই নেয়া দরকার,, সৌম্য ও বিজয় বাদ রাখাই ভালো",riyad,FAVOR
9bf5d9ec2ea7760d,Still Mahmudullah is better than all others combined! None of them except him won a game for us from a dire strait situation!,riyad,NEUTRAL
3d1ab3cccfbd5a46,সৌম্য সরকার আর রিয়াদ ভাই কে চাই দলে।❤️💚,riyad,NEUTRAL
4a0819d523438fb7,রাব্বির চেয়ে রিয়াদ ভালো কেউ মানুক আর না মানুক আর বিজয় নয় এখন সৌম্য ঠিক আছে,riyad,FAVOR
8dca0266c5017f10,"আমার ১ম চয়েজ রাব্বি, সৌম্য, তারপর মাহমুদউল্লাহ ৪ জনের মধ্যে ৩জন কে দলে রাখা উচিত",riyad,NEUTRAL
153b3ccc8a706db2,Bijoyor soumyo abiasly soumyo because he is a power hitter and bijoy is a odi player. 2nd - Rabbi or Mahmudullah i chose Mahmudullah because he is playing good cricket 2015 world cup in aus 😀😀😀😀,riyad,NEUTRAL
e0a539e54dc8b952,Mahmudullah... Anamul... Shomay shorkar.. Kunju-ggotay dole thakbo. Era. 3. Jon...?,riyad,NEUTRAL
581436cdb43a0809,Riyad r Mustafizz k bisram dewa howk.,riyad,NEUTRAL
fc052882d0fccde5,মাহমুদউল্লাহ কে না খেলানো ভালো বলে মনে হয়। কিনতু এটা তার শেষ আসর হিসাবে খেলাতে পারে আর এর মধ্যে সে যদি নিজে অবসর নেয় সেটা তার বেপার,riyad,FAVOR
2b236e39f0b51ad7,Riad out nannu in.bijoy out bashar in.middle ordera papon k nela valo hoi r sujon opening bowling,riyad,FAVOR
58490a4cbcad0a05,"নাটক বাদ দেন পাপন সাহেব,রিয়াদ যদি আপনাদের এতই পছন্দের হয়ে থাকতো তাহলে এত ভালো খেলার পরেও দীর্ঘ ১৭ মাস টেস্ট স্কোয়াডে রাখলেন না কেন??আর এখন রিয়াদ এর সিদ্ধান্ত হয়ে গেল অপ্রত্যাশিত ও অখেলোয়াড় সুলভ 🤔🤔",riyad,FAVOR
c2f2904bcc0bd725,আমার মতে রিয়াদ ভাই না খেললেই ভালো হয়। পাগলের দলেরা এত দিন পরে বুঝে। পাগল তো পাগলি,riyad,FAVOR
82df6cf8bfc51ec8,"সাইফউদ্দিন কই? আর মাহমুদউল্লাহ ছাড়া t20 ব্যাটিং বাংলাদেশের কেউ নাই, যে এতো দূরত্ব রান তুলতে পারে",riyad,NEUTRAL
24e4cf10851083b7,It was a crazy match and Algeria was amazing. With its star Riyad Mahrez ❤,riyad,NEUTRAL
9e5e3c030369b487,রিয়াদ ভাইয়ের বয়স এতো কমলো কেমনে? দেখে মনে হচ্ছে অনেক ইয়াং!,riyad,NEUTRAL
1e3f0724c881e550,বর্তমানে মাশরাফী ভাইয়ের পরে সবচেয়ে অভিজ্ঞ খেলোয়ার একজনই সেটা হলো মাহমুদুল্লাহ ভাই। সুতরাং বিশ্বকাপে তাকে দলে চাই।,riyad,NEUTRAL
7e9347eb9f0a12a6,"কিছু মানুষ মাহমুদুল্লাহর পিছে লাগছে বুঝলাম না কারণ কি? ওভার শেষ করতে পারছে না অনেক বল বাকি ছিল,তারপরও মাহমুদুল্লাহ কে বলছেন উনি নাকি টেস্ট খেলছে 'বাকি বলগুলো ওদেরকে বলছি খেলে আসিস",riyad,NEUTRAL
0307bd1db95a1700,"পরবর্তী ম্যাচে রিয়াদকে যদি 2 নং কিংবা 3 নং পজিশনে নামানো যায় , রিয়াদ সেঞ্চুরী করতে পারে কারণ খেলার বিরতি বলতে কিছুই থাকেনা , ভালো খেলোয়াড় ভালো খেলোয়াটই ,রিয়াদের মাঝে এটাই দেখা ,মনে হয়েছে সব সময় খেলছে অথচ 7 বা 8 মাস ধরে খেলেনি ,এটা বুঝাই যায় নি । রিয়াদ ভালো খেলুক ।",riyad,FAVOR
9d88c2fadd125c58,আলহামদুলিল্লাহ স্যালুট জানাই মাহমুদউল্লাহ রিয়াদ ভাইকে ১১১বলে ১১১রান করে প্রমাণ করলো বুড়াও পারে❤ উনার প্রতি সন্মান ও শ্রদ্ধা🎉❤,riyad,NEUTRAL
9409436aa03c2964,"Mahmudullah has done his job, but others........???????",riyad,NEUTRAL
f87ea0c05b8f5441,"Hoy toh bolche.. ""Ja ja ball kor"" 😂😂😂😂😂😂😂😂 Mahmudullah sotti valo khelche. kintu khub baje captain er fol vog korlo Bangladesh. Ami Indian khela dekhlam, commentary rao bar bar BD captainship er vulval kajer kotha guloi boltechilo.",riyad,FAVOR
d2fa45b9c6159757,রিয়াদের গড় কম থাকার একটাই কারণ পর পর ৪/৫ টা উইকেট পড়ে যাওয়া। আর ঐ মুহূর্তগুলো সামলে নিয়ে দলকে একটা সম্মান জনক রানে দাঁড় করানো...,riyad,NEUTRAL
9447360e4658fc77,রিয়াদ কে এখনো সময় আছে ফিরিয়ে আনার জন্য,riyad,NEUTRAL
a2b33fabf31e823f,রিয়াদ নেই বাংলাদেশের এর খেলা আর দেখবো না।,riyad,NEUTRAL
063af60356341126,সামনে আরও অনেক খারাপ সময় আসবে সেই দিন টিকই বুজবে রিয়াদ কে কোজবে বাংলাদেশের টিকেট শেষ বিসিবি জন্য,riyad,AGAINST
b72421bd932fa680,বিশ্বকাপ নিয়ে মাহমুদউলস্না আবার কি? নাকি মাহমুদুল্লাহর নামটাও জানেন না ভালো করে?,riyad,FAVOR
7a9b7261273b0541,মাহমুদউল্লাহ রিয়াদকে আবার জাতীয় দলে দেখতে চাই এই এশিয়া কাপেই।,riyad,NEUTRAL
2cd84385429b3753,"আমরা যারা মাঠে গিয়ে টিকিট কিনে মাঠে বসে বাংলাদেশকে সাপোর্ট করি ,আসুন আমরা সবাই মিলে মাঠে বসে খেলা দেখা বন্ধ করে দেই। কারণ একটা দলের মাঠের সাপোর্ট দেখেই বোঝা যায় যে সে দেশের ক্রিকেট সমর্থক কতটা বেশি। মাঠের সাপর্টটাই বড় সাপোর্ট। আজ যদি এশিয়া কাপে বাংলাদেশের খেলার টিকিট বিক্রি কমে যায়, তাহলে ICC এবং ACC বুঝতে পারবে মাহমুদউল্লাহর গুরুত্ব বাংলাদেশ ক্রিকেট সমর্থকদের কাছে কতটা গুরুত্বপূর্ণ। আমাদের সবার বাড়িতে কম বেশি টিভি আছে। আবার সবার হতে কম বেশি মোবাইল ফোন ও আছে। তাই আসুন মাঠের সাপোর্ট কমিয়ে দেই। ধন্যবাদ।",riyad,AGAINST
1fc99530ed2d321c,ভাই কিছু প্লেয়ার এর কারনে ফাইলান ও খেলতে পারে কিন্তু মাহমুদুল্লাহ কে দলে রাখা উচিৎ ছিল।,riyad,NEUTRAL
9504a299f9e59c40,"রিয়াদ ভাই তুমি তোমার মতো করে এগিয়ে চলো, ইনশাআল্লাহ দোয়া রইলো",riyad,NEUTRAL
fbb1fc3ce7d38656,"আলহামদুলিল্লাহ এই বছরের শেষ দিকেই মাহমুদউল্লাহ ভাই অবসের যাবেন? আমি সিউর, 😢😢😢 দল থেকে ছিটকে পড়া এই প্লেয়ারটার কত কিছু সপ্ন জয়ের জয় দেখেছি আমরা কিন্তু এভাবে দল থেকে সিলেট্ক না হওয়ার অনেক দুঃখের বিষয় 🥺🥺🥺🥺 ওয়ানডে এবং টেস্ট থেকে বিরতি হয়ে যাবে 🥺🥺🥺🥺🥺",riyad,NEUTRAL
d49a96f77bc3e08d,মান-সম্মান থাকছতেমাহমুদুল্লাহ রিয়াদ ভাইকে অবসর নেয়া উচিত,riyad,AGAINST
7101265e1698dc96,"​ @armanhossen1401 অভিজ্ঞতা দিক দিয়ে সৌম্য,,রিয়াদ দুই জন থাকা উচিত ছিল আফিফ আর নাঈম এর জায়গায়",riyad,NEUTRAL
2b4efcc530203baf,Newzeland Series and worldcup e Riyad+soymo sarker team thaka ta important..... My experience / Team experience.,riyad,NEUTRAL
7619d7a6718039df,রিয়াদ ভাই কে কেন নেওয়া হলো না এর ব্যাখ্যা তো দিতেই পারলো না তাহলে উনি কিসের নির্বাচক...?,riyad,NEUTRAL
898b87fe4918525c,মাহমুদউল্লাহ রিয়াদ ভাই তার সমস্যা কোন জায়গায় কিলির করেন,riyad,NEUTRAL
af35092acbd9d790,"একটা মেছ ওও যেন জিততে না পারে, এই দোয়া করি,, রিয়াদ কে নিলে কি এমন হতো হা,,নান্নু গং রিয়াদ কে নিলো না 😢?",riyad,NEUTRAL
5b09fa3e71c69802,nanu kade keno.. or galai pa diye dol goshona hoiche... ?? Riyad should be their,riyad,NEUTRAL
c7bf7d0ed0d8fedf,"It’s not that Mahmudullah has to be in the team, but sad is the politics clearly got involved in that 💯 %….. shameless people……😮😮😮",riyad,AGAINST
60b2c7bb471e5c52,নান্নু তোমাকে সম্মান দিয়ে কথা বলতে পারলাম না।রিয়াদ কে দলে চাই,riyad,NEUTRAL
b96b10cbfc982659,"কি দেখে এদের মনে হয় যে রিয়াদের থেকে আফিফ, শামিম পাটোয়ারি ভালো খেলে আমার বুঝে আসে না",riyad,FAVOR
964c8e5a20b62a4f,চিন্তা নেই রিয়াদ কে নিউজিল্যান্ড সিরিজ দিয়ে বিশ্বকাপে আনা হবে,riyad,NEUTRAL
9c1622a28f112440,এরা বাংলাদেশের ক্রিকেট বোডের সব দালাল ভালো লোকের দাম নাই এদের কাছে বাংলাদেশ ক্রিকেট কে এরাই নষ্ট করলো অযোগ্য লোক দের মূল্যায়ন করে টাকা বিনিময়ে আর যোগ্য লোকদের সাইড লাইনে বসিয়ে রাখে মাহমুদুল্লাহ রিয়াদ একটি নাম নয় একটি ব্যান্ড বাংলাদেশ ক্রিকেটে শুভ কামনা রইলো আমাদের প্রিয় খেলোয়াড় মাহমুদুল্লাহ রিয়াদের জন্য দেখবো বাংলাদেশ কয়টা টফি জিততে পারে 😢😢😢😢,riyad,FAVOR
eceb98b5c403f7c1,"মাহমুদুল্লাহকে তুই জানিস মাহমুদুল্লাহ কি জিনিস তুই জানিস তুই কি ভুলে গেছিস মাহমুদুল্লাহ ফাস্ট ওয়ার্ল্ড কাপে বাংলাদেশের সেঞ্চুরিয়ান,, আজ বাংলাদেশ ক্রিকেট বোর্ডের মাহমুদুল্লাহ রিয়াদের না আসে মামা না আসে চাচা না আছে বড় ফ্যান পেজ😂😂😂",riyad,AGAINST
277e9e136f300738,এর আগে তো রিয়াদ কে নিয়ে অনেকগুলো এশিয়া কাপ খেলছে সেখানে কি বাংলাদেশ হারেনি?,riyad,NEUTRAL
cf5ee9404511e52f,"@mdratulhassan9767 mahmudullah tho matach eka jetate parbena kokonoi, tokon er team r akhon er team ek na, tokon serokom kono valo bowling silona jeita akhon ase, r batting side o akn motamoti agher tekhe valo tho mahmudullah re team e takle team ta aro balanced hoto.",riyad,NEUTRAL
4c6d545447b4df38,"@sohelsohel4069 boka boka kotha apni e bolsen karon bangladesh team er hoito last one day koyekta match dekhen nai jekhane bangladesh 50 over e tiktak khelte parena sekhhane match ta dore khelar moto mahmudullah sara r keu e nei last e. afif bolen, mahedi bolen r shamim bolen 1 ball o tikte pare 10 ball o tikte pare r tader performance e ba ki team e takhar bolen?",riyad,NEUTRAL
22c432ef0e1fbfce,শান্ত বাদ হলে অনেক ভাল হবে রিয়াদ কে বাদ দেওয়া ঠিক হবেনা কারন রিয়াদের পরিবর্তে কেউ আছে কি আজ ও,riyad,NEUTRAL
19cec7f4594b9a90,যদি রিয়াদ ভাই বাদ পড়ে। তাহলে বাংলাদেশের টি টুয়েন্টি খেলা দেখা বন্ধ করে দিবো।,riyad,AGAINST
80965e1da1f4f842,রিয়াদ ওয়ানডে খেলোয়াড় তাকে এখন টি20তে একদম মানায় না!,riyad,NEUTRAL
f0fec49913658726,রিয়াদ ভাইকে এশিয়া কাপে দেখতে চাই তা না হলে জীবনে আর খেলা দেখবনা,riyad,NEUTRAL
7d5208942bd50b6f,রিয়াদ ভাই কে রাখলে ভালো কারণ রিয়াদ ভাই একজন ভালো ক্রিকেটার,riyad,FAVOR
ac70f193f645daab,Mahmudullah Riyad na thakle akta match k dekbo na love you bossmr30,riyad,FAVOR
59f637774c68daf7,রিয়াদ কে বাদদেওয়াটা মোটেও সঠিক সিদ্ধান্ত হবে না। কারন রিয়াদ একজন ভালো মানের খেলোয়ার একজন অভিজ্ঞ খেলোয়ার যে কোন সময় দলকে সেরাটা দিতে পারে।,riyad,FAVOR
f1bda91d9ee65fb1,"I’m really worried about our BCB management and it’s quality! Riyad is a perfect hitter for Bangladesh team with solid technics. No batters in bd team are hard hitter than riyad. His timing and accuracy are just phenomenal. He has the ability to build big scores with reasonable strike rates. How could he be excluded from the team? BCB management has gone mad, I guess.",riyad,NEUTRAL
a6d577e43fdb9ffe,রিয়াদ কে বাদ দেওটা কি ঠিক হলো.?শেষ সুযোগ টা দেওয়া যেতে পারতো তো..,riyad,AGAINST
512928ba5af230b7,বদলে রিয়াদকে বাদ দেওয়া ঠিক হবেনা। এটা খুবই দুঃখজনক হবে। রিয়াদ টি-টোয়েন্টি রেংকিং এ অন্য সবার চেয়ে ভালো পজিশনে আছে।,riyad,FAVOR
6ad0124456f094d4,রিয়াদ কে বাদ দিয়ে ভালো হয়েছে কারণ ও ভালো খেলে আর শান্ত তো আপনারা সবাই জানেনই কিন্তু সাব্বির আর সোম্য হার্ড হিটার প্লেয়ার টি ২০ তে হার্ড হিটারই দরকার,riyad,FAVOR
4a4cd40a7f21cd43,রিয়াদ ভাই বিকল্প নেই রিয়াদ বাদ না দিয়ে অন্য কাউকেই বাদ দেও,riyad,AGAINST
2405be6488591171,যারা খেলা বুঝেনা তারা মাহমুদউল্লাহকে নিয়ে সমালোচনা করে।,riyad,AGAINST
3c592aad9710b94d,"ভাই ৩০০ রান ওভারটেক করার মত বাংলাদেশে পাওয়ার হিট আর কেউ নেই, এ কারণে এখন মাহমুদুল্লাহকে দরকার, যদি সে নার্ভাসনেস কাটায় আসতে পারে।",riyad,NEUTRAL
8296e5ab3b57e33c,@tina7459 জানি না আপনি খেলা দেখেন কিনা মাহমুদউল্লাহর অবদান আপনি হয়তো ভুলে গেছেন এই জন্য আপনি এই ধরনের মজা করেন।,riyad,AGAINST
aaa0d43c172c6f7b,"শুধু রিয়াদ নয় , সারা দেশে লক্ষ্য লক্ষ্য এন সি পি র রিয়াদ আছে আর এটা এখন তদন্তের বিষয়ে পরিণত হয়েছে সত্য প্রকাশিত আজ বা কাল।",riyad,NEUTRAL
8baf8fa72d33e35d,"এই রিয়াদের কঠিন শাস্তি হতে হবে ১ সপ্তাহের মধ্যে।। শফিকুল ইসলাম মাসুদের পাশের ছবিটি কিন্তু ভিন্ন, কোন সমাভেশে সাধারন মানুষের মত করে দাড়িয়ে থেকে ছবি তোলছে।। এনসিপি র উচিত হবে আরো তদন্ত করে এরকম আর কজন রিয়াদ আছে?",riyad,NEUTRAL
c0b4733d6680260e,বৈষম্য যদি নতুন সংগঠন এন সি পি সবসময় বিএনপিকে চাঁদাবাজের ট্যাগ দিয়ে দিয়ে চলে এতদিন এখন তাদের নামের সমন্বয় হিসেবে চাঁদাবাজি করছে রিয়াদ। তাহলে বুঝা গেল এই সমস্ত সুবিধাবাদীরা সব দলেই চিপা চাপায় লুকিয়ে স্বার্থসিদ্ধি করছে এইরকম মুখোশধারীরা থাকবেই স্বাভাবিক কিন্তু রাজনৈতিক সংগঠন গুলোর উচিত এদেরকে সংগঠনে আশ্রয় না দিয়ে আইনের হাতে তুলে দেওয়া। দলগুলোর উচিত যাকে সংগঠনের সদস্য হিসেবে নিবেন তাদের বংশ পরিচয় ব্যক্তিত্ব চরিত্র দেখে সংগঠনের স্থান দেওয়া উচিত। তা না করতে বলে কোন আশা-আকাঙ্ক্ষা পূরণ হবে না।,riyad,AGAINST
b95b5a3bdbf5a14f,রিয়াদ ছাত্রদের আন্দোলনকে কে ধ্বংস করে দিয়েছে। এর কঠিন শাস্তি হওয়া উচিত।,riyad,NEUTRAL
631855fb6d0cb0ab,আবদার করে একটা পিকচার নিলেই কি ঘনিষ্ঠ সম্পর্ক হয়ে যায়? সংবাদ পঠিকার উপস্থাপনা হাস্যকর। তবে রিয়াদ আসলে ছদ্মবেশী প্রতারক এধরনের প্রতারক সমাজে সবসময় থাকে তবে সামনের দিনগুলোতে আরো বেশী দেখা যাবে হয়তো নতুন রূপে সাবধান থাকতে হবে সবাইকে।,riyad,AGAINST
15ddf5691db71afd,রিয়াদ বহুরূপী খুব ধুরন্দর একটি ছেলে। ছেলেটার যোগ্যতা আছে বলতেই হয়।,riyad,NEUTRAL
8a8f7ab8b251cc8a,সমন্বয়ক রা তো এদেশ ভালো কোনদিন চায়নি তারা চেয়েছে ক্ষমতা!!এনসিপি তার বড় প্রমাণ ছোট খাটো এরকম হাজার রিয়াদ আছে,riyad,FAVOR
31b949696391e551,কয়!!আপনার মিডিয়া তো একবারও বললো না যে রিয়াদ বাচসাস এর কর্মী ছিলো!!?,riyad,NEUTRAL
5e8c4bad89a6cd2b,Mahmudullah ke badd dia team er ekhn aro valo hobe. Boyosh hoise Riyad er Form e nai,riyad,NEUTRAL
bc40ae83115f318f,আজব তো ভাই রিয়াদকে বাদ দিলেই ক্রিকেট ধ্বংস হবে এটা আপনাকে কে বললো রিয়াদের থেকেও কত ভালো মানের খেলোয়াড় আগেই অবসর নিছে তাতে কি ক্রিকেট থেমে আছে। আর রিয়াদের বয়স হয়ছে তাকে নিয়ে এত আবেগের কিছুই নাই,riyad,NEUTRAL
4e66d840101efab3,মাহমুদউল্লাহ রিয়াদ ভাইয়ের উচিত এখনই অবসর নিয়ে নেওয়া।,riyad,AGAINST
b5c203616e2d7ad5,রিয়াদকে অবশ্যই বিশ্বকাপ দলে চাই। না হলে নান্নু বাহিনীর পদত্যাগ চাই ।,riyad,NEUTRAL
6854daa35a39ed79,আমি মানিকগঞ্জ জেলার একজন বাংলাদেশ প্রেমিক বক্ত। মুসফিক ভাই মাহমুদুল্লাহ ভাই আমাদের মানিকগঞ্জে বিয়ে করছে😍😍😍অাবার আমাদের বিজয় মেলার মাঠে ক্রিকেট খেলেছে খুব ভালো একটা ইনিংস মাহমুদুল্লাহ ৬৬রান করলো আবার আব্দুর রাজ্জাক ভাইয়ের বলে বোল্ড আউট হলো আমি চাই দুজনকে সুযোগ দেয়া হোক,riyad,FAVOR
0b8311cc3533e300,"আহা খুব কস্ট লাগে মাহমুদউল্লাহ ভাইয়ের কথা মনে হলে আরে এ-ই ছোট্ট দল অন্যরা যে ডাব্বা মারে মাহমুদউল্লাহ ভাইকে সুযোগ দেন দেখেন প্রতিটা খেলায় আর কিছু না করুক কমছে কম ৫০ করবে,,,, মাহমুদউল্লাহ ভাইকে সুযোগ করে দিন,,,,",riyad,NEUTRAL
cea6c2c1a642f853,সঠিক কোন সদুত্তর নেই রিয়াদ ও মুশির ব্যাপারে,riyad,NEUTRAL
b59e8d8c1c423ad2,Mahmudellah Riyad who every cricket fan easily......So cricket board destroy cricket......,riyad,NEUTRAL
71ef2dc030701235,রিয়াদ কে নিয়ে নিউজ ব্যাবসা আর কত করবে এই ৭১????????,riyad,NEUTRAL
58be2a0c909aaf7e,"রিয়াদ রিয়াদ রিয়াদ কেনো এতো পেচাল,যারা ভালো খেলে তারাই খেলবে",riyad,FAVOR
2d6f5633d0d02bb4,"রিয়াদ ওয়ান্ডে আর একবার সুজুগ পেলে দেখিয়ে দিবি সে এখনো ফুরিয়ে যায় নী, যেটা জিম্বাবুয়ের সাথে ১৫৭ রান করে অবসরে গিয়েছিলো",riyad,AGAINST
b21279000ac21936,একজন ক্রিকেটারতো সর্বোচ্চ পরিশ্রম করতে পারে । দেশে কি আর কোন উপার্জনের জায়গা নেই । আমি চাই মাহামুদুল্লা রিয়াদ যে কোন পদক্ষেপের মোকাবিলা করতে পারবে ।,riyad,NEUTRAL
fb26c67a571e00a1,"ভাই টিম সিলেক্টারদের কাছে আমার একটাই প্রশ্ন তারা যে রিয়াদে পরিবর্তে যাকে খেলাচ্ছে তার তো কোন ফর্মই নেই। তাহলে তাকে কেন বারবার সুযোগ দেয়া হচ্ছে দলে? আর বাংলাদেশ ক্রিকেট বোর্ডের যে অর্থায়ন এটা আসে কোথা থেকে? কিসের জন্য এটা আসে? মূলত এটা আসে আমাদের ক্রিকেটের জন্য আমাদের ক্রিকেটারদের অর্জনের জন্য। এখন আমার কাছে প্রশ্ন হল যারা ভালো খেলে তাদেরকে বাদ রেখে কেন অফ ফর্মের প্লেয়ারদের খেলানো হচ্ছে? মাহমুদুল্লাহ রিয়াদ ফার্মে থাকুক আর নাই থাকুক আমরা তাকে জাতীয় দলে দেখতে চাই এবং বিশ্বকাপ খেলাতে চাই। মিনহাজুল আবেদিন নান্নু তার কি যোগ্যতা আছে আমি জানিনা কিন্তু কিন্তু মাহমুদুল্লাহ দেশের জন্য অনেক কিছু মাহমুদুল্লাহ রিয়াদ দেশের জন্য অনেক কিছু করেছে এটা অনেক অবদান আছে দেশের জন্য দেশের ক্রিকেটের জন্য। একটা প্রবাদ আছে, মানিকে মানিক চেনে শুয়োর চেনে কচু, বাংলাদেশ ক্রিকেট বোর্ডের টিম সিলেক্টরদের এখন এমনই অবস্থা হয়েছে।",riyad,FAVOR
9aed31890c7ebb58,"ভাই কেউ রিয়াদ কে বিশ্বকাপ দলে ঢুকানোর ব্যবস্থা করেন‌ প্লিজ, রাব্বি হাব্বি দিয়ে বিশ্বকাপ জেতা যাবে না, ওয়ানডেতে রিয়াদের জায়গায় ওর বিকল্প কেউ নেই, প্লিজ ভাই",riyad,NEUTRAL
48fc44e9a748f4a1,"You should stop this kind of yellow journalism. When Riad is dropped for the greater good of the future, you are hyping why he was axed but the same you will do the exact similar report when Riad will flop if he got selected for the upcoming WC in India. You guys are playing with the emotion of the fans which will help you to sell your garbage, nothing else. You also deep down know that, Riad is already done and dusted, he is not a good fit into this team anymore but you keep reporting this unnecessary things cause you need views.",riyad,NEUTRAL
00b57e81604fd1e8,রিয়াদ রিয়াদ কেন করেন ভাই বুঝলাম না। ওর এখন আর কামটা কি! সারা জীবন তো আর কেউ খেলতে পারেনি।,riyad,NEUTRAL
2a504abca9c5ae37,শাওয়ার নিউজ করেন রিয়াদ কি উড়ে আসছে নাকি,riyad,NEUTRAL
0e2032a5348896ca,রিয়াদ সবচেয়ে অভিজ্ঞ।রিয়াদের ম্যাচ স্লু হয়ে যায় কারণ টপ অর্ডার প্রতিনিয়ত ব্যর্থ হলে চাপ বাড়ে রিয়াদের উপর। ওপেনাররা ভালো শুরু করে দিতে পারলে শেষে রিয়াদ জড় তুলতে পারে। বিশ্বকাপে রিয়াদকে চাই।,riyad,FAVOR
ee4c80eb68ae5714,"মাহমুদুল্লাহ রিয়াদকে দলের সঙ্গে বিশ্ব কাপ খেলার সুযোগ করে দিন সে একজন অভিজ্ঞ ব্যাটসম্যান বিশ্ব কাঁপে অনেক ভাল খেলবেন তিনি ok,,,,,,,,,,",riyad,FAVOR
28ad1f4b881aa579,রিয়াদ ভাই অস্ট্রেলিয়ায় কন্ডিশনে ভালো খেলবে পেজ বান্ধব ক্রিকেটে ভালো করবে কারণ কেরিয়ারের শেরা ইনিংসগুলো এই ধরনের উইকেটে । যদি সে দলে নাথাকে সেটাই হবে বড় ভুল বিসিবির বিসিবির,riyad,FAVOR
cd842be2e11fda82,বাংলাদেশের সব সিনিয়র ‌‌ক্রিকেটারের মধ্যে রিয়াদ হচ্ছে সব থেকে সেরা T20 স্পেষালিষ্ঠ। তাই এই অভিজ্ঞ ক্রিকেটারকে আর একবার সুযোগ দেওয়া উচিত।,riyad,FAVOR
24d86958dc2363a2,"মাহমুদুল্লাহ রিয়াদকে কমপক্ষে এই টি টুয়েন্টি বিশ্বকাপে রাখা উচিত , , , সিনিয়র প্লেয়ার ইনশাআল্লাহ ইচ্ছে করলে ভালো কিছু দিতে পারবেন দলকে।",riyad,FAVOR
c52a84ab5f66481e,"রিয়াদ ভাইকে দলে দেখতে চাই,,,i love you riyad vai..",riyad,FAVOR
37af6943acc0b82e,আমরা রিয়াদ ভাইকে চাইই চাই... যদি রিয়াদ ভাইকে না নেওয়া হয় আমরা বিসিবিকে একদিন কাঠগড়ায় দাড়া - করাবোই.. ইনশা আল্লাহ 👍💖,riyad,NEUTRAL
3d3332e887dffbde,"মাহমুদউল্লাহ রিয়াদ কে দলে চাই, সে অষ্ট্রলিয়া নিউজিল্যান্ডে পূর্বে ভালো করছে, এবারও ইনশাআল্লাহ ভালো করবে",riyad,FAVOR
02d313bd914f1aaf,সুন্দর কথা বলেছেন ভাই । ও প্রায় সময়ই চাপে পরে। সবাই আউট হয়ে গেলে চোখ থাকে রিয়াদ ভাইয়ের উপর । তখন থাকে আউট হওয়ার ভয় । রিয়াদ ভাই যে চাইলেই জোড়ে শট খেলতে পারে এটা মনে হয় কিছু দর্শক ভুলে গেছে,riyad,AGAINST
4c4f4e19e25909d7,"বাংলাদেশিরা এমন আমি যখন অধিনায়কথেকে বাদ পরেছি আমিও দেখে নিব কি করে খেলা জিতে🙄ইতি, মাহমুদুল্লাহ",riyad,NEUTRAL
a2394148e8754359,"মাহমুদুল্লাহ রিয়াদ সবসময় ভালো খেলে আর সামনেও ভালো খেলবে ইনশাআল্লাহ।। তিনি নিজের জন্য নয়, তিনি দেশের জন্য খেলেন।।।",riyad,FAVOR
c1057aa2d0387710,Last 6 innings e bangladesh er prothom 4-5 wicket milla o mahmudullah er total run er soman run kore nii.. eita kos na ken. Mahmudullah best player of BD.,riyad,FAVOR
6bcc9ccbdf8e0ad4,"ভাই রিয়াদ কে আর একটা সুযোগ দ্যান,ও অস্ট্রেলিয়ার কন্ডিশনে ভালো করবে",riyad,FAVOR
59476aa67e99abe1,রিয়াদ ভালো করবি অস্ট্রেলিয়ার মাটিতে এটা আমাদের চ্যালেঞ্জ রিয়াদ না থাকলে দলে হাল ধরবেন কে তাই রিয়াদকে দলের চাই রিয়াদ একজন সিনিয়র প্লেয়ার তাকে দরকার আছে,riyad,FAVOR
45e3d9c33e50cc41,মাহমুদুল্লাহ রিয়াদ একজন অভিজ্ঞ ব্যাটসম্যান মাহমুদুল্লাহ রিয়াদকে দলে চাই আমরা,riyad,NEUTRAL
74fd8c3851167490,"সহমত ভাই,, উদাহরণ সরুপ মাহমুদউল্লাহ,, এক সময় দিছিলো তখন ভালো ছিলো,,এখন বাজে ফর্ম দেখে অপমানের সহিত বের করে দিতে চাইতেছে,,,খুবই বেদনাদায়ক 😭😭😭😭",riyad,FAVOR
e50ea1076d92a201,"ওপেনাররা ৮৪,১০৪ স্টাইকরেটে ব্যাটিং করেও দলে ঠিকে যান তাহলে রিয়াদ কেন নয়? রিয়াদের চেয়ে ভালো স্টাইকরেটে কয়জন ব্যটার বাংলাদেশ টিমে আছেন। কেউ বলতে পারবেন?",riyad,FAVOR
b3fbf95425dd2b92,দেখা যাক রাব্বি কি করতে পারে।রিয়াদ ভাইরে রাখাই ভালো,riyad,FAVOR
70ee29fed8efe6ba,রিয়াদ কে রাখা উচিত কারন অবিগতার একটা বেপার আছে,riyad,NEUTRAL
6c3b95a6f48a33a7,Mahmudullah jodi ei world cup e retirement plan kore Tahole take world cup plane rakha jete pare. Ak jonke player er chance mone hoy amra nite pari. Ar ei sesh shomoy eshe tar purota ningre die holeo kisu valo innings rekhe jete chaibe.,riyad,NEUTRAL
04e130a444e3d151,riad vi er experience kaje lagbe. World cup onno jaiga jekhane experience er onk value.r riad vi er theke ahamori vlo player k?,riyad,NEUTRAL
0ec283abc3652c72,রিয়াদের উচিত রাব্বির জন্য নিজেকে প্রত্যাহার করে নেয়া উচিত। এতে তার প্রতি সম্মান আরো বাড়বে!,riyad,NEUTRAL
bb8e7b2d77858932,মাহমুদুল্লাহর স্ট্রাইক রেট ভালো নয় সত্যি কিন্তু দলে অন্তত ২ জন সিনিয়র প্লেয়ার থাকা দরকার কারণ কঠিন সময়ে এরাই তরুণদের আস্থা দেয় তার ওপর আমাদের সম্পূর্ণ তরুণ নির্ভর দলের পূর্ব ইতিহাস ও খুব একটা ভালো নয়,riyad,FAVOR
8a9f40ae9163272c,রিয়াদ ভাই এর অভিজ্ঞতার দাম রাব্বির ভালো খেলার চেয়েও অনেক বেশি।।,riyad,FAVOR
9d69cfa402069efa,"আমার মতে মাহমুদউল্লাহ কে টি টোয়েন্টি দলে রাখা উচিত,,,",riyad,NEUTRAL
303a8b03ed32386d,মাহামুদুল্লাহ রিয়াদকে সেরা একাদশে খেলতে দেখতে চাই আমার সাথে কে কে আছেন,riyad,FAVOR
21d65ae6bd904ac4,"মাহমুদউল্লাহ কে দলে রাখা হোক,এত বড় মঞ্চে অভিজ্ঞতা দরকার আছে,আর অভিজ্ঞতা সাথে সাথে দলের করুন মূহুর্তে কিভাবে হাল দরতে হয় তা মাহমুদউল্লাহ খুব ভালো করেই জানেন।",riyad,FAVOR
6aaa4a237229571f,আমার মনে হয় না রাব্বি রিয়াদের থেকে ভালো খেলবে। সুতরাং রিয়াদকে নেয়া হোক। মুসতাফিজকে বাদ দেয়া হোক,riyad,FAVOR
d820d1f24c18a0ba,সেদিনের ইয়াসির রাব্বির সাথে মাহমুদউল্লাহর তুলনা হাস্যকর। মাহমুদউল্লাহকে দলে চাই।,riyad,NEUTRAL
7cfa363c1b5eb5ff,Top order jkane bertho hoi sekane Mahmudullah attacking khelbe kiavve?? Out hoile th 100 run o par hve nh😡,riyad,FAVOR
e67c31868d5928a9,Riyad bad! Riyad k dole rakhle bd team astakure poche morbe.... Riyad bab,riyad,AGAINST
74d20c0f102b576d,"রিয়াদকে চারে খেলালে আরো ভালো করবে ,টপ অর্ডারের সাবাই যখন ভালো করতে পারে না তখন লো মিডেল অর্ডারে চাপ বাড়ে তখন ১২০ থেকে ১৩০ ষ্টাইক রেটে ব্যাটিং করা সম্ভব না আমাদের কর্তা ব্যক্তিরা এই সহজ হিসাব টা বুঝেনা তারা নতুনদের সুযোগ দিবে বিশ্বকাপে যারা পারফর্ম করতে পারে না সুযোগ দিবেন ভালো কথা আগে কি করছেন এখন কেন?",riyad,FAVOR
c34f924ca8a12922,"রাব্বি কি এমন করবে যে এটা জাতি ভালো করে যানে,রিয়াদ ও বাদ রাব্বি ও বাদ অন্য অনেক ভালো খেলোয়াড় আছে তাদের কি বিসিবি দেখে না নাকি নান্নু কে টাকা দিয়ে দলে জায়গা করতে হবে 😷",riyad,FAVOR
515653480f2b2ae2,"লাহাওলাকু ওয়াতা ইল্লাবিল্লা, খালি মাহমুদুল্লাহ মনে হয় যেমন এর চেয়ে অনেক ভালো মানের অনেক খেলোয়াড় আছে। আছে তবে শান্ত /বিজয়",riyad,FAVOR
74d383705104d53d,Riyad er lojjha onek kom.. Ei jonnoi ekhono retired nicce nah,riyad,AGAINST
715d6e28b65763bb,৫০রানে ৫ ওকেট নেই তার পরে রিয়াদ ভাই যখন ম্যাচ দরে রাখে তখন বলে ওনি বল বেশি খেয়ে পেলে আরে সালা ওনি যদি ম্যাচ না দরেন তা হলে ৭০/৮০এর মধ্যে অল আউট হয়ে যাবে,riyad,NEUTRAL
a75e3e267eb798c9,মাহমুদুল্লাহ রিয়াদ একজন অভিজ্ঞ প্লেয়ার তাকে টি-টোয়েন্টি স্কোয়াডে রাখা উচিত,riyad,NEUTRAL
ce0c4b64bf9e6b38,রিয়াদ ভাই না খেলে একটা ম্যাচও জিততে পারবো না বাংলাদেশ,riyad,NEUTRAL
42bb1cc4a3e24d6f,I think Mahmudullah shouldn’t be in the T20 anymore with all due respect for what he has done for our crickets. He is fine in 50 overs along with mushfique.,riyad,FAVOR
e84a47d49ac5e5b6,মাহমুদুল্লাহ রিয়াদ আমাদের প্রত্যেক ম্যাচে ক্যাচ মিস করে আর দল হারে তারপরও ওকে নিয়ে এত আলোচনা করার কোন কারণ নেই এবার ওনার অবসর নেয়া উচিত না হলেও নিজেই নিজের মান সম্মান হারাবে,riyad,AGAINST
3f7310fb2e38ed47,ভাই তোমার কথাগুলো খুব ভালো লেগেছে দোয়া করি তোমার জন্য এবং আমার প্রিয় খেলোয়ার মাহমুদুল্লাহ ভাইয়ের জন্য।,riyad,FAVOR
19aaf89a0e36df51,ভালো খেলোয়াদের যোগ্য নয় সেটাই প্রমাণ করলো রিয়াদ ভাইয়ের জন্য দোয়া রইলো,riyad,FAVOR
a8b0e55cfc7d8f4d,Dot baba shanto is back mahamudulla Riyad out very shoking,riyad,FAVOR
987d723eb3b31418,"বাংলাদেশের খেলা দেখা সেশ,,,আমি জার খেলা দেখতে টিবির সামনে বসে থাকতা একন মনে হয় আর খেলা দেখব না,,মিস করব,, রিয়াদ কে অনেক ভালো নাসি তাকে",riyad,FAVOR
97e9a2b694a836fc,আমি এক কথায় বলতে চাই বাংলাদেশের সেরা প্লেয়ার থাকলে মাহমুদউল্লাহ ছাড়া আর কেউ নেই।,riyad,FAVOR
6201cbdbcb50fc76,আমার ময়না ভাই এই ব্রেনের নিয়ে বাংলাদেশে একটা মেসেজ জিততে পারবে না আমিও দেখবো রিয়াদের জায়গায় যারা খেলে তারা কতটুক ভালো খেলতে পারে,riyad,FAVOR
526c0e2a9cc6792c,এটা ঠিক হই নাই রিয়াদ ভাই তাখলে ভালো হতো😭😭😭😭😭😭,riyad,FAVOR
8c37624cf48d608d,আমার যা মনে হচ্ছে যে মাহমুদুল্লাহ কে এই বিশ্বকাপে একটা সুজগ দেয়া উচিত ছিলো,riyad,NEUTRAL
f9e06c25b667ae77,ভাই গত এক বছর দের বছর মাহমুদুল্লাহ ফরমে নাই । তাই পরে খারাপ করলে আমাদের আরো খারাপ লাগদো। তাই তাকে বিশ্রাম দেয়া হয়েছে আবার ভালো খেললে দলে ডাক পাবে,riyad,FAVOR
044f5b670f43911d,ইমরুলকে আজকের দল দেখতে চাই এবং মাহমুদুল্লাহকে ও দেখতে চাই,riyad,NEUTRAL
8f9f018701d2e5a7,রিয়াদ ভাইয়ে জন্য দোয়া ও শুভকামনা রইল এশিয়া কাপে ভালো করবে ইনশাআল্লাহ 🤲🤲🤲🌺🌺🌺,riyad,FAVOR
836c3dafe3c9b6f8,এরা সাংবাদিক না সাংগাতিক কয়দিন আগে রিয়াদ এমন ও ভালো না ওর পরিচালনা ভালোনা ।,riyad,FAVOR
d7e4ff8801e1409b,মাহমুদুল্লাহ রিয়াদকে বিশ্ব কাপ বাছাইয়ে দেখতে চাই,riyad,NEUTRAL
53cf8de242846e2c,মাহমুদউল্লাহ রিয়াদ কে স্কোয়াডে দেখতে চাই নান্নু চোরা 🤒🤒,riyad,NEUTRAL
2540016827ed2578,"পুরো সিরিজ আফিফ খারাপ খেলছে কিন্তু তাকে এই সিরিজেও রাখা হয়েছে কিন্তু মাহমুদউল্লাহর মত অভিজ্ঞতা সম্পন্ন প্লেয়ার কে রাখা হয়নি, কি বলবো হতাশ আমি 😢",riyad,AGAINST
591b080b4efb3ee9,মাহমুদউল্লাহ রিয়াদ কে কেন দলে নেই জাতি জানতে চাই।,riyad,NEUTRAL
4e6fe9a2b78c2ec5,amar kache mahmudullah is very good captain and batsman,riyad,NEUTRAL
fa77dff601c273b8,How about others avg? Don't be biased. Riyad is the highest run scorer in T20,riyad,NEUTRAL
6cc1d3d7272f127b,অধিনায়ক হিসাবে রিয়াদ মোটেও ভালো নয় তবে তাকে টি টোয়েন্টি দলে রাখা উচিৎ তাই বলে সোহান ক্যাপ্টেন এটা তো মানানসই নয় তার তো দলে থাকা নিয়েই সন্দেহ,riyad,FAVOR
4147c86c4c83c577,সংবাদ দেখে মনে হচ্ছে রিয়াদ একাই খেলে মাঠে বাকি 10 জনের কথা বলেন না কেনো,riyad,AGAINST
b3876290af78a95c,Eke toh apnarai bolen riyad mukhosto captaincy kore take diye chole r take bad dea hole boltesen riyad ke captain theke bad dea koto ta juktihukto. What a hipocrasy,riyad,AGAINST
f3d5ae872947c6cb,"মাহমুদউল্লাহ রিয়াদ এর মতো এতো শান্ত শিষ্ট ভদ্র প্লেয়ার যেখানে রেগে যায়! সেখানে কতটা পক্ষপাত মুলক আম্পায়ারিং হয়েছে, তা বলার অপেক্ষা রাখে না।",riyad,NEUTRAL
9b0deaa591a0b7ea,ঘরোয়ার সবকিছু যে কত নিম্নমানের তা বারবার প্রমাণিত হচ্ছে - মাহমুদউল্লাহর মতো শান্তশিষ্ট প্লেয়ারের রেগে যাওয়া এটাই প্রমাণ করে।,riyad,NEUTRAL
099639e3d72aa42f,Mahmudullah amar fvrt player....kintu eta wide e chilo....,riyad,NEUTRAL
8dc92eabeab0512b,Mahmudullah rag Hobe na to ki Hobe umpire ki kana chilo? wide hoy nai uni tao wide dise sobai dakhtesi wide ta hoy nai ato faltu umpiaring chi chi!!!,riyad,AGAINST
537d53296e936ac3,আর এই বলটা তো হোয়াইট ছিল। শুধু শুধু মাহমুদুল্লাহর নিয়ে ন্যাকামি।,riyad,NEUTRAL
ff3cdcd91158e2a8,মাহমুদুল্লাহ রিয়াদকে প্রবাবলি নিচের দিক বেটিং করতে হবে 8 নম্বর অথবা 7 নম্বর.,riyad,NEUTRAL
a38efc7227270e79,রিয়াদ ভাই কে সরানো মানে তাকে সাইড করে দেওয়া।,riyad,NEUTRAL
cfc79cb3624bc365,দারুন ছিল প্রতিবাদের ভাষা ধন্যবাদ মাহমুদুল্লাহ ভাই,riyad,AGAINST
e717fe2caa3081e3,একদিন রিয়াদ আপনাদের কথার জবাব দিয়ে দিবে ইনশাআল্লাহ 🥰 আপনারা হলেন সুবিধা পাটি যারা এক ম্যাচ ভালো খেলবে তাদের পক্ষ নিবেন আর যারা খারাপ খেলবে তাদের খারাপ বলবেন রিয়াদ এখনো যেমন খেলে ভালো খেলে কারণ বাংলাদেশে এখনো কোনো আদ্রে রাসেল এর মতো খেলোয়াড় তৈরি হয় নাই।,riyad,FAVOR
f1480b57aedd2370,"riyad should continue to play, his 20 - 30 runs plays a role in the game..",riyad,NEUTRAL
c4b209b4312aa199,Na. Middle order e sby mere khelleo hoy na. Riyad ekside dhore khelle onno side er playder subidha hbe. R ekjn dhore khela player khub e dorkar,riyad,NEUTRAL
2b9938409bd6c456,"মাহমুদুল্লাহ রিয়াদ ভাই যে জায়গায় খেলে সেই সময়টা দলের বিপদে দলকে আগলে রাখে তার মত অভিজ্ঞ এবং ঠান্ডা মাথার প্লেয়ার আপাতত নাই, কিন্তু তার বদলে শুধু একজনই নামতে পারে সেটা হলো নোমান কাকু",riyad,NEUTRAL
e218930b3aa01970,Riad ke team rakhlei bhalo just batting order ta aktu upore korlei bhalo khelbe inshallah,riyad,NEUTRAL
c30bb23b6ca3e988,রিয়াদ বিশ্বকাপ পর্যন্ত থাকলে ভালো হবে ভালো কিছু দিয়েই বিদাই নিতে পারবেন ইনশাআল্লাহ,riyad,FAVOR
591f9ea3951b8ec4,রিয়াদ আপনার কি করছে আপনি রিয়াদ এর পিছনে চলে গেছেন কেন। আফিফ ভালো খেলে বাট নতুন আর কেউই ভালো খেলে না,riyad,FAVOR
9a2b88b1a28b66c2,আমি মনে করি রিয়াদ আরো কিছু মেস খেলানো হোক। মাহমুদউল্লাহ আরো ভালো কিছু পব আশা করি।,riyad,FAVOR
874a6bf4fcc271b6,ঠিক কাজটিই করেছে। কোনকালেই এরা টি২০ তে ভালো পারফরমার ছিল না। আরো আগেই অবসর নেয়া উচিৎ ছিল। কদিন পর বাদ পড়ত। সম্মান নিয়ে নিজে থেকেই অবসর নেয়াটা সবদিক থেকেই ভালো হয়েছে । রিয়াদ ও একই কাজ করা উচিৎ ছিল।,riyad,NEUTRAL
1c951e226161e9d7,উচিত রিয়াদের আরো আগেই অবসর নেওয়া উচিত।,riyad,AGAINST
021964e3cf4a7e61,Riyad ke je apni Obsor nite boltesen.. Riyader cheye better akta player dekhn team a? Ojoktik kotha bollen apni,riyad,NEUTRAL
9a53f247012ed4a8,"Tor mathay gobor ,,,tui musi r Riyad ar ,,,,niye ato baje kotha bolis,,,,, love you musi",riyad,FAVOR
7f05e1f573982f8e,Right decision. Riyad er uchit amon decision neya.,riyad,FAVOR
796ac9996b7de7f5,রিয়াদ ভাই কে world Cup প থাকা উচিত,riyad,NEUTRAL
19d92947ebb9fd76,নুমান? রিয়াদ বাংলাদেশেকে জা দিয়েছে তুমি এর ১০% দিয়ে দেখাও কেমন হেডাম আছে দেখি? তোমরা সব খেলোয়াড়দের সম আলোচনা করে খেলা কারােপ কর। আশা করি তোমরা টিক হয়েজাও।,riyad,NEUTRAL
eff5ee3af50cd185,রিয়াদের টি-টোয়েন্টি খেলার যোগ্যতা এখন ও আছে। রিয়াদকে আরো উপরে আনা হোক সে আরো ভালো বেটিং করবে। 4 নাম্বার পজিশনে খেলানো হোক ।,riyad,FAVOR
6e25f41c0af79331,"নোমান ভাই পাকনামী কম করেন, রিয়াদ এখনো টি20 খেলা চালিয়ে যাওয়ার যোগ্য । সে সব খেলায়ই কম বেশি রান করে এদের রিপলেসমেনট তো দেখি না।।।।",riyad,NEUTRAL
f58804a8e614e30f,"রিয়াদ ভাই T20 world cup খেলে বিদায় নেবে,,🤘🤘🤘🤘 আর নোমান ভাই,,,নোমান ভাইকে সব সময় দেখি রিয়াদ ভাই এর বিরুদ্ধে কথা বলে,,",riyad,NEUTRAL
1d452d44a3eac150,মুশির জন্য শুভ কামনা রইলো৷ রিয়াদের এখনো সময় হয় নাই অবসর নেবার।,riyad,AGAINST
5d3b57685233c254,ওনাদের মদ্দে মনে হয় জামেলা আসে না হলে আমি ওনার স্লগ ওভার এর সব কয়টা ভিদিও দেখসি ওখানে সিনিয়র জুনিয়র রা ছিলো কিন্তু রিয়াদ কে একটাতেও দেখিনাই,riyad,NEUTRAL
236aa64432e397d3,@rakibulhasan6397 ki korbe riyad ar. Proti match e 6 over e 6 wicket nai. Se koyekta run kore bolei Bangladesh 100 par hote pare. Nahole aro onk lojjar record hoto,riyad,NEUTRAL
4e7de7874bd1c315,"I request Riyad to swap his retirement with test and retire in t20. Mahmudullah ekhon jei form ase tuk tuk batting & crease tike thaka Bangladesh er jonno test e lower middle order er bhoroshar naam hote pare Riyad. Although, it’s not possible I wish it could be. Riyad made a wrong decision by retiring from test he should have retired from t20s as his last 2 years performance is not satisfactory in terms of t20 cricket.",riyad,AGAINST
8eb8cefcf1353d86,"আপনারা চান রিয়াদ অবসর নেক, আপনাদের কারনে ভালো খেলোয়াড় গুলো অবসর যায়,,",riyad,FAVOR
2cb3756f75c6d09f,"রিয়াদের অবসর না নেওয়াই ভালো হবে, সে নিজে থেকেই অবসরে না গেলে ওয়াল্ড কাপ পর্যন্ত টীম ম্যানেজম্যান্ট তার উপর আস্থা রাখবে এটাও নিশ্চিত",riyad,FAVOR
a3e96b923d861acc,Thank you mushi🥲🥰. Good luck for Riyad😍,riyad,NEUTRAL
ff35edd7f5312451,"রিয়াদ এর আর‌ও বাকী আছে রিয়াদের ব্যাপারে আপনার একটু এলার্জির আছে মনে হচ্ছে, ইদানিং একটু বেশী কথা বলছেন।",riyad,NEUTRAL
a4724f37d34425c7,"সবশেষে নিজের শুভ বুদ্ধির উদয় হলো, আরও এক বছর আগে হলে ভালো হতো, দল আরও বেশি উপকৃত হতো,এখন রিয়াদের সেই পথও দেখা উচিৎ",riyad,FAVOR
488a75223d8d5981,"রিয়াদ আর কিছু দিন চালিয়ে যাক,,, T20 তে মুটামুটি ভালোই করে",riyad,FAVOR
b810fc178b65abe9,"মাহমুদউল্লাহ এর অবসর এখন নেয়া ঠিক হবে না,নিউজিল্যান্ডের সিরিজে যদি কাম-ব্যাক না করতে পারে, তবে অবসর আর ফর্মে ফিরলে ওয়ার্ল্ড কাপে খেলে অবসর নেওয়াটা ভালো হবে মনে করি....",riyad,FAVOR
e7061c2b9251235a,দীনেশ কার্তিক পারলে মাহমুদুল্লাহ রিয়াদ কেন পারবে না। মাহমুদুল্লাহ ভাই আপনি চালিয়ে যান খেলা আপনি একজন ভালো ব্যাটসম্যান আপনাকে টি-টোয়েন্টিতে আরো অনেক কিছু দেওয়ার আছে।,riyad,FAVOR
17df1961fde0ba39,"রিয়াদ অবসর না নিলেও বিশ্বকাপ স্কোয়াড এ তাকে রাখা নিয়ে সংশয় রয়েছে সম্মান থাকতে অবসর নেওয়াই ভালো,,, বুঝা উচিত মাহমুদউল্লাহ এর।",riyad,FAVOR
d04d6b008f2cd20b,@DeadPool-ns1nz No I don't agree Mahmudullah done best than Mushi.I think Mahmudullah should also play t20 of 2 years in 2025.,riyad,FAVOR
14823bfd3e75b3e8,@DeadPool-ns1nz this is good for Mushi because 4 number play Afif & Mahmudullah can 5 number.6 number consider with Nurul or Sabbir or Shaikot Ali.,riyad,NEUTRAL
a774bffc164d267f,@kaushiksharma1913 Riyad bahi ar kih fitness a gharti ase. Riyad bahi jotodin ase khala jak riyad vai world cup a proyeojon. So. Riyad bahi ka oboshorer joneow fours nah korlei bhalo hoy Bangladesh ar media ar.,riyad,FAVOR
227e0e2f654d932f,Miss u riyad. Ko khon o tomar ovab poron hobe na. 🇧🇩❤️❤️😓😭,riyad,NEUTRAL
1127974391f8118b,মাহমুদউল্লাহর গড় ৩৪ যেটা সেরাদের কাতারে। কিন্তু তবুও তাকে বাদ দেয়া হয়েছে। যেখানে তার পজিশনে নামা অন্য কোনো ক্রিকেটারের নেই। আফসোস বিসিবি........... আফসোস রাসেল ডমিঙ্গ------- আফসোস বাংলাদেশ টিম।।,riyad,NEUTRAL
b5588dc377e14edc,রিয়াদ ভাই অবসর নেওয়ার তো কোনো যুক্তি নেই এই সময়টায়। বাংলাদেশ টিমের জন্য কারো কিছু করার নাই বুঝি,riyad,AGAINST
deb4c1e4c0db32db,রিয়াদ যেহেতু অবসর নিয়েছে অতএব এটা নিয়ে হৈচৈ না করে সামনের দিনগুলো নিয়ে চিন্তা করা উচিত।,riyad,AGAINST
ec76c259a8651383,Give respect to Mahmudullah . .. She desher jonno ja korse tumi tar 1 chul o korte paronai,riyad,FAVOR
19653831436196d4,যেখানে সম্মান নেই সেখানে না থাকায় ভালো। মাহমুদউল্লাহর জন্য দোয়া রইল।,riyad,FAVOR
a9f6076befab967a,o to test plyer. odi t20 plyer na mahmudullah,riyad,NEUTRAL
332ff622bb824d5b,"আমি মনে করি রিয়াদ এর টেস্ট না ছেড়ে,t20 ছাড়ার দরকার ছিল।",riyad,NEUTRAL
8d04e0a996804bdf,"মাহমুদউল্লাহ টেস্ট থেকে বিদায় না নিয়ে,,,, টিটুয়েন্টি থেকে বিদায় নিলে ভালো হতো,,,টি-টোয়েন্টি টেস্ট মতো খেলা",riyad,FAVOR
6a7cae3da1efe675,"ভাইজানের কথা গুলো অনেক ভালো লেগেছে,, রিয়াদ ভাই কে দলে চাই 🥰🥰🥰",riyad,FAVOR
a86978f9c51390ad,রিয়াদ ফিরলেই কি সব সমস্যার সমাধান হয়ে জাবে ঠিক আছে দেখার অপেক্ষা রইলাম,riyad,NEUTRAL
3bec5d80395955bd,আমরা বাংলাদেশের দর্শক হিসেবে রিয়াদ ভাইকে বিশ্বকাপে দেখতে চাই। একমত হলে সবাই কমেন্ট করে জানান 👍,riyad,NEUTRAL
513f52f2e9f7abf1,Riad er batting average koto? Strike rate koto? Koyta cup aina diche? Ulta asia cup final haray dichilo. Apnra riad a shimaboddho tai amra cup bonchitoh,riyad,NEUTRAL
03baeeec4489666f,Riyad kon position a bat korta para na aktu bollban ki? He is able to bat any position.,riyad,NEUTRAL
868cb9c4d1146d66,"Absolutely right, রিয়াদ কেনো পরীক্ষা দিতে হবে ?",riyad,FAVOR
a172293bd0319664,মাহমুদুল্লাহ রিয়াদ এর ভক্ত শিরায় শিরায় রক্ত এই স্লোগান শুনে অনেক ভালো লাগলো শিরায় শিরায় রক্ত মাহমুদুল্লাহ রিয়াদের ভক্ত। আপনাদের অনেক ধন্যবাদ,riyad,FAVOR
a86d0037b03169d0,"এমন স্পিন পিচেও মাহেদি, রিয়াদ তেমন কিছু করতে পারলো না, পরের ম্যাচে রিশাদকে ট্রাই করা উচিত, একটা লেগস্পিনার দলে থাকলে বোলিং অ্যাটাক নতুন মাত্রা পাবে",riyad,NEUTRAL
de31b64b5424e9e0,মাহমুদউল্লাহ বা মুশি রিটায়ার হলে মন খারাপ করব না,riyad,AGAINST
e5392e0dd3c1fc38,Riyad vai... Apar kase sey 2015 dekhte chai❤❤,riyad,NEUTRAL
2442dca2394ed2a2,such a gentle sobar player Mahmudullah riad is. Respect to him.,riyad,FAVOR
ba8825eb18fd30c8,টি-টোয়েন্টি বিশ্বকাপের মাহমুদুল্লাহ ভাই কে দেখতে চাই,riyad,NEUTRAL
d83e07a6265dd6cd,এশিয়া কাপে সব থেকে ভালো খেল্লো মাহমুদউল্লাহ রিয়াদ আর তাকেই দল থেকে বাদ দিয়ে দিছেন বাহ কি সুন্দর,riyad,FAVOR
1baf4fdeaf38f3f8,না রাকিবুল ভাই যায় বলেন না কেন মাহমুদুল্লাহকে অন্ততপক্ষে বিশ্বকাপ পর্যন্ত রাখা উচিত ছিল,riyad,NEUTRAL
a1c7c7d3bdd28f8f,আমাদের একটা দাবি মাহমুদুল্লাহ সৌম্য সরকার কে দলে চাই আর নান্নুর পদ ত্যাগ চাই,riyad,NEUTRAL
63cda1c5a1e43f8a,"Basically I'd remove Shanto and Rabbi and put in Sarkar and Mithun Joy... Cause they can both bat and bowl... SS can bat upper and mid... MJ can bat mid ir lower... Also, we have to keep in mind having those two adds two batsmen and bowlers(pacers) to the team(for what it's worth, haha)... One is experienced and one needs experience... Final reason why these two...Saif, Rabbi and Hasan Mahmud are all very injury prone...these two can fill the gap, but have low expectations, haha. Having said all that, if we are talking players with higher potential, performs better, has more consistency and a direct replacement for Riyad, it wouldn't be Shanto at all, it would be Mahedi, simple as. He can bat and balls very fearlessly in any situation...what a huge misstep from BCB yet again.",riyad,NEUTRAL
2fc9ed2e4cfbdfe9,আরে ভাই মাহমুদউল্লাহ যখন ক্রিজে যায় তখন ৬ সাত টা প্লেয়ার পড়ে যায় তখন তার কি করা উচিত,riyad,NEUTRAL
37e2bae896e0b629,"আসলে সত্যি কথা, মাহমুদউল্লাহ রিয়াদ দলে নেই, কিছতেই মেনে নিতে পারছে না মন।আমার মনে হয় বাংলাদেশের খেলা দেখা হবে না রে,প্রিয় খেলোয়াড় নেই",riyad,NEUTRAL
3d6d7ada59607c6d,"What's the role of Afif in the team? Not good enough as a bowler, doesn't fit as a late order batter. Should not Riyad or Mosaddek come in his place? Also, what about the fifth pacer? How come Rubel is totally out of the picture?!",riyad,NEUTRAL
08f570918bdeb04a,"চমৎকার জবাব,তৌহিদ রিদয় নাকি মাহমুদউল্লাহ র রিপ্লেস!!!",riyad,NEUTRAL
94c2d4227ef542a8,"রিয়াদ নেই, আজ থেকে খেলা দেখা ছেড়ে দিলাম",riyad,NEUTRAL
5065e316be49e0f1,Mahmudullah Read is only test player.But why t-20 formet captaincy in Ban team?,riyad,NEUTRAL
fec397994914b012,এত আগেই যদি অভিজ্ঞ সব প্লেয়ার দল থেকে অবসর নিয়ে নেয় তাহলে তো আমাদের ক্রিকেট ধ্বংস হয়ে যাবে। তাই বলছি মাহমুদউল্লাহ রিয়াদ ভাইকে দলে নিয়মিত রাখা হোক।তার কাছ থেকে নতুন প্লেয়ারদের অনেক কিছু শেখার আছে।,riyad,AGAINST
6228972f562f2985,মাহমুদউল্লাহ ভাইকে আসলেই বিশ্বকাপ টিমে রাখা উচিত ছিলো।ওনি এখন যথেষ্ট ফর্মে ছিল এবং তার অভিজ্ঞতার তুলনা হয়না।ওনাকে বাদ দিয়ে শুধু জুনিয়রদের দিয়ে ভালো কিছু আশা করা যায়না।,riyad,FAVOR
05a0114d3683a155,"রাইট আমরা রিয়াদ কে আবার মাঠে দেখতে চাই,,,,",riyad,NEUTRAL
e71900b4c240256f,বাংলাদেশের সেরা হাতিয়ার রিয়াদকে আমরা বিশ্বকাপে চাই।,riyad,FAVOR
850dbc53d5449190,কে কে আমার মত মাহমুদউল্লাহ রিয়াদ কে ভালবাসেন..?,riyad,FAVOR
ac98ec09f2f431f4,Sara Bangladesh e manobbondhon kora hok Mahmudullah er jonno.,riyad,NEUTRAL
77a23b31f1e606bd,মাহমুদুল্লাহ রিয়াদ ভাই কে দলে দেখতে চাই,riyad,NEUTRAL
c69938b9fa2f0ca0,আমরা চাই রিয়াদ কে টি২০ তে বিশ্বকাপে চাই,riyad,NEUTRAL
978db169c8956801,Amra sobai Riyad ke world cup a dekte chai....,riyad,NEUTRAL
1b4f722acb98ddde,রিয়াদকে বাদ দিয়েছে ভালো হয়েছে বিসিবি মতামত আমি একমত লাভ ইউ বিসিবি,riyad,FAVOR
94c08244b0028a26,মাহমুদউল্লাহ রিয়াদ কে দলে চাই চাই চাই.........,riyad,NEUTRAL
8e3d368f2bb2fe6c,কমেন্ট না করে পারলাম না আমি হতাশ আমি হতাশ এবছর কমেন্টের বাইরে থেকেও কমেন্ট করতে আসলাম কেন বাংলাদেশের খেলাকে ভালোবাসি আমাদের প্রিয় জন খেলোয়ার মাহমুদুল্লাহ রিয়াদ আপনাকে বিশ্বকাপের গ্রুপ থেকে বাদ দেয়া হলো যারা যেন খেলবে অবশ্যই লাইক দিয়ে বেশি বেশি এই ভিডিওটি শেয়ার করবেন আমি হতাশ,riyad,FAVOR
f4b709c589901e60,"কিরে ভাই মাথা ঠিক আছে? রিয়াদ ভাই কি সারা জীবন খেলবে? ওনার পারফর্ম কি দেখেছেন? এই সব ঠিক না,",riyad,NEUTRAL
79bbe8929dfbb036,নীলফামারী বাসির একটাই দাবী Mahmudullah Riyad ভাইকে দলে চাই,riyad,NEUTRAL
84e3c8bbe9ac3faa,আমি সৌদি আরব থেকে বলে ছিলো মাহমুদউল্লাহ রিয়াদ ভাই আনা হলো আমাদের বলে হতে,riyad,NEUTRAL
870deeb2d61271b2,"রিয়াদ ভাই কে বিশ্বকাপ দলে চাই, আর সারাদেশে আন্দোলন করতে হবে?",riyad,NEUTRAL
b00ba3350e7e6cf0,আমিও চাই মাহমুদুল্লাহর রিয়াদ কে টি-টোয়েন্টিতে দেখতে চায়,riyad,NEUTRAL
66c19212608fa87d,বিশেষ করে বাংলাদেশ দলের হার্ড হিটার ফিনিশিং লোয়ার অর্ডার ব্যাটসম্যান হিসেবে 8 নাম্বার অথবা 7 নাম্বার বেটিং করানো অনেক ভালো হবে রিয়াদ জন্য পারফেক্ট টাইম ও‌ দলের জন্য,riyad,FAVOR
930dfe3e2cff0179,legends still say that riyad is beating sixes of shoriful balls,riyad,FAVOR
fc6fbad3b635e446,মাহমুদউল্লাহর ব্যাটিং অর্ডারে পরিবর্তন করে লাভ হবে?,riyad,NEUTRAL
7a69a55bea0ebd32,We need Mahmudullah to play in the World cup squad.,riyad,NEUTRAL
d7a44f1bcdaeaee7,আমার মন যানতে চায় শান্তকে কেনো বাদ দেয়া হচ্ছে না। শান্তর জায়গায় মাহমুদউল্লাহ রিয়াদকে খেলানো উচিত,riyad,AGAINST
1e1967d5020f3e34,Holud shangbadik ar intention holo keno mahmudullah ke team a rakhsen... Jemon ta mashrafir sathe koresilo... Direct to bolte pare na tai indirect ly bole.... Je keu ajkal sangbadik hoa jete pare,riyad,AGAINST
47ea841dc46516a1,রিয়াদ ভাই তো ভালোই খেলছে।আফিফ খারাপ খেলছে,riyad,FAVOR
1cb89212680bcf0c,রকিবুল হাসান এর কথা শুনে মনে হল যে মাহমুদুল্লাহ সম্পর্কে তার বিন্দুমাত্র ধারণা নেই সব বাতাসের উপর আলোচনা করলো,riyad,NEUTRAL
b79350a1ab798904,রিয়াদ বাদ টিক আছে কিন্তু শান্ত কেন সৌম্য ভালো চয়েস হত।,riyad,FAVOR
14a8861683c8e870,ato criticize na kore vai player khujen ak mahmudullah ar 32 ball 35 diye r koto 17core people r 15 ta player paoa jy na ??,riyad,NEUTRAL
7e1545ef470115bd,রিয়াদ এমন পরিস্হিতে ব্যাট করে যখন দল বিপর্য়ে পড়ে। যখন চাপ মুক্ত খেলে তখন রান করতে পারে।,riyad,NEUTRAL
2de8163c058ed7a8,টপ অর্ডার ব্যাটসম্যান যখন ফেল করে তখন তো ধৈর্য্য ধরে খেলতে হয়। মাহমুদউল্লাহ রিয়াদ যখন ব্যাটিং করেন তখন দলের অবস্থা এরকম যে ৪০-৫০ রান এর মধ্যে ৪-৫ উইকেট,riyad,NEUTRAL
3dd145f4edf48bf7,এশিয়া কাপে দুইটা ম্যাচ খেলা (মোসাদ্দেক বাদে) কার স্ট্রাইক রেট ভালো ছিলো?? লাস্ট ম্যাচে মাহমুদুল্লাহর স্ট্রাইক রেট ভাল ছিলো...,riyad,FAVOR
9e91b2d9a38650db,জিম্বাবুয়ের বিপক্ষে ৩য় ম্যাচে রিয়াদকে খেলানোই উচিত হয়নি।,riyad,NEUTRAL
7c87934df126ab1a,"Ami motamuti sure, world Cup er age age 4/5 jon player injured hobe. Selection committee o motamuti sure, they Will go for Mahmudullah, sommo,Mahedi,soriful,",riyad,NEUTRAL
c0d70f40b85fd481,Riad ke dole chai. Nannu gongder nipatj jak.,riyad,NEUTRAL
dca225f7bb617fb7,"Performance jokhn apnara dhorenni tahole kon jukti diye Mahmudullah bad pore? Baler team shajan..khali young young kre.World Cup ta end hle team shajaten.akhn lagbe team Riyad k,ar akhn young young kore.",riyad,AGAINST
238ff44838bf7731,"I feel like BD would win many matches in Super 12 under Taskin’s captaincy instead of Mahmudullah’s captaincy because Taskin looks very confident, has excellent decision-making skills and makes right decisions at the right time.",riyad,FAVOR
ee6a19c05771cf47,রিয়াদ তো বাংলাদেশে এখন থেকে কি ভাবে সিপিএল খেলো। আপনি মনে হয় স্বপ্নে দখেছেন।,riyad,NEUTRAL
dca8710a2e20ff0e,Did anyone notice Mahmudullah picked up 3 wickets in the last over😱,riyad,NEUTRAL
754272149a15808f,এই ম্যাচের কথা সারা জীবন ভুলবো না Love u m.riyad❤❤❤,riyad,NEUTRAL
7cea579aa96add92,আমি গেইলের মত খেলোয়াড়ার চাই না।কিন্তু মাহমুদউল্লাহার মত খেলোয়াড় বাংলাদেশে খুব প্রয়োজন।,riyad,NEUTRAL
e7ffaca54a022471,"ভালো থেকো সাইলেন্ট কিলার মাহমুদউল্লাহ রিয়াদ ভাই ❤️ তুমি থাকবে পঞ্চপান্ডবের পাতায়, ভালোবাসা আজিবন ❤️❤️",riyad,FAVOR
571ac502ba494daa,"Mahmudullah Riyad তাহলে গত বছর অবসর নিলো, যায় হোক thank you mahmudullah.",riyad,AGAINST
c5c1a06f4dc98da8,বাংলাদেশের ক্রিকেট ইতিহাসে মাহমুদউল্লাহ রিয়াদ একজন ভালো ফিনিশার। অথচ আজ সে অবহেলিত লঞ্চিত।একটু অফ ফর্মের কারণে। আমার মাহমুদউল্লাহ রিয়াদ একজন আমার পছন্দের খেলোয়াড়।,riyad,FAVOR
31beb23356532c15,অস্ট্রেলিয়ার মাঠে মাহমুদুল্লাহ রিয়াদের পারফরম্যান্স অনেক ভালো। সেটা বোর্ডের বিবেচনায় রাখা উচিত।,riyad,FAVOR
104713edc8fa24c7,মাহমুদউল্লাহ ভাইদের এখন দেশের ক্রিকেট ডেভেলপমেন্টে কাজ করা উচিত।,riyad,NEUTRAL
e3b02165fa092c2d,Mahmudullah needs to play test cricket instead of t20,riyad,NEUTRAL
166601e3feaa1912,"মাহমুদুল্লাহ না খারাপ করছে ভলো কথা।কিন্তু বাকি ১০ জন কি করলো,,,,",riyad,AGAINST
f798ebc283c7c856,BCB ভালো কাজ করছে মাহমুদুল্লাহ ব্যাটিং যতটা না ভালো তার থেকে ক্যাপটেন্সি ততটা ভালো না !,riyad,FAVOR
a3077eb1d87f74c8,আমি চাই মাহমুদউল্লাহ আগে থেকে অবসরে চলে যাক,riyad,AGAINST
c0b854aa706d1f73,"Mahmudullah Riyadh is now a better batsman than he was before being dropped from the national team. BTW, brother the city is Dallas, NOT Dallaas the way you pronounce it.",riyad,AGAINST
208dcba6571ceb06,"ক্রিকেটকে ধর্ষণ করে দিল বিসিবি,,,,, রিয়াদ তুমি মিশে আছো শত কোটি বাংলাদেশের হৃদয়",riyad,NEUTRAL
58d87d0046bfbff9,They also gave Mahmudullah out intentionally. So 4 leg byes runs wouldn't be counted as a result,riyad,NEUTRAL
78fc18bc7358e483,"@abhijik1467 brother, did you even watch this video? Umpires do need appeal to declare a wicket such as caught behind, lbw, stumped and a few. Umpires raised their fingers for lbw two times perhaps one over after other or in the same over. In the first one, the ball nicked Mahmudullah's pad and went for a four leg byes but umpire decided that it was a wicket right away and so did Mahmudullah asking for drs. The drs clearly showed the ball was missing wickets and by a few centimetres. The ball was dead after the umpire's decision and the four leg-byes weren’t given..heck even if it weren’t a four, Mahmudullah would've rotated the strike at least. It's becausw of a controversial rule and we just saw the bad bad side of it and I find it as illogical. Drs can be manipulated or so I heard..i believe vvs Laxman probably mentioned such a story..and the bowling trajectory can be done manually. So there runs a possibility. Rabada had a good swing on the ball and maybe it coukd miss the stumps. Though the decision was no easy one, the umpires were seem in a hury 🤔 Thanks for reading",riyad,NEUTRAL
4ed431a0091e6102,That umpire also did not give 2-3 wide deliveries and internationally gave Mahmudullah out. So leg byes 4 runs would not be counted as a result,riyad,NEUTRAL
a509674af42fc876,Losing the match when Mahmudullah's LB gives. Which comes 4 runs behind. The umpire raised hand where the ball appears to be going out. A stage like the World Cup puts such crappy umpires how How do you see it?,riyad,NEUTRAL
03d9dbb92dd5045a,This thing happened one after another...for both Riyad and Hridoy!,riyad,NEUTRAL
2a1989962bb9991f,"Couple of decisions went against Bangladesh. Nice one was LBW out given to Mahmudullah Riyad, the ball missed the wicket and reached near boundary line then given out ! It seems that they wanted to save the boundary. What a pity. Winner of the match is the umpires not SA.",riyad,NEUTRAL
f7743898afbc7cdc,"Both the guests have confused 'gunslinger' movement with the other decision. The 'gunslinger' movement happened on Rabada's half appeal, Hridoy facing (ultimately given out). The 4 leg by occurrence was Mahmudullah facing and the out decision was rather slow as if the umpire only gave it out when he saw the ball was going to the boundary.",riyad,AGAINST
4235a4a628a54c89,"That's just pure bad luck, nothing else. If Mahmudullah couldn't hit that six, no one in Bangladesh team would have done that as well. He was tired and out of breath. Still, he went for it, but the ball got more flight than distance.",riyad,AGAINST
0e6f2b5ddf3fd69a,"Here's a point about the first LBW decision that was overturned. See umpire gave it out, regardless of whether there's any fielder in fine leg or not, any action shouldn’t be counted afterwards the decision because as it’s out, fielding team won't be concerned about whether the ball is going to the boundary or not. About the Towhid Hridoy's decision, this kind of decision generally goes in batsman's favour, even more so with the extra bounce of the pitch. That was a very dubious decision, South Africa got a similar decision in their favour against Pakistan in WC23 but that was the other way around. Still Bangladesh has to make self criticism for the loss, from such an experienced campaigner like Mahmudullah Riyad not being able to hit that for boundary, that's a crime! No fielder behind the square leg line and the ball was slow, Riyad could have hit it for 4 easily and then take the game to 2 run 1 ball. He messed up big time trying to hit it down the longest boundary. Straight hit was never his strong zone, he's more of slog hitter through mid wicket. Anyway, tough luck, Bangladesh!",riyad,NEUTRAL
d88e3af9e37321fa,"As a Bangladeshi fan, I am not upset that we lost the close match. Our batters could have played better. But the fact that the umpire immediately gave lbw to both Tawhid and Mahmudullah even before the bowlers appealed for lbw made me upset. Was that really fair Mr. Umpire? I doubt that.",riyad,NEUTRAL
25599d18c1cb46e9,"Both umpires on a mission to help Africa to win, Mahmudullah's LBW saved 4runs intentionally & hridoy LBW too..both umpires on a hurry to raised the fingers..even couple of wide wasn't given, I'm sure hawke eyes official did their best to kissed the leg stump 4 hridoy dismissal.. shame ICC",riyad,NEUTRAL
f606d8bfdc1ff164,Ridoy and Riyad got lucky SA bowlers couldn't create such opportunities earlier so game would have been over long ago 🌝🌚!!,riyad,NEUTRAL
f612503723f540d0,Icc can never be the same level as fifa or other global organisations because of such partiality towards big teams.And it happens very often. Such a bad example set by ICC. You might say it was umpires decisions nothing to do with icc. Look the way they throw their fingers in both cases. Mahmudullah one was clearly outside leg and Hridoy decision rabada didn’t even apeal properly. Anyway no excuses should be given as Bangladesh should have been won the game from the position they were in. Still T20 is a game of momentum one bad decision can impact on that momentum. And it did at the end.,riyad,AGAINST
7925c109c688decd,"If anyone knows if there is any system for rating the umpires in a particular cricket match or where to go if there is a system, please let me know? I want to give bad review to two field umpires of Bangladesh vs South Africa match. - South Africa were 11 minutes behind but still had five fielders out in the 20th over, in that case South Africa's first ball of the 20th over should count as a no ball. I don't know why Bangladesh has not applied for it. Or it was the umpire's decision, what is the rules in that case? However, at the end of the day, Bangladeshis are the sufferers. - Marko Jangsen had a wide ball that didn't given by Umpire. But the very next ball which was less wide than the previous one. -Tawhid Afridi's LBW has been given out before bowlers appeals. Commentators were so surprised they didn't realize it was out. It seemed that the match was fixed. I believe that LBW will not appear to anyone at first glance. - Mahmudullah Riyad's LBW decision was also very bad. The Umpire gave it out before bowler appealed. Bangladesh lost four runs due to umpire's wrong decision.",riyad,NEUTRAL
25e4daf3a0c63a9a,Bhai Riyad bhai ar ta bam dike na diye dan dike korten style ta...,riyad,NEUTRAL
015ff42d7dcbac53,মাশা আল্লাহ সবাইকে খুব ভালো লাগছে বিশেষ করে মাহমুদউল্লাহ রিয়াদ ভাই❤❤❤,riyad,FAVOR
388b323f6872b56f,"Undoubtedly, Riad is a legendary for Bangladesh. His batting style is really classic. He always bats on a critical situation but he plays a vital role in most of the time. He is a very gentle and pious player. Good luck for him.",riyad,FAVOR
c5882840fc3137d2,মাহমুদুল্লাহ এখন আবার অনেক ভালো প্লেয়ার হয়ে যাবে,riyad,FAVOR
c109f14693d81870,"Mahamudulla riyad pancho-pandov er moddhe ekjon. So, Old is gold.",riyad,NEUTRAL
a7e96153825ee85b,-একটা প্লেয়ারের বাজে সময় আসতেই পারে! তবে রিয়াদ যে দলের কী ধরনের ক্রিকেটার সেটা সে আবার প্রমান দিয়েছে!💚,riyad,AGAINST
b856e9d394df3468,ওইদিনের মেচ যে দেখছে সে জানে রিয়াদের জায়গাতে অন্য যেকোনো দেশের কিকেটার থাকলে আর একটু হলেও ভালো হতো,riyad,FAVOR
d6ccf20150efa0f1,মাহমুদউল্লাহ রিয়াদ ভাই কে আবারো দলে দেখতে চাই,riyad,NEUTRAL
ea12c612ba027289,মাহমুদুল্লাহ ভালো খেলে কিন্তু তাকে না দেখে বাদ দেওয়া হয়েছে।,riyad,FAVOR
bc52c73636a6afa9,মাহমুদুল্লাহর প্রচুর ধৈর্য আছে সেই সাথে অভিজ্ঞতা কোচ হলে সবচেয়ে ভালো হয়,riyad,FAVOR
85dfd6305d8d04c7,রিয়াদ ভাইকে জাতীয় দলের কোচ হিসেবে দেখতে চাই,riyad,NEUTRAL
77080084e3063b9f,"মাহমুদউল্লাহ রাজনীতি এবং বিসিবি সভাপতি - দুই পদের ক্ষেত্রেই অপারগতা প্রকাশ করেছেন। কিন্তু আমার মনে হয় এই দুই দায়িত্ব তাকে দিলে সে সবচেয়ে ভালো মত পালন করতে পারবে। কারণ, ইসলামে খলিফা তাকেই নির্বাচিত করার বিধান রয়েছে যে এই দায়িত্ব নিতে আগ্রহী হবে না।",riyad,FAVOR
f15d7564bccd4711,আসসালামু আলাইকুম একজন প্রবাসী সৌদি আরব থেকে বলতেছি মাহমুদুল্লাহ রিয়াদের যদি দলে জায়গা না হয় তাহলে কি করে এগিয়ে আসে ইয়াছির আলী রাব্বির জায়গা হয় সে কি খেলে দয়াকরে মাহমুদুল্লাহ রিয়াদ বিশ্বকাপে জায়গা সবখানে মাহমুদুল্লাহ রিয়াদকে দেখতে চাই,riyad,NEUTRAL
7752d68cadbb003c,"রিয়াদ অভিজ্ঞ প্লেয়ার তাকে দরকার আছে,,সে ভালো খেলে",riyad,FAVOR
438dcce23b49de55,"সাত নাম্বার পজিশনে মাহমুদউল্লাহ থেকে কেউ তো এখনো ভালো করতে পারছে না। ডিপিএর এ মহামেডানের শেষ ম্যাচে শেষ ৯ বলে ২৯ রান (৩ছক্কা, ২ চার, ১ডাবল ও ১ সিঙ্গেল) করে ম্যাচ জিতিয়েছেন মাহমুদউল্লাহ। এটা এখনো প্রমাণ করে তার প্রয়োজনীয়তা",riyad,FAVOR
a3922aca5fbdbe60,মাহমুদুল্লাহ রিয়াদকে চাই চাই চাই এ বিশ্বকাপে চাই,riyad,NEUTRAL
5118d56481157d01,"If he plays well in one or two series, he is not a good player. Soumya Sarkar Sabbir Rahman played much better than that. Today they lost. I think Mahmudullah went to Riyadh and we want to see the people of Bangladesh in this World Cup",riyad,NEUTRAL
8e1ee3a7c6b396e1,"লোকটা সত্যিই ক্রিকেট এর ভালো চায়। তবে রিয়াদ খেলবে কোচ চন্ডিকা আগেই বলে দিয়েছে রিয়াদ তাঁর ভাবনায় আছে,",riyad,FAVOR
5c8c04f797627392,মাহমুদউল্লাহ রিয়াদ ভাইকে জাতীয় দলে দেখতে চাই,riyad,NEUTRAL
e69b5797540325b4,"বিজয়, রিয়াদকে দলে রাখলে, দেশের ক্রিকেটের জন্য ভালো কিছু হবে। ইনশাআল্লাহ",riyad,FAVOR
54ddac5cc04d68fa,Riyad vy ar kotha bolte gele papon saheber kashi ase keno?,riyad,NEUTRAL
ff4bacb8caf96e8b,"আমি এখনও মাহমুদউল্লাহ রিয়াদের বিকল্প দেখি না,, Mahmudullah Riyad এ best. Mahmudullah ভাই কে জাতীয় দলে ফেরানো হোক।",riyad,FAVOR
3541298144c17ffe,রিয়াদকে যদি দলে না রাখা হয় তাহলে কোচ কে বাদ দেওয়া হক,riyad,AGAINST
733018e47b8d7932,পাগলের সোনা আগে বলছে রিয়াদ ভাই বিশ্ব কাপে দলে আছে,riyad,NEUTRAL
e80fcf1c603f7be8,Sara jibon to prosno koira jan bhat khaisen ne?? Valo asen ne?? Mahmudullah er topic to shudu world cup er jonno. Ekhane apnr somossa ta koi???,riyad,FAVOR
e02b2abb1a401447,"ভুলভাল ক্যাপশন দেয়ার কি দরকার আপনাদের বুঝলাম না, এখানে লিখলেন রিয়াদ নাকি কারো হুমকিতে অবসর নিয়েছেন,কিন্তু সম্পূর্ন ভিডিও জুড়ে শুধু আশরাফুল এর মন্তব্য উপস্থাপন করলেন,এটা কে এক ধরনের ধোঁকাবাজি বলা হয় আর সে ক্ষেত্রে আপনি আস্ত একটা ধোঁকাবাজ",riyad,AGAINST
151f78d5043cefc3,মাহমুদুল্লাহ রিয়াদ ভাই ভালো করলে আমার ভাল লাগে।,riyad,FAVOR
fb9a11d4532246d9,1day odi and t20 the best parformer is Mahmudullah riadh,riyad,FAVOR
b4e06ac9af26cdce,মাহমুদউল্লাহ ভাই আছেন বলে এখনো খেলা দেখি।❤️❤️,riyad,NEUTRAL
44263fe357f804b8,পাতানো ম্যাচ।মাহমুদুল্লাহ ভালো পেলেয়ার সে ভালো খেলেছে তাতে আমার কোন আপত্তি নেই।।,riyad,FAVOR
22f5d84682aba9bb,"মাহমুদউল্লাহ রিয়াদকে এশিয়া কাপ এবং ওয়ার্ড কাপে খেলানো উচিত,, আমাদের ভুলে গেলে চলবে না মাহমদউল্লাহ রিয়াদ বাংলাদেশের হয়ে বিশ্বকাপের মতো বড় মঞ্চে দুই দুইটা শতরান করেন।সেই হিসেবে তাকে দলে রাখা উচিত ❤❤❤",riyad,AGAINST
35ded34737193078,আমরা কিছু বুঝিও না আর বুঝতে ও চাই না আমরা সবাই চাই রিয়াদ ভাই কে এশিয়া কাপ এবং বিশ্বকাপ দলে চাই ❤✊✊,riyad,NEUTRAL
6a0e6b4b123c1aa9,এতো কিছু শুনতে চাইনা শুধু মাহমুদউল্লাহ কে বিশ্ব কাপে দেখতে চাই ❤❤❤,riyad,NEUTRAL
d595df2e5dc5e66b,"মাহমুদউল্লাহ রিয়াদ ভাই কে জাতীয় দলে দেখতে চাই,,",riyad,NEUTRAL
7f0a2a12be0c5be8,মাহমুদউল্লাহ রিয়াদ ভাই যদি এশিয়া কাপ অথবা বিশ্বকাপে না ফেরে তাহলে নান্নু ও পাপন ক্রিকেট বোর্ডের কাছে বাংলাদেশের সাংবাদিক ভাইয়েরা হেরে যাবেন।আমরা সারা বাংলাদেশের মানুষ চাই মাহমুদউল্লাহ রিয়াদ ভাই দলে ফিরে আসুক।আর সেটা কেউ না পারলেও সাংবাদিক ভাইয়েরা তাকে দলে ফেরাতে পারবে ইনশাআল্লাহ।,riyad,AGAINST
b7c026ad488df0d0,মাহমুদুল্লাহ রিয়াদকে বিশ্বকাপ দেখতে চাই দেখতে চাই দেখতে চাই ❤❤❤❤❤❤❤❤❤❤❤,riyad,NEUTRAL
389e288507836098,রিয়াদ কে দলে দেখতে চাই আমাদের সকল সাধারণ মানুষের দাবি একটাই রিয়াদ ভাই কে দলে দেখতে চাই আমাদের সকল সাধারণ মানুষের দাবি একটাই রিয়াদ ভাই কে দলে চাই,riyad,NEUTRAL
bfcc4332b716d987,মাহমুদউল্লাহ রিয়াদ কে দেখতে চাই বিশ্ব কাপে,riyad,NEUTRAL
81b98d0ddc3145d3,রিয়াদ ভাইকে দলে চাই অন্যথায় খেলায় দেখব না,riyad,NEUTRAL
dbb4f338739304b7,রিয়াদ তো হাতুরুর যোগদানের সঙ্গে সঙ্গে জাতীয় দল থেকে বাদ হয়ে গেছে। কেন বাদ রিয়াদকে নিয়ে শুধু শুধু খবর প্রচার করেন?,riyad,AGAINST
81d0606dd973d9c5,"ভাগ্য যাই হোক, মাহমুদুল্লাহকে বিশ্বকাপ দলে চাই। এবং নিতে হবে, জোরালো দাবি জানাচ্ছি",riyad,NEUTRAL
c0f827bd5576e2fa,মাহমুদউল্লাহ রিয়াদ একজন সফল অভিজ্ঞতা সম্পূর্ণ ক্রিকেটার ? রিয়াদকে ওয়ানডে বিশ্বকাপ স্কোয়াডে দেখতে চাই ?,riyad,NEUTRAL
0a9eaa32c320b6e6,ভাই রিয়াদ বিশ্বকাপ এ থাকবে কোচ ও বলে দিয়েছে বিসিবি ও বলে দিছে রিয়াদ থাকছে শুধুমাত্র সমস্যা মিডিয়া আর কিছু ক্রিকেট না বোঝা লোকজন এর,riyad,NEUTRAL
fe1af2d865627c69,নির্বাচক হিসাবে নান্নুরে দেখতে চাই না। রিয়াদ কে দলে চায়।,riyad,NEUTRAL
5f7591deb0e17d60,"T20 আর ODI এক না... ""এ"" দল আর “জাতীয়” দলও এক না... হোম সিরিজ আর বিশ্বকাপের মত বড় মঞ্চ এক না...এটাও ভাবনায় রাখতে হবে!!! তাই ওয়ানডে বিশ্বকাপে ৭ নম্বারে “মাহমুদুল্লাহ রিয়াদ'ই” পারফেক্ট…",riyad,NEUTRAL
6182544e0216762c,"প্রধানমন্ত্রীর কাছে জোরালো আবেদন রইলো, মাহমুদউল্লাহ রিয়াদকে দলে চাই।",riyad,NEUTRAL
fbb93a57e1e49184,সবাই রাস্তায় আসো আমরা এক হয় মাহমুদউল্লাহ রিয়াদকে চাই। ❤❤❤❤,riyad,NEUTRAL
85fe7e0320da52f0,মাহমুদুল্লাহ রিয়াদের যে অভিজ্ঞতা আছে বাংলাদেশের টিম ম্যানেজমেন্ট ও নির্বাচক প্যানেলের যোগ্যতা বা অভিজ্ঞতা নেই যার কারনে বাংলাদেশ টিমের আজ এই অবস্থা,riyad,NEUTRAL
732d32be3189c4ef,মাহমুদউল্লাহ রিয়াদ ভাই কে এশিয়া কাপে / ওয়ানডে বিশ্বকাপে দলে নেওয়া হউক ..রিয়াদ ভাইয়ের জন্য দোয়া রইল.. 😘😘❤❤,riyad,NEUTRAL
d263b6e4d0689fc6,মাহমুদউল্লাহ রিয়াদ কে আবারও জাতীয় দলে চাই ❤❤❤,riyad,NEUTRAL
483134f0c39b65f0,মাহমুদউল্লাহ কে দলে চাই সে দলের জন্য অনেক গুরুত্বপূর্ণ প্লেয়ার ❤,riyad,NEUTRAL
a6a37e007fd2d7cc,"রিয়াদকে দলে চাই,আমরা আর বাংলাদেশের হার দেখতে চাই না। তাই আমরা মাহমুদউল্লাহ কে দলে চাই বিশ্বকাপের আগেই",riyad,NEUTRAL
084810d2a3850c7e,মাহমুদউল্লাহ কে আবারও জাতীয় দলে দেখতে চাই 🖐️🙋‍♀,riyad,NEUTRAL
087e96d313d77d74,আফগানিস্তান সাথে দুই ম্যাচ হারাল পর বাংলাদেশ ক্রিকেট বোড কে বুঝা উচিত মাহমুদউল্লাহ রিয়াদ দলে কতটা প্রয়োজন,riyad,NEUTRAL
e55f25117475bb48,মাহমুদুল্লাহ রিয়াদ The Beat cricketer is Best,riyad,FAVOR
d6e03cbd0f7387e2,Com back Mahmudullah Riyad... For world cup....,riyad,NEUTRAL
0891d16b1585e02d,রিয়াদ ভাইয়া কে আবার ও জাতীয় দলে দেখতে চাই,riyad,NEUTRAL
c0a209fd9a4f78ec,"দলের ভালোর জন্যই মাহমুদউল্লাহ কে দরকার,,,,পাপনদের ভালোর জন্য অন্য কেউ দরকার,,,, কোনটা ভালো? (দল নাকি পাপন গং?)",riyad,FAVOR
90f76e3b4c4553d6,রিয়াদ ভাই কে বিশ্বকাপ দলে দেখতে চাই,riyad,NEUTRAL
ed3773405219af12,Vay duplaysis je turnament khele haigst run getar hoy taketo jatio doleto are ney na tahole musfik mahmudullah keno?,riyad,NEUTRAL
35e0a0303f687ead,এখনো মাহমুদুল্লাহ রিয়াদের জাতীয় দলের খেলার মত বয়স আছে,riyad,NEUTRAL
a26ea638f2e7a965,"জাকের,সোহান এদের চেয়ে এখনো মাহমুদউল্লাহ হাজার ভালো!",riyad,FAVOR
13c25bd73c6a3b99,Mahmudullah khelle mone hoy bd team kheltese.,riyad,NEUTRAL
5edad321c92c9680,মাহমুদুল্লাহ যেভাবে খেলতেছে। এই খেলাটা আরো এক বছর আগে খেলা উচিত ছিল। তাহলে জাতীয় দল থেকে আর বাদ পড়া লাগতো না। লেজেন্ড এর অবসরে আমরা খুবই মর্মাহত😮,riyad,AGAINST
9275c0f6433f2a50,Mashrafee meant you don’t know Mahmudullahs history just seeing a series two tournaments and judging you don’t how riyad played Riyad is Mahmudullahs another name,riyad,NEUTRAL
eb8f1ee2a11570d7,LAST WORLD CUP FOR ALL PLAYERS OF BANGLADESH PLEASE PRAY FOR ALL PLAYERS LOVE YOU MAHMUDULLAH,riyad,FAVOR
33a5da3d89a47942,"This item always carry the team on it's bad time,but the team has forgot him on his time.This called as ""BANGLADESH NATIONAL CRICKET TEAM"". LOVE MAHMUDULLAH for a reason❤❤❤❤❤❤❤❤❤.",riyad,NEUTRAL
c395a660de6c458f,"Today, riad has scored the century of his comeback. He has returned.",riyad,NEUTRAL
e073e73841b116eb,Good bye silent killer 😢. I will miss you Riyad bhaia 😭,riyad,NEUTRAL
4e3b5f4a813607d1,Why mahmudullah is out of t20 WORID CUP,riyad,NEUTRAL
6587fd8303654a73,"বিদায় নয়, টেস্ট ক্রিকেটের অধিকার করা হউক প্রিয় রিয়াদকে।🇧🇩দেশকে এখনো অনেক কিছু দেওয়ার বাকি আছে রিয়াদের❤️",riyad,NEUTRAL
2570532aa7ac33c6,ভালো একটা ডিসিশন নিয়েছে এ জন্য আমি ধন্যবাদ জানায় মাহমুদউল্লাহ কে,riyad,FAVOR
9d4b68e14c3ddf52,গুড ডিসিশন। নিজের সম্মান নিয়ে নিজে টেস্ট খেলা ছেড়ে দিয়ে অনেক ভালো করেছে রিয়াদ ভাই। আমার বিপদের কান্ডারী রিয়াদ ভাই,riyad,FAVOR
20798fdb10cd3361,"No doubt. Mahmudullah is one of the best cricketer. Bcb should respect our cricketer, more.",riyad,FAVOR
3c8870691aac46db,"সব সময় অবহেলিত ছিল মাহমুদউল্লাহ ভাই 😢😢😢 তিনি যে কত বিপদের মধ্যে দিয়ে দলকে আগলে রেখেছেন কতবার তার হিসেব নেই,, ভালো থাকবেন রিয়াদ ভাই,, অনেক মিস করবো,,ভালোবাসা অবিরাম 🙏🙏🙏🙏🙏",riyad,FAVOR
4211e6115fa2af48,আই লাভ মাহমুদউল্লাহ রিয়াদ।সে একজন ভালো মনের মানুষ। এবং ভালো খেলোয়াড় যা বাংলার ইতিহাসে সরণী হয়ে থাকবে।,riyad,FAVOR
d44eb299d13f6c01,"I love mahmudullah behaviour ,charecter...he is my best loving person ❤️❤️❤️❤️",riyad,FAVOR
e13c15f471f49c96,Riad sir please don't break from test cricket. Because we are so weak in test cricket.,riyad,NEUTRAL
a88f83a017f7e6f3,আমি চাই রিয়াদ ভাই আরও কিছুদিন টেস্ট খেলুক। জাতীয় দলকে আরও অনেক দেওয়ার আছে তার।,riyad,NEUTRAL
7a4d02a502598381,সাইলেন্ট কিলার মাহমুদুল্লাহ ভাইকে অনেক মিস করবো..,riyad,NEUTRAL
1730032a3da61bd3,আমার জন্যও এখন টেস্ট খেলা দেখা শেষ! যদিও খেলা ভালোবাসি খেলার খবর নিবো কিন্তু আগের মতো খেলা দেখার আগ্রহ শেষ! সেলুট প্রিয় সাইলেন্ট কিলাম বস রিয়াদ ভাই। ভালো থাকুন।,riyad,FAVOR
bde9cbe31dac2908,পাপন দা আসে তো... অনেম মিস করব রিয়াদ ভাইকে,riyad,NEUTRAL
f7d4a74fc4d32dc2,বাংলাদেশে যত খেলোয়াড়ই থাকুক বা আসুক আমার মনে হয় সাইলেন্ট কিলারের মতো আর একজন মাহমুদউল্লাহ রিয়াদ হবে না কোন দিন। অনেক ভালোবাসার একজন মানুষ। ❤❤,riyad,FAVOR
9a6bb72fecd75a30,"মাহমুদুল্লাহ রিয়াদ ভাই,,আপনি ছাড়া ভালো ফিনিশিং আমরা কখনোই পায়নি,, পাবোনা।।।",riyad,FAVOR
ea1347b051b08af7,বাদ যাবার আগে অবসর নেয়াই ভাল। এমন বোর্ড কর্মকর্তাদের সাথে না থাকাই ভাল। দিনে দিনে হারিয়ে যাবে বাংলার ক্রিকেট । অভিনন্দন রিয়াদ ভাইকে...,riyad,AGAINST
bca0a341771c87f9,ভাই বাংলাদেশের সেরা ৫ জন সবাই অনেক ভদ্র এর ভিতরে মাহমুদউল্লাহ ভাই অনেক বেশি ভালো 😢,riyad,FAVOR
c230e8b5c0307978,বাংলাদেশে টিমের মধ্যে সবচেয়ে ভালো ভদ্র যদি কোনো খেলোয়ার থাকে সে হলো মাহমুদউল্লাহ রিয়াদ ভাই সত্যি তার এই বিদায়ের কথা শুনে মনটা খারাপ হয়ে গেল😭😭😭😭😭,riyad,FAVOR
2675fd38732aa456,মাহমুদউল্লাহ রিয়াদের মত শান্ত খেলোয়াড় বিশ্ব এিকেটে আর নেই আমার পছন্দের খেলোয়াড়,riyad,NEUTRAL
b027dd388a3cc4d7,Bangladesh cricket team lose another loyal diamond Mahmudullah riyad Love you. King is always king Bye bd test cricket Mahmudullah Riyad retire from bangladesh test cricket team.,riyad,FAVOR
6fc8c86e48a04a11,"মাহমুদুল্লাহ রিয়াদ একজন বিনয়ী ক্রিকেটার। এত অর্জন আভিজাত্যের মধ্যে থেকেও তার কোন অহংকার নেই। তারকাখ্যাতির ভিড়েও মানুষ কতটা ভাল হতে পারে তার স্পষ্ট উদাহরণ মাহমুদুল্লাহ। আর আমাদের পুঁচকে ক্রিকেটারদের যে কি অবস্থা!!!!!! Example_ নাসির, সাব্বির, রুবেল।।।",riyad,FAVOR
bb4c6ebc3f79ef7a,End of Mahmudullah Riyad era in Test cricket. 😥,riyad,NEUTRAL
41c4bf7585e8bad7,শোয়েব মালিকের মতো অভিমান করেছে আমাদের প্রিয় মাহমুদুল্লাহ,riyad,NEUTRAL
adf6f48fc7b56187,Malik je type er player Riyad vai akoi type er player..... 2 jon batting allrounder... akoi pojison a bat kore... khela er doron oo aki rokom❣️❤️❤️,riyad,NEUTRAL
a760a1295bcb27f5,মাহমুদুল্লাহ রিয়াদ ভাই কে আবারো জাতীয় দলে দেখতে চাই,riyad,NEUTRAL
3b5aac8414b991d3,দলের ভালোর জন‍্যে রিয়াদের উচিত ক‍্যাপ্টেনসি ছেড়ে দেওয়া।,riyad,FAVOR
79facfbb96aeb041,মাহমুদুল্লাহ রিয়াদিন দ্যা বেস্ট ক্যাপ্টেন বাংলাদেশ টিম পিসি থেকে পাপন নান্নুকে সরালে বাংলাদেশ ভালো করতে পারবে,riyad,FAVOR
a9770a0d5931c002,হিসাব করলে টি টুয়েন্টি থেকে সব প্লেয়ার সরিয়ে দেওয়া উচিত শুধু রিয়াদ না ভাই।,riyad,NEUTRAL
061f1bfb70d1e5d5,@samsadbegum8496 bhai riyad bady ki sobai khob bhaalo khaly. Shobar obistha to ek e.,riyad,AGAINST
957c63df9ab3135a,"সান্ত, আফিফ, সোহান কারোই তো ব্যাটে রান নেই, মাহমুদউল্লার নাম আসছে কেন বার বার? মাহমুদউল্লাহ এক্সপেরিয়েন্স ক্যাম্পেইনার। তার বিকল্প কই? ক্যাপ্টেন পরিবর্তন হতে পারে কিন্তু মাহমুদউল্লাকে দলে দরকার।",riyad,NEUTRAL
b432f5f6a585779c,"এই তোদের সাহস হয় কি করে ভবিষ্যৎ নিয়ে কথা বলার, বিশেষ করে মাহমুদুল্লাহ রিয়াদকে নিয়ে,,",riyad,NEUTRAL
4055d7e4addc9af5,"মাহমুদউল্লাহর ব্যাটিং পজিশন নিয়ে কোচ,ক্যাপ্টিন, সিলেক্টর,এবং বোর্ড কর্মকর্তাদের জনসম্মুখে ক্ষমা চাওয়া উচিত",riyad,NEUTRAL
c81bf29d2bb9127e,আমরা চাই মাহমুদুল্লাহ ভাই বিশ্বকাপ খেলো এশিয়া কাপ খেলা,riyad,NEUTRAL
f3729b9ccf50cbd6,আমরা যে কোনো মূল্যে মাহমুদুল্লাহ রিয়াদ ভাইকে এশিয়া কাপ ও বিশ্বকাপে দেখতে চাই।,riyad,NEUTRAL
7c98b8de90878d54,মাহমুদুল্লাহ ভাইকে ২০২৩ এশিয়া ও বিশ্বকাপ স্কোয়াডে রাখা উচিত,riyad,NEUTRAL
5024b0ca6e284dcf,মাহমুদউল্লাহ রিয়াদ ভাই কে এশিয়া কাপে চাই,riyad,NEUTRAL
57c5dad07b00ed13,যে যাই বলোক ভাই আমি কিন্তু রাজার হরিণ চাই.. আমার কথা হচ্ছে মুহাম্মাদ উল্লাহ রিয়াদ এর বিকল্প আমার চোখে কাউকে লাগে না..😊,riyad,NEUTRAL
f5f77675843bd7ac,নিউজিল্যান্ডের উইলিয়াম সন যদি বিশ্বকাপে অটোচয়েজ হতে পারে তবে বাংলার মাহমুদউল্লাহ কেনো ভালো চয়েজ হতে পারে না। এটাই মনে হয় বাংলাদেশ 😂😂😂😂,riyad,FAVOR
e1707582d9680a6b,ভাই মাহমুদুল্লাহর বিপক্ষে কথা বলে এটা বললেই হতো,riyad,NEUTRAL
c8e1312092b0f9db,Mahmudullah Riad akjon best betsman hoto jodi career er suru thake 1 down or 2 down e khalano hoto Odi format e. Tar inning buildup er capability onek valo. Ato besi experiment er jonno amra tar kas thake best feed back ta paini.,riyad,FAVOR
67b20cc70ef983dd,"দাদু রিয়াদ ভাইকে নিয়ে ভিডিও করেন,, পাপন সাহেবের কথা অনুযায়ী সত্যি কি রিয়াদ ভাইকে বিশ্বকাপে রাখবে?? আপনার মতামত জানতে চায়",riyad,NEUTRAL
f670e79ebc5b2c4b,Mahmudullah bang... দলের বোঝা. আপ গ্রেড করেনি. ক্যারিয়ার,riyad,NEUTRAL
7f49e3d4fde6a76e,রিয়াদের খেলার স্টাইল আসলে ৩ নম্বরেই বেশি যায়। তার বিশ্বকাপের রেকর্ড তাই বলে।,riyad,NEUTRAL
aacaefd580dbf9cb,আপনি কি নিদাহাস ট্রফির কথা ভুলে গেছেন? মনে থাকলে মাহমুদউল্লাহর ফিনিশিং নিয়ে প্রশ্ন তুলতেন না।,riyad,AGAINST
611baca847113a83,ভাই আপনার কাছে আমার প্রশ্ন আপনি কি mahmudullah কে রাব্বি জায়গায় dekhte চান না?,riyad,NEUTRAL
9073420019c91e70,ভাই বিশ্বকাপে মাথা মোটা সাহাম কে না রাখাই ভালো হবে। ৭ নম্বরে মাহমুদউল্লাহ এবং মোসাদ্দেক রাখাই ভালো হবে।,riyad,FAVOR
7a50f9ee9c1ca5eb,Tumi kothai hariye gele bhaiya? We need this mahmudullah Riyad,riyad,NEUTRAL
974fcda4e462b710,মাহমুদুল্লাহ রিয়াদকে আবার জাতীয় দলে দেখতে চাই,riyad,NEUTRAL
c4bc10a6b05d7bdc,I Never Taught Mahmudullah Has That Great English Speaking Skills 🤩,riyad,FAVOR
1d14a92ae082cb6f,আমার মনে হয় বাংলাদেশের প্রতিটি বাঙ্গালী চাইবে মাহমুদউল্লাহ খেলুক,riyad,NEUTRAL
f54bcb9c082f8478,মাহমুদউল্লাহ রিয়াদ কে নিলে ভালো হবে কারণ মাহমুদউল্লাহ রিয়াদ অনেক ক্ষণ ব্যাট করতে পারে ও তার অভিজ্ঞতা ও বেশি,riyad,FAVOR
225a4f336061460f,😂😂😂😂😂 Mahmudullah scored a century against South Africa 2023 world cup.,riyad,NEUTRAL
3bf4e5dcb382ab3d,এই অবিচারের মূল্য দিতে হবে। মাহমুদুল্লাহ বাংলাদেশের উজ্জ্বলতম নক্ষত্র লাভ ইউ বস❤। কেন মাহমুদুল্লাহ রিয়াদ দলে নেই আন্দোলন করি আমরা।,riyad,NEUTRAL
7e9da8cf807bda8e,রিয়াদ ভাইয়ে মতে একজনকে খেলানো হলে এটার কোনো ভিত্তি নেই ওনি ত সেরা পাচজনের মধ্যে একজন,riyad,FAVOR
b9e4d9cf28556fbf,সব অভিনয় করে সবাই রিয়াদের মত এমন একজন ভাল খেলোয়ার থাকলে এমন দেখতে হত না। ছি ছি ছি,riyad,FAVOR
11231b8705059168,"এরকম ভুল সিদ্ধান্ত আরো অনেক টেস্টে হারবে বাংলাদেশ, টেস্টে দেখতে চাই মাহমুদুল্লাহ রিয়াদ ইমরুলকে, টেস্ট ক্রিকেট খেলার জন্য অভিজ্ঞতা লাগে,",riyad,AGAINST
9bf33081646cbf49,"রিয়াদ ভাইয়ের প্রতি সব সময় অবিচার করা হয়, যা কাম্য নয়।",riyad,NEUTRAL
d8dcca8b4d75b56b,"মাহমুদউল্লাহ ভাই বাংলার বীর সেনার মতো একটা কাজ করেছে, এই জন্য মাহমুদউল্লাহ ভাই কে জানাই প্রাণঢালা অভিনন্দন",riyad,NEUTRAL
4c5b7ce48e390056,"ভাই আপনারা এত রিয়াদ, ইমরুল করেন কেন? রিয়াদ, ইমরুল এত বছর কি ফালাইছে।",riyad,NEUTRAL
3db306a850330b9e,Riyad keno optional player hoye khelbe....? National team a kun player ta Riyad er cheye Valo khele...?,riyad,FAVOR
b6c9dd3976af48d0,সামি ভাই আপনি আমার সব থেকে পছন্দের রিপোর্টার শুধু মাত্র এই নিরব অবহেলিত মানুষটার পাশে থাকেন তাই...... কারণ আজকালকার রিপোর্টাররাতো শুধু তাদের নিয়ে রিপোর্ট করে জাদের নিয়ে রিপোর্ট করলে বেশি ভিউ হবে...... সেখানে আপনি ব্যতিক্রম ...আপনি সব সময় রিয়াদ ভাইয়ের পাশে আছেন তাই আপনি আমার সব থেকে পছন্দের রিপোর্টার......,riyad,NEUTRAL
f29dbca273257f22,"Ja kan a R.Awsin ato year por test a ahshea valo kortea parea toh ban er player Imrul, riyad k chance delea ki problem??",riyad,FAVOR
d2a215dec361f359,মাহমুদুল্লাহর পরিবর্তে একাদশে বিসিবি প্রধান পাপনকে দেখতে চাই,riyad,NEUTRAL
067a9ef2986b44c0,"বাংলাদেশের আরো ভালো মানের কোচ দরকার, সেইসাথে দেশের এবং দলের প্রয়োজনে নির্বাচকদেরও আরো নিষ্ঠাবান হতে হবে। মাহমুদউল্লাহ, ইমরুল, আশরাফুল ভাইয়েরা অবশ্যই টেস্ট খেলার যোগ্য।",riyad,FAVOR
0cc605aec783b7bb,Riyad k captain dea uchit test a...,riyad,NEUTRAL
0aa2c5a8325d6b19,আশ্চর্য লাগে যখন দলে রাখা হয় না মাহমুদুল্লাহ কে।,riyad,NEUTRAL
9ed95a00873b693e,রিয়াদ ভাই তো থাকবেই ইমরুল কায়েসকেও চাই নিউজিল্যান্ড সফরে,riyad,NEUTRAL
21be5b8910ef112a,মাহমুদউল্লাহ ও ইমরুল কে নিউজিল্যান্ড সফরে চাই,riyad,NEUTRAL
29cae63806871f11,মাহমুদউল্লাহ রিয়াদ এবং ইমরুল কায়েস কেন নেয়া হয় না,riyad,NEUTRAL
70201a708789a1fa,Mahamudullah Riad k 4 number position a cai.,riyad,NEUTRAL
beefd60ecd942301,"Onobiggo plyer jara international game kheleni taderke dole nite paren .kinto onek obiggo player ase.jmon Mahmudullah Riyad,Imrul Kayes,Anamul Haque Bijoy,jahorul Islam, taderke keno nenna,why,ajonno Bangladesh jitte parena.",riyad,NEUTRAL
b8bc77a6dccfc557,"আশরাফুল ,মাহমুদুল্লাহ,ইমরুল কায়েস এই তিনজনকে টেস্ট ক্রিকেটে সুযোগ দেওয়া উচিত",riyad,NEUTRAL
ad8bd03d721bf806,Mahmudullah Riyad is better test capten then Mominul..,riyad,NEUTRAL
7f32223db56a7f35,টেস্ট থেকে অবসর নেয়া উচিত রিয়াদ ভাইয়ের🙂 হেডার টেস্ট দল🙂,riyad,AGAINST
1a7a4d7d09527661,allah riyad vai. ar sathe ase inshallah..tai oni cinta mukto,riyad,NEUTRAL
dda09c75aa8f34ab,"WE WANT RIYAD IN MAIN SQUAD. Who is the best finisher than him? MY BEST CHOICE IS RIYAD. Who wants him in main squad, please vote? #hateBDcricketcoachandpapon",riyad,NEUTRAL
64f063bd6113e3de,Mahamudullah Riyad come back to the national team in Bangladesh ODI team. He is a hero in 2015 ODI world cup. Back to back century.,riyad,FAVOR
bcfc0b32264a084b,মাহমুদউল্লাহ ও এনামুল হক বিজয় কে দলে চাই,riyad,NEUTRAL
2f2a309e2dfac975,আমার মনে হয় সবাই ভুলে গেছে মাহমুদউল্লাহর দিনগুলো,riyad,AGAINST
8f662db4fbd6ec17,"মাহমুদুল্লাহ ভাই অবশ্যই ভালো একজন খেলোয়াড় এটা আমি মনে প্রানে বিশ্বাস করি,তবে এর মানে এই নয় যে, তার মেজাজ এর সাথে যাক বা না যাক সব ফর্মেটেই তাকে খেলাতে হবে, তাকে শুধু t20 ও odi এর জন্য স্পেসালিস্ট করা দরকার, টেস্ট এ উনি তেমন কিছু করতে পারেনা।",riyad,FAVOR
5fd171ba818929d7,"শেষ ১৪ ইনিংসে মোমিনুল এর হাফ সেঞ্চুরি মাত্র ১টা, সেঞ্চুরি ০টা। মাহমুদউল্লাহ এরও সেইম কাহিনী, তাহলে কিভাবে হাতুঢু ডোমিঙ্গো ভুল ছিল? এদের বাদ দেওয়াই ভালো",riyad,NEUTRAL
319461fa648c9d35,Mahmudullah na thaklei ki ? are bhai doler jonne Faf du captaincy theke neme gase. bujhina Bangladesh er player gula ki kore ? ar media to aro kharap abostha,riyad,AGAINST
ae7fbfcc7c83f566,dekhmuni mahmudullah er jaygay kon chaterbal ki uddhar kore..,riyad,AGAINST
666819c68981048f,"কেন নেই কাদেরকে প্রশ্ন করছেন ? মাহামুদুল্লাহ রিয়াদ টেষ্ট খেলার কোনো এভেলেটি নেই। লাষ্ট দশ সিরিজ দুই শতাধিক রান করতে পারে না, তাকে টেষ্ট খেলোয়াড় হিসেবে মাঠে নামানোর কোনো যুক্তি নেই।",riyad,NEUTRAL
4f737b77533ba68a,মাহমুদুল্লাহ খুবই ভালো প্লেয়ার দেশের আইকন তবে আসলেই টেস্ট খেলার মতো যোগ্যতা তার নাই,riyad,FAVOR
4fbfcd078acbbf1e,Bangladesher sangbadikgola ekebare abal valo kaj korle o dosh khoje ber kora are salara riyad etobosor test khelce or performence ki or avarage ki riyad oneday r t20 r jonno thik ase or chaye noton kao ashle hoito ba valo o korte pare r liton r summo r deke o ekto nojor daow baler sangbadikra era to test r joggo na trpore eder jor koira test khelaiya natural khelata e sesh kore detase,riyad,NEUTRAL
1a45145daff1eb18,মিথুন খেলবে আর রিয়াদ বাদ! ভন্ডামির একটা সীমা থাকা উচিৎ।,riyad,AGAINST
7af09d2aed5b4200,Couh k sadunota dile balo hove.. mahmudullah akta baje take aro age bad deya uchith chilo,riyad,AGAINST
a58d57b4cd3371b8,এখানে মাহমুদউল্লাহকে ছোট করা হয়নি।বরং তারই কোন ইচ্ছে নাই টেস্ট খেলার। তাই মাহমুদউল্লাহকে বসিয়ে তুষার ইমরান কে নিলে ভালো হত অথবা কায়েস,riyad,FAVOR
5e11fe04bcd9c3d8,Mahmudullah is useless player....aro onk age bad dewa uchid silo,riyad,AGAINST
5c2df722a6c5770e,মাহমুদউল্লাহ রিয়াদ একজন প্রকৃত ধার্মিক ক্রিকেটার। Love You ❤️ Boss.,riyad,FAVOR
ae307db1afce0dd3,মাহমুদউল্লাহ রিয়াদকে আসসুন্নাহ ফাউন্ডেশনে দেখে অনেক ভালো লাগলো।আমার প্রিয় একজন প্লেয়ার।,riyad,FAVOR
574ad9a758cdf2aa,"আলহামদুলিল্লাহ, মাহমুদউল্লাহ রিয়াদ ভাই আস সুন্নাহ ফাউন্ডেশন দেখতে আসছেন দেখে খুব ভালো লাগলো ❤️❤️❤️",riyad,FAVOR
1d9e0b6239a85822,আমি ব্যক্তিগতভাবে ক্রিকেটার মাহমুদুল্লাহ এবং শায়েখ আহমদ উল্লাহ কে অনেক ভালোবাসি। সুতরাং তাদের দুজনকে একসাথে দেখে অনেক ভালো লাগলো,riyad,FAVOR
318cf7bc87a0c297,"আলহামদুলিল্লাহ মাহমুদুল্লাহ রিয়াদ একজন ভালো খেলোয়াড়,ভালো ব্যবহারের অধিকারী একজন ভালো মানুষ। আল্লাহ ভাইকে উত্তম প্রতিদান দান করুক।",riyad,FAVOR
843075ec93b31973,মাহমুদুল্লাহ ভাই হুজুরের সাথে দেখে খুবই ভালো লাগলো আলহামদুলিল্লাহ,riyad,FAVOR
7af7a31d46275a75,"মাশা-আল্লাহ। প্রথমত আস সুন্নাহ ফাউন্ডেশন কে ধন্যবাদ। মাহমুদ উল্লাহ রিয়াদ ভাই ধার্মিক এবং ভালো মানুষ, তার কাছ থেকে বড় অংকের একটা এমাউন্ট আশা করছি।",riyad,FAVOR
2c96eb1ead85dd71,মাহমুদুল্লাহ রিয়াদ একজন প্রকৃত ধার্মিক ক্রিকেটার। I love you boss❤,riyad,FAVOR
ab911a51219f4bce,"আলহামদুলিল্লাহ, আমার প্রিয় খেলোয়াড়,রিয়াদ ভাই,আস সুন্নাহ ফাউন্ডেশন আসছে, দেখে অনেক ভালো লাগছে, এবং আস সুন্নাহ ফাউন্ডেশনের চেয়ারম্যান, এক সাথে দেখে মা শা আল্লাহ ♥️♥️♥️",riyad,FAVOR
4cd6320f973f89c3,আলহামদুলিল্লাহ মাহমুদুল্লাহ রিয়াদকে দেখে খুব খুশি হলাম!,riyad,NEUTRAL
0f7f4e6c80eac6d0,মাহমুদউল্লাহ রিয়াদ ভাই খুব ধার্মিক এবং ভালো মানুষ ❤❤❤,riyad,FAVOR
19337e466978d192,আমাদের সন্মানিত ক্রিকেটার মাহমুদউল্লাহ রিয়াদ ভাইকে আস সুন্নাহ ফাউন্ডেশনে দেখে অনেক ভালো লাগছে।,riyad,FAVOR
c2f2ca559fdb30d4,Mahmudullah is an honest person. Unake deser kaje lagate hobe.,riyad,NEUTRAL
eb8f299303de0276,মাহমুদুল্লাহ রিয়াদ ভাই সত্যিকারের একজন ভালো মানুষ,riyad,FAVOR
42aa2a399ec2e351,মাহমুদুল্লাহ ভাই কে দেখে অনেক ভালো লাগলো,riyad,FAVOR
b1d1b52dd3de7a6a,আলহামদুলিল্লাহ মাহমুদুল্লাহ ভাই ভালো মানুষের পরিচয় দিলেন যে নিজের দানটা গোপনে রেখেছেন গোপনে দান করা ব্যক্তিকে আল্লাহ অনেক ভালোবাসেন। আলহামদুলিল্লাহ এই সময় আলেমদের সাথে থাকা মানুষের সহযোগিতার পাশে আসা খুব একটা ভালো কাজ আপনি যেমন মানুষের মনে জায়গা করে নিলেন তেমনি আল্লাহ আল্লাহ রাসূলের অন্তরে জায়গা পেয়ে যাবেন ইনশাল্লাহ মাহমুদুল্লাহ ভাই আমি চাই আপনার বাকি জীবনটা ইসলামের খেদমতে কাটিয়ে দিন আলহামদুলিল্লাহ ইনশাল্লাহ,riyad,FAVOR
f72bd2fb83bfc6b3,খুবই ভালো লাগছে আমাদের ময়মনসিংহের ছেলে রিয়াদ ভাই ও আহম্মদ উল্লাহ হুজুর কে এক সাথে দেখে ❤,riyad,FAVOR
a99608a8226f4399,মাহমুদুল্লাহ রিয়াদের পাশে আরো দুই একজন ক্রিকেটার বিশেষ করে লিটন দাস কে পেলে আরো বেশি খুশি হতাম।,riyad,NEUTRAL
22813ea001664ca2,He is not Bangladeshi Gayle but Bangladeshi Mahmudullah,riyad,NEUTRAL
335811b9e0e64ab6,মাহমুদউল্লাহ রিয়াদ যে ভাবে ফিরে এসেছে তা সকলের জন্য একটা দৃষ্টান্ত হিসেবে কাজ করা উচিত তরুণ প্রজন্মের,riyad,NEUTRAL
72bca01f5b01c94e,রিয়াদ ভাই জীবনে খারাপ সময় এর পরে ভালো সময় আসে আপনি সেটাই করে দেখিয়েছে এবং সব সমালোচনার জবাব আজকেই দিয়ে দিয়েছেন।,riyad,NEUTRAL
549f256d2d0a227c,এজন্যই মাহমুদউল্লাহ কে এতো ভালো লাগে। লাভ ইউ বাংলাদেশ ক্রিকেট টিমের রিয়েল হিরো 💞💞💞,riyad,FAVOR
9a5516623859784d,"মাহমুদুল্লাহ রিয়াদ ঠিকই বলেছেন। দোয়া করি আমাদের player রা ভালো থাকুক, সুস্থ থাকুক। ইনশাল্লাহ বাংলাদেশ মূল পর্বে ফাটিয়ে খেলবে ❤️",riyad,FAVOR
e3f70604c1bc395e,"রিয়াদ ভাইয়ের কথাটা বুকের ভেতর লাগলো আজকে, কথা দিলাম বাংলাদেশকে আর কোন ম্যাচ বাংলাদেশ খারাপ করলেও বাজে কথা কখনও বলবো না ভাই ভালোবাসি বাংলাদেশ কে বাংলা আমার গর্ব বাংলা আমার ভাষা বাংলা আমার মা",riyad,FAVOR
f00df1fa4dfc89dc,মাহমুদুল্লাহ রিয়াদের প্রত্যেকটা কথায় আমার ভালো লেগেছে,riyad,FAVOR
fc32a45826afa23b,Win or lose We are with you Bangladesh ❤️ Best of luck Bangladesh and take love Riyad Vai ❤️,riyad,FAVOR
e4a5798538899768,রিয়াদ ভাই সম্পূর্ন সঠিক কথা বলছেন।যারা খারাপ সময় পর হয়ে যায় তারা কখনো দলকে ভালবাসতে পারেনা।এগিয়ে যাও ভাই তোমাদের জন্য সব সময় অটুট ভালবাসা থাকবে।,riyad,NEUTRAL
8849fc43bc37cf5e,Sorry Riyad bro . Hari jiti tmrai bangladesh,riyad,NEUTRAL
42b0184eb0d812b4,Amra o Mahmudullah r full Bangladesh team Always Love harok ba jitok,riyad,FAVOR
78ae7cc22a1ac662,Mahmudullah যা বললেন তা সঠিক।। love you boss,riyad,FAVOR
c5ee9f5fcab0e1b4,মন খারাপ করবেন না রিয়াদ ভাই। মনে রাখবেন ম্যাচ হারার পর যারা সমালোচনা করে জেতার পর তারাই উল্লাস করে কারণ তারা ক্রিকেটের সাথে সরাসরি সম্পৃক্ত অবশ্য আমাদের মধ্যে কিছু পাবলিক আছে ম্যাচ হারার পর বাজে ভাবে আক্রমণ করে কথা বলে,riyad,AGAINST
9147524d5f2e6e83,"সঠিক কথা বলেছে,,,অনেক সময় ধর্শকরা এবং সাংবাদিক ভাইয়েরাও অতিরিক্ত বলে ফেলে যা এক্কে বারে সার্থ পরের মত।সমালোচনা করেন কিন্তু লিমিট থাকা উচিৎ,,, সরি ক্যাপ্টেন মাহমুদউল্লাহ।",riyad,AGAINST
07f1248da4b67202,রিয়াদ ভাই মন ভালো ছিলো না তাই কি বলছি না বলছি ভুল হয়ে গেছে মাফ করে দেন,riyad,FAVOR
1ca05d7d7e65e800,খারাপ খেলুক বা ভালো I Love you মাহমুদউল্লাহ,riyad,FAVOR
cae6060121af0dee,খুবই কষ্ট পেলাম!আপনারা আপনাদের মত করে খেলে যান।আমরা বাঙালীরা বেশী আবেগ প্রবণ।ক্রিকেটের প্রতি আমাদের আবর্ষণ বেশি।তাই আপনাদের নিকট আমাদের প্রত্যাশা অনেক বেশি।আপনারা খারাপ খেললে আমরা বাজে মন্তব্য করতে কুন্ঠা বোধ করিনা!ভালো খেললে বাহবা দেই।আমরা কখনো বুঝতে চাইনা/চেষ্টা করিনা যে আপনারা কখনই ইচ্ছা করে খারাপ খেলেন না।অনেক সময় নিয়তি আপনার/আমার পক্ষে থাকেনা।এটা আমরা মেনে নিতে পারিনি বলেই আজ ক্যাপ্টেন মাহমুদুল্লাহ রিয়াদের প্রেস কনফারেন্সটি ছিল হৃদয় বিদারক! মহান আল্লাহর নিকট বাংলাদেশ ক্রিকেট টীমের সকলের সুস্বাস্হ্য ও ভালো পারফর্মেন্স কামনা করছি।,riyad,NEUTRAL
872394c7cfee64da,"মাহমুদউল্লাহ রিয়াদ খুবি ভালো মানের খেলোয়াড়। তাকে এই ভাবে অপমান করা আমাদের ঠিক হচ্ছে না।ভুলে যাবেন না নিদাহাস ট্রফির কথা,",riyad,FAVOR
d8733f2f505a69b1,যাই হোক না কেন মাহমুদউল্লাহ কে বিশ্ব কাপে দেখতে চাই সে একজন অবিজ্ঞ প্লেয়ার,riyad,NEUTRAL
7af690c139d64a31,Riyad is a top class batsman of Bangladesh. Riyad just need a good come back. We support riyad vai.,riyad,FAVOR
9bebc91dfe77c300,Mahmudullah is one of best player in Bangladesh💯💯💯🇧🇩🇧🇩🇧🇩💪💪💪👌👌👌,riyad,FAVOR
0ecd1ab56f029e96,রিয়াদ ভাইকে দলে রাখা উচিৎ ছিল বিশ্বকাপ স্কোয়ার্ডে অবশ্যই উনাকে চাই,riyad,NEUTRAL
4a0bca5843583591,মাহমুদউল্লাহ রিয়াদ এখনো আস্থার প্রতিক।আমরা রিয়াদ ভাইকে চাই।,riyad,NEUTRAL
68b6b2ef57c81ca4,মিস করবো রিয়াদ ভাই আপনাকে খারাপ লাগে রিয়াদ ভাইয়ের জন্য 😭😭😭😭,riyad,AGAINST
176e7d619c0e8f40,ভাই রিয়াদ ভাই যখন নামছেন তততখন 100 রানে4 উইকেট ছিল থাই বল খাইছে।।দেখি র্পিলেস কি করে,riyad,NEUTRAL
6e9b223d028def6c,রিয়াদের উচিত ছিলো টেস্ট ধরে রাখা জেহেতু তিনি ধিরে খেলতে পছন্দ করেন,riyad,NEUTRAL
91c9eb4b422dc020,মাহমুদউল্লাহ জায়গায় যাদের কে আনা হচ্ছে তারা আদৌ সফল? যখন দল ছিটকে পড়ে যায় তখন স্ট্রাইক রেট দেখা বেমানান আর তার ব্যাটিং পজিশন ও দেখা উচিত।,riyad,NEUTRAL
301f432ea011062f,"মাহমুদউল্লাহ কে দলে চাই, আপনারা ভুলে যাবেননা নিদহাস ট্রপির কথা",riyad,AGAINST
1b340a9a18517d35,"Team হবে performance based, so exclusion of Riyad is good",riyad,NEUTRAL
7691c51e8613ccf1,"মাহমুদুল্লাহ আস্থার প্রতিদান অনেক অনেক বার দিয়েসেন, তার পতি জুলুম হচ্ছে মনে হয় l",riyad,NEUTRAL
5fdb2c3b7482f55c,কোন কথা হবে না রিয়াদকে জাতীয় দলে চাই,riyad,NEUTRAL
ff18a19107673b5c,"মাহা মুদদোললা রিয়াদ কে দলে দেখতে চাই,,",riyad,NEUTRAL
4ec6d5da0dec4fc0,"রিয়াদ যখন ব্যাট করে সেইখানে যাকেই দিবে সে চুখে বলেই দেখবেনা , কে কে একমত জানাবেন",riyad,NEUTRAL
779137907e946283,মাহমুদউল্লাহ রিয়াদের অধ্যায় শেষ হয় নান্নু পাপনদার অধ্যায় শেষ হয় না কেন?,riyad,NEUTRAL
c3f09afe1079b0a5,খবর টা শুনে কুব খারাপ লাগলো রিয়াদ ভাইর জন্য অনাকে দলে রাখা অনেক দরকার,riyad,AGAINST
c4d372dc53ac5cec,ভালো করে নাই মাহমুদুল্লাহ কে বাদ দিয়ে,riyad,FAVOR
b0ca9855a2647a3e,ভাই রিয়াদ এর স্টাইকেরট চিন্তা করার আগে চিন্তা করা উচিত যে তাকে কোন সময় ব্যাটিং করতে হয়েছে। কোন দল যখন ১০০ এর নিচে ৫/৬ টা উইকেট পড়ে যায় সেই জায়গায় কোন প্লেয়ার কি করবে সেটা কি ধারনা আছে,riyad,NEUTRAL
67854a8cfcf940a0,এটা তো রিয়াদ ভাইয়ের সাথে অন্যায় করা হচ্ছে 😓। তিনি একজন নিয়মিত performer. তিনি ১৬ বছর ধরে বাংলাদেশ দলকে সার্ভিস deyece। Achon তার সাথে এসব কী korse বিসিবি। রিয়াদ ভাইকে নূন্যতম respect টা দিলো না 😭। এটা bd ক্রিকেট এর জন্য বড় ক্ষতি,riyad,FAVOR
bd1415057cd115d7,100 raner modde pore jay 4 wicked kokhono 5 wicked....thik tokhon asen mahmudullah match ta recovery korrar jonno tokhon t20 mood batting korbe Kono batter ??? Bcb pagol Hoye geche,riyad,NEUTRAL
f8cafbc563b302a0,"আপনি সারাজীবন দিতে পারলে ভালো একদিন না দিতে পারলে বলবে তই কখনো কিছু দিতে পারিস নাই, ঠিক তেমনি বাংলাদেশ ক্রিকেট বোর্ড সভাপতি কাছে এমনি,রিয়াদ দলের জন্য কি করছে সেটা কি সভাপতি মাথায় আছে,সব ভুলে গেছে রিয়াদ পাপনের কতবারই সম্মান বাঁচিয়েছে সেটা",riyad,FAVOR
09d487cb955846d9,jebabe England er Against batting koreche eitai howa uchit.....ar koto slow kelbe.....shob kichu shojjo korar limit ase.....Mahmudullah should rest...perform na korle out of the team thats it.,riyad,NEUTRAL
90b499a265a9e0ab,কি বললেন বুঝলাম না আপনি কি লাস্ট দুইটি সিরিজের খেলা ভালো ভাবে দেখেছেন?? ১০০ রানের আগেই কত উইকেট পড়েছিল?? ৪ - ৬ টা যদি পড়ে যায় তবে মাহমুদউল্লাহ কি করবে?? উনি কি দল টা টেনে নিবেন নাকি ১০ বলে ১৫-২০ করে আউট হবেন?? তাকে দলকে টানতে হবে আবার স্টাইক ঠিক রাখতে হবে আর বাকিরা ঐটা ফালাইতে আসছে!!,riyad,FAVOR
087dc63e75e5643c,অভিজ্ঞতার আসলে কোন দাম নেই এদেশের ক্রিকেট মাহমুদউল্লাহ রিয়াদের জায়গায় যারা খেলে তারা কত খানি সফল তা আমরা অনেক ম্যাচে দেখেছি। আরো একটি ভুল করতে যাচ্ছে ম্যানেজমেন্ট এ কথা নিঃসন্দেহে বলা যায়।,riyad,AGAINST
bc1ab81668abd6d4,"আমার একটা প্রশ্ন আছে ক্রিকেটের কোন বালটা বুঝেন আপনারা ক্রিকেট নিয়ে যে আপনারা কথা বলেন।ইন্ডিয়ার সাথে যে ম্যাচগুলোর কথা বলতেছেন বাংলাদেশের। প্রথম ওডিআই ৯৫/৪ উকেট তখন নামে মাহমুদুল্লাহ, আপনি কি চাচ্ছেন এই অবস্থায় সে ২০০ স্ট্রাইক রেটে বেট করবে নাকি ম্যাচটাকে ধরে রাখার চেষ্টা করবে। দ্বিতীয় ওডিআই ৬৯/৫ বেটে নামে তখনও কি তার ২০০ স্ট্রাইক রেট করবে।তারপরও তার স্ট্রাইক রেট নিয়ে কেন টানা হয়। যে কিনা আগের ছয় ম্যাচের মধ্যে রান সংগ্রহ কে দুইনাম্বার তালিকায় আছে তাকে কেন বাদ দেওয়া হয় তাকে কেন স্টাইকরেট নিয়ে কথা শুনতে হয়।এসব জানার পরেও তাকে নিয়ে আপনারা খারাপ মন্তব্য করেন শালা তাহলে আপনারা ক্রিকেট খেলায় বুঝেন না😡😡😡😡",riyad,AGAINST
a9b91c53052525c2,"বর্তমানে , মাহমূদুল্লাহ রিয়াদ, লিটন, এবং আফিফ এদের কেউই ফর্মে নেই , তবে আফিফকে একবার শেষ T-20 তে টপঅর্ডার মানে, 3 নং বা 4 নং পজিশনে একবার খেলিয়েে শেষবারের মতো পরীক্ষা করা যেতে পারে ।",riyad,NEUTRAL
96265d94be81d98f,এসব প্লেয়ার আর চলে না ডট বাবা রিয়াদ।দলে জায়গা ধরে রাখতে হলে পারফর্ম করতে হবে।এই তো রান ই করতে পারে না দলে জায়গা পাবে কিভাবে??,riyad,NEUTRAL
4380ed0537de23b8,মাহমুদুল্লাহ সব সময় ভালো প্লেয়ার ওর বিকল্প নাই বাংলাদেশের 18 কোটি মানুষ মাহমুদুল্লাহ কে ভালবাসে,riyad,FAVOR
27855219f5cf6d60,"@rishabahmed tomar baap yasir holo bolod goru, shorir ase kintu shot ny, BCB Mahmudullahr replacement kujse yasir bolod ke, kintu Ei Yasir Bolod tar 13 ta t20i innings bat koreche kintu ekta 50+ run ny. ar Mahmudullah t20 tw ashle 7 over theke 15 Over porjonto important time khelatake slow kore fele.. jar karone t20 te abong One day de teo ny",riyad,NEUTRAL
be4fe965637d412b,@rishabahmed past a ja koreche amra shobai Mahmudullah ke salute janai but modern day cricket slow hole cholbe na.... strike rate big factor kaj kore eikane.....Mahmudullah limit er baire beshi ball khele jegular maximum dot ball.,riyad,NEUTRAL
c97e8081507d615a,"📌 Pinned Comment 📌 Thank you for tuning in, cricket fans! 🙌 On October 13, 2024, Mahmudullah Riyad officially retired from T20 cricket, sparking debate across the cricketing world—was he the ultimate hero for Bangladesh or a silent villain? 🏏 In this video, we break down his career highlights and low points: Legendary moments like the Nidahas Trophy victory 🏆 Controversies and challenges during his captaincy His match-winning innings and T20 World Cup performances The roller-coaster ride of fan emotions over his 17-year career Now, it’s your turn! What’s your verdict? 🗣 Share your thoughts in the comments: ✅ Was he Bangladesh’s unsung hero? ❌ Or did his struggles cost the team too much in crucial matches? Drop a comment, smash that LIKE button if you found this deep dive insightful, and SUBSCRIBE for more cricket analysis, highlights, and debates! 🏏 Let’s keep the discussion going! 👇 #MahmudullahRiyad #BangladeshCricket #HeroOrVillain #T20Cricket #CricketControversy #CricketDebate #NidahasTrophy #T20WorldCup #CricketHighlights #MahmudullahLegacy #MahmudullahRiyad #BangladeshCricket #T20Cricket #CricketAnalysis #HeroOrVillain #T20WorldCup #MahmudullahLegacy #CricketHighlights #NidahasTrophy #BangladeshT20 #MahmudullahDebate #CricketDiscussions #T20CricketHeroOrVillain #BangladeshCricketFans #MahmudullahPerformance #HeroOrVillain #CricketAnalysis Mahmudullah Riyad, Bangladesh cricket, T20 cricket, cricket analysis, hero or villain, T20 World Cup, Mahmudullah legacy, Nidahas Trophy, cricket highlights, Bangladesh T20 cricket, BangladeshT20WorldCup, CricketLegends, MahmudullahHeroOrVillain, T20CricketAnalysis, CricketControversy, BangladeshCricketHistory, CricketMatchHighlights, BangladeshCricketMoments, MahmudullahInFocus, T20IRecords, BangladeshCricketJourney, MahmudullahVsCritics, CricketDebates, MahmudullahRetirement, T20Crisis.",riyad,FAVOR
aff53074b45ceed7,If only mahmudullah could have repeated his heroics in asia cup final 2018,riyad,FAVOR
cc6161f976ced735,"Yeah i thought we won, Mahmudullah is the master of these situations.",riyad,NEUTRAL
bee828e6f8bd68d4,মাহমুদুল্লাহ কোন টি-টোয়েন্টি খেলোয়াড়ই না। তার উচিত ছিল সম্মান থাকতে থাকতে টি-টোয়েন্টি ফরমেট থেকে আরো আগে অবসর নেওয়া। কিন্তু সে অবসর নিছে টেস্ট থেকে যার কোন কারণই আমি দেখি না। প্রফেশনাল খেলোয়ারদের ইমোশনাল ডিসিশন নেওয়া পুরাই self destructive,riyad,AGAINST
86694de79456eee5,Ami bujhlam na….ei ODI World Cup e Mahmudullah ki khelbe na????,riyad,NEUTRAL
4d8874661655dcee,Riad and imrul . Anamul ke a team kalano hok,riyad,NEUTRAL
6788070a55366886,Riyad vai mane Heroo... r boss add korse... so phone ta kintei hobe....,riyad,FAVOR
223bd50218f9209a,If Mahmudullah is not in the squired kaku layer,riyad,NEUTRAL
3c3eea178e46f13f,এই ছিল রিয়াদের ভালোবাসার প্রতিদান। বালের ক্রিকেট বোর্ড 😢😢😢😢😢😢😢,riyad,FAVOR
8ee774bd4e6c1f4e,"Ei cricket board abar bishocup nibe ,,,Shamim k bad diye riyad k Nile valo hoto..",riyad,NEUTRAL
fb048759adf5f5c4,নাঈম শেখকে কোন বুঝে নিলেন? মাহমুদউল্লাহকে নেয়া উচিৎ ছিল।,riyad,NEUTRAL
a22faa81ba6a827c,শামীম হোসেন পাটোয়ারীর যাইগায় মাহমুদুল্লাহ রিয়াদ থাকলে ভালো হতো😢,riyad,FAVOR
18c516cd6019966c,মাহমুদুল্লাহ রিয়াদের সম্মান থাকতে বিদায় নেওয়া উত্তম বাংলাদেশ ক্রিকেট থেকে!!!,riyad,NEUTRAL
dbbd6e415edad5b7,রিয়াদ ভাই আমি যখন ছোট তখন থেকেই আপনার মুশি ভাইয়ের ফ্যান আপনাদের নান্দনিক খেলা দেখে বড় হয়েছি আর হয়তো ৃাঠে দেখতে পাবোনা হৃদয়ে ক্ষত সৃষ্টি করে যাবেন আপনারা সালাম বসেরা।,riyad,FAVOR
d53e7474e570929b,"লিজেন্ড রিয়াদ ভাইয়ের উচিত আগে থেকে সম্মান থাকতে অবসর নেয়া। পরে এই লিজেন্ডকে বাধ্য করবে অবসর নিতে , ওনাকে বাদ দিয়ে ছেংড়া পোলাপাইন নিবে এবারের বিশ্বকাপের মত",riyad,AGAINST
35aa2e3692915519,মাহমুদুল্লাহ রিয়াদ ও মুসফিকের মত ক্রিকেটার এক যুগেও পাওয়া যাবে কিনা সন্দেহ আছে।,riyad,NEUTRAL
24af917897231213,মাহমুদউল্লাহ রিয়াদ কে বিশ্বকাপে চাই তার অবদান বাংলাদেশে অনেক,riyad,NEUTRAL
d509d4948bce2078,"মাহমুদউল্লাহ যা দিয়েছে, কেও কি তা দিতে পেরেছে! কত কত জয় এসেছে শুধু তার জন্য!🖤",riyad,NEUTRAL
5fcfd02c73af35cf,রিয়াদ ভাই অনেক ভালো খেলে আমি মেনে নিতে পারলাম না,riyad,FAVOR
f1b0ccdd1fd46516,"নাননু কোনো দিন দলের হয়ে ১০ রান পার করতে পারিনি,,সে কি করে বুজবে মাহমুদুল্লাহ কি জিনিস",riyad,NEUTRAL
a72367caa86d9d74,মাহমুদুল্লাহ রিয়াদভাই কে বিশ্বকাপে চাই তার অবদান অনেক,riyad,NEUTRAL
328b182fd2e39321,Lojja ney tor? Riyad vai er name use kore comment korchish...,riyad,NEUTRAL
d207eed47f92d58c,My Cricket Hero Riyad... Love you Boss,riyad,FAVOR
5ff866fdde29ea0c,ভাই আপনাকে আমরা আবারও দলে চাই। আশা করি আপনে আগের মাহমুদউল্লাহ দলে ফিরবেন।❤️❤️❤️,riyad,NEUTRAL
ed16d2522bcdaff3,রিয়াদ ভাই আমি আপনার সঙ্গে দেখা করতে চাই,riyad,NEUTRAL
a12190fa5ed8c517,মাহামুদুল্লাহ রিয়াদ ভাইকে সুযোগ দোওয়া উচিত ছিল ❤️❤️❤️ এবার বিশ্বকাপে অনেক অনেক মিস করব রিয়াদ ভাইকে,riyad,NEUTRAL
4941f6a69911ac09,Jodi Bangladesh a jonnmo na hoto tahole konodin Bangladesh er cricket er dike takaitam na...khob kosto laglo mahmudullah k na dhake..... Bangladesh cricket ses vai,riyad,NEUTRAL
a63d95ec2644de15,রিয়াদ ভাইকে দলে চাই যোর দাবি জানসছি,riyad,NEUTRAL
805af373fa69dd06,ভাই শেখ মেহেদীর দলের থেকে বাদ পড়েছে ভাই এটা শুনে আমি অবাক হয়ে গেলাম 😱 উনার মতন একজন ভালো বলার কিভাবে বাদ পরল আর মাহমুদুল্লাহ রিয়াদ ভাই বাদ পড়েছে দেখে তো আমি আরো অবাক 😱😭😭😡😡😡,riyad,FAVOR
b686d7151d792df4,মাহমুদুল্লাহর মতন একজন ভালো আমি মনে করি তাকে আরো অনেক সার্ভিস দিতে অস্ট্রেলিয়া বিশ্বকাপ তে বাংলাদেশ ১০০০টি শুন্য নিয়ে আসবে,riyad,FAVOR
f187111348fdc550,"রিয়াদ ভাই আপনার থেকে আমি বেশি কষ্ট পাইছি যতটা না আপনি পেয়েছেন,কারন আমি আপনার একজন বড়ো ভক্ত, আমি যখনে শুনলাম আপনার নাম নেই আমি তখনই চোখে জল ধরে রাখতে পারিনি,আমি মেনে নিতাম যদি বিশ্বকাপের মতো বড়ো মন্চো না হতো,আমি মেনে নিতে পারছিনা ভাই খুব কষ্ট হচ্ছে।",riyad,NEUTRAL
6c5e472cec4807c9,World cup tho emniteo pabona... Riyad vai k rekhe unake T20 world cup theke obosor ta dile koto sondor hoto,riyad,NEUTRAL
858fd0d4c52a001b,"Media Khushi, Nannu khushi,Papon Khushi Mahmudullah k jor kore deoa te. But, Pura Bangladesh ER dorshok Ra Mahmudullah k cai. Nazmul ER Moto joghonno player caina.",riyad,NEUTRAL
a8b0a88f6b9d3092,মাহমুদউল্লাহ ভাই আপনি শুধু টেস্ট করেন ভালো করবেন,riyad,FAVOR
1afe4e064235389c,মাহমুদুল্লাহ রিয়াদের বউয়ের কথায় যুক্তি আছে আমি একমত,riyad,NEUTRAL
1304cb5612c3e25a,বিসিবি খুব সার্থপর। আমরা রিয়াদ ভাইকে কখনও ভুলবো না। রিয়াদ ভাই মানুষের মনে যে টুকু যায়গা করে নিয়েছে তাতেই চলবে। আমি মনে করি বিসিবি যতটুকু রিয়াদ ভাইকে দিয়েছে তার প্রাপ্য হিসাবে রিয়াদ ভাই ও ডি আই থেকে অবসর নেওয়া উচিৎ। তাহলেই বিসিবি বুজবে।,riyad,AGAINST
9b55f04f704ce73e,20 রানে যাবে চার থেকে পাঁচ উইকেট পরে মাহমুদুল্লাহ নামবে পড়ে দেখবেন তার স্ট্রাইকরেট হায়রে বাংলাদেশ খেলার অবস্থা খেলা থেকে রাজনীতি গুলো বন্ধ করেন,riyad,NEUTRAL
e9a08e95228366ea,কাজটা খুব খারাপ হয়ছে দলের ভরসার প্রতিক ছিলো রিয়াদ ভাই,riyad,AGAINST
89f34d133a4de7b2,"আমিও চেয়েছিলাম অন্তত একবারের জন্য হলেও রিয়াদ দলে থাক কিন্তু তার পরও বলবো অতি ধীর গতির খেলা টি ২০ না, তবে অনেকের চাইতে রিয়াদ ভালো করতো আমার মনে হয়, সব শেষ বলবো নিজের অজান্তে ওর খেলা দেখে গালিগালাজ করতাম,সেটা এখন আর করতে হবে না, বাছাই কমিটির উপর আস্থা রাখতে চাই",riyad,FAVOR
308649e3d0b49fcd,"রিয়াদকে বাদ দিয়ে পক্ষপাতিত্ব করেছে সিলেক্টররা, রিয়াদকে বাদ দেওয়ার কোন যুক্তিকতা নাই, দেশে যদি উনার চেয়ে ভাল পারফরম্যার থাকতো তাহলে বাদ দিলেও মেনে নিতাম,আমি চ্যালেন্জ করলাম, রিয়াদ ভাইয়ের জায়গায় যাকে নেওয়া হয়েছে সে রিয়াদ ভাইয়ের চেয়ে অনেক পিছিয়ে, প্লীজ আপা আপনি কিছু একটা করেন",riyad,NEUTRAL
ad24d115ee651e27,Riyad ke cara world cup! Adesher jonoganer ajoggo bcb r sajano daler khela na deka ucit,riyad,NEUTRAL
2225700a3f610814,Riyad jodi na khele... Aj theke Bangladesh tim k boykot korlam,riyad,NEUTRAL
a24b5cc8b5017492,এটা উচিত হয়নি মাহমুদুল্লাহকে বাদ দেওয়া মাহমূদুল্লা একজন যোগ্য খেলোয়াড়,riyad,AGAINST
4a6da40a6c661175,শান্ত কে না নিয়ে অবস্যই মাহমুদউল্লাহ রিয়াদ কে নেওয়া উচিত ছিলো।।।,riyad,NEUTRAL
6d72256e31653103,বাংলাদেশ ক্রিকেট বোর্ড বিসিবি যে সিদ্ধান্ত নিয়েছে তাতে জুদি এক জন মাহমুদুল্লাহ রিয়াদ কে বাদ দিয়ে বিশ্ব কাপ জয় করতে পারে তাহলে তো ভালো,riyad,FAVOR
b8b9edae11f84d39,মাহমুদউল্লাহ রিয়াদ ভাই কে বাদ দেওয়াটা ঠিক হয় নি।,riyad,AGAINST
123fe7049e51bd9c,বিরাট কোহলি ফর্মে ফিরেছে।মাহমুদউল্লাহও বিশ্বকাপে ফর্মে ফিরার সুযোগ ছিল।,riyad,NEUTRAL
f95db7c4c5a7dd2a,We want Mahmudullah to lead bangladesh team next world cup 2023.,riyad,NEUTRAL
91e0c77bb926ba0e,ইনশাল্লাহ এবার মাহমুদুল রিয়াদ ভালো কিছু করবে এই বিশ্বকাপে,riyad,FAVOR
3e84847b452f487c,মাহমুদুল্লাহ রিয়াদ.. একজন বেসমেন্ট.. জা আর কুনো দিন পাবনা..,riyad,NEUTRAL
a7065a0366594255,আমার সেরা একজন। আমার ধারণা মাহমুদুল্লাহকে ৫-এ নামালে ভালো হবে। তিনি উইকেটটা ধরে রান তাড়িয়ে নিয়ে যেতে পারেন। শুভ কামনা সবার জন্যেই....,riyad,FAVOR
3b3c603967f33d03,"mahmudullah riyad vai love u vai..♥ onk love kori apnk.. ♥ mash er por apni akn Bangladesh cricket er sob cheya experience cricketer.. 🙂♥ 6 nmbr possition ei ebar world cup e apnr arekti best khela dhekbo in sha Allah..✌💪♥ Bangladesh er jonno apni best performance krben etai asa kori..♥ tobe hari r jiti always Bangladesh.. ♥♥♥ so chap niye noy voy mukto mentally fit & experience niyei apnara sobai ebar world cup e vlo krben, etai asa 16 koti Bangladesher manuser .... 😍😍♥♥♥♥🇧🇩🇧🇩🇧🇩🇧🇩🇧🇩🇧🇩♥♥",riyad,FAVOR
92c6ca2b7fe18312,Toh mushi koi nambe ajib??... Riad 4 a Namuk Naile 6,riyad,NEUTRAL
c5da4cc280e2c6f7,ইনশাআল্লাহ এবারের বিশ্বকাপে ও রিয়াদ ভাই ভালো খেলবে!!!,riyad,FAVOR
399d20255021ced6,"আসা করবো এবারো ২০১৫ বিশ্বকাপে যেখানে শেষ করে এসেছে এবার ওখান থেকে শুরু করবে রিয়াদ ইন্সাআল্লাহ,,,",riyad,NEUTRAL
9cbf68e74e1c61e6,cris gayle 39/40 hyeo world cup khele r Mahmudullah 33 ; atleast keno aro arekta world cup khelte parbe na ??,riyad,NEUTRAL
d9b416147454bcc4,জীবনে একটা ছয় মারে না নিজের ক্যারিয়ারে আবার এসে আবার ইসকন ঘোষণা করে মাহমুদুল্লাহ রিয়াদকে নাই নাই😢😢😢😢,riyad,NEUTRAL
2099bf1ed2dfbbf4,বাংলাদেশ খেলা কিভাবে উন্নতি হবে বাংলাদেশের ক্রিকেট বোর্ড রা যা কে খুশি থাকে নিবে থাতে বাংলাদেশ ক্রিকেট উন্নতি হবে উন্নতি করতে হলে যা প্রয়োজন যে জায়গা থাকে দিবে হবে সেই জায়গায় তবে বাংলাদেশ ক্রিকেট উন্নতি হবে বিবেক দিয়ে নয় আবেগ দিয়ে দল ঘোষণা করেছে বিবেক দিয়ে দল ঘোষণা করলে মাহমুদউল্লাহ রিয়াদ্ কে দলে রাখল ওনে,riyad,NEUTRAL
c92f4f3f252556d1,এগুলো বলে কোন লাভ নেই আমাদের এখন সবাই রাস্তায় নামতে হবে মাহমুদুল্লাহ রিয়াদকে ফিরানোর জন্য❤❤❤,riyad,NEUTRAL
9329adb4b7cfab40,রিয়াদকে বিশ্বকাপ ও এশিয়া কাপের দলে অবশ্যই চাই ❤❤❤❤,riyad,NEUTRAL
9541329afdb0049c,এই অবিচারের মূল্য দিতে হবে। মাহমুদুল্লাহ বাংলাদেশের উজ্জ্বলতম নক্ষত্র সে কেন দলে নেই। এর জন্য আমরা সবাই মিলে আন্দোলন করি। লাভ ইউ বস❤❤❤❤❤,riyad,NEUTRAL
e409ed0561af3ae3,অবশ্যই রিয়াদ ভাই কে বিশ্বকাপ এবং এশিয়া কাপ দেখকে চাই,riyad,NEUTRAL
fd2364fa9c5268e9,"আর টিভিকে ধন্যবাদ এরকম একটা ইন্টারভিউ প্রকাশ করার জন্য,,,ভাই আপনাদের কাছে আকুল আবেদন আপনারা এর সঠিক তদন্ত উদঘাটন করে জাতির সামনে তুলে ধরুন,,,অবশেষে মাহমুদউল্লাহ রিয়াদ ভাইকে আবারও এশিয়া কাপ ও বিশ্বকাপ দলে দেখতে চাই 😢😢😢😢😢😢😢😢😢",riyad,AGAINST
df3f93267533464b,আর টি বি কে ধন্যবাদ আপনা আরো বেশি করে তুলে দরেন রিয়াদকে,riyad,AGAINST
3694e51e6c0e523e,মাহামুদুল্লাহ রিয়াদ ভাই কে দলে দেখতে চাই এটাই আমাদের দাবি,riyad,NEUTRAL
c7371a4292211d52,পাশে আছি তোমাদের ভাই 🥰 মাহমুদউল্লাহ রিয়াদ ভাই কে দলে চাই 😢😢😢,riyad,NEUTRAL
96e08b22a7e2eef0,মাহমুদুল্লাহ রিয়াদ ভাই কে চাই এবং এসিয়া কাপে চাই এবং বিশ্ব কাপে ভারতের মাঠে মাহমুদুল্লাহ ভাই কে চাই,riyad,NEUTRAL
1a9832c7c84192db,রিয়াদ কে এশিয়া ওবিশ্বকাপে দলে অবশ্যই দেখতে চাই।,riyad,NEUTRAL
913e396463dc665c,আমি কনফিডেন্সেের সাথে বলছি রিয়াদ ভাই এই ওয়াল্ড কাপ ইতিহাসের পাতায় সর্ণ অক্ষরে লিপিবদ্ধ করে রাখবেন বা আশাবাদী ছিলেন। আর এই ওয়াল্ড কাপ খেলেই ক্রিকেটের ইতি টানতেন।তাই অবশ্যই রিয়াদ ভাইকে সেই আশাটা পূরণ করার জন্য দলে দেখতে চাই...... ইনশাআল্লাহ.......,riyad,AGAINST
9f5da7c187fa14c7,"সবাইকে সোচ্চার হতে হবে আর অন্যায় চলবেনা, আমরা যোগ্য খেলোয়াড় মুহাম্মদ উল্লাহ রিয়াদকে চাই। তাকে এই বিশ্ব কাপে শেষ সুযোগটি দেওয়া হোক। প্লিজ আমাদের প্রানের দাবিটি রক্ষা করন বিসিবি।",riyad,NEUTRAL
ef42a65e2b7dd1f4,আমরা দেশসেরা ফিনিশার মাহমুদুল্লাহ রিয়াদকে বিশ্বকাপে চাই আওয়াজ তুলতে হবে সময় হয়েছে,riyad,FAVOR
68b2db730222ae76,মাহামুদুলিল্লাহ রিয়াদ কে জাতীয় দলে দেখতে চাই,riyad,NEUTRAL
ce07d3bd3b5986b9,রিয়াদ ভাইকে এশিয়া ও বিশ্ব কাপে চাই চাই,riyad,NEUTRAL
3861d35284394fb3,১৫০ রান বাংলাদেশের সব প্লেয়াররা করবে আর মাহমুদউল্লাহ একাই ১০০ রান করে ২৫০ রান করাবে মাহমুদউল্লাহ কা লান্ড চাট,riyad,NEUTRAL
96cbf8b6788b382e,হয়তো আর কখনো'ই আন্তর্জাতিক ক্রিকেটে দেখা যাবে না মাহমুদউল্লাহ রিয়াদ'কে...! 💔😔,riyad,NEUTRAL
8e33b0ce7a1c58b1,রিয়াদ ভাই নেই বাংলাদেশ সব মেচ হাইবে ইনশাআল্লাহ ভাই,riyad,NEUTRAL
e26ddf14087259eb,অন্ধ ভক্ত। অতি আবেগী ভক্ত। আবেগ দিয়ে সবকিছু বিচার করা যায় না। রিয়াদ 17 বছর ধরে খেলছে। আর কত?? নির্বাচকরা সঠিক সিদ্ধান্ত নিয়েছে 👍,riyad,NEUTRAL
93f66c3064c1ccd3,পাপন ও নান্নুর পদত্যাগ চাই। রিয়াদ ভাই কে দলে চাই,riyad,NEUTRAL
2204465fce68c7b8,সময় থাকতে রিয়াদকে সুজুন দেন। রিয়াদকে এসিয়া কাপ ও বিস্বকাপে চাই,riyad,NEUTRAL
4e925887124c06b2,রিয়াদ ভাই কে দলে না রাখায়.. তীব্র প্রতিবাদ জানাচ্ছি 😢😢,riyad,AGAINST
568b8a5652aca026,অনেকদিন পর এই ভিডিওটা হঠাৎ সামনে আসায় কমেন্টগুলো দেখতেছিলাম। হঠাৎ আপনার এই কমেন্টটা সামনে আসলো। তো ভাই এইসব আবেগী ভক্তদের নিয়ে এখন আপনার মতামত কি? মাহমুদউল্লাহ রিয়াদকে দলে নেওয়ার পর বিশ্বকাপে একটানা পারফরম্যান্স এবং সর্বশেষ আজকেও বিপিএলে ২৪ বলে ৫১ দেখে এখন কাকে আবেগী বলা উচিৎ? এদেরকে নাকি আপনাকে? 🤔,riyad,NEUTRAL
3381d19263f4757f,আবার একটা গণআন্দোলন করা উচিত মাহমুদুল্লাহকে দলে আনার জন্য,riyad,NEUTRAL
cae9172869bcc3cd,"মাহমুদউল্লাহ ভাই কে বিশ্বকাপ দলে চাই চাই,",riyad,NEUTRAL
684092067e30b01b,"এশিয়া কাপ ও বিশ্বকাপ দলে রিয়াদকে চাই..., সভাপতি পাপনের পদত্যাগ চাই...।",riyad,NEUTRAL
de94cacfc627591b,রিয়াদকে এশিয়া কাপে এবং বিশ্বকাপের দলে চাই।নতুবা পাপনের পদত্যাগ চাই।,riyad,NEUTRAL
241d9aa865f5341b,Thik... মাহমুদুল্লাহ রিয়াদ বেস্ট ❤️❤️ এবং তাকে দলে দেখতে চাই,riyad,NEUTRAL
d5f77b3404d9c0c3,সৌম্য সরকারকে এবং রিয়াদ ভাই কে বিশ্বকাপে চাই,riyad,NEUTRAL
87de8206a630939b,দাবি আমাদের একটাই বিশ্বকাপে মাহমুদউল্লাহ রিয়াদ ভাইকে চাই.. পাপন নান্নু এবং হাথুরু সিংহ হাটাও বাংলাদেশের ক্রিকেট বাঁচা ও.. Love Mahmudullah Riyad.. Love you the Silent kilar,riyad,FAVOR
4af3ad4de839ec2a,মাহমুদউল্লাহ রিয়াদ সবার কাছে একজন ভালো টিকেটার,riyad,FAVOR
88ad0435a831647c,মাহমুদ উল্লা রিয়াদ একজন ভালো খেলোয়াড় তবে তিনি খুব স্লো এবং ধীর গতির একজন খেলোয়াড় এখন আমাদের অনেক ভালো খেলোয়াড় আছে তিনার ছেয়ে। সেই জন্য তিনার অবসর নেওয়া উচিত,riyad,FAVOR
6a2f71fdc84ec600,ভাই রিয়াদ এনামুল দলে চাই ❤❤❤❤❤❤❤❤❤ পাপন আর নানু মিত্র চাই,riyad,NEUTRAL
218a7c27e4743230,অবশ্যই মাহামুদুল্লাহ রিয়াদ কে চাই এশিয়া ও বিশ্বকাপে ইনশাআল্লাহ,riyad,NEUTRAL
3df56a7e4dae2394,"রিয়াদ কিছু করতে পারে বা নাই পারে রিয়াদকে এশিয়া কাপ ও বিশ্বকাপে চাই, অতীতে কে কি করেছে সেটা বাংলার জনগন দেখেছে, তাই আমাদের একদফা এক দাবী রিয়াদকে উভয় টুর্নামেন্টে দেখতে চাই...",riyad,NEUTRAL
07c9c294e7eb949d,রিয়াদ ভাই আপনার জায়গা মাঠে না হলেও আপনার জায়গা আমাদের রিদয়ে কসম করে ভলছি,riyad,NEUTRAL
ce53a8e4e6aa71f1,মাহমুদুল্লাহ্ রিয়াদকে বিশ্বকাপ ও এশিয়া কাপের দলে চাই,riyad,NEUTRAL
7d1615d58a0866e9,Val pakna sakiber jonno riad vair ai obosta.,riyad,NEUTRAL
12de2be47cd5b23f,রিয়াদ ভাইয়ের জায়গা পাপন সাবকে দরকার ছিল,riyad,NEUTRAL
0fa2dd9d50bec5a4,আমি নোয়াখালী সূবর্ণ চর থেকে বলছি মাহমুদউল্লাহ কে চাই,riyad,NEUTRAL
3673d980a674cd66,মাহমুদুল্লাহ রিয়াদকে বিশ্বকাপ ও এশিয়া কাপে দেখতে চাই,riyad,NEUTRAL
b6c25324ea6f913f,মাহমুদউল্লাহ কে এশিয়া কাপ ও বিশ্বকাপ দলে চাই।,riyad,NEUTRAL
98b67a53b6451774,মাহমুদউল্লাহ ভাই কে চাই না হলে ক্রিকেট হয়তো আর দেখা হবে না,riyad,NEUTRAL
0987367278d9debb,রিয়াদ অবশ্যই ভালো খেলোয়াড যে অনেক মেস জিতাইছে।,riyad,FAVOR
5129756812aff4e3,মাহমুদউল্লাহ রিয়াদ কে এশিয়া কাপ এবং বিশ্বকাপে দেখতে চাই,riyad,NEUTRAL
ba5f23dd7e358827,মাহমুদউল্লাহ রিয়াদ ভাইকে দলে চাই নান্নু কাঁপনকে বাদ দেও আমার দাবি,riyad,AGAINST
5a5013faa59510bb,শুভ জন্মদিন রিয়াদ ভাই। আজকে আপনার জন্মদিন শুনে ভালো লাগলো। কারণ কালকে আমার জন্মদিন।,riyad,FAVOR
65f3fd11c8e01cb9,"আমাদের এলাকার ছেলে,,, ভালো মানুষ রিয়াদ ভাই,,,জন্মদিনের শুভেচ্ছা।",riyad,FAVOR
151d8ef153566d11,মাহমুদউল্লাহ রিয়াদ ভাই কে বাংলার সকল মানুষ ভালোবাসে আমার মনে হয় তিনি বাংলার ক্রিকেট এর একটি নক্ষত্র আমার পক্ষ থেকে জন্ম দিনের শুভেচ্ছা এবং তার পরিবারের সবার ভালো কামনা করি,riyad,FAVOR
f41f9df672ec8afb,"Happy birthday, whose is why I love cricket. ❣️💥 My king silent killer Mahmudullah Riyad 👑",riyad,FAVOR
344e513d6634ab10,Many many happy returns of the day Silent killer Mahmudhullah Riyad Love you ❣️❣️❣️❣️😘❣️,riyad,FAVOR
324ce4c2e24e2a8d,আমার মনে হয় রিয়াদ ভাই কে ওপেনিং খেলালে উনি অনেক রানের মালিক হবেন এবং বাংলাদেশের ওপেনিং পা্র্টনার ভাল হবে। শুভ জন্মদিন রিয়াদ ভাই !!!,riyad,FAVOR
946b8099d6bbe41b,Happy brithday Riyad🥰🥰🥰 Good wishes for your coming matches 😊I always with you🥰 I Love YOU Riyad 🥰🥰🥰🥰🥰,riyad,FAVOR
45d79bb0df081297,ভালোবাসা অভিরাম প্রিয় খেলোয়াড়... মাহমুদুল্লা রিয়াদ ভাই,riyad,FAVOR
139c36102fb84847,শুভ জন্মদিন..মাহমুদউল্লাহ রিয়াদ. শুভ জন্মদিন ক্রাইসিস ম্যান.,riyad,NEUTRAL
991fdcd891d08dac,"শুভ জন্মদিন রিয়াদ ভাই, অনেক ভালো বাসি,,,,",riyad,FAVOR
66fbb72230f72222,Mahmudullah is the best player of the recent cricket team,riyad,FAVOR
08a0ea81b3ac74a5,Happy Birthday my dear best player Riyad Vai.,riyad,FAVOR
8fdd1289dd23a0f5,"হয়তো এতো দিনে, বাংলার ক্রিকেট থেকে, মুখ ফিরিয়ে নিতাম। শুধু পারিনা,,,,,, তার সাথে যে মিশে আছে, মাহমুদুল্লাহ রিয়াদ, (সাইলেন্ট কিলার খ্যাত একটি নাম)।",riyad,NEUTRAL
1c438acfb4a9ecb8,আলহামদুলিল্লাহ। আমি অনেক খুশির হয়েছি বাংলাদেশের জয়ে।ইনশাআল্লাহ দোয়া করি বাংলাদেশ অনেক ভাল কিছু উপহার দিবেন।মাহমুদউল্লাহ রিয়াদ ভাইয়ের কষ্টে আমিও কষ্ট অনুভব করি। আমি বাংলাদেশ এবং বাংলাদেশের ত্রুিকেট অনেক ভালবাসি। আমি মন থেকে বাংলাদেশের জন্য দোয়া করি যাতে বাংলাদেশের খেলোয়াড়রা আমাদের মান উচ্চ পর্যায়ে নিয়ে যেতে পারে,riyad,FAVOR
60f088acb4300420,"জনাব নাজমুল আবেদিন ফাহিম এর প্রতি সম্মান রেখেই বলছি, আমি ওনার কিছু কিছু কথায় দ্বিমত, প্রথমত উনি মাহমুদুল্লাহ'র বিষয়ে যেভাবে বলেছেন তাতে মনে হয়েছে তার ব্যাটিং পজিশনটা ঠিক ছিল(যদি উপরের ব্যাটাররা পারফর্ম করতো এই কথা উঠতোনা)কিন্তু আমি মনে করি মাহমুদউল্লাহ একজন প্রপার ব্যাটসম্যান এবং উনি বরাবরই এসব কম্বিনেশনের বলি হয়েছেন আর যেখানে ওডিআই'তে এক্সপেরিয়েন্স মেটার করে সেখানে উপরে খেলা খেলোয়াড়দের থেকে উনি অভিজ্ঞ তাই ওনাকে উপরে খেলানোটাই উচিত ছিলো এবং বাদবাকি খেলার জন্যেও আমি তাই মনে করি। বোলিং এর বিষয়ে যা বলেছেন, সেটা সম্পূর্ণভাবে গ্রহনযোগ্য হতে পারেনা, কারন আপনি চার বছর ধরে প্রস্তুতি নিচ্ছেন আর আমরা ওডিআই সুপার লীগে তিন নম্বর পজিশনে ছিলাম সেখানে এই সাব-কনটিনেনটে বোলিং অভিজ্ঞতা তাদের যথেষ্ট নেই বললে তা মেনে নেওয়া যায়না। আসলে উনি সহ অনেকেই এই হতাশাজনক পারফরম্যান্সের পরেও খেলোয়াড়, কোচিং প্যানেল, নির্বাচক প্যানেল ও বিসিবি সভাপতি পর্যনতো একরকমের ব্যাকআপ হিসেবে ভূমিকা পালন করছেন, যা দেশের ক্রিকেটের জন্য ভালো কিছু বয়ে আনবে বলে আমি মনে করিনা। শুভকামনা একজন 🇧🇩ক্রিকেট ফ্যান",riyad,FAVOR
fe381b022e5dbe55,ও আমার ধনের কথা বলতেছ রিয়াদ কি প্রস্তুত ছিল রিয়াদ রান পায় কি ভাবে,riyad,NEUTRAL
331051f356ac33b4,উনি কি বললেন? Top Order Batsman রা কি Riad কে খেলার সুযোগ করে দিচ্ছে না। এতেও যদি না পোষায় যান তাহলে ১০ ওভারেই Top Order Out হয়ে Riyad কে সুযোগ করে দেবে। 😂,riyad,NEUTRAL
2e4652c889e205d8,T20 মানেই ম্যাচের পরিস্থিতির উপর কাপটেনসি করতে হয় আগে থেকে সেট করা কাপটেনসি চলে না রিয়াদ ভাই মাঝে মাঝে রিকস নিতে হয়,riyad,NEUTRAL
939bf07d2ea0571c,"Apnarai to sob kichu thik kore den age mominul r akhn riyad er piche porsen. Karo ekar vule team hare na,, team harar pichone dayi puro team er e thake",riyad,NEUTRAL
e43e00766029a0b3,"রিয়াদ অধিনায়ক হিসাবে টিক আছে, বাংলাদেশ টিমের সময় খারাপ যাচ্ছে।",riyad,NEUTRAL
406d043ec5d5b563,Soumya is better than Riyad as a player...And his captancy Boring..,riyad,NEUTRAL
e81b4e5f0819a63f,টিম খারাপ খেললে ক্যাপ্টেনসি নিয়ে প্রশ্ন কেন উঠে..? ক্যাপ্টেনসি তো খারাপ করে নাই রিয়াদ ভাই। আজব চিন্তা ভাবনা,riyad,AGAINST
67655532bff2a5ac,"Afif, shamim সুযোগ পেলো সেখানে Mahmudullah কিভাবে বাদ পড়লো??? এরকম করলে বাংলাদেশের ক্রিকেটের উপর থেকে মন উঠে যাবে",riyad,AGAINST
2984fc8604c10a79,"নেই মাহমুদউল্লাহ, বাংলাদেশ তার অবাব পুরন হবে না",riyad,NEUTRAL
50a5f3d113c66318,মাহমুদউল্লাহ রিয়াদের চেয়ে ভালো প্লেয়ার কে ক্রিকেটারদের সম্মান দিতে যানে না বিসিবি,riyad,FAVOR
3f71909ff7bcc911,গত ২ ওডইআই তবে আমারা হেরেছিলাম । সেখানে মাহমুদউল্লাহ ছিল না,riyad,NEUTRAL
ff2ae097e452afef,"আমি বুঝলাম না মাহমুদুল্লাহকে রেখে আফিফকে কিভাবে চান্স দেওয়া হয়, আফিফ গত কয়েক মাচে চান্স পেয়ে যে পারফরম্যান্স করছে তাতে কি দলে জায়গা পাওয়ার যোগ্য, আসলে এই জায়গা সিলেকশন প্যানেলের মন মত লোককে খেলানো হয় , সত্যি মাহমুদুল্লাহকে দলে রাখার দরকার ছিল",riyad,NEUTRAL
2a85b4b520574096,"কমেন্টেটর মাহমুদুল্লাহর ১০০করার পর বলছে তার‌ এই শতক ইংল্যান্ডকে বিশ্বকাপ থেকে বিদায় করেছে , তার এই শতক আজ নিউজিল্যান্ডের বিদায়ের ঘন্টা বাজিয়েছে👌 just amazing saying by the commentator",riyad,NEUTRAL
08cab51a8e3899de,Bangladesh cricket poritag korci . Mahmulla riyad k na nila Bangladesh cup nileo dhakbo na.,riyad,NEUTRAL
2286a07ab8ab6960,মাহমুদউল্লাহ রিয়াদ ভাইকে এশিয়া ও বিশ্ব কাপে চাই ✊,riyad,NEUTRAL
39e8711e73ee2241,রিয়াদ ভাইকে এশিয়া কাপে ও বিশ্বকাপে দলে দেখতে চাই,riyad,NEUTRAL
52c7af76da8459a5,"রিসাদ আজিম অনলি ওয়ান পিস। নিজ স্বার্থের বিরুদ্ধে গিয়েও রিয়াসদ আজিম ভাই রিয়াদের জন্য যে লাড়ই করতেছেন সেজন্য স্বস্তির নিশ্বাস ছাড়তে পারি এই বলে যে, কমপক্ষে ক্রীড়াঙ্গনে একজন সত সাহসী সাংবাদিক রয়েছেন।",riyad,AGAINST
7e5e3850448f8ceb,ত্রিশ রানে চার/ পাঁচ জন আউট হয়ে গেলে রিয়াদ নেমে কি একাই বিয়াল্লিশ ওভারে তিনশো করে ফেলবে? রিয়াদ বাংলাদেশ ক্রিকেটের এক মাত্র ভরসা।,riyad,NEUTRAL
a2722f86a46fd4b5,"রিয়াদ কে চাই সবাই বুঝে,কি বোর্ড বুঝে না,বিষয় টা হাস্যকর",riyad,NEUTRAL
347a63be9171e6af,"নাটক দেখতে দেখতে ১৬ কোটি মানুষ পাগল হয়ে যাবে,,, যা,,, খেলাই দেখবো না রিয়াদ ভাই না থাকলে,,,সব ম্যাচ হারুক বাংলাদেশ,,যদি সুনি বিস্বকাপের প্রথম ম্যাচে রিয়াদ ভাই আছে তা হলে খেলা দেখবো",riyad,NEUTRAL
98c3adc7c4126128,মাহমুদুল্লাহ রিয়াদ এর মতো প্লেয়ার খুঁজে পাওয়া কঠিন হবে এখনও সময় আছে সিদ্ধান্ত পরিবর্তন করেন 😢,riyad,NEUTRAL
86b2cb67d401bafd,রিয়াদ এর পরিবর্তে যাকে নেয়া হয়েছে সেও আহামরি কোনো ফর্মে নেই তাহলে সে জায়গা পেলে রিয়াদ কেন পাবে না... তাহলে সেও একটা জায়গা ডিজার্ভ করে। বাকিটা তো টিম ম্যানেজমেন্ট ভালো বলতে পারবে 😞,riyad,FAVOR
de78c635c7285700,আমি মনে করি মাহমুদুল্লাহ ভাই নিজে স্বইচ্ছা সব খেলা কে গুডবাই বলে দেওয়া দরকার কারণ উনার মত একজন অভিজ্ঞ ব্যাটসম্যান কে এবারের এশিয়া কাপ একাদশের রাখা হয় না এটা একটা লজ্জার বিষয় আর বি সি বি কর্মকর্তার কথা কি বলবো এটা পুরা বাংলাদেশের সবাই জানে মাহমুদুল্লাহ ভাইয়ের জন্য দোয়া ও ভালবাসা রইল,riyad,NEUTRAL
034fb7e64bea10a6,হায়রে বাঙালি দাঁত থাকতে দাঁতের মূল্য বুঝলো না😢 মাহমুদউল্লাহ রিয়াদ মতো finisher আর একটিও নাই আমাদের টিমে... 😢,riyad,NEUTRAL
5672f19711a12935,Miss u Mahmudullah Riyad vai ❤. Jonogoner board deya players selection kora dorker. Hut kore team selection Kora jabe na. Hathurushing nah ki o ki buje ? Amader Bangladesh cricket team nosto kore debo be careful all brothers.amader dorker Bangladesh salauddin vai k. Ader k ato taka poisa deya kono lav nai . Koi din pore abar chole jabo onno country?,riyad,NEUTRAL
321b779e92e34b4f,"আমরা রিয়াদ কে ভালোবাসি কারণ রিয়াদ বেশি স্যাক্রিফাইস করেছে ন্যাশনাল টীম এর জন্য আর ৬/৭ নম্বর পসিশন এ নেমে দিয়েছেও সবচেয়ে বেশি l More over, he is experienced and the best finisher in Bangladesh. BCCB er উচিত জাতির কাছে ক্ষমা চেয়ে রিয়াদ কে টীম এ ফিরিয়ে আনা l",riyad,FAVOR
cf4de52585fcd4ab,বাংলাদেশে সিনিয়র ক্রিকেটার দের কোন মূল্যায়ন করা হয় না তাই যারা সিনিয়র আছেন এখনই তাদেরকে ভাবা উচিত এবং সঠিক সময় সঠিক সিদ্ধান্ত নিতে পারে আর না হলে মাহমুদুল্লাহ রিয়াদের মত এই ভাবে,riyad,NEUTRAL
2707a4a7bdb5a9c3,"I also say injustice to Mahmudullah Riyad is a new trend... Shame Mr, Pappun",riyad,AGAINST
12abb0df298c4ea3,"রিয়াদ ভাইরে দলে রাখার দরকার ছিল বি,সি,বি ভুল করলো😢😢😢😢",riyad,AGAINST
2a1b5dc392ac4a20,বাংলাদেশ সিনিয়র ক্রিকেটারদের সঠিক মূল্যায়ন করা হয় না তাই দলে যারা সিনিয়র আছেন এখন থেকে ভাইবা বা নেওয়া উচিত পিছনের যারা দল থেকে চলে গেছে তাদের সাথে এরকমই করা হয়েছে তাই আপনারা যদি সঠিক সময়ে সঠিক সিদ্ধান্ত না নেন মাহমুদুল্লাহ রিয়াদের মত এরকমই আপনাদের সাথে অবিচার করা হবে এখন আপনি ফর্মে আছেন অনেক ভালো আপনার মত ভালই হয় না কিন্তু সময় সব সময় সবার সাথে এক যায় না এজন্য আপনি যতই ভালো একটা সময় ঠিকই আপনাকে গাছের থেকে ছুঁড়ে ফেলে দিবে তো আপনি বুঝে উঠতে পারবেন না আমরা যারা সাধারন ক্রিকেটপ্রেমী আছি কোন ক্রিকেটার দের সাথে এরকম আচরণ কখনোই আশা করি না বাংলাদেশ টিমের সকল ক্রিকেটারদের যাদের যেরকম অবদান আছে আমরা সকল কেই ভালোবাসি ক্রিকেটের জন্য,riyad,FAVOR
104e9c3d1a82d1ae,"রিয়াদকে না রাখার ফল,, ভালো হবেনা,,,, যারা এ রকম রিয়াদকে বাদ দিলো,,, তারা মরতে পারেনা,,, খুশি হতাম,,,",riyad,FAVOR
345909c6ed8489bd,এটা চুড়ান্ত সিদ্ধান্ত হোক মাহমুদুল্লাহকে দলে চাই। ✌️✌️,riyad,NEUTRAL
2582a9dbbaef6713,"আলহামদুলিল্লাহ নিউজ সুনে ভালো লাগলো রিয়াদ বাই নিওজিলেন্ড সিরিজে আসতে জাচ্ছে,,",riyad,FAVOR
7dac72ce34a733e5,"রিয়াদ ভাইকে নিউজিল্যান্ড সিরিজ চাই, এবং অল কাপে অভিএসলি চাই👈 তার অবদান আছে ওনেক বাংলাদেশ টিমে থাকে আমরা বুলি নাই❤",riyad,NEUTRAL
b71ee9679301f496,"ভাই এই ধরনের ফালতি নিউজ করিয়েন না, আপনারই জিজ্ঞেস করে বললেন মাহমুদউল্লাহ বলছে সে নাকি খেলবে তখন পাপন ভাই কি বলবে না তাকে রাখা হয়নি ভিউস বারানোর জন্য এই ধরনের নিউজ করেন হুম???",riyad,NEUTRAL
efc1058b62075737,"আজ মাহমুদউল্লাহ রিয়াদ কে নিবে না,, নাটক করে ২৬/২৭ তারিখে করবে তারে নিয়ে,,,",riyad,NEUTRAL
5c97650cf11eca22,@DrSpoculus That is not the argument being made. If you want to go to Riyad go. You can do comedy for a private comedy club there any time. How do you not get that? The problem isn't playing for those people but that this festival specifically is being paid and organized by Mohammed bin Salman the Saudi Prince who ordered the unaliving of the journalist Jamal Khashoggi. He was chopped into pieces while his wife was sitting in the hotel lobby waiting for him. That is the guy who is paying you. This is blood money. Do you really not get that?,riyad,NEUTRAL
a40dbb6c8c94ebac,নি ও ম শহর -- রিয়াদ শহর উন্নয়ন আর উন্নয়ন অথচ সৌদিআরবে জীবন যাপন দিন দিন খুবই কষ্টের হতে চলছে..?,riyad,NEUTRAL
df0fe29ce725dd17,আমি চাই মাহমুদুল্লাহ রিয়াদ কোচিং ক্যারিয়ারে যোগ দিক তার বোর্ড এ আসার দরকার নাই 😢,riyad,NEUTRAL
5f44c8c4601dd9f3,"শান্ত, নাঈম শেখ থেকে হাজার গুণ রিয়াদ ভাই অনেক ভালো",riyad,FAVOR
b1158376a97442fb,রিয়াদ ভাই কে বিসিবির সন্মান জনক ভাবে বিদায় দেওয়া উচিত।,riyad,NEUTRAL
ee3d5292c2c17075,এটা মিরপুরের খেলা নয়? এটা বিশ্বকাপ। অভিজ্ঞতার অবশ্যই দরকার আছে। রিয়াদ কে না নিলে বিরাট ভুল করবে? বাংলাদেশ,riyad,AGAINST
0ba76c573d834ad3,রিয়াদ বিশ্বকাপে ভাল করেছে আগেও।ভাল উইকেটে ভাল খেলবে আশা করি।,riyad,FAVOR
d68829f7db7779f7,মাহমুদউল্লাহ রিয়াদ কে বিশ্ব কাপে আরেক টা সুযোগ দেওয়া উচিত সিনিয়র ক্রিকেটার হিসাবে তার একটা সম্মান পাপ্য,riyad,NEUTRAL
ce9d2c6f0a097335,বর্তমান দলে রিয়াদের চেয়ে ভালো প্লেয়ার নাই। সাম্প্রতিক সময়ে দলের প্রয়োজনে স্লো খেলছে। টপ অর্ডার ভালো খেললে রিয়াদ শেষের দিকে হাত খোলে খেলতে পারে। রিয়াদকে দলে চাই।,riyad,FAVOR
f77b51ccb9247618,মাহমুদুল্লাহ রিয়াদের দরকার না হলে আগেই বলে দেয়া উচিত ছিল সেও অবসর নিয়ে নিতো। সিনিয়র প্লেয়ার হিসেবে সম্মান প্রাপ্য।হয়তো এখন ভালো খেলছে না কিন্তু তার অবদান তো আছে দেশের ক্রিকেটে। বিশ্বকাপ পর্যন্ত সুযোগ দেয়া উচিত,riyad,FAVOR
6a78656fb806aa45,মাহমুদুল্লাহ রিয়াদ কিন্তু এশিয়া কাপটা ভালো খেলেছেন তার জন্যই আফগানিস্তানের বিপক্ষে 129 রান করতে পেরেছে এবং শ্রীলংকার বিপক্ষে তিনি অসাধারণ ভালো খেলেছেন,riyad,FAVOR
c7a42d34cddc920f,"@zaydenmarcus9522 সময় খারাপ যেতেই পারে । সৌম্য, লিটন, শান্ত রা যদি এতো সুযোগ পায় তাহলে মাহমুদুল্লাহ কেন নয়? সে বিশ্বকাপ পর্যন্ত খেলতে চায় তাকে সুযোগ না দিলে আগেই বলা উচিত তাকে । সম্মান দিলে কমে না এটা মনে রাখা উচিত",riyad,AGAINST
ae675f50412fb81d,Avijit Dasmondal last koto match khela delhsen janina...kintu jara khela dekhse tara riyad er dosh kokhonoi debe na....karon 6 over 4 wicket porar por sobai match dhore khelbe...,riyad,NEUTRAL
de62ea645e286aca,I'll say not to include m riyad ...look forward to new one to keep hope on them and give scope to build themselves. And its time to set top level pressure on new regardings their aggressiveness,riyad,NEUTRAL
797256d65c9aaa78,যেখানে মানুষ বৃষ্টি চলে গেলে ছাতাকে বুঝা মনে করে সেখানে মাহমুদউল্লাহ এর অবদানও ভুলে যাওয়া বেশি কিছু না। ২০১৫ সালের কথা তারা ভুলে গেলেও জাতি কখনো ভুলবেনা,riyad,AGAINST
61d3bbdb451e1827,Riad is good for One day.. Slow in T-20 🏏🏏🏏🏏,riyad,NEUTRAL
b4e9539a5761958d,এশিয়া কাপে রিয়াদ পরিস্থিতি অনুযায়ী সবচেয়ে ভালো খেলেছে। অথচ বাদ!!,riyad,FAVOR
6aa724b7d5167837,"রিয়াদকে আসলেই দরকার, দল এর যেখানেই প্রয়োজন সেখানেই সে সেভাবেই খেলেছে।",riyad,NEUTRAL
0f7fa9fba1b021db,"নাইম, শান্ত কোথা থেকে আসে নাম। এদের কে ২ বছর ঘরোয়া ক্রিকেটে রেখে পারফরম্যান্স ভালো হলে সুযোগ দেয়া উচিত। মাহমুদুল্লাহ রিয়াদ কে টি২০ স্কোয়াড দেখতে চাই না। রাব্বি কে সুযোগ দেয়া উচিত।",riyad,FAVOR
e4008e7a6850a0db,"আমি আগেও বলছি, এখনো বলি, মাহমুদউল্লাহ রিয়াদ অষ্ট্রলিয়া, নিউজিল্যান্ড সফরে ভালো পারফর্ম করে,এবারও ভালো করবে ইনশাআল্লাহ, বিসিবির কাছে বিনীত ভাবে অনুরোধ মাহমুদউল্লাহ রিয়াদ কে দলে চাই, তাকে শেষ সুযোগ দেওয়া হউক।",riyad,FAVOR
aabdd2f50ff36a42,Riad may be slow run getter but i think its not good idea to axe him for world cup becase he doea put some effective runs on the board at the end..,riyad,NEUTRAL
1b8d4b049b09b3f6,যদি তারাতারি উইকেট পরে যায় তাহলে খেলার হাল দরবে কে 70 অল আউট হয়ে যাবে আমার বিশ্বাস এটা আমি চাই রিয়াদ ভাই কে রাকা হোক দলে,riyad,NEUTRAL
fa2c1468d6327960,"যারা বলে রিয়াদ খারাপ খেলোয়াড় তারা ক্রিকেট খেলা বোঝেনি এখনো,",riyad,AGAINST
d05c1932c6ac67ce,Naim Shanto Cheye Best Riyad..Old Is Gold..!!,riyad,FAVOR
d9bfb308a31bb581,shob thik ache.. kintu dada apnader theory onujaye (razzak) player k khelar mathe biday niyar shujog din....at least last ei World Cup ta onk important amder jnno...riyad bhai thakuk etai chabo....jani na...kintu consistent keo nai oi jaigai....ar ekta bepar holo mosaddek ar riyad bhai k chaile ekshathei khelano jay kina dekhben bishoy ta...,riyad,NEUTRAL
c13cabddc8c92b15,রিয়াদ ভাই তা কিছু রান করে নতুন রাতো তাও করতে পারে না।,riyad,NEUTRAL
356fcee0d7f44b0a,"মাহমুদুল্লাহ কে দলে চায়,,,,কারন সে অভিঙ্গ,,,,, আশা করি সে ভালো করবে",riyad,FAVOR
446a64f0d6054fbe,রিয়াদকে ব্যাক আপ ওপেনার হিসেবে অন্ততপক্ষে পক্ষে বিশ্বকাপ পর্যন্ত রাখা উচিত,riyad,NEUTRAL
fe0ca0e1cfcb14b7,শান্তর চেয়ে হাজার গুণে ভালো রিয়াদ ভাই উনি মাঠে থাকলে ভরসা পাই,riyad,FAVOR
354f09cb79fc08e5,শান্ত নাইম .... কোন মতেই না।।। এরা টেস্ট খেলবে।। রিয়াদ অনেক ভালো।।,riyad,FAVOR
aee0c5e772a9ee40,ভাই এখনো মাহমুদউল্লাহ বা মুসফিক বাংলাদেশের সেরা খেলোয়াড়দের মধ্যে অন্যতম। আপনি এদের দুইজনের বিকল্পকি বাংলাদেশ আছে আপনি কি আরেকটি শামিম পাটুয়ারি দিয়ে বিশ্ব কাপ খেলাতে চান। তাইলে ভাই আপনাদের বলার কিছু নাই আমার। আমার মনে হয় আপনা আপনাদের শক্তিটা ভুলে গেছেন আমার মনে হয় যদিও কিছু আশা থাকবে বিশ্বকাপে সিনিয়রা থাকলে,riyad,NEUTRAL
e16030a45fc9bdbc,Love from india mohamudullah riyad ke niye ami bangladesh khela ta dekh bo na,riyad,FAVOR
535e3bd19c86eb48,Do u know riyad is better than other people,riyad,NEUTRAL
7635c4e24158d720,"২০২২সালে বিশ্বকাপ টা মাহমুদুলাহ রিয়াদের খেলা হয় না শুধু ( বিসিবি জন্য.বিসিবি জন্য, বিসিবি জন্য )",riyad,NEUTRAL
b5282a09da24b4fc,এখানে ভালো মনের দিক দিয়ে মাহমুদুল্লাহ রিয়াদ ভাই সবার চাইতে ভালো এগিয়ে আছে মাহমুদুল্লাহ রিয়াদ ভাইয়ের মন মানসিকতা অনেক ভালো❤,riyad,FAVOR
b7b6fcb44c4fa4c8,রিয়াদ ভাই আপনাকে দলে চাই মাহমুদুল্লাহ রিয়াদকে অভিজ্ঞতার কারণেই বিশ্বকাপে নেওয়া উচিত যেমন মেসি এবং ডি মারিয়া একসাথে যে ভাবে বিশ্বকাপ জিতেছে মাহমুদুল্লাহরাও সেই ভাবে খেলবে এবং বিশ্বকাপ জিতবে ইনশাআল্লাহ,riyad,NEUTRAL
5c76dd47740adc54,"অনেক খুশি হলাম,,,,আমরা সবাই সত্যিই চাই রিয়াদকে দলে,,,আশা করি প্রধানমন্ত্রী সেটা বুঝবেন এবং রিয়াদকে দলে ফেরাবে",riyad,NEUTRAL
31812ccb54a256a4,আমরা ভাত চাই না খাওয়া চাই না চাই শুধু মাহমুদউল্লাহ রিয়াদ কে দলে দেখতে চাই,riyad,NEUTRAL
a617a8665268a5f2,ভাই আমি সৌদি আরব থেকে বলে ছিলো মাহমুদউল্লাহ রিয়াদ ভাই কেপ্টেন করে হবে বলে না তুমি আমার ভাই,riyad,NEUTRAL
a30595095e407da2,"Please listen at 02:00 minute, what he said, one of the most important cause why Haturu don't want Mahmudullah!",riyad,NEUTRAL
5f9a5ce76e1be485,রিয়াদের কোন তুলনা হয় না রিয়াদ কে দলে দেখতে চায়,riyad,NEUTRAL
4491055e9b51ccba,যে যাই বলুক মাহমুদুল্লাহ রিয়াদ ছাড়া সাত নাম্বারে খেলার মত যোগ্য কেউ নেই সেটা বিশ্বকাপের পরে তৈরি করা উচিত এবং মাহমুদুল্লাহকে এশিয়া কাপ ও বিশ্বকাপে খেলানো উচিত,riyad,NEUTRAL
35c1372c5e204460,"I stopped at 1:28 looking at Rio's squad, if England send these boys they will get hammered. Why England always looking for future tournaments? Whats wrong with winning this one. You dont know these boys will be fit or carry this form to the next one. Defense is inexperience, you must need Walker there. I think people need to water their eyes. early this season he gave away two pens, but he has been superb in big and high voltage games against the likes of Mbappe, Haaland, Neymar etc. No one run or dribble past him, I watched him recover from great distances. He should be there. Forget about crosses, he was immense going forward. Torn apart defenses on the right with Silva and Riyad. Did some great overlaps from nowhere. Also why Coady is not picked? Rio's midfield is so naive.",riyad,FAVOR
0d7032d55ea3c3b3,রিয়াদ এসিয়া কাপে থাকলে ফলা পল অনেক ভালো হতো বাংলা দেশের যেটা হাথুরু কখনো চায়নি,riyad,FAVOR
fdb81ede0c115948,মাহমুদুল্লাহ রিয়াদকে ওপেনিং এ ভালো অপশন হিসেবে দেখা যেতে পারে .............,riyad,FAVOR
c01f3f8a1311939d,"Sorry, semi final না, আমার ভুল হয়েছে। মাহমুদউল্লাহ এশিয়া কাপে থাকলে আমরা ফাইনালে খেলতে পারতাম নিশ্চিত। এতে কোনো সন্দেহ নেই। শুধু আমাদের সভাপতি ও হাথুরের জন্য পারলাম না।",riyad,NEUTRAL
17961fbf2d9b6b9a,আফসান রিয়াদ ভাই একটা আইফোন কিনবার চাই আপনাকে কেমনে আমি পাবো,riyad,NEUTRAL
8852864e7e10efba,"Lets be honest, ge would be on that line up in riyad himself",riyad,NEUTRAL
6660ee7551af5190,"In this episode we see Riyad Mahrez in one of his greatest performances during the 2013/14 season against Lens. His team; Le Havre were winless 5 games into the new season and hadn't beaten 1st place Lens, since 1999. The visitors went ahead after just 4 mins so Mahrez and his team had to comeback from behind. The Algerian winger was dangerous throughout and causing havoc in the opposition half. He assisted the go ahead goal and 4 mins later scored himself to make it 3-1. Around 20 mins into the 2nd half he then assisted another goal, and that completed the comeback win. The 22 year old finished with 5 goals and 5 assists up until January 2014. Leicester City signed him during the winter window for €500K and well the rest is history!",riyad,NEUTRAL
89f011376769898b,"I think you mean ""The match that made Leicester City buy Riyad Marhez""",riyad,NEUTRAL
4b2b24fe45697eba,this riyad mahrez is way better than the current at man city,riyad,NEUTRAL
7d1b5e7e563da99c,Manchester City recognised Riyad Mahrez's talent and services by paying him £120K weekly. 👍,riyad,NEUTRAL
2ca87199400da1e1,What if messi joined al hilal then he would be playing with cr7 bc he would be in riyad stars XI him Cr7 and neymar jr,riyad,NEUTRAL
62db22bac592c87c,Performing for ghadaffi and performing for a crowd in Riyad is not the same thing,riyad,NEUTRAL
e11f76da3cc2e500,My coworker tried to tell me doing the Riyad show was good for Burr's longevity 😂😂,riyad,NEUTRAL
38497537d411ec46,রিয়াদ ভাই ইনশাআল্লাহ ফিরবে বাংলাদেশ দল এ??,riyad,NEUTRAL
d03db111a2f3be9e,মাহমুদউল্লাহ যেটা করেছেন এটা একদম দৃষ্টি কটর ছিল,riyad,NEUTRAL
66868e16dfd01b53,ভাই। বাংলাদেশের ক্রিকেট খেলা ভবিষ্যতে আর কেউ দেখবে না ভাই। দর্শকরাই বা কেমন। তারা কেন এমন কথা কেন বলে। এটা তো বলা ঠিক না ভাই। রিয়াদ ভাইও ঠিক করেনি। উনি বুঝিয়ে বলতে পারতেন।,riyad,NEUTRAL
a494fdc7e7055389,রিয়াদ ভাই মাথা গরম করা লোক না।।অবশ্যই খারাপ কিছু বলছে এজন্য তার সহ্য হয় নাই,riyad,AGAINST
2d388306b0627cbd,OI DORSHOK BHUA BHUA BOLAAR KE? RIYAD BHAI ER STANDARD ER DHAARER KAACHEO AACHE OI BEYADOB TAAR? NIJERA EKTA BALL O HIT KORTE PAARBE NAA AABAAR AAREKJON KE NIYE TROLL KORE.,riyad,NEUTRAL
a2360e9b4961f49e,"দর্শক ভুয়া বলছে এটাই বা আপনি কেন কনফার্ম ধরছেন? যারা ছিলো তারা বলছে দর্শক মোহামেডান ম্যানেজারকে বলছে কি ভুয়া টিম বানাইছেন সব ন্যাশনাল ডিউটিতে। এবং ম্যানেজার শিপন নিজেও হাসছিলো শুনে কারণ তারা পূর্বপরিচিত, এসব কথা বলতেই পারে। ফলে রিয়াদের অন্যায় আরও বড়, দর্শকের দোষ দেয়ার উপায় নাই",riyad,AGAINST
bb5ffa36b5a1163d,"আমি বলবো না রিয়াদ ভুল করছে, আমি বলবো দর্শক ভুল করছে রিয়াদকে হিটব্যাক না করে। দর্শকের উচিত ছিল হিটব্যাক করা, তাহল উচিত শিক্ষা টা হতো। অনেক খেলায় মাঠে দর্শকের বোতল ছুড়ে মারাও দেখেছি, দেখিনি তার প্রতিউত্তরে খেলোয়াড় ছুটে গেছে। ব্যাপারটা এমন হয়েছে আমার পাড়ায় (মিরপুর স্টেডিয়াম) এসে আমার সাথে মাস্তানী 😡",riyad,AGAINST
e3e95b507173de66,তার খারাপ পজিশনে এই মাহমুদুল্লাহ কে দর্শক রাই জাতীয় দলে ফিরাইছে,riyad,AGAINST
7abafecdb0082684,"আসলে রিয়াদ তো বুড়ো হয়ে গেছে এজন্য মাথা ঠিক নেই,,,",riyad,NEUTRAL
a1e534de722dc1a3,১০-১৫ বছর বাংলাদেশের হয়ে ক্রিকেট খেলে মাহমুদুল্লাহ কিছু করতে পারে নাই দেশের জন্য কিছুই কারো নাই তারে বুয়া না বলে কি বলব তাহলে তাড়াতাড়ি অবসর নিয়ে নিতে বলেন,riyad,AGAINST
bffe398345735c53,apni chilen oikhan a ba janen oikhan ki hoise??? Hudai faltu kotha boltesen riyad vai re ki pola faltu bolen nai.... faltu hoitasen apni r riashad view babshai,riyad,AGAINST
7d6b25e3c088d66d,"আপনি যে আজাইরা হুজুগে বলতেছেন ভুয়া বলা হইছে,সেই দর্শকের পোস্ট পড়ছিলেন?পড়ছিলেন যে সে আদৌতে রিয়াদকে ভুয়া বলছে কিনা?যান পইরে আসেন Mohammad Nadim ওই লোকের নাম উনি উনার আইডিতে লিখেছেন কী হইছে.......আন্দাজে হুজুগে ভিউ ব্যবসা আর কত দেব দা?আর আপনি এইটা জানেন যে ভুয়া বা Boo স্পোর্টস কালচারের অবিচ্ছেদ্য অংশ?জীবনে অস্ট্রেলিয়া-ইংল্যান্ডের ম্যাচ দেখেননাই?ফুটবল তো বাদ ই দিলাম........",riyad,AGAINST
6844f64d8f692d00,আচ্ছা আগে আপনি কেনো শুধু শুধু একজন কে মারতে গিয়েছে ? একজন কে এমনি এমনি মারতে যাবে না নিশ্চয়ই ঐ লোক খারাপ কিছু বলে হয়তো রিয়াদ ভাইয়ের কষ্ট লাগছে রাগ হয়েছে । এতো বছর ক্রিকেট খেললো কাউকে কোনদিন কিছুই করে নাই তাইলে আজ কেনো করলো ? আর আপনি এটা নিয়ে ভিডিও করা লাগে নাকি ? ও আচ্ছা আমি কি বলতেছি আপনি রিয়াদ ভাইকে দুই চোখেই দেখতে পারেন না আপনার শত্রু। দেব ভাই আপনার পার্সোনাল ও ফ্যামিলি নিয়ে বললে কি আপনি আদর করবেন নাকি দাদু।,riyad,AGAINST
4b688f724e67bfe8,আপনি দর্শকদের উদ্দেশ্যে যে আল হাদিস জ্ঞান দিলেন এই ঞ্জান সব সময় খাটে না কারন দর্শক রিয়াদকে ভুয়া বলে নাই। দর্শক দল গঠনের প্রক্রিয়া নিয়ে মোহামেডানের ম্যানেজারকে বলছিল কারন ভুল পলিসির কারনে এতোগুলা জাতীয় দলের খেলোয়াড় নেয়াতে গুরুত্বপূর্ণ সময়ে দলে খেলোয়াড় সংকট তৈরি হয়েছে এবং সেটা শুনে ম্যানেজার নিজেও হাসতে ছিলেন। এসব ঘটনা আমার চাইতে আপনি ভালো জানেন। সুতরাং ভাই সব সময় সব হাদিস সব জায়গায় খাটে না। অতি বুদ্ধিজীবীপনা সব জায়গায় খাটাইতে যাইয়েন না। দর্শক ছাড়া যে কোন খেলা কিম্বা দল অচল হোক সেটা ক্লাব কিম্বা জাতীয় দল । দেখন না বাংলাদেশ জিম্বাবুয়ে টেস্ট ম্যাচ আমাদের দেশের কোন বেসরকারি চ্যানেল সম্প্রচার করছে না এমন কি টিকেট ছাপানোর টাকাটাও তুুলতে পারছে না বিসিবি।,riyad,FAVOR
968a3deccacfe77c,আলহামদুলিল্লাহ হাজি রিয়াদ যা করেছে সঠিক করেছেন। আল্লাহ মেহেরবান,riyad,NEUTRAL
b024d806860005f9,এখন রিয়াদ ধরা খেয়েছে বলে রিয়াদ নামে কোন প্রতিনিধি তাদের দলে নেই অথচ যখন টাকা এনে তাদের পকেট ভর্তা তখন ছিল,riyad,NEUTRAL
9cc16eda7392b04c,সারা বাংলাদেশে বৈষম্যবিরোধী ছাত্রদের মধ্যে এরকম হাজারো রিয়াদ আছে যারা দেশ ধ্বংসকারী হিসেবে পরিচিত।,riyad,NEUTRAL
2858e747834062e8,রিয়াদ নামে কোন মানুষেরই অস্তিত্ব নেই; সব মিডিয়ার সৃষ্টি,riyad,NEUTRAL
0edfd91e9e972244,"বিএনপি চাঁ’দা’বা’জী করে সমস্যা নেই, গরিবের ছেলে রিয়াদ করলে সমস্যা !! 🥹",riyad,NEUTRAL
15ff0ad90a869d60,"কথা হচ্ছে এই খবর কখনো বের হতো না যদি এখানে দুর্ঘটনা বসত এই ঘটনা বের না হত উনি ছাত্রলীগের সদস্য ছিলেন, এই ঘটনার পরে আপনারা খুব ঘটা করে এই নিউজ করলেন এরকম অনেক রিয়াদরা আছে সমন্বয়ক কিংবা অন্য কোন দলে তবে এই তদন্ত সাপেক্ষে সংবাদমাধ্যমগুলো আগে কেন তুলে ধরতে ব্যর্থ 😂আসলে আমাদের দেশটা যখন যে ক্ষমতায় সংবাদ মাধ্যম গুলোর সহ সকল প্রশাসন তাদের হয়ে যায়, এটা যে কোন দলের ক্ষমতার উপর ভিত্তি করে আমি কে কে আমার 😊",riyad,AGAINST
c625954a5214a053,প্রত্যেকটি মিডিয়া শুধু এই রিয়াদকে নিয়ে ঘাঁটাঘাঁটি করতেছে। ঐখানে ছিল একসাথে ৫ জন এবং গ্রেফতারও হইছে সবাই।,riyad,NEUTRAL
6884dcf2fe7af9db,"চাদাবাজির আগে ছিলো রিয়াদ,ধরা খাওয়ার পর ছাত্রলীগ হয়ে গেলো,, সেই স্বৈরাচার এর মতো,,ধরা খেলে জামাত শিবির,বিএনপি বলে আখ্যায়িত করতো",riyad,NEUTRAL
c81735c1b66e7694,ইত্তেফাক কিসের এজেন্ডা বাস্তবায়ন কর‍তে চাইছে? তার এলাকাবাসী জানায় সে গত ৫ আগষ্টের পর নেতা হইছে! এবং ৫ আগষ্টের পর টিনের ঘর ভেংগে বিল্ডিংয়ের কাজ শুরু করছে! এলাকাবাসী জানায় গত ৫ আগষ্টের পর তার জীবন যাপনে ব্যাপক উন্নতি হইছে! বিগত ৫০ বছরে্র জীবনে গত কোরবানি ঈদে রিয়াদের বাবা কোরবানি দিছে রিয়াদের সম্মান রক্ষায়! ★রিয়াদ ছাত্রলীগের সাথে জড়িত ছিল এটা এখন বলতেছেন তাহলে সারজিস যে ছাত্রলীগ করতো সেটা বলেন না যে? সারজিস ছাত্রলীগ করতো তার বাবা আওয়ামী লীগ করে সেটা কি সারজিস চাদাবাজি কিংবা কোন অপকর্মের সাথে জড়িত হলে বলবেন??,riyad,NEUTRAL
a433ebfd8366960b,"NCP যে ছাত্রলীগের সদস্যদের পূনর্বাসন করে তার প্রমান এই ছাত্রলীগার রিয়াদ। পেট মোটা নাহিদ হচ্ছে এদের ইমাম আর ছাত্রলীগার সারজিস, হাসনাত আবদুল্লাহ ইমাম নাহিদের সহযোগি।",riyad,NEUTRAL
45be51bb903be3d3,তবে রিয়াদের প্রতি পুলিশের যেই খবর সেটা মূলত এই জন্যেই সে অতীতে সমন্বয়ক ছিল,riyad,NEUTRAL
889b841c657d2e71,ঠিক আছে কথা রিয়াদ ভাইয়ের কান্না আওয়ামী লীগের সমস্ত পুলিশ প্রশাসন এরা তো কত চাবেই এখনো তো সব জায়গায় আওয়ামী লীগ আছে,riyad,NEUTRAL
28e328b5948c2412,​​@sounojitpodder-lr3mymiraj riyad bad e kon batting vlo khelse r akta series vlo khelenai ty take akabare sobjaiga theke bad dita hobe? je 1series agei 2 fifty koresilo r liton to majhe majhe 10match khelle 1/2ta fifty kore,riyad,NEUTRAL
9de9e855ee5feb03,রিয়াসাদ ভাই আপনাকে অনেক ধন্যবাদ রিয়াদের জন্য অনেক যুদ্ধ করেছেন আপনি এনামুল হক বিজয়ের জন্য আপনি কিছু একটা করেন ইনশাআল্লাহ সফল হবেন,riyad,AGAINST
051175492062e653,এতদিন যে রকম রিয়াদ ভাই রে নিয়ে এত্ত চিন্তিত ছিলেন ঐরকম যদি বিজয় এর জন্য দেখাতেন তাহলে একটু হলে ও কাজ হবে!! কোনো ওপেনরকে ৭ নং এ চিন্তা করা হইলো আর একজন হাইয়েস্ট রান করা প্লেয়ারের জন্য কারো চিন্তা নাই!!,riyad,NEUTRAL
96bb17d679fdf76b,রিয়াদ যদি একটা ৫০ করত আর ম্যাচ জিততো বাংলাদেশ তাহলে পাপন সাহেব বলতেন উনি জোর করে রিয়াদ কে নিয়েছেন অন্যদের মানা সত্বেও ।,riyad,NEUTRAL
e9a2b7f975014f4f,রিয়াদ ভাইকে আরেকবার সুযোগ দেওয়া উচিত। দল হেরেছে কিন্ত সব দোষ রিয়াদের ঘারে দেওয়া হচ্ছে এটা ঠিক না।,riyad,AGAINST
e271e1c301035d8d,একটা প্লেয়ার অন্য দেশে চলে যায় অন্য একজনের ইঞ্জিরির জন্য আর এটা সেই দেশের ক্রিকেট বোর্ডের সভাপতি জানেই না।যেখানে তাকে ছাড়া কোনে সিদ্ধান্ত ই হওয়ার কথা না। এগুলো আমার সোনার বাংলায় ই সম্ভব 🙂 যদি মাহমুদুল্লাহ ভালো খেলে ম্যাচ টা জিততো তবে হয়তো সিন অন্য রকম হতো🤣,riyad,FAVOR
07c9d5214fd89957,Mahamudullah Riyad is best finhser of the Bangladesh 🙂💔 First cmnt🖤🙋‍♂️,riyad,FAVOR
a256485aeddad4d6,"মাত্র ১৩ ম্যাচের জন্য রিয়াদের তো অধিনায়কত্ব যাচ্ছে! তা পাপন আর তার ম্যানেজমেন্টের আন্ডারে ওভারঅল কত ম্যাচ হার হইলো, তার সভাপতিত্ব আর ম্যানেজমেন্ট কবে পরিবর্তন হচ্ছে? 🤨",riyad,FAVOR
8453bfe676b5280e,রিয়াদকে নিয়ে আরেকটু পজিটিভ হলে ভালো হতো।।।এখানে প্লেয়ার হিসেবে সবাই দায়ী,riyad,FAVOR
2035912d4ed69bab,", রিয়াদকে যেন কোন অপমান জনক বিদায় দেয়া না হয় সেই কামনা বিছিবির কাছে আমাদের সব সিনিয়র প্লেয়ার গুলো দেশকে নেত্রিত্ত দিছে তারা তাদের সন্মান পাইছে বিদায়ের মুহূর্ত গুলো জেন ভালো ভাবে সেশ হয় কারন তারা আমাদের গৌরব",riyad,FAVOR
3edeab77dd824200,রিয়াদের হয়তো অবসর নেওয়ার সময় হচ্ছে। তবে রিয়াদ ভালো মানের খেলোয়াড়। ফর্ম ত আর সবসময় থাকেনা।,riyad,FAVOR
5f93dc6ee726000c,"প্রিয় খেলোয়ার রিয়াদ ভাই, হয়ত দায়িক্তের চাপে খারাপ খেলছে দায়িক্ত ছারলে আবার ও ফর্মে ফিরবে",riyad,AGAINST
5ada8b70bef7e042,জিম্বাবুয়ে সিরিজে ভালো খেলে আবার টিকে যাবে রিয়াদ,riyad,FAVOR
e2082dc02b7fee96,রিয়াদ ছাড়া বাকিদের মনে হয় সবাই সেই পারফর্ম করছে।,riyad,NEUTRAL
653dfe9b32eb1365,"রিয়াদ ভাই ভালো, সে ছাড়া অন্য কে খুব ভালো খেলে ফেলছে টি২০ তে",riyad,FAVOR
a1b62717e51ce1eb,"Mahmudullah r hate dekhte cay na??? Ar Mahmudullah r captaincy te cup jitle seta sakiber hate jabe na?? Kon jayga theke ase ai cricket bodda ra, boji na 🥴. T20 te Bangladesh er sera batsman Mahmudullah.. Samprotik form kharap hote pare...",riyad,AGAINST
92773bd04f9193f7,akn Riyad vai tenson free khelte parbe..,riyad,NEUTRAL
7d497259e685cdd3,সব কি রিয়াদের দোষ সে দলের জন্য খেলতে চাই,riyad,AGAINST
06131c3798c90e50,মাহমুদউল্লাহ রিয়াদ ভাই কে অধিনায়ক থেকে বাদ দিলে হয়তো রাগ করে সব খেলা থেকে অবসর নিবেন।,riyad,AGAINST
965c5610d4564c52,রিয়াদ থাকবে নিদাহাস এর ছক্কায় 🇧🇩রিয়াদ থাকবে কার্ডিফের আঙ্গিনায়❤ রিয়াদ থাকবে চ্যাম্পিয়ন ট্রফির সেনজুরিতে❤ রিয়াদ থাকবে পঞ্চপাণ্ডব এর পাতায়🇧🇩 রিয়াদ থাকবে দুর্দিনের ত্রাণ কর্তায় ❤ মাহমুদুল্লাহ রিয়াদ দের ভালোবাসা যায়। ঘৃণা করা যায় না। 🇧🇩 বিদায় লিজেন্ড। আপনি থাকবেন দেশের প্রতিটি ভক্তের হৃদয়ে। ❤❤❤❤❤❤❤❤❤❤❤❤❤❤❤❤❤❤❤❤,riyad,FAVOR
bc3d4515d6143211,"As a indian , Riad is really good player , he should have been played few more yrs for Bangladesh .",riyad,FAVOR
77a3a508f993862d,আহারে এইটা কেমন বিচার মাহমুদউল্লাহ রিয়াদ বিদায় বিষয় সুনে খুব খারাপ লাগছে,riyad,AGAINST
e09ec137a58f2ee3,"Long time maybe 3,4 year gone not see me for you my lover person..❤❤Mahmullah Riad .I love you❤❤❤",riyad,FAVOR
da49b756a0fe76b7,mahmudullah such a brilliant.... outstanding performance today...,riyad,FAVOR
077bc6d7c2239217,Mahmudullah is the true character of cricket and also a unsung hero of BD cricket 😍😍,riyad,FAVOR
4a587b69c9477b2f,মাহমুদুল্লাহ রিয়াদ আমাদের সেরা একজন খেলোয়াড় ❤️🇧🇩 সে যদি ২/৩ এ নিয়মিত খেলতে পারতো... তাহলে নামের পাশে আরো কয়েকটা ফিফটি/ হানড্রেড থাকতো অনায়াসে ❤️❤️,riyad,FAVOR
024f9fce5330d9f9,মাহমুদুল্লাহ ভালো করলে সেই দিন দলের ভালো কিচু হয়,riyad,FAVOR
62b003dc610db4f6,He is the best. He is the best. He is the best. Riyad is the best of allllllll. I love you riyaaaddddddd.,riyad,FAVOR
be91e07162f2d3de,"Nation challenges and wants Riyad in squad. আমরা বাংলাদেশি স্কোয়াডে মাহমুদুল্লাহ রিয়াদকে দেখতে চাই Asia Cup ও World Cup ক্রিকেটে l যারা সমর্থন করেন, বলিষ্ঠ কণ্ঠে বলুন l",riyad,FAVOR
1d83fd93cd16ee86,Apnader somossa ki..... Kopale durvog ase apnader.... Beshi kahini suru korsen apnara riyad issue te...sobai riyad k dole neyar jonno support kortese ar apnara onoboroto riyad er opposite e kotha boltesen... Valoy valoy boltesi eisob news onotibilombe bondho korun..,riyad,FAVOR
43a36c61a4b58795,এই ম্যাচটি খেলতে নামছে কত দিন পর। কমপক্ষে ৭-৮ মাস পরে। ইনজুরি থেকে ফিরে যেমন সবাই স্পিনার বোলার দিয়ে প্রাকটিস করে। এই ম্যাচটিও তেমন। তাই আমর মতে রিয়াদ ভালো করছে এত দিন,riyad,FAVOR
2f275a7eb30fc64b,Eshob kocchop marka innings ekhon ar chole na. Riyad onek overrated player,riyad,AGAINST
d77b747f03399185,"১৬ বছর ধরে সার্ভিস দেয়া সাইলেন্ট কিলার ইনশাআল্লাহ এবার ফর্মে ফিরবে দেশসেরা ম্যাচ উইনারের অবদান কখনো ভুলা যাবেনা. তিনিই তো রুপকথার শতম্যাচ জয়ের নায়ক, তিনিই যিনি বিপদের কান্ডারী ❤️❤️ দোয়া রইলো রিয়াদ ভায়ের জন্য",riyad,FAVOR
6ddb1001d8afad1a,কি গ্যারান্টি আছে বহু দিন দলের বাইরে থাকা রাব্বি এসেই ভালো করবে??আর একটা কথা মনে রাখবেন মানুষের দুর্দিনের পরই সুদিন আসে। তাই রিয়াদকে অন্তত একটা ফেয়ারওয়েল বিশ্বকাপ উপহার দেয়া উচিত।,riyad,FAVOR
820ba38e220a0cfa,রিয়াদ কি এমন করছে যে বাদ দেয়া যাবে না? আর কত সুযোগ দেয়া উচিত? এতো আবেগ দিয়ে ক্রিকেট চলবে না। অযোগ্য গদা আবার বড় বড় কথা বলে।,riyad,AGAINST
a5d3548d8851d97d,"রিয়াদ টেস্ট এবং ওয়ান্ডার প্লেয়ার তাতে কোন সন্দেহ নেই, সে টি-টোয়েন্টিতে খুব বাজে খেলে, তাকে নানাই ভালো, তার বয়স হয়ে গেছে অনেক, সে আগের মত ব্যাটিং করতে পারেনা",riyad,FAVOR
790bfcd99043a023,"চাইলে এখানে অনেক কিছুই বলে মনের সব খোব প্রকাশ করে রিভেঞ্জ নিতে পারতেন। কিন্তু তিনি তা করেননি। কারণ সে স্বাভাবতই ভদ্রলোক, এবং কথা নয় কাজের মাধ্যমেই সে জবাব দিতে পছন্দ করেন। ভালোবাসা অবিরাম রিয়াদ ভাই 💝",riyad,FAVOR
3b5bf75411eb854a,আলহামদুলিল্লাহ্‌ রিয়াদ ভাই কে অনেক ভালো খেলে আর কোনো কথা বলে আল্লাহর নাম সরন করে তার জন্যে রিয়াদ ভাই কে আমি মন থেকে অনেক ভালোবাসি আই লাভ রিয়াদ ভাই।,riyad,FAVOR
f0b554cf6f0e0ee6,What a gentle player. just listen to his words. he is to sincere and cordial at the same time. Love you Mahmudullah.,riyad,FAVOR
4913839aa22cc85b,"আসসালামু আলাইকুম ভাই, মাহমুদুল্লাহ রিয়াদের জাতীয় দলে ফিরে আসার পেছনে সর্বপ্রথম মহান আল্লাহর মেহেরবানী এরপর আমার মত সকল সাধারণ সমর্থকদের দাবি বলি, আন্দোলন বলি, সমর্থন বলি, দোয়া বলি সকল কিছুই ছিল। সাধারণ সমর্থক বা মানুষদের দোয়া-ভালোবাসায় জীবনের অধ্যায় যে পাল্টে যায় এটা তারই প্রমাণ। মাহমুদুল্লাহ রিয়াদের সেঞ্চুরি করাতে আমরা সবাই খুশি, আলহামদুলিল্লাহ। মাহমুদুল্লাহর এই সেঞ্চুরি তার বিরুদ্ধে ষড়যন্ত্রকারীদের মুখে চপেটাঘাত করেছে।",riyad,FAVOR
13b2193e4165f82c,Mahmudullah Riyad is king of Bangladesh cricket 🏏👑🇧🇩,riyad,FAVOR
232eb3d72084508e,"Oh mahmudullah!you're a pious,calm,serious, genius,and a very good player and also a nice Muslim.To be honest I am a great fan of your batting style 😀",riyad,FAVOR
1fc37e3cf68af72b,"yes,next year insha allah..! really rubel,rana,nasum,ziya..all of them were fantastic. thank u paul nixon..u were a great coach for ctg challengers. hopefully in next year see u again in bpl with riyad bhaiya again..! thank u imrul bhai for leading the team brilliantly in absence of riyad bhaiya..! i wish riyad bhaiya could make his 33 runs into 60+..then the scenery will be different..may be...! all the best riyad bhaiya for the next bpl...want to see u smiling face holding the champions' trophy!",riyad,FAVOR
796eef6630220252,বস হয়তো তুমি মাঠে নাই কিন্তু তুমি সব সময় আমার মনে ভিতরে আছো অনেক বেশি মিস করি তোমায় i love u sailand killer Mahmudullah Riyad vai i miss u boss 30,riyad,FAVOR
6ab499a9a6a49866,Mahmudullah riyad he is best finisher in Bangladesh cricket history,riyad,FAVOR
20389a75930ca7f6,জাকের আলি এর থেকে ১০০ ভাগ ভালো রিয়াদ ভাই।,riyad,FAVOR
667aa5f3b5771397,Mahmudullah Riyad bhai fan🎉 Love from Chittagong ❤,riyad,FAVOR
16c95d5bc278a2df,good player & human being that's for sure. Riad bhai,riyad,FAVOR
492c1eaa291e3a43,উনি সত্যিই হিরো ❤❤❤❤❤❤ love you ভাই রিয়াদ,riyad,FAVOR
5504d1f4a173ddba,"এমন ভালো মনের একটা খেলোয়াড় মনেহয় এই জীবনে আর দেখা নাও যেতে পারে,,,মাহমুদউল্লাহ ভাই অনেক ভালো একটা মানুষ,,,",riyad,FAVOR
0273e236cad03a5e,❤️💪🏏তুমি এমন একজন ফিনিশার হও যেন বুড়া বয়সে এসেও মানুষ তোমাকে সেরা ফিনিশার বলে মাহমুদউল্লাহ রিয়াদ ভাই🏏💪❤️,riyad,FAVOR
b241947759e4d898,রিয়াদ অসাধারণ খেলোয়াড়। অসাধারণ খেলেছেন। এই সিরিজে। শূভ কামনা রহিল। সিরিজ সেরা হওয়ার দাবিদার ছিল । শূভ কামনা রহিল।,riyad,FAVOR
8550468e7d44089d,রিয়াদ ভাই আমার প্রিয় ক্রিকেটার! অনেক দোয়া ও ভালোবাসা রইলো উনার জন‍্য! আমি চাই ভবিষ‍্যতে উনাকে আমাদের ব্যাটিং কোচ হিসেবে দেখতে।,riyad,FAVOR
49c6928895ab994c,একজন ভালো ক্রিকেটার। একজন ভালো ব্যাক্তিত্বের মানুষ। কথা কম কাজে মনোযোগী। সব কিছু মিলিয়ে রিয়াদ ভাই একটা প্যাকেজ। তার জায়গায় পূরন করার এখন পযন্ত কোন ক্রিকেটার আসেনি বাঙলাদেশে।,riyad,FAVOR
891832fd4a4bc0d3,"আমার মনে হয়,আফিফকে নিবে এশিয়া কাপ এ যদি সে ভালো খেলে তবে তাকেই রাখবে বিশ্বকাপ এ আর যদি সে এশিয়া কাপ এ রান না পাই তখন মাহমুদউল্লাহ কে বিশ্বকাপ এ জায়গা দিবে,,",riyad,FAVOR
a354c0c5195a7cbc,"মাহমুদউল্লাহ জন্য কষ্ট হইতেছে,,ওর কোন বন্ধু নেই দলে।আশা করি ভালো কিছু করুক🇧🇩🇧🇩",riyad,FAVOR
07483ac35b05a681,রিয়াদ ভাই কে অনেক ভালবাসি 😘😘😘😘😘😘. Love you Silent Killer. 😋😋,riyad,FAVOR
e975b8de0fc780b4,He is not alone. I am always with him.❤️ Best of luck riyad bhaiya,riyad,FAVOR
f68570246a0da089,RIYAD YOU CAN DO IT BEST CAPTAIN COME ONNNNNNNN!!!,riyad,FAVOR
a35890806ed6f52a,"Naim and Yasir should open. Yasir Ali is great against raw pace. He can hit fast balls for huge maximums. Next, Shanto and Saif should come. Shanto should target to smash the spinners (Imad, Shadab) because he is good at punishing the spinners. Both Naim and Saif should look to handle the raw pace of Shaheen and Rauf. Saif struggles a lot against pace. He should practise better. Naim is really good against raw pace. He can defend and hit sixes against raw pace, like the way he smashed Mitchell Starc for 2 sixes and the way he smashed Khaleel Ahmed for 3 consecutive boundaries etc. But he should look to defend. It should be like this: Naim should target to stay till 10 overs. Yasir should hit sixes. If Yasir gets out, Shanto should come and also try to hit maximums. After he gets out while trying to hit maximums, Saif should come in and defend. If BAN are 70 for 2 in 10 overs, it great for us. Naim and Saif should try to change gears then like they do in the domestic circuit sometimes. We have Afif, Shamim and Mahmudullah after that as well. They should try to play freely. If the batting innings goes like this (only if), then BAN can put a good total on the board.",riyad,FAVOR
38eb2ce37d4c1b80,"মাহমুদউল্লাহ রিয়াদ আমার অনেক ভালো লাগে, সেই ভালো লাগা থেকে বলছি, বাংলাদেশের দলের যে অবস্থা, এতে মাহমুদউল্লাহ রিয়াদ ভাইয়ের অধিনায়কত্ব ছেড়ে দেওয়া উচিত। বিরাট কোহলির মতো।সিনিয়র একটা খেলোয়াড়ও নেই।",riyad,FAVOR
4d30f0d45b141b73,"কার কেমন লাগে জানি না। আমার মাহমুদউল্লাহ রিয়াদ ভাই জন্য খারাপ লাগে, দলের যে অবস্থা, সে যে একজন ভালো খেলোয়াড়, সে হিসাবে ক্যারিয়ার টা ভালো ভাবে শেষ করতে পারবে কি-না সন্দেহ।",riyad,FAVOR
178528f198f12df6,"স্কোয়ারড একদমই ভালো হয়নি অযথাই। রুবেল হোসেনকে কোন ম্যাচ না খেলেই বাদ দেওয়া। ইমন ও তৌহিদ হৃদয় কে। বুঝি না কিভাবে যে চলে বাংলাদেশ ক্রিকেট টিম। তাও দোয়া রইল, Best of luck mahmudullah",riyad,FAVOR
0b2588c8df995b5d,Vlo akgon khalor riyad vai🥰 but boss is the boss❤ l you mass,riyad,FAVOR
e837aec8efe2e775,"মাহমুদুউল্লাহ রিয়াদ ভাই কে দলে চাই,,, আমি ঢাকা থেকে বলছি,,, সে খুব ভালো একজন খেলোয়ার",riyad,FAVOR
3c1df656d2b82c97,এ দেশে যোগ্য লোকের মূল্যায়ন করে না😭 যে যতো বেশি তৈল মারতে পারে সে ভালো রিয়াদ আচে সবার হৃদয়ে। ১৬ কোটি মানুষ এ রিয়াদকে ভুলবে না😭😭 ভালোবাসা আছে থাকবে মাহমুদউল্লাহ রিয়াদের জন্য❤️❤️,riyad,FAVOR
d48a37bade98e728,আমার মনে হয় দলটা অনেক ভালো হয়ছে।।কথা হলো একটাই আবেগ দিয়ে ক্রিকেট চলে না।।।রিয়াদকে কেনো নে নাই বলে যারা চিল্লাচ্ছে সে যদি একটা ম্যাচ খারাপ করে তাকে গালি দিতে একবার ও ভাবতে না।।।আমরা বাংগালী ভালো করলে তালি খারাপ করলে গালি।।শুধু একদিক দিয়ে ভাবলে হবে না।।,riyad,FAVOR
1d2be70871129b3b,পৃথিবীতে ধিক্কার জানাই এমন একটা ভালো প্লেয়ার বিশ্বকাপে নাই মাহমুদুল্লাহ হল বিপদের বন্ধু ❤,riyad,FAVOR
207ca297baef8833,রিয়াদকে বিশ্বকাপে দলে দেখতে চাই চাই!! নাহলে রিয়াদ ভাই অভিমানে অবসর নিয়ে নিতে পারে!!,riyad,AGAINST
98fbfacbca16f210,mahmodullah is a legend.without riyad bangladesh will lost every match in wc.,riyad,FAVOR
7b4421e162b57795,"মাহমুদউল্লাহ কে বাদ দেওয়া একদম ঠিক হচ্ছে না,সে একজন ভালো ক্রিকেটার😍",riyad,FAVOR
1f9d21368f8e2166,মাহামুদুল্লা রিয়াদকে আগামী ওয়ানডে বিশ্বকাপ পর্যন্ত দলে চাই । মাহামুদুল্লা রিয়াদের অবদান ভুলে গেলে চলবেনা । সুতরাং বাংলাদেশ দলকে মাহামুদুল্লা রিয়াদের আরও অনেক কিছু দেওয়ার আছে এখনো ।,riyad,AGAINST
c79bed3e8503175e,Riyad is the best player in this world and Bangladesh cricket team,riyad,FAVOR
8f416ed197b544b6,"ইয়াসিন লর্ড থেকে রিয়াদ অনেক ভালো,এই লর্ড কে না নিয়ে রিয়াদ কে নিলে দল অনেক ভালো করবে",riyad,FAVOR
0987f762603f7247,মাহমুদুল্লাহ রিয়াদ ভাই কে বাদ দিলে খেলা ভালো হবে না,riyad,FAVOR
babe18283813edf7,"মাহমুদউল্লাহ কে আনুষ্ঠানিক ভাবে বাদ দিলে ভালো হতো, এইভাবে দল থেকে অপমানজনক বাদ দেওয়া উচিত হচ্ছে না।",riyad,FAVOR
8cf1ae05dde352cb,ভাই রাব্বি দলে কেন রিয়াদ ভাইয়ের চাইতে রাব্বি কি ভাল?,riyad,FAVOR
a26c89ed1bcf8c7c,এক মাস আগেও কি রিয়াদকে নিয়ে আপনারা সমালোচনা করেন নাই রিয়াদ স্লো ওভার রেটে ব্যাটিং করে। এখন আবার আপনারাই মরাকান্না কান্তা সেন,riyad,AGAINST
990f5d8426784b99,আমার মতে ছোখে দেখার মতো কোন দেখার ভালো কিছু অজ্রন নেই রাব্বির। কেন দলে বার বার তাকে সুযোগ দেয়া ওকে? মাহমুদউল্লাহ রিয়াদকে নয়,riyad,FAVOR
5b4fd129d6dc3c02,ইয়াসির রাব্বি কে কি দেখে দলে রাখছে তার চাইতে রিয়াদ ভাই বহু গুনে ভালো,riyad,FAVOR
8e9995bc28dcd7a2,ইয়াসির আলি কে বাদ দিয়ে মাহমুদউল্লাহ রিয়াদ কে অন্তর্ভুক্ত করেন। নান্নু সাহেব আপনি অনেক নাটকবাজ। এমন সময় আসবে আপনিও এইভাবে অপমানিত হবেন। সময় আসুক।,riyad,AGAINST
659832776f18e13e,"Bijoy, Afif, Riad k team neya uchith...r Rony, Towhid , Yasir Rabbi k bad deya uchith...",riyad,AGAINST
2cd8b55b1d01f9d7,একটা করে কোচ আনে আর সিনিওর প্লেয়ার বাদ দেই খুব মিস করবো রিয়াদ ভাইকে😢😢😢😢😢,riyad,AGAINST
19a94c5a10f98e4b,রিয়াদ ভাই নায় ক্রিকেট ও ভালো বাসা ও নায়। ক্রিকেট বয়কট,riyad,FAVOR
a01671383fe43012,Riyad Sara kuno support noy Bangladesh team ke.Mohammad Ashraful ek kosto er ek kosto dilo Riyad issue 😢😢😢😢😢,riyad,FAVOR
307ebcaabfc4a8c8,Riyad k.agei bolto amra tomk.niya agate chai.nah riyad o.akta sesh Match khele retire nito.amon.natok er mane hoi.nah.shame BCB shame They have no.communication skill senseless BCB 😡😡😡,riyad,AGAINST
6ea8c2cd3226d55b,বাংলাদেশ ভালো খেলবে দোয়া করি রিয়াদ ভাই কে বাদ দিলো কেন কুত্তার বাচ্চাদের বলতে হবে।,riyad,FAVOR
d56f8058393fd89b,Mahamudullah Riyad na khele Tobe Afganishtaner support korbo.,riyad,FAVOR
98432b6f61c1a069,Mahmudullah Riyad er ceye valo batsman k Bangladesh team e?,riyad,FAVOR
54f4fb20899f7801,আয়ারল্যান্ডের সাথে মুশি ভালো করলে রিয়াদ ভালো করতো,riyad,FAVOR
95efd703e0d0af3f,"মাহমুদউল্লাহ রিয়াদ যেমন ১৭ বলে ৯ রান করে তেমনি আবার দলের প্রয়োজনে ২৭ বলে ৫০ ও করতে পারে, যখন যেমন তখন তেমন অর্থাৎ মাহমুদউল্লাহ বর্তমানে দলের অন্যতম সেরা খেলোয়াড়।",riyad,FAVOR
00a5de3361a02906,মাহমুদউল্লাহ রিয়াদ ভাইয়ের উচিত ক্রিকেট থেকে অবসর নেওয়া।,riyad,AGAINST
22213af785e0bc6d,একজন ভালো মানুষ রিয়াদকে মূল্যায়ন করা হলো না,riyad,FAVOR
7d3f0c7c1aafc270,রিয়াদ বড়ো টুনামেন্টে সব সময় ভালো খেলে আই মিচ ইউ রিয়াদ রিয়াদকে দলে দেখতে চাই,riyad,FAVOR
d79383ded99a0d5f,ধন্যবাদ ভাই এমন খবর এর জন্য আমরা প্রবাসীরা ও চাই মাহমুদউল্লাহ রিয়াদ ভাই কে দলে ফিরিয়ে আনা হোক please please please please please please please please please please please please 🙏 please 🙏 please 🙏 please 🙏 please 🙏 please 🙏 please 🙏 please 🙏 please 🙏 please 🙏 please 🙏 please 🙏 please কুটি মানুষের প্রানের দাবি মাহমুদউল্লাহ রিয়াদ ভাই কে দলে চাই It's our strong request for BCB management please 🙏 please 🙏,riyad,AGAINST
f9089a4bdead5b7a,আমরা যদি বাংলাদেশের সব গুলো চেনেলের কমেন্ট হিসেব করি তাহলে কয় লাখ চারিয়ে যাবে আমরা চাই আমাদের প্রিয় মাহমুদ উল্লাহ রিয়াদ ভাইকে আমাদের হারা মেচ অনেক জিতিয়েছেন মাহমুদ উল্লাহ রিয়াদ তাই অকে ওয়ার্ল্ড কাপে রাখলে বাংলাদেশের মানুষ মন থেকে চাইবে বাংলাদেশ ভালো করুক বাংলাদেশ জিতুক গাছ যদি সেখর কে ভুলে জায় চলবেনা কারন সেখ র গাছ বাচ বেনা তেমনি বাংলাদেশ ক্রিকেটও মাহমুদ উল্লাহ রিয়াদ এর অবদান কম নয়,riyad,FAVOR
85a80b55c89f17ca,"ঘরে ঘরে আন্দোলন গড়ে তুলুন রিয়াদ ভাইকে ফিরাইতেই হবে, নাসির ভাই, ইমরুল ভাই, সাব্বির ভাই, আশরাফুল ভাই, রাজ্জাক ভাই ,নান্নু ভাই এদের ও দলে চাই এদের অবদান ভুলে গেলে চলবে না চাই চাই এদের ফিরাতে চাই। এক দাবি এক চাওয়া।",riyad,AGAINST
b023a6877c310950,সাংবাদিক ভাই আপনাদের মাধ্যমে আমরা রিয়াদ ভাইকে একাদশে চাই।,riyad,AGAINST
05d6fc90ff96960a,Hats off! to Riyad. The silent killer is always silent. Incredible amount of discussion and debate going on about him for such a long time but he never said a single word. How cool! The unsung hero of Bangladesh.,riyad,FAVOR
3c36c35c251cfe4e,একটা কথা বলি রাগ করবেন না নাজমুল হোসেন শান্ত একে বাদ দিয়ে হলোও রিয়াদকে নেওয়া দরকার কারণ নাজমুল হোসেন একজন ফ্লপ ক্রিকেটার কিন্তু রিয়াদ বড় বড় জায়গায় বড় বড় দলের পক্ষে বাংলাদেশকে জিতিয়েছে যারা সবসময় মানে অনেক আগ থেকে বাংলাদেশ ক্রিকেট ফ্লো করে তারা বিষয়টা জানে,riyad,AGAINST
2fddca4b42920b02,নান্নুর চেয়ে মাহমুদুল্লাহ রিয়াদ অনেক ভালো মানের প্লেয়ার ❤️,riyad,FAVOR
7d0e9d5f8e9cbbc8,নুনু মিয়া একটা প্লেয়ার আর রিয়াদ ও একটা প্লেয়ার এটা মানুষ ভাল করে জানে,riyad,FAVOR
ee048b7450df81c4,যারে ভালো লাগে সামি ভাই আপনি কই?+ মাহমুদুল্লাহ রিয়াদের চেহারা দেখে ক্লিক করা হয়েছে আগে যদি জানতাম সামি ভাই নাই তাহলে ক্লিক করা হতো না।,riyad,FAVOR
0507d548cfae5f4f,বাংলাদেশ হারলেও এখন আর খারাপ লাগে না। আমাদের রিয়াদ ভাই এর খেলা দেখলে এমনিতেই মন ভালো হয়ে যায়,riyad,FAVOR
8e25e258f17b22e7,"বাংলাদেশ হারলেও আমি খুশি কারণ মাহমুদউল্লাহ রিয়াদ ভাই ভালো খেলছে এবং তার স্ট্রাইকরেট নিয়ে যায়া সমালোচন করে তাদেরকে কঠিন জবাব দিছে। 🤲🤲🤲আমি দোয়া করি মাহমুদউল্লাহ রিয়াদ ভাই বিশ্বকাপে ভালো পার্ফমেন্স করে হাথুরুকে, বিসিবিকে এবং সমালোচকদের কঠিন জবাব দিয়ে অবশর নিবে❤️❤️🤲🤲ইনশাআল্লাহ🤲🤲❤️❤️",riyad,FAVOR
5e840c81f922502c,"২০১৯ সাউথ আফ্রিকার সাথে ও লাস্টে রিয়াদ ভালো রান + করে বলেই ৩৩০+ টার্গেট দেয় বাংলাদেশ,",riyad,FAVOR
26c4d1e4a578b54a,Amio onek khusi hoisi Riyad er innings er jonno! Or jonno dua kori jate ei performance dhore rakhe & world cup er por retirement ney!,riyad,AGAINST
55fe2ba34866f4e0,আমাদের ময়মনসিংহের গর্ব মাহমুদউল্লাহ রিয়াদ ভাই ❤❤❤❤❤এবং এই একজন'ই সাইলেন্ট কিলার আছে আমাদের --তার বিপরীত কেউ হতে পারবেনা কখনো 🏏🏆🇧🇩,riyad,FAVOR
a1b962a2b7c31e7c,"বিশ্বকাপের ফলাফল নয় , চাই শুধু রিয়াদ ভাল করুক,,‌❤❤❤❤",riyad,FAVOR
397fa0b465e1dbdb,ভাই আপনার রিপোর্ট আর আমাদের সাপোর্ট ভালোবাসর কারনেই আজকে রিয়াদ ভাই বিশ্বকাপে খেলতাছে তার মতো একজন যোগ্য প্লেয়ার কে শুধু রাজনীতি আর ব্যাক্তি পছন্দের কারনে বাদ দেওয়া হয় কতটা হিন জাতি আমরা 😪😪,riyad,FAVOR
37cc5e16b231c41c,১০০০ হাজার বছরেও একটা রিয়াদ পাবে না বাংলাদেশ দল। তিনি বাংলাদেশের ইতিহাসের সেরা ফিনিসার...!,riyad,FAVOR
71443e7debe994ab,সত্যিকার অর্থেই রিয়াদ ভাই একজন ভালো মানুষ,riyad,FAVOR
8b9adba9bdeb815e,100% right. Mahmudullah Riad is the unsung hero of Bangladesh cricket.,riyad,FAVOR
6470a7460c283fdf,আমি শুধু রিয়াদ ভাইয়ের খেলা দেখি❤️ love you Riyad ভাই আপনার প্রতি যা অবিচার হয়েছে সৃষ্টিকর্তাও তা সহ্য করবে না।,riyad,FAVOR
e2c52bbc98bd0af7,"রিয়াদ কে বাদ দেয়ার পক্ষে ছিলাম আমি,,,এখন লজ্জা লাগছে,, আসলেই রিয়াদের মর্ম বুঝতে পারিনি,,আজ থেকে রিয়াদ ভক্ত হয়ে গেলাম,,,দোয়া রইল, রিয়াদ এগিয়ে যাক বহুদূর।❤❤❤",riyad,AGAINST
ea8bdbfa9f751116,আমার মনে হয় রিয়াদ ভাই এই বিশ্বকাপের ই অবসর নিবে ❤,riyad,AGAINST
e24ac3e54ba85084,শুধু হাতুড়িকে নয় 🤣 আমার মনে হয় সম্মানিত ভাইজান পুরা ক্রিকেট বোর্ডের সকল কর্মকতাদের লজ্জা সরম হয়না আফসোস। এক কথায় অসাধারণ আমাদের মাহমুদুল্লাহ্ ভাই❤️❤️ লজ্জা হওয়া দরকার ক্রিকেট বোর্ড😡😡,riyad,AGAINST
76b6b4adfce438ee,"ভাই ভুলেও এই কাজ কইরেন না। প্লেয়ার চিনতে শিখেন। আমি আরেক মাহমুদউল্লাহর বিরোধী লোকের সাথে এ নিয়ে তর্ক বিতর্ক করেছি। যাই হো, এখন তো বুঝতে পারছেন মাহমুদউল্লাহ রিয়াদ ভাই কি জিনিস??",riyad,AGAINST
ade4499527d0a64d,Salute to Mahmudullah for his great contribution. Also Rishat Azim bhai for fighting Against discrimination,riyad,FAVOR
470205dbc46352aa,রিয়াদ ভাই সব সময় ভালো খেলবে ইনসা আল্লাহ,riyad,FAVOR
aa10c30f0c54c080,ভাই একমাত্র আপনি সঠিক কথা বলার কারনে রিয়াদ ভাই আজ ভালো করছে,riyad,FAVOR
fa1ebb887ff768b1,আমার চোখের দেখা ভালো একজন খেলোয়াড় মাহমুদুল্লাহ রিয়াদ। ❤❤❤সাইলেন্ট কিলার ❤❤❤❤❤,riyad,FAVOR
6e913678e9760d9e,আমার দেখা বাংলাদেশের সবচেয়ে নিরপেক্ষ এবং সবচেয়ে সৎ যোগ্য সাংবাদিক রিয়া সুদ আজিম ভাইয়ের জন্য আজ আমাদের প্রিয় রিয়াদ একাদশী সুযোগ পেয়েছেন আপনার জন্য হাজারো সালাম রইলো ভাই আল্লাহ আপনার মঙ্গল করুক আপনি জাতির মনি কোথায় স্থান করে নিয়েছেন,riyad,AGAINST
6cff92c5465c61d8,রিয়াদ কে ওপেনিং বা উপরে খেলতে দিলে মনে হচ্ছে আরো ভালো করবেন,riyad,FAVOR
831d4c6424f8d29c,Mahmudullah is excellent...It is your acievment...I love bd cricket team like you...Go ahead Riasad Bhai...,riyad,FAVOR
06489d60d989706e,"মাহমুদুল্লাহ ভাই কে দলে ব্যাপারে সব থেকে বেশি লড়াই করেছেন। আপনাকে ধন্যবাদ রিয়াসাত ভাই ❤️। আপনি রিয়াসাত আর তিনি রিয়াদ, আহ্ কি কম্বিনেশন 🤝। অবশেষে আপনি সফল। রিয়াদ ভাই ব্যাটে বলে দারুন জবাব দিচ্ছেন!!❤💪✌️",riyad,AGAINST
863ed7ae00feb4e1,খারাপ করলে বলে সবাই খেলতে পারে না সব কিছু জন্য আলহামদুলিল্লাহ বস মাহমুদউল্লাহ রিয়াদ ভাই ❤❤🙋‍♂️😊,riyad,AGAINST
3a6138cff87f9cc5,আমার প্রিয় মাহামুদুল্লাহ রিয়াদ ভাই ইনশাআল্লাহ আপনি ভালো কিছু করবেন,riyad,FAVOR
5b8f8299703afcec,সুপার ওভারে মাহামুদুল্লাহ রিয়াদ ভাই খেললে ভালো হতো,riyad,FAVOR
ec25acee960b9137,আমি একজন প্রবাসী হিসেবে এখনো মাহমুদুল্লাহ রিয়াদ ভাইয়ের খেলার জন্য অপেক্ষা করি একজন ভালো মানুষ মাহমুদুল্লাহ রিয়াদ ভাই হাজার হাজার প্রবাসী মাহমুদুল্লাহ রিয়াদ ভাইয়ের খেলা দেখার জন্য অপেক্ষা করেন❤❤❤,riyad,FAVOR
048304e54a6c6487,এখনো রিয়াদ ভাই জাতীয় দলে খেললে অনেকের থেকে ভালো করবে,riyad,FAVOR
e919a704b5c1f117,রিয়াদ ভাইকে খুব সুন্দর লাগছে। দেখে খুব ভালো লাগলো,riyad,FAVOR
3865d93396546d83,মাহমুদউল্লাহ রিয়াদ ভাই এখনো ভালো খেলে এটার ফরমান ১০০% দিল আগের ম্যাচে মাহমুদুল্লাহকে অনেক পরে নামানো হয়েছিল,riyad,FAVOR
e58bf5ad86218708,আলহামদুলিল্লাহ আলহামদুলিল্লাহ উনি মাহমুদুল্লাহ এখনো ফুরিয়ে যাননি তার প্রমাণ দিয়েই যাচ্ছেন অনবরত আমার প্রিয় খেলোয়ার মাহমুদুল্লাহ রিয়াদ ইনশা-আল্লাহ আরো যত খেলা আছে সবগুলো তে ভালো করবেন এই দোয়া করি আল্লাহর কাছে আপনার জন্য,riyad,FAVOR
3b2143eafcadbec8,সোহানকে ক্যাপ্টেন দেখে বাদ 0:40 দিয়ে মাহমুদুল্লাহ রিয়াল রিয়াদভাই কে ক্যাপ্টেন হিসাব চাই,riyad,AGAINST
ec2a7db5fd80a73a,মাহমুদউল্লাহ সব সময় বি সি বি থেকে অবহেলিত। অনেক ভালো প্লেয়ার তরুন দের থেকে ভালো খেলে। জাকির কেন খেলায় বুঝি না। প্রিয় খেলোয়াড় মাহমুদউল্লাহ,riyad,FAVOR
e287ea72d9cd2e6d,"ভুল করলে ভুলের মাসুল দিতে হয় ,রিয়াদ জান দিয়ে খেলবে হাস্যকর",riyad,AGAINST
fece37d4d6c076c5,"রিয়াদের কোনো সমস্যা নেই এখনো আফিফ, রাব্বির থেকে ভালো খেলবে। বিশ্বকাপে রিয়াদ থাকলে খুব ভালো হবে",riyad,FAVOR
1523d565f0c9ed91,"আপনি কি মনে করেন, আফগানিস্তানের বিপক্ষে স্বার্থপর রিয়াদের কাপুরুষের মতো ব্যাটিংয়েই শেষ হয়ে গেছে বাংলাদেশের সেমিফাইনাল স্বপ্ন?",riyad,AGAINST
896573914b1b42dd,মাহমুদউল্লাহ ভাই কে আমরা ভালোবাসি সেই ভালোবাসার জায়গা থেকেই বলছি আপনার প্রতি ঘৃণা সৃষ্টি হওয়ার আগেই অবসর নেন দয়া করে,riyad,FAVOR
3b857a6d321925ba,"@NotoutNoman কথা হলো সবারই পছন্দের প্লেয়ার থাকে আবার অপছন্দেরও প্লেয়ার থাকে। যেমন যে মেসি ফ্যান সে রোলান্ডকে দেখতে পারে না আবার যে রোলান্ডো ফ্যান সে মেসিকে দেখতে পারে না। এইটা সাধারণ মানুষের ক্ষেত্রে স্বাভাবিক। তবে আপনি যখন কোনো আইডেন্টিটি বহন করে কোনো প্ল্যাটফর্মে কথা বলবেন তখন আপনাকে নিরপেক্ষ থেকে যথার্থ ভাবে মূল্যায়ন করতে হবে। এইটা সবাই মানবে যে আজকে ম্যাচ হারের পিছনে সব থেকে বড় দোষ রিয়াদ ভাইয়ের। কিন্তু ১০০% দোষ কিন্তু তার নয়। নির্বাচন প্রক্রিয়া, মাঠের মধ্যে প্লানিং অন্যদের মানুষিকতার এইগুলোও দায়ী। আপনি বরাবরই রিসেন্ট সময়ে বাংলাদেশ ম্যাচ হারলে আর রিয়াদ ভাই খারাপ খেললে সেইটা নিয়ে তারে ধুয়ে দেন। কিন্তু সে যেইদিন ম্যাচ জেতায় সেদিন ওই পরিমানে পর্যাপ্ত ক্রেডিট আপনি তারে দেন না। আবার দেখা গেল বাংলাদেশ ম্যাচ হারছে কিন্তু মাহমুদুল্লাহ ভালো খেলছে কিন্তু বাকিরা খারাপ খেলছে সেই ক্ষেত্রে আপনি মাহমুদুল্লাহ খারাপ খেললে যে পরিমাণে বলেন তাকে নিয়ে কটূক্তি করেন বাকিদের ক্ষেত্রে সেই পরিমাণে করেন না। এটি যেমন দৃষ্টিকটু ঠিক তেমনি আপনার পেশাগত জায়গা থেকে খুবই বেমানান। শুধু আপনি ছাড়া বাকি যারা স্পোর্টস এনালাইসিস করে বা যারা স্পোর্টস নিয়ে সাংবাদিকতা করে বা অনলাইন প্লাটফর্মে ভিডিও তৈরি করে তারা সবাই রিয়াদ ভাইয়ের খারাপ খেলার পাশাপাশি বাকী দিকগুলা নিয়ে কথা বলছে। আপনার কারো প্রতি খারাপ লাগা বা ভালোলাগা থাকতেই পারে কিন্তু প্রফেশনের জায়গা থেকে নিরপেক্ষতা অবলম্বন করা উচিত। ধন্যবাদ।",riyad,AGAINST
77a94b139971d4b7,"Baki gula kar ki falaise? Mahmudullah k dosharop kore baki der day theke release deyar karon e hoy na . Faltu coach, Faltu captain ton ton das kar ki chire rekhe diye se",riyad,AGAINST
ff5a4b981c2f25fe,ভাই আপনি ভুল বলেছেন. কারণ এটা টিম ম্যানেজ ম্যানেজমেন্টের পরিকল্পনায় ছিল.. আর রিয়াদ কি টিম ম্যানেজমেন্ট এর পরিকল্পনার বাহিরে কিছু করতে পারবে??? সাহস থাকলে এই প্রশ্নের উত্তর দিন???/,riyad,AGAINST
1f2e0b93e6754c4c,শান্ত কে ক্যাপ্টেন করা কতটা যে মারাত্মক ভুল সিদ্ধান্ত ছিল সেটা আর বলার অপেক্ষা রাখে না। আজকের ম্যাচের দায়ভার শান্ত এবং রিয়াদ।,riyad,AGAINST
9cca542206f7da5d,"অধিনায়ক বলেছেন ৩ উইকেট পড়ার পর সেমিফাইনালের চিন্তা বাদ দিয়ে জিতার প্লান করেছেন। তো রিয়াদ তো দলের প্লান অনুযায়ী খেলেছেন।রিয়াদের দোষ হবে কেনো? মাহমুদউল্লাহ কে বলেই দেয়া হয়েছে এভাবে খেলার জন্য, প্লান করার পর।",riyad,AGAINST
acbd19e362496a92,এবার একটু বেশিই হয়ে গেছে। আপনি জানেন এই রিয়াদরা না থাকলে হয়তো আমরা world cup খেলতে পারতাম না।আপনি বলেন রিয়াদ ম্যাচ জেতানোর চেয়ে ঠকিয়েছে বেশি।রিয়াদ যদি আমাদের ম্যাচ না জিতিয়েন তাহলে আমরা হয়তো wc খেলতে পারতাম না। তবে রিয়াদ বড় ভুল করেছেন সেমিফাইনালে ওঠার চেষ্টা করেনি।তবে এটা টিম মানেজমেনটের সিদ্ধান্ত ছিল। সেটা শান্ত,riyad,AGAINST
ec2ef58802da3546,"""মাহমুদউল্লাহ যতো ম্যাচ জিতিয়েছন তার চেয়ে বহুগুণ ম্যাচ হারিয়েছে"" আসসালামু আলাইকুম দাদাভাই, আপনি যে কথাটা বলেছেন এটা এক্কেবারে আমার মনের কথাই বলেছেন আমিও বারবার একথাটা বলে আসছি এযাবৎকালে আপনি যতো ভিডিও করেছেন এটাই মনে হয় সর্বশ্রেষ্ঠ, অনেকানেক ধন্যবাদ",riyad,AGAINST
2407dbfd3eaaa540,বলার ভাষা নাই কিচ্ছু মাহমুদুল্লাহ কোনো প্লেয়ারের কাতারে ই পরে না তাও কিছু পাগল সাপোর্টার বলবে মাহমুদুল্লাহ আর কতো ম্যাচ জেতাবে একা আরে এমন বলা উচিত মাহমুদুল্লাহ আর কতো ম্যাচ হারাবে আমাদের ভাই মাহমুদুল্লাহ plz অবসরে যাও আর বাংলাদেশ ক্রিকেট,riyad,AGAINST
a39c9cfba1067478,"যারা প্ল্যান করছে তাদের দোষ,,, এরাই রিয়াদকে এভাবে ব্যাট করতে বলেছে",riyad,AGAINST
add1a8fc731ae53e,কত ম্যাচ হারিয়েছে এই পরিসংখ্যানটা বর্তমান সমর্করা কয়জন জানে। এখন যেমন লিটন সিরিজে একটা করে ম্যাচ একটু ভালো করে জায়গা পাকা করে সেম ছিলো রিয়াদ। ২০১২ সালের এশিয়া কাপের ফাইনাল হারের কারণ সহ অনেক হারের কারণ তিনি।,riyad,FAVOR
1ffa62f577864c9a,"আপনি কি করে ক্রিকেট এলালিস্ট হোন? যেখানে গেম প্লেন ই এমন ছিল, শান্ত প্রেস কনফারেন্সে বলে ছিল। শুধু রিয়াদকে দোষদিয়ে লাভ নাই,লিটল কেন ৪০ বলে ৮০ করতে পারলনা,রহিত কেমনে পারে?",riyad,AGAINST
10e6aeab01e1569d,Mahmudullah Riyad was a good player and you shouldn't deny it.,riyad,FAVOR
75e07e1af7ffcfff,There are some audience who love Mahmudullah Riyad but they don't know deeply about him. He should have been suspended.,riyad,FAVOR
ad397913e1a24e09,রিয়াদ দলের হয়ে যদি 3/4 নম্বরে খেলতে পারতো ও বাংলায় সেরা রান সংগ্রাহক হতো,riyad,FAVOR
60df5dab9c532fb6,"​ @Jouktik1941 হ্যা একদম বাংলাদেশে তো ম্যাক্সওয়েল আছে, কোহলি আছে, ব্রায়ান লারা আছে তাই না যাদের বাদ দিয়ে রিয়াদ টাকা দিয়ে দলে ঢুকেছে 🙄🙄🙄",riyad,AGAINST
35dad7f705bc3324,"Bangladesher Malik 18 Koti jonogon,Haturu/ nunura noy,Riyad 18 koto manusher valobashar nam,kothata jeno nunu miader mathay thake .",riyad,FAVOR
fca7b2469b4166b4,MY BEST CHOICE IS RIYAD. Who wants him in main squad please vote?,riyad,FAVOR
fdf16fa8240e5d80,মাহমুদউল্লাহর রিপ্লেস কে আমাকে ও দেখাও একটু। আর যদি মাহমুদউল্লাহর জাগায় কোন প্লেয়ার ভালো করতে পারে আমি তার অন্ধ ভক্ত হয়ে থাকবো আজিবন,riyad,FAVOR
08524240645f3b19,রিপোর্টটা ভালো লাগছে ভাই। মাহমুদুল্লাহ ভাই বাংলাদেশকে অনেক দিয়েছে।অনেক বড় বড় জয় এনে দিয়েছে আমাদের।আমরা তার প্রতি কৃতজ্ঞ। যদি দল থেকে বাদ পরেও যায় তবুও আমাদের মনে থাকবেন সে❤️,riyad,FAVOR
ee2cc0b986f673f7,"😂😂😂 রিয়াদ ওডিআই তে ভালো ফর্ম এ আছে,, গুগলে সার্চ করে তার সেস 10 15 ইনিংস দেখে আসেন,, লিটন ,,, আফিফ ফর্ম হীন,, তাহলে তারা কিভাবে দলে ভাই",riyad,FAVOR
0f5893d790e604f3,মাহমুদুল্লাহ আপনার জন্য সব সময় খারাপ লাগে আপনি হয়তো ক্রিকেট খেলাটা বাদ দিয়ে দেয় সব সময় দলের জন্য খেলে লাভ নাই কিছু সময় নিজের জায়গার জন্য খেলতে হয় এটাই বাস্তব,riyad,AGAINST
e91b84db05e5b59f,বর্তমানে আফিফ অনেক খারাপ খেলছে তার পরিবর্তনে রিয়াদকে দলে রাখা ভালো হবে,riyad,FAVOR
04809a4e10b75d08,"Eto emotions die khela hoe na, jei dol dise oi doller kheloar ra valo korul etai dowa kori. Mahmudullah onek valo khelowar kintu valo khelowar ra o ekdin oboshore jae.",riyad,FAVOR
a9781b0e222d110e,রিয়াদ ভাই ২০১৯ বিশ্বকাপে লাস্ট বলে ৬ রান নিয়ে ম্যাচ জিতাইলো তা আমরা ভুলে গেছি 😆😆,riyad,AGAINST
24c12648df2747ef,রিয়াদ ভালো খেলত দেশের জন্য অনেক কিছু করছে তাই বলে কি সচিন তেন্দুলকার সৌরভ গাঙ্গুলী কিস গেইল শহীদ আফ্রীদি ইরা কি রিটায়েট করে নাই,riyad,FAVOR
078cc6f501e589c7,"টিম নিয়ে কেও সমালোচনা করছেনা, বরং অন্যায় ভাবে নাটক করে মাহমুদুল্লাহ কে বাদ দেওয়া হলো কেন? সেটার প্রতিবাদ করা হচ্ছে,,,এতো নাটক না করে এমনিতেই বাদ দিয়ে দিলে কেও প্রতিবাদ করতো না",riyad,AGAINST
f879236a5c787a4c,এই পাগলের বাড়ি কোথায়। দেখতেছি আবার ক্রিকেট অঙ্গনে দ্বন্দ্ব লাগাচ্ছে। মাহমুদুল্লাহকে আমরা ভালোবাসি সে একজন ভালো ক্রিকেটার তাকে সম্মান জানাই সে আবার দলে ফিরে আসুক। তারমানে তাকে ফেরানোর জন্য আরেকজন পেলেয়ার কে অপমান করা এটা ঠিক না।,riyad,FAVOR
e268bd47c9c7ce1e,খুবই ভালো সিদ্ধান্ত মাহমুদউল্লাহ রিয়াদ এর। উচিৎ জবাব বাংলাদেশ ক্রিকেট বোর্ডের জন্য.........,riyad,FAVOR
e37488a6601fea54,হটাৎ করে মাহমুদউল্লাহ কে টেস্ট থেকে বাদ দিয়ে মাহমুদউল্লাহ কে অবাক করে দেওয়া হয়েছিল। তাই মাহমুদউল্লাহ ও বিসিবে হটাৎ অবাক করে দিয়েছে।🤣🤣,riyad,AGAINST
c8a8c8950d0d6a6a,রিয়াদ কে শ্রদ্ধা জানাই। তিনি নিজের সন্মানটা ধরে রেখেছেন কিন্তু বিসিবি সভাপতির কোন লজ্জা শরম আছে! থাকলে যেন পদত্যাগ করে।,riyad,AGAINST
05ee36ca5fce4b2e,"ধন্যবাদ রিয়াদকে,,, পাপনকে এমন উচিত জবাব দেয়া উচিত সকল ভালো খেলোয়াড়দের।",riyad,FAVOR
a8c7d5bcf46b1eae,Right decision niese Mahmudullah. This is the right time for him.,riyad,FAVOR
958e8568a8528b10,আমিও চাই মাহমুদুল্লাহ এখন যেন অবসরে যায়।,riyad,AGAINST
19ecfcf1ee681013,My Favourite Player - Mahmudullah Riyad. A very good decision taken by him. Our Best Finisher and Strong Hitter ♥️🔥,riyad,FAVOR
977d029bf6ee52ae,"ঠিক আছে। রিয়াদ ভাই এমন সময় অবসরের কথা বলতেছে,যাতে ক্রিকেট বোর্ড আপসোস করতে হয়।",riyad,AGAINST
6ec0b831e79c34a4,Good decision riad vai✌️✌️✌️ Best Revenge Bt we will miss u😭,riyad,FAVOR
8bce3fbfa2d1d37f,রিয়াদ অবশ্যই ভালো সিদ্ধান্ত নিয়েছেন। তার এই সিদ্ধান্তকে সম্মান জানাই।,riyad,FAVOR
b40d4358842095c0,অবসর এ যাবেনা কেন? যতদিন পর্যন্ত বিয়াদব পাপন থাকবে। রিয়াদ এর মত খেলোয়াড় কে মাঠের বাহিরে রাখে,riyad,AGAINST
76f7935b53b708c1,This is a right decision for Mahmudullah,riyad,FAVOR
f8b89f478cfc11f8,রিয়াদের উচিত অবসর নিয়ে পাপন দা কে যথাযথ জবাব দেওয়া,riyad,AGAINST
6b0fa8ae322321e2,"আপনারা হুটহাট দলে রাখবেন, হুট করে কারণ ছাড়াই দল থেকে বাদ দেবেন তাতে কোন সমস্যা নাই না!!? সম্মানিত ব্যক্তি সম্মান নিয়েই থাকতে চায়,। ভালোবাসা রিয়াদ ভাই এর জন্য। 💞",riyad,FAVOR
632495521f5277d6,"Janle.ki korten...riyad k tu,test team theke kobei bad dewa hoice...akhon shodo,dekay pore nice..",riyad,AGAINST
489cbeac30eca0bd,Riyad vaiyer moto player Bangladesh kokhono payni.pabeo na.unake kokhonoi upojukto somman deyni BCB.. Bangladesh cricket er etai bad dik,riyad,AGAINST
aef1847780c74ba1,"আমি সহমত রিয়াদ ভাইয়ের সাথে,, দোয়া করি রিয়াদ ভাই ভালো থাকুক ।",riyad,FAVOR
e913599e9c237f7e,Mahmudullah is the one of the best player in BD,riyad,FAVOR
8f7ef74e08cf0416,Mahmudullah is a hero of the Harare test.,riyad,FAVOR
a5e836c296344275,মাহমুদউল্লাহ ভাই আপনার কাছে আমার অনুরোধ অভিমান করে খেলা থেকে দয়া করে অবসর নেবেননা। কারণ আপনার শূন্যতা পূরণ হওয়ার নয়।,riyad,AGAINST
5d9ea188371cef79,ক্রিকেটকে আমরা ভালোবাসি। এটা আমাদের আবেগের যায়গায়। এই আবেগ নিয়ে খেলা কারো উচিত না।মাহমুদউল্লাহ কে পুনরায় অবসর নেওয়ার সিদ্ধান্ত বিবেচনা করা উচিত।হয়তো বিসিবির ব্যবসতাপনায় এুটি থাকায় তাকে ভালোভাবে ব্যবহার করতে পারে নি। কিন্তু এখন বুঝতে পারছেন এবংআপনাকে প্রয়োজন।কিন্তু আপনাকে (মাহমুদউল্লাহ)প্রয়োজন বলে যে আপনার বিকল্প কেউ হতে পারবে না এটা ঠিক নয়। এখন হয়তো ক্রিকেট প্রশাসন ভালো না কিন্তু সব সময় এমন থাকবেও না।🤔✌️,riyad,FAVOR
988e7d3d4a37ae82,মাহমুদউল্লাহ আমার সবচেয়ে প্রিয় খেলোয়াড় ওর জন্য দোয়া সবসময়। ভালো একটা ডিসিশন নিছে শিক্ষা দেয়ার দরকার সালাদের,riyad,FAVOR
1e1137b0db4da443,বিসিবির এমন কিছু লোক আছে যারা বর্তমানে চিন্তা করতেছে রিয়াদ ভাইকে বাকি ফরমেট গুলো থেকে বাদ দিবে কিভাবে।,riyad,AGAINST
f67c8236444b7fb8,"মাহমুদউল্লাহ রিয়াদ যাওয়ার পর বাংলাদেশের টেস্ট ভবিষ্যত কি হতে যাচ্ছে? He is the best finisher, Bangladesh need some players like Mahmudullah Riyad.",riyad,FAVOR
dcf9af74702c3851,"যোগ্য ব্যক্তির মূল্যায়ন না করতে পারলে এভাবেই সরে যাবে সবাই।টেস্ট ম্যাচের মতো জায়গায় ইমরুল,আশরাফুল,রিয়াদ এরাই খেলার কথা।কিন্তু খেলতেছে সাদমান,শান্ত,সাইফদের মতো প্লেয়ার।তাদের জায়গা যারা করে দিচ্ছেন সেই সব ম্যানেজমেন্ট কে আগে দ্বায়িত্ব থেকে সরানো দরকার,না হলে ভবিষ্যতে আরও খারাপ কিছু দেখা লাগবে",riyad,AGAINST
2cd62f261333e60b,"আমরা এই লিজেন্ড কে এখনি হারাতে চাই না।যমুনা টিভি কে অনুরোধ জানাচ্ছি,আমাদের সাধারন মানুষের কথা গুলো,বিসিবি এবং মাহমুদউল্লাহ রিয়াদ পর্যন্ত পৌছাতে🙏🙏🙏🙏🙏🙏🙏🙏🙏🙏🙏🙏🙏🙏🙏🙏🙏🙏🙏 আপনারা আমার সাথে এক মত থাকলে প্লিজ লাইক দিন।",riyad,FAVOR
4f6de88809bd57a1,মাহমুদুল্লাহ ছিল বলেই আজ আমরা 127 রান নিতে পেরেছি ❤️❤️❤️❤️,riyad,NEUTRAL
03fd5395df482d44,সাইলেন্ট কিলার মাহমুদউল্লাহর এই অসাধারণ ব্যাটিংয়ের জন্য আজকে সিরিজ জিতলাম। অসাধারণ!,riyad,NEUTRAL
65ffc69f917af3e9,Mahmudullah's fifty against Bangladesh??? Do correct the title.,riyad,NEUTRAL
1cb9ae400973bb38,This title is Wrong. Mahmudullah's 50 Against Australia.,riyad,NEUTRAL
a5b3a496a17bb30a,Title says Mahmudullah's 52 Runs Against Bangladesh!!!! Wait what!!???,riyad,NEUTRAL
f6781110e096ce02,"please correct the spelling it will be ""mahmudullah against Australia. """,riyad,NEUTRAL
effe7ee018c5f2e2,Title against Australia hobe. Against Bangladesh hobe na. Mahmudullah Australia er bipokkhe 52 run korche.,riyad,NEUTRAL
d4a4771fd2e5209b,Mahmudullah's 52 Rans Against Australia... Not Against Bangladesh,riyad,NEUTRAL
572755569a7c2c20,মাহমুদউল্লাহ'র ৫২ রান বাংলাদেশের বিপক্ষে! Mahmudullah's 52 runs Against Bangladesh!,riyad,NEUTRAL
edf8a93de8712632,Mahmudullah's 52 Runs Against Bangladesh! টাইটেলটা কি ঠিক হলো?,riyad,NEUTRAL
795f7a4375858fbf,Mahmudullah's 52 runs Against Bangladesh! What😂🤣 However congress Mahmudullah and Bangladesh,riyad,NEUTRAL
d4696b856e5e274c,"অথচ ম্যাচ হারলে বাংলার ক্রিকেট পন্ডিতরা রিয়াদ ভাইরে খাইয়া ছাইড়া দিতো,, ভাই তোরা কি টিভির সামনে বইসা কোনদিন ফিল্ডের প্লেয়িং প্ল্যান, সিচুয়েশন অনুযায়ী খেলতাছে কিনা বুঝতে পারবি??",riyad,NEUTRAL
63abed005aef4593,মাহমুদউল্লাহ রিয়াদ ভাইয়ের ফর্মে ফিরে আশা জরুরি। আর নেক্সট ম্যাচে সৌম্য এর বদলে লর্ড মিঠুন কে চাই,riyad,NEUTRAL
7b4c25faa32a8961,Obosese banglalira bujte perese kotha na. Kaje e jobab . Love for Mahmudullah Riyad,riyad,FAVOR
480ad33ea31df469,"Mahmudullah Riyad vlo batting, Bangladesh onk match volo khele",riyad,NEUTRAL
839a19725c6adcfe,"Mahmudullah Riyad – My Idol, The Silent Killer 💔😭 You fought in silence, but your impact was loud. When the team was in trouble, you stood tall. Your sixes, your calmness, your match-winning knocks— Everything made you my idol. Today, you say goodbye, but your legacy stays. Thank you, Mahmudullah Riyad! ❤️🏏 You will always be our Silent Killer! 💔🥺",riyad,NEUTRAL
5388886d66179b0f,"মাহমুদউল্লাহ রিয়াদ ভাই অনেক মিস করব আপনাকে, আপনি নেই আজ থেকে খেলা দেখা ছেড়ে দিলাম।",riyad,NEUTRAL
8f282c08e5645754,Happy Retirment . Riyad vai er subitute hishebe Musaddek kmon hoy?,riyad,NEUTRAL
b13128262d5dff4e,"মাহমুদউল্লাহ রিয়াদ ভাই একজন সুপারস্টার তাঁর কোনো বিকল্প নেই বাংলাদেশে, সাইলেন্স কিলার হিরো আমাদের বাংলাদেশের ❤❤❤",riyad,NEUTRAL
36821bfadd1f2346,রিয়াদ ভাই সব সময় বাংলাদেশ কে শুধু দিয়েই গেছে তার বিনিময়ে সে যতটুকু সম্মান পাওয়ার দাবিদার ঠিক ততটুকু কি পেয়েছে?,riyad,NEUTRAL
fe81280ee0032216,"Vai,15 takar chips er jonno mahmudullah vai flight miss korse!!!!",riyad,NEUTRAL
40e4332671510143,Bhalo player out kore new player anar mane ki....!!!?? Keu ki bhalo khele Mahmudullah er cheye..???,riyad,FAVOR
37003f406b4753d0,MY BEST CHOICE IS RIYAD. Who wants him in main squad please vote? #hateBDcricketcoachandpapon,riyad,NEUTRAL
3b5de038b33f09a9,মাহমুদউল্লাহ রিয়াদ ভাইকে এশিয়া কাপ ও বিশ্বকাপ এ দেখতে চাই ❤️,riyad,NEUTRAL
596fe5f58a65dc93,রিয়াদ ভাইকে অত্যন্ত এই এশিয়া কাপ আর বিশ্বকাপে দলে নেওয়া উচিত ❤,riyad,NEUTRAL
adf5a4cca760b3f1,মাহমুদুল্লাহ রিয়াদকে এশিয়া কাপ ও বিশ্বকাপে দলে দেখতে চাই ❤❤,riyad,NEUTRAL
55cfd48d9e709893,অর্থ ও সুখ্যাতি ছাড়াও অনেকেই মানসিক অশান্তিতে ভোগেন যেটা এই মুহূর্তে মাহমুদউল্লাহ রিয়াদের নেই,riyad,NEUTRAL
c1fcf555d9eb2593,"আমরা পুরা বাংলাদেশের মানুষ চাই, রিয়াদ খেলুক,,,",riyad,NEUTRAL
e9505b0b914a3dec,সব খেলোয়ারের চেয়ে ভালো গুরুত্বপূর্ণ সময় আর ভালো পারফরম্যান্স হল মাহমুদুল্লাহ রিয়াদের বেস্ট অফ মাহমুদুল্লাহ,riyad,FAVOR
a71fe8c71e514733,"মাহমুদউল্লাহ রিয়াদ ভাই বাংলাদেশের ক্রিকেট দলকে অনেক কিছু দিয়েছেন,, আমরা দর্শক হিসেবেও ওনাকে খুব ভালো উপভোগ করেছি,,আমাদের ১৮ কোটি মানুষের দাবি রিয়াদ ভাইকে বিশ্বকাপ খেলিয়ে সম্মানের সাথে বিদায় দেওয়া হোক✊✊✊✊",riyad,FAVOR
3844955c2e5655ee,"আমাদের সাধারণ জনগণের একটাই দাবি রিয়াদ ভাইকে এশিয়া কাপ ও বিশ্বকাপে দেখতে চাই,,,",riyad,NEUTRAL
9574f67979511609,মাহমুদুল্লাহ রিয়াদকে অবশ্যই দলে চাই। তা না হলে এশিয়া কাপ আর দেখবো না। বাংলাদেশের খেলা দেখায় ছেড়ে দেবো।,riyad,NEUTRAL
527258286355d5f7,ভর রিয়াদ ভক্তের কথাগুলো খুব ভালো লাগছে দয়া করে রিয়াদকে জাতীয় দলে ফিরিয়ে আনেন,riyad,FAVOR
0510150d74a95ccd,রিয়াদকে এশিয়া কাপ ও বিশ্বকাপে দেখতে চাই,riyad,NEUTRAL
ab933d19cedb733a,"মাহমুদুল্লাহ অবশ্যই লিজেন্ড, অনেক ম্যাচের জয়ের নায়ক,,তাকে দলে চাই",riyad,FAVOR
62ac999292abbbcf,"​ @amiektha-nm4ws এইটা কেমন আচরণ,,ভাষা সংযত করেন,,রিয়াদ ভাইকে আপনার পছন্দ নাই হতে পারে তার মানে এই নয় যে আপনি বাজে মন্তব্য করবেন,,,এখন বালের প্লেয়ার হয়ে গেছে,,রিয়াদ ভাই দলকে যা দিয়েছে তা অপনি একটু দিয়ে দেখান,,আপনার কি যোগ্যতা আছে তাকে নিয়ে খারাপ কথা বলার??নিঃস্বার্থভাবে যখন দেশের জন্য খেলে দেশকে জয় এনে দিতো তখন কোথায় ছিলো আপনাদের এত বুলি??কাউকে সম্মান দিতে না পারেন ঠিক আছে কিন্তু অসম্মান করে কথা বলবেননা প্লীজ 🙏🙏🙏কাউকে নিয়ে সমালোচনা করতে শিক্ষার দরকার হয়,যোগ্যতার দরকার হয়, তাই না বুঝে খারাপ মন্তব্য করবেননা",riyad,AGAINST
5a954f32278310e4,মাহমুদউল্লাহ রিয়াদ ভাই কে দলে চাই... সন্মান জনক বিদায় চাই.....,riyad,NEUTRAL
2221b42421c8a10f,Vai ato abeg diya Riyad ke dole chaitechen kar jaygay?,riyad,NEUTRAL
6ed106ec6ceda269,আমরা রিয়াদকে এশিয়া কাপ এবং বিশ্বকাপে দেখতে চাই,riyad,NEUTRAL
42d60a1ab3ce8e61,খুব সুন্দর কথা বলেছেন । আমরা মাহমুদউল্লাহকে বিশ্বকাপে চাই । পাপনে পাপিষ্ঠ বাংলাদেশ ক্রিকেট টিম ।,riyad,NEUTRAL
6067f042b0e32965,বক্তব্য গুলো খুব ভালো লাগছে মাহমুদুল্লাহকে নিয়ে সত্য কথাগুলো বলার জন্য ধন্যবাদ,riyad,FAVOR
cade8f7b706b223f,We wants mamhudullah. 💪💪 আমরা মাহমুদুল্লাহকে দলে চাই 💪💪,riyad,NEUTRAL
4310d7c7a0257410,মাহমুদুল্লাহ রিয়াদ অভিজ্ঞ প্লেয়ার...🥰 মাহমুদুল্লাহ খারাপ পরিস্থিতিতে ধরে খেলে দল কে সামনে নিয়ে যেতে একটু স্ট্রাইক রেট কম হলেই সমস্যা... মাহমুদুল্লাহ রিয়াদকে এশিয়া কাপ ও বিশ্বকাপে দলে দেখতে চাই ❤❤,riyad,AGAINST
2cebdd45dda8c815,রিয়াদ ভাই এক জন অভিজ্ঞ প্লেয়ার তাকে দলে দেখতে চাই।,riyad,NEUTRAL
8a12f1af622eeb85,আমরা যারা ক্রিকেটপ্রেমী আছি নিজ নিজ জায়গা থেকে তীব্র আন্দোলন করি দাবি আমাদের একটাই মাহমুদুল্লাহ রিয়াদকে এশিয়া কাপ এবং বিশ্বকাপে দেখতে চাই,riyad,NEUTRAL
264a4166e9c0f08f,মাহমুদুল্লাহ ভাইকে আমরা এশিয়া কাপে খেলতে দেখতে চাই দেখতে চাই জরুরী দেখতে চাই,riyad,NEUTRAL
1bc322970e042480,রিয়াদ ভাইকে দলে চাই। তা না হলে সারা দেশে আন্দোলন চলবে।,riyad,NEUTRAL
46fa96e22549b704,"মাহমুদউল্লাহ রিয়াদ ভাই দেখো তোমার ভালোবাসা গুলা,,,,,এর থেকে বড় পাওয়া আর কি হতে পারে,,,, আমাদের একটাই দাবি মাহমুদউল্লাহ রিয়াদ কে দলে চাই",riyad,FAVOR
2062ef023f82312d,"মাহমুদুল্লাহ রিয়াদ ভাইকে দলে দেখতে চাই আমাদের দাবি,",riyad,NEUTRAL
e838979e499cdab2,য‌দিও জা‌নি কাজ হ‌বে না তবুও সবার ভা‌লোবাসা দে‌খে ভা‌লোলাগ‌লো❤❤❤❤ Love riyad vai,riyad,FAVOR
a2459c6ae185d99b,❤❤❤শাবাশ ভাই। আমাদের ১৭/১৮ কোটি জনগণের মনের কথা বলেছেন। রিয়াদকে দলে চাই।,riyad,NEUTRAL
d4f96accd94809ec,হাজার হাজার মানুষ কভার করতাছি মাহমুদুল্লাহকে দলে দেখতে চাই এই খেলার প্রমাণ সে দিয়ে দেবে আমাদের জনগণের আশা মাননীয় প্রধানমন্ত্রী আমাদের এ আবেদন রইল এই আবেদন রাখবে ইনশাআল্লাহ,riyad,NEUTRAL
db58606f97818ae0,রিয়াদ ভাই কে এশিয়া কাপ ও বিশ্বকাপে দেখতে চাই,riyad,NEUTRAL
4fed900ea7d1d7c8,আমরা সবাই মাহমুদউল্লাহ রিয়াদ ভাইকে দলে দেখতে চাই,riyad,NEUTRAL
680f9b154144e517,আমরা আপনাদের পাশে আছি ভাই বাংলাদেশের ১৮ কোটি মানুষ আপনাদের পাশে আছে সবাই মিলে একজন হলে মাহমুদুল্লাহকে ফেরাতেই হবে,riyad,NEUTRAL
6d3d716efd9e25f5,❤❤❤রিয়াদ ভাই কে দলে চাই এটা কোটি কোটি ক্রিকেট প্রেমিদের প্রানের দাবী ❤❤❤,riyad,NEUTRAL
d3c4ea5b6f2a2e35,"old is gold,,, Mahmudullah is a gold player,,we want to see him in Bangladesh cricket..",riyad,NEUTRAL
84c14a5ea3c3e6d3,"আমি বাংলাদেশের ক্রিকেটের একজন শুভাকাঙ্ক্ষী সাপোর্টার বলছি, রিয়াদকে দলে চাই",riyad,NEUTRAL
d3f3bd9133341ce0,মাহমুদুল্লাহ ভাই অত্যন্ত ভালো খেলে খুব। যখন যেখানে টিম ম্যানেজমেন্ট যেখানে খেলায় ঠিক সেখানেও মানে নিজস্ব কোন চাওয়া পাওয়া বলতে কিছু নাই যদি প্রথমে নামার ইচ্ছা হতো তাহলে বেশি রান হত মাহমুদুল্লাহ ভাই,riyad,FAVOR
87a39f6daa1daa4a,রিয়াদ ভাইকে এশিয় কাপ ও বিশ্বকাপের স্কোয়াডে চাই 🖐️,riyad,NEUTRAL
cc5bdbdc750f3ac9,রিয়াদ ভাইকে দলে চাই ❤ দাবি আমাদের একটাই ❤,riyad,NEUTRAL
1be7304a17df652c,মাহমুদউল্লাহ রিয়াদ ভাইকে এশিয়া কাপ ও বিশ্বকাপ দলে দেখতে চাই।,riyad,NEUTRAL
f7c634aefa8a6c8d,"মাহমুদউল্লাহ রিয়াদের জন্য আমাদের এতো আবেগ মনে হয় রিয়াদের সম্মান ও ব্যক্তিত্ব হানি বেশি করছি, 😢😢😢",riyad,NEUTRAL
6032b562d7212a6c,আমরা সবাইকে জানাই মাঠে নামুন রিয়াদ এর মত আর কেহো কে যেনো আর অবহেলিত না হতে হয় ❤❤❤,riyad,NEUTRAL
9fbaa5d04c7c934f,"লাস্ট ভাইয়ের কথা গুলো একদম আমার মনের কথা গুলো ছিলো.. ভাই আপনাদের সাথেই আমরা আছি ইনশাআল্লাহ.. 💕💕 দাবী মোদের একটাই, রিয়াদকে দলে চাই",riyad,NEUTRAL
6ae41f0c9ddee8df,"এটা বাংলাদেশের সকল মানুষের দাবি,,, রিয়াদ ভাইকে বিশ্বকাপ পর্যন্ত চাই ❤️❤️বিসিবির এই নাটক আমরা মানিনা মানবোনা,,রিয়াদ ভাইকে অপমানের তিব্র নিন্দা জানাই বিসিবিকে,,রিয়াদ ভাইকে ফেরাতে,আমাদের দাবি মানতে হবে,❤️❤️❤️ভালবাসার আরেক নাম রিয়াদ ভাই,,আমরা সবাই দলে আপনাকে চাই,,, আমরা আছি, ছিলাম,থাকব আপনার পাশে",riyad,FAVOR
d67176fafcca9c30,আমাদের দাবি একটা রিয়াদ ভাইকে দলে চাই,riyad,NEUTRAL
6891a6148393cd3a,ভাই মাহমুদউল্লাহ রিয়াদ ভাইকে দলে খেলানো হোক । কারণ একজন রিয়াদের মতো সিনিয়ার পেলেয়ার দলে থাকলে এর মতো ভালো দল আর হবেনা ❤❤❤❤❤❤,riyad,FAVOR
3d67cad1ec54f0b1,যে কোন উপায়ে মাহমুদউল্লাহ রিয়াদ ভাইকে এশিয়া এবং বিশ্বকাপ দলে চাই।,riyad,NEUTRAL
b7915cad2799f757,প্রতিটা কথায় বাস্তবতা মিল আছে এবং আমরা মাহমুদুল্লাহ রিয়াদকে বিশ্বকাপ এশিয়া কাপ চাই চাই,riyad,NEUTRAL
c1820e92e7ddb489,মাহমুদুল্লাহ রিয়াদ ভাই কে এশিয়া কাপ ও বিশ্বকাপে চাই ❤ ❤❤❤,riyad,NEUTRAL
ddd1b4b28a107cbf,চাই চাই চাই এশিয়া কাপে মাহমুদুল্লাহ রিয়াদ কে চাই ❤️❤️,riyad,NEUTRAL
519ec62dc2a93f2d,মাহমুদউল্লাহ রিয়াদ ভাই কে দলে চাই... সন্মান জনক বিদায় চাই......,riyad,NEUTRAL
139e3d653e247eaa,"রিয়াদ ভাই সত্যিকারের একজন ভলো মানুষ এবং ভালো খেলোয়াড়,",riyad,FAVOR
64b181e037f480cb,"❤❤ I love mahmudullah Riyad ভাইকে দলে দেখতে চাই,।",riyad,FAVOR
76a75d508dc0ab3b,খুব সুন্দর বলছেন ভাই আমরা সবাই মাহমুদউল্লাহ রিয়াদ ভাই কে দলে দেখতে চাই চাই চাই।,riyad,NEUTRAL
8ab73f1b96a049db,"মাহমুদউল্লাহ রিয়াদ ভাই কে অবশ্যই অবশ্যই দলে চাই, ফিরিয়ে আনা হোক।",riyad,NEUTRAL
d038b39641e156d7,রিয়াদ এবার এশিয়া কাপ ও বিশ্বকাপ খেলুক আমি ও চাই। পাশাপাশি ক্রিকেট বোর্ডের উচিত পেশাদার হওয়া বিশেষ করে নির্বাচক কিন্তু একটা বিষয় আমাদের মেনে নিতে হবে একজন সারা জীবন খেলতে পারবেন না।নতুনদেরকে সুযোগ দিতে হবে। দেখবেন একটা সময় নতুনরা দেশের ক্রিকেট খেলাকে এগিয়ে নিয়ে যাবে।,riyad,NEUTRAL
728b4824d9155d5e,রিয়াদ রিয়াদ রিয়াদ ভাই বিশ্বকাপে দেখতে চাই,riyad,NEUTRAL
da5c406dbf68be39,মাহমুদউল্লাহ রিয়াদ ভালবাসার আরেক নাম❤❤ ক্যরিয়ারের শুরু থেকেই তার যে ব্যাটিং শৈলী বা টেকনিক সে কখনোই ৭-৮ নাম্বারে ব্যাটিং ডিজার্ব করে না বাট তাকে খেলানো হয়েছে কোনদিন টু শব্দ পর্যন্ত করেনি। সে যদি টপ অর্ডারে ব্যাট করার সুযোগ পেত তাহলে হয়ত বাংলাদেশের ইতিহাসে সেরা রান স্কোরার হতো।😢😢,riyad,FAVOR
d3734eebb5b4f2f6,আমিও চাই রিয়াদ ভাই এশিয়া কাপ এবং বিশ্বকাপে খেলুক ❤❤❤❤❤ লাভ ইউ ভাই,riyad,NEUTRAL
ebe05383a201ab3f,রিয়াদ ভাই কে অনেক ভালবাসি মনের গভীর থেকে 💗🤲,riyad,FAVOR
578ef7196a1f352f,রিয়াদ রিয়াদ রিয়াদ ভাই এশিয়া কাপ বিশ্ব কাপে দেখতে চাই,riyad,NEUTRAL
a5cff13ecb6cfc14,"সেষের কথা গুলা একদম ঠিক বলেছে ভাই টা,খেলিয়ে দেখতি রিয়াদ কে ৩ নাম্বার ৪ নাম্বার ❤ রিয়াদ কে দলে চাই❤❤❤",riyad,FAVOR
933368e9aa665a9f,রিয়াদ ভাইকে দলে চাই আর কোন কথা নাই দাবি একটাই,riyad,NEUTRAL
485f903aa879622a,মাহমুদুল্লাহ রিয়াদ কে আবারো জাতীয় দলে দেখতে চাই,riyad,NEUTRAL
0f79da5484899ca6,আমি ও তোমাদের সাথে একমত রিয়াদকে দলে চাই চাই।,riyad,NEUTRAL
edfe718a92c570bd,রিয়াদ ভাই এশিয়া কাপ ও বিশকাপ কে দেখতে চাই,riyad,NEUTRAL
8496aaddb2c211ec,মাহমুদুল্লাহ রিয়াদ ভাইকে এশিয়া কাপের দলে দেখতে চাই,riyad,NEUTRAL
9802e415ed505876,মাহমুদুল্লাহ রিয়াদকে এশিয়া কাপ ও বিশ্বকাপে দলে দেখতে চাই,riyad,NEUTRAL
ab28aa6cc15b9aca,মাহমুদুল্লাহ রিয়াদকে এশিয়া কাপ ও বিশ্বকাপে দলে দেখতে চাই...,riyad,NEUTRAL
aa2b72a365a0a73d,"riyad vai,janina comments ta chokhe porbe ki na. Mash er por Cricket a Apnak khub Valobashi vai!!!!!!!!",riyad,FAVOR
6242e7e6056af838,আমরা কিছু বুঝিনা আমরা মাহমুদুল্লাহকে দলে চাই ❤❤,riyad,NEUTRAL
4d9ed0ea70e1b3ac,এশিয়া কাপে মাহমুদুল্লাহ রিয়াদ ভাই কে চাই,riyad,NEUTRAL
152dffcd7e6a28f3,We want Riyad in the AC and WC team....,riyad,NEUTRAL
3ed406364600264c,কোন কথা নাই দাবি একটাই রিয়াদ ভাইকে দলে চাই বিসিবি ঘেরাও করো,riyad,NEUTRAL
bcf114c72587a08f,হাতুরেে পদত্যাগ চাই সাথে রিয়াদকে দলে এড করা হোক।,riyad,NEUTRAL
231c22400c931c25,মাহমুদউল্লাহ রিয়াদ কে এশিয়া কাপ ও বিশ্বকাপে দেখতে চাই।,riyad,NEUTRAL
752d2e7ebe0b9ddc,হ্যা! অবশ্যই মাহমুদুল্লাহ রিয়াদকে দলে দেখতে চাই💯💯❤️❤️,riyad,NEUTRAL
062108608d0d24d3,Still play like prime hats of to u riyad,riyad,NEUTRAL
39f0dba2969acaea,2:56 এখন যে সব খেলোয়াড় জাতীয় দলে আছে এর বেশির ভাগ লেগ সাইড ছাড়া খেলতেপারে না 😂😂। আর রিয়াদ এ বয়সেও সব দিকে সর্ট খেলে 😂😂😂😂,riyad,NEUTRAL
b3b06887e1675d21,রিয়াদ যেহেতু কোচিং শুরু করেছেন তার উচিত তরুণদের বিশ্বমানের করে গড়ে তোলার লক্ষে কাজ করে যাওয়া রুট লেভেল থেকে তাহলে তিনি আরো জনপ্রিয় হয়ে উঠবেন,riyad,NEUTRAL
b2f3a91299c9b36d,"এখন ও কেন রিয়াদ রা ঘরোয়া লিগ খেলবে, যেখানে তারা রিটায়ার্ড করছে, তাদের ঘরোয়া লিগ না খেলানো দরকার, কারন ঘরোয়া লিগ থেকে নিজেকে প্রমান করে একটা প্লেয়ার তার জাতীয় দলের দরজা খুলতে পারে, তাদের ত আর জাতীয় দলে যাওয়া হবে না, নিজে প্রমাম করার ও কিছু নাই, অলরেডি প্রমানিত উনি বাংলাদেশ ক্রিকেট এর একজন সাইলেন্ট ক্লিলার, যারা অবষর নিয়েছে তাদের কে ঘরোয়া লিগ থেকেও নিজেকে সরিয়ে একজন নতুন কে সুযোগ করে দেওয়া উচিত",riyad,NEUTRAL
3b9ba51fce6cd87a,৫ রানেই তো উইকেট চলে গেছিলো। এতক্ষন টিকে থাকার প্লেয়ার না রিয়াদ। ক্রিকেট যদি জন্ম হয় ইংল্যান্ড এ তাহলে ক্রিকেটে মারা গেছে বাংলাদেশে। কৃষক/রাখাল/জেলেদের আবার কিসের ক্রিকেট। যে যেটা পারে সেটা করা উচিত,riyad,NEUTRAL
713ebba4caef4183,মাহমুদুল্লাহ রিয়াদকে আরো একটা টি টোয়েন্টি এবং ওয়ানডে বিশ্বকাপে দেখতে চাই,riyad,NEUTRAL
a3285864b0aba628,মাহমুদউল্লাহর ১০ টি সেরা ইনিংস নিয়ে ভিডিও চাই,riyad,FAVOR
9c05a70a4575fc70,Mahmudullah will be back is Asia cup Inshallah,riyad,NEUTRAL
5a351d978072178e,মাহমুদুল্লাহ টি-টোয়েন্টিতে খুব ভালো ক্যাপ্টেন্সি খুব ভালোভাবে সামনে রেখেছিল আর নেতৃত্ব খুব ভালোভাবে দিয়ে যাচ্ছিল কোন এক সময় হারিয়ে গেল আমি আবার টি-টোয়েন্টিতে মাহমুদুল্লাহ কে দেখতে চাই আমি জানি এটা কি সুযোগ দিলে লাভ হয় না যদি টি-টোয়েন্টি বিশ্বকাপ ২০২২ খেলে আমি খুশি হব আই মিস ইউ মাহমুদুল্লাহ,riyad,FAVOR
9e4a90e950c9fe64,"এশিয়া কাপ থেকে মাহমুদউল্লাহ কে বাদ দিলে বাংলাদেশের সবচেয়ে বেশি ক্ষতি হবে। সে একজন সিনিয়র খেলয়ার আমারা জানি পুরান চাল ভাতে বাড়ে।তাই আমি চাই মাহমুদউল্লাহকে দিয়ে এশিয়া কাপ, টি- টোয়েন্টি বিশ্বকাপ,তাকে সুযোগে দেওয়া হোক,একমত হলে লাইক দিন।",riyad,AGAINST
a22f89311b370cf3,"ভাই মাঠের বাইরে থেকে অনেক কিছু বলা যায়, কিন্তু এখনো রিয়াদ যে ভাবে রান করে আপনার অনেক তরুণ তুর্কিরা পারে না",riyad,NEUTRAL
b6f30c624272fb2b,এক রিয়াদের জায়গায় তিনজনকে নিয়ে লাগছে তাহলে বুঝতে হবে রিয়াদ কি জিনিস ছিল,riyad,NEUTRAL
ed40ef9f1a041627,"Ei nannure dekhlei amar mejaj kharap hoy,o kiser nirbachok,rabbik ney ki jonno.mahmudullah ,afif or cheye onek valo.",riyad,NEUTRAL
5418562c4f1d0415,Yasir Ali Rabbi ki Mahmudullah Riyad er ceya valo player??? ১৫ সদস্যের তালিকায় ইয়াসির আলীর নাম বাদ দিয়ে মাহমুদউল্লাহ রিয়াদ কে দলে রাখা উচিৎ।।।,riyad,NEUTRAL
8444199df7427a6c,"সেরা ব্যাটসমানদের এখনো রিয়াদ অন্যতম, ব্যাটসম্যান হিসাবে তাকে দলে রাখা উচিত ছিল,",riyad,FAVOR
48ac897c75f124fa,আমি বুঝিনা রিয়াদ কখন অপফর্মে গেছে।গত কয়েক ম্যাচে বড় বড় হিট করতে পারেনি। কিন্তু রান করছে।হয়তো স্টাইক রেট কম ছিল,riyad,NEUTRAL
ed72eb91e1726ef2,হুদাই নোমানের মনে হওয়া না হওয়া দিয়া কিছু যায় আসে না। মুশি রিয়াদ এখনো শেষ হয়ে যায় নি। তাদের রেস্পেক্ট টা দিতে শিখেন as a sports journalist. Thank you,riyad,NEUTRAL
08b0e0caf2f5a512,আজকে মাহমুদউল্লাহ রিয়াদ অধিনায়ক থাকলে সাংবাদিকরা বলতো আফিফ কে দিয়ে কোনো এক ওভার বল করানো হলো?? আফিফতো ভালো বল করেছে। মাহমুদউল্লাহ রিয়াদ মুখস্থ ক্যাপ্টেন্সি করে।,riyad,FAVOR
c12366dca6c0e0ec,"গত দুই বছরে রিয়াদের চেয়ে খারাপ কেউ খেলে নাই, আবেগ দিয়ে চলবেনা, বাস্তবতা টাও দেখতে হবে",riyad,AGAINST
b438fcc4d53043d9,"Mahmudullah Masher er srishti. Masrafike chariye jete hole proyojon gyan ar spirit. Kirti noi. Kirtimanerao hariye jai, Mashrafira noy.",riyad,NEUTRAL
0e77cf765987dd33,সব ভক্তদের একটাই চাওয়া মাহমুদুল্লাহ কে দলে দেখতে চাই এবং তাকে সন্মানের সাথে বিদায় দেওয়া হোক।❤️🇧🇩,riyad,NEUTRAL
377c7ac2333488be,ইনশাল্লাহ আমরা আপনাদের পাশে থাকব সবাই মিলে আন্দোলন করে মাহমুদুল্লাহকে ফিরাবো,riyad,NEUTRAL
0764df14cdc7e9db,দলে চাই দলে চাই মাহমুদউল্লাহ রিয়াদ ভাই দলে চাই দলে চাই মাহমুদউল্লাহ রিয়াদ ভাই,riyad,NEUTRAL
c512362aa225b536,আমরা সবাই রিয়াদ কে দলে চাই....... নাইলে আমরা বিসিবি কে বয়কট করবো😢😢😢😢😢😢😢,riyad,NEUTRAL
4444091780abe910,সারা দেশের মানুষের দাবি রিয়াদকে দলে চাই ❤❤,riyad,NEUTRAL
d2848c4a3f7ebdf2,আমার খুব পছন্দের ও প্রিয় একজন প্লেয়ার মাহমুদুল্লাহ রিয়াদ ভাই তাকে এশিয়াকাপ ও বিশ্বকাপে মাঠে দেখতে চাই,riyad,NEUTRAL
82369425c3e8e0b7,মাহমুদউল্লাহ ভাইকে দলে চাই দলে চাই মাহমুদউল্লাহ দেশের জন্য তার জীবন ট দিতে রাজি,riyad,NEUTRAL
c388c855f940e56e,রিয়াদ ভাই কে জেকোনো মুল্যে দলে চাই প্রধানমন্তুির হস্তক্ষেপ কামনা করছি।,riyad,NEUTRAL
a807048f4377360f,"রিয়াদ ভাইকে দলে চাই, রিয়াদ ভাই কে দলে চাই",riyad,NEUTRAL
04d7058c362d48f1,মাহামুদুল্লাহ রিয়াদকে এশিয়া কাপ ও বিশ্বকাপের দলে দেখতে চাই।,riyad,NEUTRAL
48580b7343b2c7bc,মাহমুদল্লাহ রিয়াদ কে বাংলাদেশ ক্রিকেট টিমে দেখতে চাই,riyad,NEUTRAL
1886b3e03da61f66,রিয়াদ কে দলে চাই চাই চাই চাই চাই চাই চাই চাই চাই চাই চাই চাই চাই।,riyad,NEUTRAL
4d364f503d01edf8,"I want,come back riyad to bangladesh team.",riyad,NEUTRAL
c20c112867076d91,মাহমুদুল্লাহ রিয়াদকে দলের চাই নিতে হবে দলে থাকে,riyad,NEUTRAL
99c411611584cb9c,মাহমুদউল্লাহ কে দলে চাই। সাথে দুর্নিতি মুক্ত বিসিবি চাই।,riyad,NEUTRAL
1b17d4362eb3077a,দাবি আমাদের একটাই রিয়াদ ভাই কে দলে চাই ✊✊,riyad,NEUTRAL
f08ff5d9670e6276,নানু পাপন সাহেব এর পদত্যাগ চাই রিয়াদ ভাই কে দলে দেখতে চাই,riyad,NEUTRAL
3fef954a3871fba5,"বিসিবি সুজন, নান্নু,পাপন কে বয়কট চাই ✊✊✊✊ অথবা মাহমুদউল্লাহ রিয়াদ ভাই কে এশিয়া ও বিশ্বকাপে দলে চাই ✊✊✊✊",riyad,NEUTRAL
02db948159905e3c,আমাদের কুমিল্লাতে ও মাহমুদউল্লাহ রিয়াদ কে দলে চাই ❤ স্লোগান উঠেছে। সাদা দেশ উত্তাল রিয়াদ কে দলে নেওয়ার জন্য❤,riyad,NEUTRAL
2be61e0a52433fbf,Are u kidding me..😂😂😂 Riad akhon r chole na..,riyad,NEUTRAL
c2e59af11eabb1c6,ভাই মাহমুদউল্লাহ রিয়াদ ভাই এমন একটা পিপিআর সবাই জানে আমি সৌদি আরব থেকে বলে ছিলো ভাই,riyad,NEUTRAL
867e4280a697f486,রিয়াদকে দলের কোচ করে হলেও বিশ্বকাপের টিকিট দেয়া হোক 😊।,riyad,NEUTRAL
0f7ed9e71f09be05,এভাবে সক্রিয় অবস্থানে থাকতে পারলে রিয়াদকে দলে নেওয়া অবধারিত হয়ে পড়বে। এগিয়ে যাও রিয়াদ ভক্তরা....,riyad,NEUTRAL
5c9930222bacd66c,রিয়াদের জায়গায় দলে নান্নু কেন হওয়া উচিত,riyad,NEUTRAL
0e6dd0f17ef5aac9,আমার ক্ষমতা থাকলে মাহমুদউল্লাহকে দলে তো নিতাম সঙ্গে নির্বাচক 3 পিচ রে থালা ধরিয়ে বের করে দিতাম। খুব মিস করবো তার খেলা। সে একজন দেশপ্রেমিক ক্রিকেটার।,riyad,NEUTRAL
54a97d3909e02893,"রিয়াদের কিছু কমতি নাই,,,আপনাদের মনে কমতি আছে",riyad,NEUTRAL
53ad8283333c3fd0,Yasir rabbi ekta player!? Take keno ney mahmudullah ki Dosh korlo 😢,riyad,NEUTRAL
2e621de46558df1f,স্যার আমাদের একটাই চাওয়া এই বারের জন্য মাহমুদউল্লাহ কে দলে দেখতে চাই প্িজ,riyad,NEUTRAL
d682584dec31c3f7,Last 1 year result..Riyad 2nd hight scorer... Remember it,riyad,NEUTRAL
9f91414a6f9e986c,"রিয়াদ ভাইয়ের জায়গায় রাব্বি কে দলে কোন হিসাবে নিল নান্নু আামি জানতে চাই,,",riyad,NEUTRAL
dfc011bd39017afa,Jodi Kono Vul Kore Thake BCB Riyad A Bat Deya Ta Hobe Boro Vull.. Tar Jaiga Ta Vogabe Khub😂😂,riyad,NEUTRAL
b8d66d0340cd3e8d,মাহমুদউল্লাহ রিয়াদ ভাইকে এশিয়া কাপ দলে চাই,riyad,NEUTRAL
b2096fd2eb483dd9,মাহমুদুউল্লাহ রিয়াদ ভাইকে এশিয়া কাপ দলে রাখা উচিত ছিল বিসিবির,riyad,NEUTRAL
a191b80a0fdfabed,সাত নাম্বারে রিয়াদের ৭০ বলে ৩০ রানের বিধ্বংসী ইনিংসগুলো খুব মিস করব।,riyad,NEUTRAL
3c6fa3dadd1b4e4e,"রিয়াদ কি শুধুই ৭ নাম্বার পজিশনের জন্য??? সে কি ৫, ৬ খেলে নাই??😢",riyad,NEUTRAL
17f2a58565d32e5a,এবার বাংলাদেশ দলে এনামুল হক বিজয়া৷ মাহমুদুল্লাহ রিয়াদ দলে থাকা উচত ছিল,riyad,NEUTRAL
88427b95fca6a97d,"নামটা যদি (মাহমুদুল্লাহ, থেকে) বদলে অন্য কিছু রাখতে পারতাম😢!!!!",riyad,NEUTRAL
33322a98ef0dd66c,"১৭ সদস্যের স্কোয়াডে বা ১১ সদস্যের একাদশে বুঝি না, মাহমুদউল্লাহ রিয়াদকে ক্যাপ্টেন হিসেবে দেখতে চাই ❤❤",riyad,NEUTRAL
0f7f7811ed046199,পাপন মুক্ত বিসিবি চাই 🫵 মাহমুদউল্লাহ কে দলে চাই ✊,riyad,NEUTRAL
dffdd609f38e2901,মাহমুদউল্লাহ রিয়াদের মতো অভিজ্ঞতা সম্পন্ন খেলোয়াড় বাংলাদেশ টিমে আর ক'জন আছে? তার কোনো বিকল্প নেই।,riyad,NEUTRAL
b336a0de7531d0cf,মাহমুুদুল্লাহ রিয়াদ ভাই কে আবার দেকতে চাই,riyad,NEUTRAL
2707fb45feed8e2d,মাহমুদুল্লাহ কে আবার জাতীয় দলে দেখতে চাই,riyad,NEUTRAL
5b903667225450d3,বাংলাদেশের হয়ে মাহমুদুল্লাহ রিয়াদের ওয়ানডে ম্যাচের সংখ্যা কয়টি,riyad,NEUTRAL
56894f386426bfdd,মাহমুদউল্লাহ রিয়াদ ভাই কে চাই সবাই এক মত ত ❤❤,riyad,NEUTRAL
cd41faf3a60b04e1,টিম কম্বিনেশন নয় ব্যক্তিগত রোষানলে রিয়াদ।টিম যদি রিয়াদের নিকট ফিরতে হয় তাহলে কর্তাব্যক্তিরা মুখ লুকাবেন কোথায়??,riyad,NEUTRAL
67ec4263dd0c0585,কোন কম্বিনেশনের কথা বলে। ফালতু কম্বিনেশন। মাহমুদুল্লাহ যে কোন পজিশনে খেলার যোগ্যতা রাখে ৩ থেকে ৮ সব পজিশনে।,riyad,NEUTRAL
e6cb689fe720cdb6,"😂😂খালেদ মাসুদ পাগল হয়ে গেছে ভাই,,,,,মাহমুদউল্লাহ ভাইয়ের নাকি জাতীয় দলের দরজা খোলা আছে,,,ডেট এক্সপায়ার গাজা খাইছে মনে হয়,,,,",riyad,NEUTRAL
a79e7405fd0b8050,"নান্নু র পদ ত্যাগ চাই, সেই সাথে রিয়াদ কে দলে চাই।",riyad,NEUTRAL
9ad044a779f02e15,আমরা বাংলাদেশের 18 কোটি মানুষের একটাই দাবি রিয়াদ ভাই কে এশিয়া কাপ ও বিশ্বকাপে দেখতে চাই,riyad,NEUTRAL
3cde379d119215f1,চাই চাই চাই মাহমুদুল্লাহ রিয়াদ কে এশিয়া কাপে দেখতে চাই ❤️❤️❤️❤️,riyad,NEUTRAL
6f819af150909089,মাহমুদুল্লাহকে এশিয়া কাপে ও বিশ্বকাপে চাই চাই,riyad,NEUTRAL
78903cc1acc8b639,আমরা সবাই মিলে বাংলাদেশের ক্রিকেট খেলা দেখা বন্ধ করে দিবো। বাংলাদেশ ক্রিকেট খেলা দেখব না মাহমুদুল্লাহকে দলের না ফেরানো হলে।,riyad,NEUTRAL
98a0bb341209809d,আমি চাই রিয়াদ ভাই এবারের এশিয়া কাপ এবং বিশ্বকাপে😢😢😢😢😢,riyad,NEUTRAL
066741eeaacdc0ea,মাহমুদউল্লাহ কে বিশ্বকাপের দলে ও এশিয়া কাপ দলে চাই ❤❤❤❤❤❤❤❤❤❤❤,riyad,NEUTRAL
a376deb608214e52,মাহমুদুল্লাহ রিয়াদকে এশিয়া কাপ ও বিশ্বকাপে চাই,riyad,NEUTRAL
59ec882dc1d81b04,"অবশ্যই মাহমুদুল্লাহ রিয়াদকে দলে দরকার ,,, এখনো তার বাংলাদেশ দলকে অনেক কিছু দেখার আছে।",riyad,NEUTRAL
508f3cf6e87d890f,প্রিয় মাহমুদুল্লাহ রিয়াদ ভাই কে দলে চাই,riyad,NEUTRAL
f0463b3ee5ce6afc,আমাদের সাধারণ জনগণের একটাই দাবি রিয়াদ ভাইকে এশিয়া কাপ ও বিশ্বকাপে দেখতে চাই,riyad,NEUTRAL
5f256eb244694fc2,মাহমুদউল্লাহ কে আমৃত্যু পর্যন্ত বাংলাদেশ দলের তিন ফরমেট এর অধিনায়ক ঘোষণা করা হোক। সে বৃদ্ধ হয়ে বিছানাগত হয়ে গেলেও তাকে অধিনায়ক করে রাখতে হবে । প্রয়োজনের সে মিরপুর মাঠে বিছানা বালিস নিয়ে নিয়ে শুয়ে-বসে দল পরিচালনা করবে।,riyad,NEUTRAL
c27becfd1e0466a9,এশিয়া ও বিশ্বকাপের দলে রিয়াদ ভাইকে দলে চাই।,riyad,NEUTRAL
1279ee2b6d07cac5,মাহমুদউল্লাহ রিয়াদ ভাই কে দলে দেখতে চাই,riyad,NEUTRAL
163678d40088b33c,আমাদের দাবি একটাই মাহামুদুল্লাহ রিয়াদ ভাইকে দলে চাই।,riyad,NEUTRAL
812ce11f38d63538,মাহমুদউল্লাহ রিয়াদ কে দলে চাই এশিয়া কাপের দলে চাই,riyad,NEUTRAL
81ca32581f158033,মাহমদ উল্লাহ রিয়াদ কে এশিয়া কাপে দেখতে চাই,riyad,NEUTRAL
5be793032161a0d6,মাহমুদউল্লাহ রিয়াদ কে দলে আনতে হবে দাবি একটা দলে চাই মাহমুদউল্লাহ রিয়াদ কে,riyad,NEUTRAL
c2a8d8e60a67dcf3,দাবি একটাই মাহমুদউল্লাহ রিয়াদ কে ১১জনের দলে চাই,riyad,NEUTRAL
0ec854dca3222b6c,"প্রধানম‌ন্ত্রির হস্ত‌ক্ষেপ চাই এ বিষয় নি‌য়ে। এশিয়া কাপ ব‌লেন, বিশ্বকাপ ব‌লেন, দল‌কে সা‌পোর্ট করব আমরা সাধারণ জণগন। আমা‌দের রিয়াদ‌কে স্কোয়া‌ড়ে চাই।",riyad,NEUTRAL
ffb72614b1ba6551,মাহমুদুল্লাহ এমন একটা প্লেয়ার যেন যত রান লাগে এই রান্ধায় উঠায় এনে লাস্টে মেশিনে যারা দে কি করতে পারে আরে দুই নাম্বারে কি তিন নাম্বারে দেয়া হোক মাহমুদুল্লাহ রান কি করে না করে,riyad,NEUTRAL
6f4fb773313f0c93,রিয়াদ এর জন্য আন্দোলন না করে বিবিসি এর বিরুদ্ধে আন্দোলন করো তাই সব সমস্যা সমাধান হয়ে যাবে। না হয় বার বার আন্দোলন করতে করতে ক্লান্ত হয়ে যাবে,riyad,NEUTRAL
9d130ec0a9dcc4b0,দাবী মোদের একটাই মাহমুদউল্লাহ রিয়াদ ভাইকে দলে চাই।,riyad,NEUTRAL
d6c523786897e284,"টিম অবশ্যই আগে। আর দেশের জন্যই টিম। আর প্লেয়ার দিয়েই টিম হয়। সেক্ষেত্রে একটা টিম স্ট্রং হলো কিনা সেটা নিয়ে ভাবা আওয়াজ তুলা সবার অধিকার। রিয়াদ এর যোগ্য যেগুলো না এগুলা দলে গিয়ে টিম স্ট্রং করতে পারেনি জাতির কাছে মনে হয়েছে তো তারা কি আওয়াজ তুলবে না? আশ্চর্য স্টুপিড ফ্যান হতে যাবে কেনো? বাঙালিরা দিন শেষে এখন টিমকে সাপোর্ট ই করবে। কিন্তু ফ্যাক্ট টা হচ্ছে লিটন, আফিফ, নাইম, শান্ত এগুলাকে নিয়ে মানুষ আশা করে। আর রিয়াদ থাকলে ভরসা পায়। এবার আপনিই বুঝেন আশা করা আর ভরসা পাওয়ার মধ্যে কোনটা বেশী প্রভাব ফেলবে টিমের জন্য? কমনসেন্স।",riyad,NEUTRAL
d04ff67c8c33535a,"নান্নুর, থেকে মাহমুদউল্লাহ রিয়াদ ভাই ১০০%ভাল সিরিয়ার, নান্নু একজন বাজে পিলিয়ার ছিল, আমার মনে হয় আপনি নান্নুর খেলা দেখেননি, রিয়াদ ভাই কে বিশ্যকাপ দেখতে চাই, রিয়াদ ভাই কে ❤❤❤❤",riyad,NEUTRAL
86606c9c845988e9,"Srilongka R Newzealand jiboneo bulte parbe na Mahmudullah Riyad er batting skills, R bangalir cricket board bule gelo 😮",riyad,NEUTRAL
56a166540f2ba0dc,"মাহমুদউল্লাহর সাথে নান্নু মামুর তুলনা দিয়ে মাহমুদউল্লাহকে ছোট করবেন না। কোথায় রাজধানী আর কোথায়,,,,,,,,?",riyad,NEUTRAL
85005d3a5b46c6bf,"আগের মত গালি-গালাজ করিনা,অনেক ভালো হয়ে গেছি, বেশি কিছু বলবনা এখনো সময় আছে রিয়াদ ভাই কে দলে নেওয়া হোক।",riyad,FAVOR
340ab08098cb5a2a,এই বিশ্বকাপ এ বাংলাদেশর ভালো করার সম্ভাবনা ছিল। কিন্তু রিয়াদ বিষয় টা নিয়া দলে মধ্যে কিছুটা প্রবাভ পরবে আমি মনে করে।,riyad,FAVOR
319474c95ad8fb42,হেরে গিয়েও জিতার আনন্দ পেলাম Love You Mahmudullah Riyad আমাদের ময়মনসিংহের গৌরব 🌿🖤🥰,riyad,FAVOR
6123a753bf5e5c7c,১ম দিকে ব্যাটিং করলে আরও বেশি সেঞ্চুরির করতে পারতো মাহমুদউল্লাহ রিয়াদ ভাই। শেষ দিকে ব্যাটিং করে সর্বোচ্চ সংখ্যক সেঞ্চুরির অবিশ্বাস্য। কথায় আছে রাখে আল্লাহ মারে কে। । ইনশাআল্লাহ আরো অনেক ভালো করবে। ❤❤❤❤❤❤❤❤,riyad,FAVOR
24214f238951ca9d,"রিয়াদ ভাইরা শুধু দলের জন্য দিয়েই গেলো, কিন্তু দল থেকে পেলো বঞ্জনা আর অবহেলা 😥 ২০ কোটি মানুষের ভালোবাসা আছে তোমার সাথে ভাই❤ Love you vai....❤️❤️❤️",riyad,FAVOR
3cf2a0e3959f2065,ম্যাচ হারলেও রিয়াদ ভাইয়ের সেঞ্চুরি টা সেই ভালো লাগছে।,riyad,FAVOR
9fb237f52bb2a7d8,Mahmudullah Riyad is the best player in Bangladesh miss you boss always mahmudullah,riyad,FAVOR
a056669f8ca99478,"🇮🇳🇧🇩 মাহমাদুল্লাহ রিয়াদ ভাই কে নিয়ে বাংলাদেশের সাধারণ লোকজন কিভাবে সমর্থন করে আন্দোলন করতেন , তা একজন ভারতীয় হয়ে আমি দেখতাম । উনার কঠিন সময়ের খবর গুলো ফলো করতাম , তাই সত্যি আজ যখন দেখি এত সুন্দর দর্শনীয় পারফরমেন্স করতে তখন খুব ভালো লাগে। এই নিস্তব্দ লড়াকু মানসিকতার জন্য ভারত থেকে অনেক ভালোবাসা ও রেস্পেক্ট ওনার প্রতি রইলো।কাল সত্যি উনি মন জয় করে নিয়েছে। আপনাদের ক্রিকেট অনেক এগিয়ে যাক।",riyad,FAVOR
533768d6e96cfb75,"আমাদের দোয়ার কারনে মাহমুদউল্লাহ ভালো করতেছে, দোয়া করি আরো ভালো খেলুক,",riyad,FAVOR
2c0ad684dcacfc16,Mahmudullah is best player in Bangladesh team ❤❤,riyad,FAVOR
7c9f9d7f6f0b3ded,I Very Very Love You My মাহমুদুল্লাহ রিয়াদ ভাই,riyad,FAVOR
e2713a205057a26a,Ak matro Mahmudullah er jonnoi bangladesh support kori akhono,riyad,FAVOR
92c35a549fc992c5,"আলহামদুলিল্লাহ আর কিছু লাগবে না রিয়াদ ভালো করছে এতেই খুশি,,,,",riyad,FAVOR
1a68b5ab514d0ed9,বাংলাদেশ ক্রিকেট দলে আমি অনেক পূর্ব থেকেই মাহামুদুল্লাহ রিয়াদের বড় ভক্ত আর খেলা দেখিও তার জন্য। বরাবরের মত আজকেউ বাংলাদেশ হেড়েছে দূঃখ নেই। কারণ বাংলাদেশের সাম্প্রতিক যে পারফর্মেন্স তাতে জয়ের আশা করা যায় না। তবে মাহামুদুল্লাহকে নিয়ে যারা রাজনীতি করেছিল তাদের মুখে যে আজ ঝামা ঘষে দিয়েছে এজন্য অনেক ভাল লাগছে।,riyad,FAVOR
b958ef87adbecc21,বিশেষ করে মাহমুদুল্লাহ চারটি সেঞ্চুরি বিশ্বকাপের মন্চে জিনিসটা আসলেই একটা ভালোদিক,riyad,FAVOR
4226ed693d88fcba,"সত্যি বলতে,,, ম্যাচ হেরেছে কোন দুঃখ নাই,,, আজ on line এ ডুকলেই রিয়াদ,ভাই,,, love you riyad bhai",riyad,FAVOR
1c0cde04d8228799,"কেচ ধরা এবং কেচ ছাড়া এইটা হলো খেলার একটা অংশ। আল্লাহ মাহমুদউল্লাহ ভাইয়ের কপালে ভালো কিছু রাখছে বলে, কালকে সে কেচ থেকে জীবন পেয়ে ১০০ রান করেছিলেন। এইটাই হলো মাহমুদউল্লাহ কিছমত, আল্লাহ তা'আলাই ভালো জানেন যে সামনে দিনে কার কিছমতে কি আছে।",riyad,FAVOR
ecbfb1052c13dbb3,মাহমুদুল্লাহ রিয়াদ বোলিং ও ভালো করে তাকে বোলিং করার সুযোগ করে দেয়া হোক।,riyad,FAVOR
dae05e543e3adcce,পাপন নাননু হাতুরি সিং এদের তিন জন কে বাদ দেওয়া হোক তাহলে দেখবেন বাংলাদেশ সব থেকে ভালো দল হবে রিয়াদ ভাই কে শুভেচ্ছা জানাই,riyad,FAVOR
aff14e77d7a6f9e9,🤣😂 সময় টিভি ও এখন মাহমুদউল্লাহ কে নিয়ে উচ্ছাস দেখায় অথচ সময় টিভি মাহমুদউল্লাহ কে বাদ দেওয়ায় একজন প্রথম সারির কণ্ঠ ছিল,riyad,AGAINST
bab0108de85ebfd5,রিয়াদ ভাইয়ের উচিত অস্ট্রেলিয়ার সঙ্গে ম্যাচটা খেলে জাতীয় টিম থেকে অবসর নেওয়া রিয়াদ ভাই কথাটা ভেবে দেখবেন তাহলে আপনার সম্মান নিয়ে অবসর নিতে পারবেন ❤❤❤,riyad,AGAINST
6aa60be89ee1c123,"বাংলাদেশ হারলে এখন আর একটুও কষ্ট হয়না.. আলহামদুলিল্লাহ,, প্রিয় মাহমুদউল্লাহ রিয়াদ প্রতিটা ম্যাচ ভালো খেলতেছে.. এতেই শান্তি খুজে পাই 🥀🖤❤️",riyad,FAVOR
96732f1d0e5952b9,মাহমুদউল্লাহ রিয়াদ ভাই সেরা ছিল আছে থাকবে ইনশাআল্লাহ,riyad,FAVOR
3396203736f042a8,যাঁরা ভালো তারা সব সময় ভালো রিয়াদকে ধন্যবাদ,riyad,FAVOR
b919977565c87788,Mahmudullah Riyad vai ar jonno ajk onek duwa korci.. Mohan Allahar rohomote ajkew onek valo kelece..Alhamdulillah,riyad,FAVOR
0704eb8ce9fae5c5,Mahmudullah Riyad is the best player of this team.,riyad,FAVOR
e64a270dd6fb21da,If Allah is blessing you then no one can disrespect you. Love and respect for brother Mahmudullah,riyad,FAVOR
15880fa73c1d8d94,"Mahmudullah , carry on ❤️ . Best of luck , boss 😊❤️ . Abaro proman korlen j apnii real legend & real hero",riyad,FAVOR
33935841b54f99dd,"প্রধানমন্ত্রী কাছে আকুল আবেদন, এ প্রাণীগুলো কে খাঁচায় বন্ধী করে রাখা হোক,যারা খেলার খ বুঝে না..riyad কে ১ বছর আগে বাদ দিলে উচিত ছিল",riyad,AGAINST
973c7a3b73db40ff,"আপনি তো খেলা খুব ভালো বোঝেন, এখন থেকে যখন ৩০ রানে তিন চার উইকেট পড়ে যাবে তখন রিয়াদের জায়গায় আপনি যে ব্যাটিং কইরেন।।।।",riyad,FAVOR
f8a4588cdddd5a62,দেশ কে আমরা ভালবাসি তাই মাহমুদুল্লাহ রিয়াদ কেউ ভালোবাসি কারণ মাহমুদুল্লাহ একজন দেশ প্রেমিক,riyad,FAVOR
1c53c6fd692c0584,"শামীম, আফিফ, মিরাজ, সেখ মাহাদি, এদের মধ্যে থেকে একজন কে বাদ দিয়ে মাহমুদউল্লাহ রিয়াদ ভাই কে দেখতে চাই 🇧🇩🌾✌️✊",riyad,AGAINST
f393dba0cff20305,"Liton এর পরিবর্তে রিয়াদকে চাই,, মন থেকে বলছি,এইটা ইমোশন নয়।লিটন এর performance khub e বাজে,,আপনারা অ্যানালাইসিস করে দেখুন",riyad,AGAINST
ce9d66e83749181b,"সাংবাদিক ভাইকে একটা রিকোয়েস্ট থাকবে প্লিজ ভাই আপনাদের কাছে একটা পতি বেদন চাই সেটা হলো সাত নাম্বারে ব্যাট করে এমন দশটা প্লেয়ারের নাম বলেন এবং তাদের লাষ্ট দশ ইনিংস বা বিশ ইনিংসের পরিসংখ্যান দেন, এগারো নাম্বারে মাহমুদউল্লাহ রিয়াদ ভাইকে রাখেন,আমরা তুলনা মূলক দেখতে চাই রিয়াদ ভাই কতটা এগিয়ে বা পিছিয়ে আছে",riyad,AGAINST
4b14b4182513882c,Aber asia cup a ami Pakistan support korbo cause mahmudullah riyad nai...,riyad,FAVOR
449898419725212f,আসসালামু আলাইকুম ওয়া রাহমাতুল্লাহ ও বারাকাত মাহমুদুল্লাহ রিয়াদ বাংলাদেশের জন্য অনেক কিছু করেছে অনেক কিছু দিয়েছে তার মত লোকে হয় না কোটি কোটি মানুষের ভক্ত মাহমুদুল্লাহ রিয়াদ করবোনি রিটার্ডের পরেও বাংলাদেশকে কিছু দেয়ার চেষ্টা করুন বড় ছেলেকে আরো ভালো করে রেডি করে খেলার জন্য সুযোগ করে দেবে,riyad,FAVOR
da8255646316455b,সত্যি কান্না ছলে আসছে রিয়াদ ভাইয়ের জন্য love you vai 🥰,riyad,FAVOR
2b2576bb2583371d,Happy birthday Mahmudullah riyad. You are our real hero,riyad,FAVOR
61b8aaebd1367a4b,vai ami apnar onek boro fan.agaia jan amra pashe asi.and love mahmudullah riyad,riyad,FAVOR
297cb527a088b5d5,মুস্তাফিজুর রহমান কে বাদ দিয়ে রিয়াদ ভাই কে দলে চাই।,riyad,AGAINST
8f1f0a1d352a129f,বাংলাদেশ ক্রিকেট বোর্ড বলে নাই মাহমুদুল্লাহ ভাই বাদ কিন্তু দলে রাখে না এখানে কি বোঝা যায়,riyad,AGAINST
9b461becfdf11ff6,So beautiful batting mahmudulla Riyad love from India 🇮🇳🇮🇳❤️❤️,riyad,FAVOR
ddb122fa0653fc6b,আমার ভালবাসার একজন প্লেয়ার ❤❤❤আমি তোমাকে অনেক ভালবাসি রিয়াদ ভাই 🥀🥀🥀🥀,riyad,FAVOR
566ec8adde83bc59,From India.... Bangladesh cricket board is faltu board in the world and selecter are useless.... without riyad Bangladesh like bone less,riyad,AGAINST
6f707ef52f8a01ba,এটা খুব ভালো সিদ্ধান্ত ❤ ফর্মে থাকতেই সম্মান নিয়ে অবসর নেয়া।আর পরের বিশ্বকাপে রিয়াদ এমনেই পরিকল্পনায় থাকবে না,riyad,FAVOR
1ad0800f63380e75,কোন প্রসেসর মাহমুদুল্লাহকে বাদ দেওয়া হল দয়া করে সাংবাদিক ভাই উনাকে প্রশ্ন করবেন। এবং অতীতের সিনিয়র প্লেয়ারদের কেউ এভাবে বাদ দেওয়া হয়েছে। আমি জানিনা উনার খেলোয়াড় ব্যাকগ্রাউন্ড কি!,riyad,AGAINST
1c719f7808ab07ab,"রিয়াদ জানে যে ভারতে গিয়ে ভালো না করলে আবার সমালোচনার সম্মুখীন হবে, সব দোয়ার বন্ধ হয়ে যাবে। জার কারনে না বলে দেছে।",riyad,FAVOR
596d69d363f541fd,"মাহমুদুল্লাহ কে বিশ্বকাপে রাখা উচিত ছিলো, দল তার কাছ থেকে ভালো কিছু পেতো।",riyad,FAVOR
97940bb23e1a8456,সম্মান থাকতে অবসরে যাওয়াটা ভালো রিয়াদ ভাই জন্য,riyad,FAVOR
e234bda7e0a1bb72,আমার মনে হয় নিঃসন্দেহে একটি ভালো সিদ্ধান্ত নিয়েছে মাহমুদুল্লাহ রিয়াদ,riyad,FAVOR
595d64d9409e39e1,Mahmudullah is one of the best finisher & hard-hitting batsman of the world,riyad,FAVOR
5eac141e0f523036,"বিসিবি আর কতো নাটক করবো আল্লাহ ই ভালো জানে,, সিনিয়র প্লেয়ারদের এভাবে অপমান করাটা ঠিক হচ্ছে না, রিয়াদের উচিত এ ম্যাচেই অবসর নেয়া",riyad,FAVOR
661abee62b236385,আমার বিশ্বাস রিয়াদ ভাইকে ওপেনিং এ ব্যাটিং করতে দিলে খুব ভালো হবে ...... তাহলে তার আগের পার্ফোম ফিরে আসবে.......,riyad,FAVOR
1e7590f7627b794b,"এত দিন রিয়াদের পক্ষে অনেক কথা বলেছি, যাক শুনে ভালো লাগছে রিয়াদ কে বিশ্বকাপে স্কোয়াডে রাখা হয়েছে।",riyad,FAVOR
f2c7b0074fdf80c0,রিয়াদ ফরমে নাই কিন্তু সে একজন অভিজ্ঞ খেলোয়াড় তাকে বিশ্ব কাপে রাখা দরকার আশা করি বিশ্ব কাপে ভালো কিছু করবে,riyad,FAVOR
0e31ec4fb2a0c79b,রিয়াদ ভাই কে ৪নাম্বার পজিশনে ব্যাটিং করার সুজুক দিলে আরো ভালো করবে,riyad,FAVOR
9d0ecab1c03d78d0,Riyad is very valuable player for Bangladesh. I don't find anything wrong with riyad except his captaincy. Riyad should play. He is brilliant. Love you silent killer.,riyad,FAVOR
35fcc2e1a356fd5d,এই দেশে খমতা থাকলে সব হয় কিন্তু রিয়াদ বাদ হলে সান্তো কি ভাবে খেলে শুনি রিয়াদ কে চাই 😭😭😭😭😭,riyad,AGAINST
d3a23633ea1a0840,"Riyad odi,test er jonno valo kintu t20 te valo perform korchena. Tai amar mote bcb valo decision nise.",riyad,FAVOR
a1cdd6a05a1d1fcc,"রিয়াদ ভাইয়ের সাথে এরকম করা ঠিক হয়নি, টি-টোয়েন্টি বিশ্বকাপ যদি বাংলাদেশ ভালো না করতে পারে, তাহলে শ্রীরাম থেকে পাপন দাদা সবাইকে দেখে নেবে বাংলার জনগণ, এ আমাদের হুঁশিয়ারি",riyad,FAVOR
fba247006646de4a,প্রতি ম্যাচে ম্যাচে রিয়াদের শুন্যতা টের পাবে বিসিবি কথা দিলাম 😰😰 খুব খারাপ লাগলো এরকম ডিসিশন দেখে,riyad,AGAINST
89471e7f5805f0c2,Sujon ki riyad ke bad dsse? Kotha barta ki shunen naki headline dekhei comment koren?,riyad,AGAINST
8b94b2df4404558c,রিয়াদ জায়গায় কে ভালো করবে এটাই পরে সবাই দেখবে,riyad,FAVOR
c036b711f7dfd241,মাহমুদউল্লাহ রিয়াদ কে বাদ দেওয়া উচিত হয়নি। এটাই বাংলাদেশের নির্বাচক মণ্ডলী!,riyad,AGAINST
75fa88395bfccf6f,শান্ত কে বাদ দিয়ে মাহমুদুল্লাহ কে দল এ নেওয়া অনেক ভালো ছিলো,riyad,FAVOR
7754cba91cefb1e4,মাহমুদুল্লাহ রিয়াদকে বাদ দেওয়ায় আমরা হতবাক হয়েছি খুব কষ্ট পেয়েছি সে পঞ্চপাণ্ডবের একজন এবং অধিনায়ক তাকে অবশ্যই বলে রাখা উচিত ছিল,riyad,AGAINST
e2b5739c1565e1aa,"মাহমুদুল্লাহ বাদ ঠিক আছে, কিন্তু শান্ত কিভাবে দলে জায়গা পায়।",riyad,AGAINST
b2fdfd737f9221fe,আমরা মনে করি খুব ভালো হইছে রিয়াদ ভাই আরো খেলতে পারে তবে আরো হিটার হতে হবে,riyad,FAVOR
b83cb9b046e3676a,রিয়াদ নিজে থেকে অবসরের ঘোষণা দেওয়া উচিত ৭ পজিশন ৫ জন প্লেয়ার এর মধ্যে রিয়াদ এটা সম্মান থাকতে অবসর নেওয়া ভালো জাতীয় দল থেকে,riyad,FAVOR
d3e1348fb372c699,বাংলাদেশ ক্রিকেট বোর্ড রিয়াদ কে দল থেকে বাদ দিতে কত অভিনয় কত নাটক করবে তার কোন ইয়ত্তা নেই।,riyad,AGAINST
1692a93b405f0f00,রিয়াদ এর উচিত জবাব হবে এখন cpl খেলতে গেলে ভালো হবে অনেক অনেক টাকা পাবে,riyad,FAVOR
8be17f8220e3875d,"আজকে আমাদের মাহামুদুল্লাহ রিয়াদের মতো ৪ ,৫ জন ভালো বেটার থাকতো",riyad,FAVOR
594292a07ef5afdd,প্রথমেই ভাবেছিলাম সাউথ আফ্রিকা জিতবে তাই হলো সব দুঃখের মাঝে এটাই একটা ভালো লাগার বিষয় রিয়াদ ভাইয়ের ১১১ আলে ১১১ রান ❤️😍🥰☺️❤️🇧🇩,riyad,FAVOR
aada90d6d6228cee,"Love❤️ You Mahmud Ullah Riyad❤️ prove that He is a one man army boycott Papon,Hathura Singh and Nannu 🤬🤬🤬🤬🤬",riyad,FAVOR
79198f95ee40a7db,"যদি কেউ মাহমুদউল্লাহ রিয়াদ কে বলে যে ক্রিকেট থেকো আপনি কি পেয়েছেন,, তখন এক কথায় মাহমুদউল্লাহ বলবে আমি লাখো মানুষের ভালোবাসা পেয়েছি, যা অন্য কেউ পায় নাই 😅",riyad,FAVOR
7a9a6a3f43abf3f8,"মাহমুদউল্লাহ শুরুর দিখে যখন বাংলাদেশ টিমে সুযোগ পাই দেখতাম প্রাথম দিকের চার পাচ নাম্বার সবাই আউট কিন্তু এই মাহমুদউল্লাই টেলে টেলে রানের চাকা সচ্ছল রাকতো, এমন কয়েক শ ম্যাচ জিতিয়েছেন, আজ কেন ভুলে গেলেন আপনারা, থাকে কি শেষ বিশ্বকাপ টা ও খেলতে দিবেন না,?",riyad,AGAINST
d67e8311a3234c85,আলহামদুলিল্লাহ খুব ভালো লাগছে।মাহমুদউল্লাহ রিয়াদ ভাই কে মূল স্কোয়াডে দেখতে চাই।,riyad,FAVOR
88c687684a4a16a9,ধন্যবাদ পাওয়ার যোগ্য রিয়াসাদ আজিম কে কেননা মাহামুদুল্লাহ রিয়াদ কে নিয়ে অনেক নিউজ করেছে,riyad,AGAINST
df394ed7404190a0,"এখন দেখবো আমাদের আবেগের কতটা দাম দিতে পারে রিয়াদ,,, ভালো না করতে পারলে জায়গা হবেনা কারো ই,,এটাই ঠিক ছিল।",riyad,FAVOR
39e8c830c9105218,এতদিন মাহমুদুল্লাহ সাহেব খারাপ করলে রিয়াদকে গালি দেওয়া হতো এখন রিয়াদ খারাপ করলে রীয়াসাদ আজিমকে গালি দেওয়া হবে। কারণ এই সাংবাদিকের প্রতিদিনের একই কাহিনী নিয়ে প্রতিদিন নিউজ দেখতে দেখতে বিরক্ত হয়ে মানুষ তাকেই এখন গালি দিবে,riyad,AGAINST
77a8a29c0573ada4,"আমি মনে করি মাহমুদউল্লাহর নুন্যতম লজ্জাশরম নাই, এতো অপমান অপদস্ত সমালোচনার পরেও এই খেলার কোন দরকার ছিলো?? সেক্ষেত্রে শেখ হাসিনা ও মাহমুদউল্লাহর একটা মিল রয়েছে।",riyad,AGAINST
e68a5fee1d4e36db,"সত্যিই মাহমুদউল্লাহর জন্য খুব খারাপ লাগে 🙂 এত বছর উনি দেশের জন্য ক্রিকেট খেলেছেন, সেই হিসেবে উনার বিদায় বা দলে রাখার ব্যাপারটা আরো সুন্দরভাবে হওয়া উচিত ছিলো 💔 প্লাস উনি একজন সত্যিকার অর্থে ভদ্র মানুষ ❤",riyad,AGAINST
2bdcedac79256440,"@rashedashraf4063 শেষ ১০ ইনিংস লিটন আর মাহমুদুল্লাহ রিয়াদ। যদিও লিটন ওপেনার, তার সুজগ বেশি থাকে ইনিংস বড় করার। যাই হোক তাদের শেষ ১০ ইনিংসের রানঃ লিটনঃ ২৮১, মাহমুদুল্লাহঃ ৩৮৭ মাহমুদুল্লাহ রিয়াদের ফর্ম নেই, তাতেই ভাল রান করেছে। ফর্ম থাকলে তো......😍🥰",riyad,FAVOR
7fb106e648a6dfad,Mahmudullah Riyad ভাইকে আমরা সকলে দলে চাই! নাহলে হয়তো ভালো হবে না।,riyad,FAVOR
a21a715a60b14c60,"আমার ও মনে হয়, মাহমুদউল্লাহ রিয়াদ ভাইকে আবার সুযোগ দেওয়া উচিত। সময় আবার ভালো ও আসতে পারে। 🌹🥀🌷🇧🇩🇧🇩🇧🇩🇧🇩🇧🇩🤲🤲🤲",riyad,FAVOR
cd65b64e7ee44824,এশিয়া কাপ ও বিশ্বকাপে রিয়াদকে দলে নিলে ভালো হবে। আফিফ ফর্মে নাই,riyad,FAVOR
99103efd88226768,Riad is the best finisher in Bangladesh at number 6/7 position.,riyad,FAVOR
c0bb6b6cb0f56a24,রিয়াদ এক জন ভালো অলরাউন্ডার এবং সাত নম্বর পজিশনের জন্য পারফেক্ট প্লেয়ার বিসিবির উচিত অবিগগতার জন্য অন্তত এশিয়া কাপ এবং বিশ্ব কপে তাকে দলে রাখা,riyad,FAVOR
6fa28c0d95966020,সাংবাদিক সম্মেলনে করে আনদোলনের ডাক তুলুন রিয়াদ ভাইকে বিশ্বকাপে নিতেই হবে,riyad,AGAINST
020cd9eb46dcd05b,Mahmudullah o j seei level er player setao kintu na...bd te ekn kono valo maner player ny...setao mante hobe...,riyad,FAVOR
d73b1ee98118b59e,জাতীয় দলে রিয়াদ ভাইয়ের অবদান ভুলার নয়🥰🥰🥰 আমারা চাই তিনি জাতীয় দলে যেন ২৩ ODI বিশ্বকাপ খেলতে পারে✅✅✅✅✅,riyad,AGAINST
b5986b0c90d418bd,"আমি চাই রিয়াদ ভাই ক্রিকেট থেকে অবসর নিয়ে যাক,, যাকে কদর এই করেনা বিসিবি কিছুদিন পরপর নাটক শুরু হয়,আমি বাংলাদেশের সাপোর্ট কখনো করিনি বাট কিছু প্লেয়ার আছে যারা বাংলাদেশ দলের মহানায়ক তাদেরকে অসম্মান হতে হয় লজ্জা জনক",riyad,AGAINST
eb5dd624186dc76c,"ভাই রিয়াদ আছে বলে ৫০ ওভার খেলতে পারি,,,,একটা ম্যাচ খেলেনাই তাই ৫০ ওভার খেলতে পারে নাই,,,,,,,আর তাকে বাদ দেই,,,,,",riyad,AGAINST
468a77d68ad76f26,আজকে নিশ্চিত বলা যায় রিয়াশাদ আজিম না থাকলে রিয়াদের ক্যারিয়ার ওখানেই শেষ হয়ে যেত।আজ সত্য কে তুলে ধরার জন্য আপনাকে অনেক ধন্যবাদ ভাই (রিয়াশাদ আজিম?,riyad,AGAINST
5e9792c1001b6dbc,সত্যি কথা বলতে বাংলাদেশের খেলা দেখি শুধু রিয়াদ ভাইয়ের ব্যাটিং দেখার জন্য সে ভালো খেলছে আমি জিতে গেছি।😊😊😊,riyad,FAVOR
4502fe3d2c08251d,অভিজ্ঞতার যে আলাদা একটা দাম আছে সেটা আবারো প্রমাণ করলেন রিয়াদ ভাই। অথচ এশিয়া কাপে রাজনীতি করে উনাকে দলে রাখা হয়নি The greatest finisher of all time in Bangladesh 🔥❤️,riyad,FAVOR
37e13be0b683d517,"যখন আপনার টিম প্ল্যান ই হয় এমন এইখানে রিয়াদের দোষ কি? ""আমাদের লক্ষ্য ছিল ওই টার্গেটের (১৩ ওভারে জয়) জন্য প্রথম ৬ ওভার চেষ্টা করবো। শুরুতে উইকেট না পড়লে সেমির সুযোগ নেব। যখন তিন উইকেট পড়ে যায় তখন আমাদের চিন্তা ছিল কীভাবে জিততে পারি। কিন্তু আমার মনে হয় ব্যাটাররা সঠিক সিদ্ধান্ত নিতে পারেনি। ওইখানেই আমরা হেরে গিয়েছি"" নাজমুল শান্ত",riyad,AGAINST
90daa66c8ec9c21c,Sarkar and Riyad khelbe tahole Bangladesh je kono team er sate jitte pare are jodi vul val siddanto nei BCB tahole hoga mara sara Asia cup er moto sarkar ek bad diye hoga khaise Bangladesh,riyad,AGAINST
9f289e4bd48b89e5,ক্রিকেটে আমার সবচেয়ে প্রিয় রিয়াদ ভাই রিয়াদ ভাইকে অনেকদিন পরে অনুশীল করতে দেখে ভালো লাগতেছে ❤️❤️❤️আশা করি ভাইকে এখন থেকে নিয়মিতই দলে কিংবা বিশ্বকাপে বা এশিয়া কাপে দেখতে পারবো ❤️❤️,riyad,FAVOR
4c16b5d9d5daae6f,"মাহমুদউল্লাহ এর বাদ কথাটা শুনে মন টাই খারাপ হয়ে গেলো, অন্তত তাকে খেলোয়ার হিসেবে খেলিয়ে যেতে পারতো, তার অভিজ্ঞতা দলকে অনেক কাজে দেবে।দেশের সেরা ফিনশার এর অভাবে বাংলাদেশ দল এশিয়া কাপে ভুগতে হবে",riyad,AGAINST
ea79180a785c9f25,রিয়াদ বাদ বাহ বাহ একটা ম্যাচ খেলা দেখবোনা মেজাজ টাই খারাপ,riyad,AGAINST
d96c907b9a201b85,মাহমুদউল্লাহ বাদ হায়রে সোনার দেশের সোনার এিকেট!,riyad,AGAINST
0b5a0bfac5ce37db,Riyad badh kotha ta sune mathay Akash venge porlo.,riyad,AGAINST
c520ec41c8fe7050,"শান্তকে বাদ দেওয়ায় সমস্যা নাই,কিন্তু মাহমুদুল্লাহ্ কে বাদ -? ধারনাই করতে পারছি না",riyad,AGAINST
49bbdd621e5dbcd3,"রিয়াদ কে নিয়ে সবাই অবগত, সবাই যথেষ্ট পরিমাণ কথা ও বলছে কিন্তু সব চাই তে বেশি কথা বলছেন আপনি। সেই কারণে ও হয়তো আমরা একটা বিশাল পরিবর্তন দেখতে পাবো,যার জন্য পুরো বাংলার ক্রিকেট প্রেমিক মানুষ অপেক্ষায় আছে। আজিম ভাই কে অনেক অনেক বেশি ধন্যবাদ।",riyad,AGAINST
d8a2cbe2d6269fed,"মাহমুদউল্লাহ রিয়াদের জন্য আপনার প্রতিনিয়ত নিউজের কারনেই বিসিবি খুব চাপে আছে!! ধন্যবাদ ভাইয়া,,,",riyad,AGAINST
c195159f0d4ec47e,অসখ্য ধন্যবাদ প্রিয় রিয়াসাদ আজিম ভাই ❤ বাংলাদেশের ক্রিকেটপ্রেমীদের একটাই দাবি মাহমুদউল্লাহ রিয়াদকে এশিয়া ও বিশ্বকাপ দলে চাই,riyad,AGAINST
5b2e6ff965a1cbe7,"আমরা চাই মাহমুদউল্লাহ এশিয়া কাপে ফিরিয়ে আনাহক,ধন্যবাদ যারা তাকে ফিরিয়ে আনার জন্য কাজ করতেছে।",riyad,AGAINST
119dfcadd6f96c4d,আসসালামুয়ালাইকুম রিয়া সাদ আজিম ভাই আপনাকে জানাই অসংখ্য ধন্যবাদ আপনি মাহমুদুল্লাহ ভাইকে নিয়ে আপনি যত কথা বলছেন যদি আরো অন্য কয়েক সংবাদিক কয়েকজন সাংবাদিক যদি কথা বলতো তাহলে কোন কিছু রেজাল আসতো আপনার মতন কোনো সাংবাদিক কথা বলে নাই কিন্তু আমরা বাহির থেকে যারা মাহমুদুল্লাহর জন্য সাপোর্ট করি কোন কাজে আসতেছে না আর বিসিবির নাটক কখনো শেষ হবে না,riyad,AGAINST
9a08008cf2330624,"ধন্যবাদ মাননীয় প্রধানমন্ত্রী কে,,,রিয়াদ কে দলে চাই",riyad,AGAINST
f8426382cc6129b1,😊😊😊 তাই নাকি ভাই ভালো ানেক অনেক ভালোবাসেন আপনি রিয়াদ ভাই কে এটা তার প্রমাণ,riyad,FAVOR
35daa842eedf066b,একমাত্র রিয়াসাদ আজিম ভাই ই কি উচিত কথাটা প্রেজেন্ট করার সাহস পায়? আর কেউ কি নেই রিয়াদকে নিয়ে তুলে ধরার জন্য? সবাই কি তাহলে তেল দিতে ব্যস্ত? কিরে ভাই তোরা কি রকম সাংবাদিক যে দেশের ভালো হবে এমন কিছু উপস্থাপন করতে পারোস না? রিয়াসাদ আজিম বাংলাদেশে একমাত্র সাংবাদিক যে বুকে সাহস নিয়ে কথার সামর্থ্য আছে। ধন্যবাদ ভাই দোয়া রইল।,riyad,FAVOR
d7dc03de79f302fa,মাহমুদউল্লাহ কে দলে না নেওয়াতে খুব ভালো হয়েছে কারণ নতুনদের কেউ সুযোগ করে দেওয়া উচিত,riyad,FAVOR
85847c4e4e3aa823,ভাই আপনাকে ধন্যবাদ যেভাবে আপনি ক্রিকেটকে বাঁচানোর জন্য চেষ্টা করে যাচ্ছেন তার জন্য আপনাকে আবারো ধন্যবাদ❤ আপনার কারণে আমরা আবার মাহমুদুল্লাহ কে দলে দেখতে পারবো ইনশাআল্লাহ,riyad,AGAINST
f93372139de3b16f,রিয়াদ ভাই দলে ফিরলে দলের জন্যে অনেক ভালো হবে আসাকরি,riyad,FAVOR
9cabceefce50a7e4,"রিয়াসাদ আজিম ভাইকে ধন্যবাদ,অন্যায়ের বিরুদ্বে ফাইট করার জন্য।রিয়াদ ভাইকে দলে চাই। বিশ্বকাপে ও এশিয়াকাপে রিয়াদ ভাইয়ের অনেক প্রয়োজন।",riyad,AGAINST
73583b52935e4af0,আমাদের বাংলাদেশের জাতীয় টিমে হুইন মারামারির শেষ নাই না হলে কেন ভালো প্লেয়ার বসে থাকবে এতদিন সার্ভিস দিয়ে এই চার মূল্য মাহমুদুল্লাহ রিয়াজ ভাই এখন দলে নাই,riyad,FAVOR
a00542aedf7dd240,"Bhai, Dhukhojonok holeo jeta bastob sheta hoilo Mahmudullah Riyad World Cup squad a thakbena. BCB internal politics is dirty.",riyad,AGAINST
7327bc13362d6f5c,এবাদদের বদলে রিয়াদ কে নিয়ে নিলেই ঝামেলা শেষ..৪ জন পেসারের বেশি লাগেনা একটা দলে..,riyad,AGAINST
483e3e38c7ba8700,"এই বেপারে নিউজ দেখতে আর ভালো লাগে না। আপনি আমাদের মাফ করেন ভাই, রিয়াদ ভাই যদি দলে আসে তাইলে খবর দিয়েন।",riyad,FAVOR
1bff1965bde3c3be,"শত জল্পনা-কল্পনার মাঝেও রিয়াদ ভাই আবারও কামব্যাক করুক এটাই আমরা চাই, রিয়াদ ভাই কে অনেকগুলো নিউজ করেছেন এ জন্য আপনাকে ধন্যবাদ। আমরা মনে করি আপনার কারণেই রিয়াদ ভাইয়ের এশিয়া কাপ ও বিশ্বকাপ খেলতে পারবেন ,❤❤❤",riyad,AGAINST
beb009736bd5db52,নাঈম ও শান্তর চেয়ে রিয়াদ এখনও অনেক ভালো। আমাদের বর্তমান সময়ে টপ অর্ডারের ব্যাটসম্যানর ব্যর্থতার কারণে রিয়াদকে ধরে খেলতে হচ্ছে। রিয়াদ এর হাতে এখনও প্রচুর হিট রয়েছে।আমি মনে করি রিয়াদ কে দলে রাখা উচিত।,riyad,FAVOR
f758099bf3bc8779,মাহমুদুল্লাহ রিয়াদ ভাই অবসরে যাওয়ার উচিত এই রকম অপমানের চেয়ে,riyad,AGAINST
6bf7794a00f905ca,শান্তির থেকে রিয়াদ ভাই ভালো। তাকে শেষ বিশ্বকাপ খেলার সুযোগ দেয়া হোক।,riyad,FAVOR
d15a13f2eb21f3c6,শান্ত নাইম দিয়ে কাজ হবে না। ঐ কন্ডিশনে সৌম্য রিয়াদ ভালো করবে ইনশাল্লাহ।,riyad,FAVOR
18381fa9ba366a91,রিয়াদ আজিম ভাইয়ের প্রশ্ন দক্ষতা অসম্ভব লেভেলের। এগিয়ে যান ভাই। বর্তমান সময়ে সাহসী সাংবাদিক বলে যদি কিছু থেকেই থাকে সেটা আপনি।,riyad,AGAINST
8b9fb29e5e2b6281,দেশের মানুষ চাই আপনাদের মাধ্যমে মাহমুদুল্লাহ কে নিয়ে আরো প্রতিবাদ হোক,riyad,AGAINST
2244ddef657e6670,রিয়াদ ভাই কে শেখাবে দেখতে চাই ভাইয়া আপনার সাহসী সাংবাদিকতার জন্য আপনাকে এজন্য লাইক করি,riyad,AGAINST
c8e8a329fcee9c96,সময় সবার জন্য সবসময় এক থাকেনা ✅ মাহমুদুল্লাহ বাইরে এই খারাপ সময় তার পাশে থাকা উচিত 🇧🇩🇧🇩 আমাদের এই টিমের জন্য সবাই দোয়া করবেন 💜💜,riyad,AGAINST
36e44a9c85147894,৫০/৬০ রানে যদি আমাদের ৪/৫ উইকেট না পরতো তাহলে রিয়াদের স্ট্রাইক রেট ঠিকই ভালো থাকতো 😡😡😡,riyad,FAVOR
7073fd667c7351de,"কেন রান রেট টা এত কম, সেই কারণটাও একটু বলে যেতেন। মিরপুরের মত উইকেটে যেখানে টিকে থাকাই মুশকিল, সেখানে সে এক পাশ ধরে রেখে রান করে গেছেন। যখন আপনি প্রথম ১০ ওভারের মধ্যে চার-পাঁচ উইকেট হারিয়ে ফেলবেন, তখন রান রেট নয়, উইকেটে টিকে থাকাই মুখ্য হয়ে দাঁড়ায়। গত এক বছরে সর্বোচ্চ রানের তালিকায় তিনি দ্বিতীয়। হাতেগোনা দুই এক জন ব্যাটসম্যান ছাড়া যেখানে সবাই রান করতেই ব্যর্থ, সেখানে আপনি কম রেট হলেও নির্ভরযোগ্য রান করা মাহমুদুল্লাহকে কিভাবে ফেলে দিতে পারেন?",riyad,AGAINST
bfe66e0a31ac0728,"লাস্ট ১০ টা সিরিজে রিয়াদের রান বাংলাদেশের মধ্যে ২য় সর্বোচ্চ। এবার বাস্তবতা হলো আপনার উচিৎ রিয়াদের চেয়ে কম রান যারা করেছে তাদেরকে আগে বাদ দিয়ে রিয়াদের দিকে নজর দেওয়া। সর্বোপরি আগে খেলা দেখুন, তারপর কথা বলুন। খেলা না দেখে শুধু গুগলে সার্চ করে দেখলে এমনটাই হবে",riyad,AGAINST
39b538a189523ed3,"এই রিপোর্ট এর তীব্র নিন্দা ও প্রতিবাদ জানাই, এবং আয়ারল্যান্ড সিরিজে অবশ্যই রিয়াদ কে দেখতে চাই",riyad,AGAINST
b82142cb01adddc3,"আমার মতে ম্যানেজমেন্ট সঠিক সিদ্ধান্ত নিয়েছে, বয়সের কাছে হার মানতে হবে এটাই নিয়ম, রিয়াদের বদলে অন্য কাউকে সুযোগ দিলে সেটাই ভালো হবে🙏",riyad,FAVOR
28a055a8dcbf4340,"সারাজীবন এক রকম খেলবে এটা কিন্তু না, রিয়াদ ভাই ভালো মানের প্লেয়ার বাট ইদানিং তার খেলা গুলো আর ভালো হচ্ছে না তাই সরে যাওয়া উত্তম",riyad,FAVOR
7452762d122e7667,ভাই রিয়াদ ভাইর আরো দরকার আছে হাতুরুর বোঝায় ভুল আছে ওর বিকল্প এখনও বাংলায় হয়নাই,riyad,AGAINST
00b74f5f1c1fd169,রিয়াদ কে বিশ্বকাপ একাদশে রাখা উচিৎ এবং হোক। রিয়াদের ব্যাটিং এভারেজ এখনো অন্যদের চেয়ে অনেক ভালো,riyad,FAVOR
97f56cd09364e9f8,আপনারা যেমনটা ভাবছেন তেমন টা না পারফর্ম করলে রিয়াদ ভাইকে আবার দলে নিব। সবাই আমাদের জন্য দোয়া করবেন যাতে সামনে ভালো কিছু হয়😊🇧🇩❤️,riyad,FAVOR
ecbb58e527835a36,"৯০ রানে ৬ উইকেট পড়লে,রিয়াদের স্ট্রাইক রেট ভালো কি করে হবে?",riyad,FAVOR
fcb7966fcde0f48a,সাংবাদিক এর উচিত আরো মনোযোগ দিয়ে খেলা দেখা উচিত রিয়াদ নামেন ছয় নাম্বারে বাকি আউট হয় দ্রুতই আর কথা হয় রিয়াদের স্ট্রাইক রেট নিয়ে,riyad,AGAINST
0097a02d7eafc24b,"ভাই আপনারা প্লেয়ারদের লাইফ ধংস করে দেন,কিছু দিন আগে ইন্ডিয়ার সাথে রিয়াদ ভাই ভালো রান করছে,ফিটনেস দিয়ে কি লাভ যদি রান করতে না পারে,",riyad,FAVOR
dd05bb1801407371,"ভাই,রিয়াদ যখন নামেন তখন দল অনেক চাপে থাকে,তাই কিছু ডট যায়,তাছারা বাংলাদেশের কোন ক্রিকেটার ডট দে নাই অথচ নাম হয় শুধু রিয়াদের।তার অবদান আপনারা সাংবাদিকরা ভুলে গেছেন।",riyad,AGAINST
17e9a9f572697b9b,আবেগ বাদ দিন ভাই । রিয়াদ এক সিজেন শুরু ভালো খেলছে 15শালে । এর আগে পরে আর কিছু নেই ।,riyad,FAVOR
746e98c409c9785b,মাহমুদউল্লাহরা সম্মান নিয়ে অবসর নেয় না কেন?,riyad,AGAINST
b918c1c9636bf6b5,রিয়াদকেই রাখা ভাল ছিল। কারন হুট করে বড় আসরে নতুন কেউ অধিনায়কত্ব করতে সম্যাসা হতে পারে। দীর্ঘসময় অধিনায়কত্ব করলে বুঝতে পারে।,riyad,FAVOR
2740624ebf7b849a,"T20তে যেহেতু ফর্ম নেই,তাহলে অবসর চলে যাক,,,,,রিয়াদ শুধু ওডিয়া খেলানো দরকার,টেষ্ট ও ভালো ছিলো,,কিন্তু অবসর নিয়ে নিলেন",riyad,FAVOR
2892dfffb1d8e6f4,"সবাইকে দিয়ে ক্যাপ্টেনসি হয় না, রিয়াদ না নির্বচকদের ভুল।",riyad,AGAINST
a992efec5812d41a,মাহমুদুল্লাহ কে দয়া করে বাদ দেন অন্য সংবাদ করেন। মরা নিয়া টানাটানি।,riyad,AGAINST
0629ab86fdd38002,সব চাইতে ভালো হবে রিয়াদের যায়গায় সাব্বির কে ম্যাচ খেলানো,riyad,FAVOR
bbb5e5a4657a6968,ধন্যবাদ রিয়াদকে এ সিদ্ধান্ত নেওয়ার জন্য যেখানে সম্মান নাই সেখানে না খেলাই ভালো,riyad,FAVOR
3f4db4d0500685ad,বাংলাদেশ ক্রিকেট দলের যে কয়জন সিনিয়র ক্রিকেটার আছে তার ভিতরে আমি মনে করি একজন হচ্ছে মাহমুদুল্লাহ রিয়াদ হারা ম্যাচকে জিতিয়ে মাঠ ছেড়েছেন মাহমুদুল্লাহ রিয়াদ সেইটাকে টেস্ট দল থেকে বাদ দেয়া আবার তাকে টেস্ট দলে অন্তর্ভুক্ত করা উচিত হয়নি সে তো একটু অভিমান করতেই পারে,riyad,AGAINST
e0802cf19e34086f,"আমি দায়িত্ব নিয়ে বলছি, মাহমুদুল্লাহ যদি ওয়ান ডাউনে খেলে , তাকে যদি সুযোগ দেওয়া হয় সে হবে বাংলাদেশের সেরা ব্যাটসম্যান ওয়ানডে, t20, টেস্ট এই তিন ফরম্যাটেই। শেখ কোথায় খেলে ভাই একটা ভালো ব্যাটসম্যান এত শেষে খেলে আমি অবাক হয়ে যাই 🤔🤔🤔🤔",riyad,FAVOR
579b064069c2dfa7,রকিবুলের কথা মনে আছে?? সেও টেস্ট থেকে বাদ পরার পর অনেকদিন পরে হঠাৎ চান্স পেয়ে ফিফটি বা সেঞ্চুরি করে রিটায়ার্ড করে। কিন্তু এরপর আর অন্য ফরমেটে দল থেকে বাদ পরে যায়। রকিবুল এখনো খেলে কিন্তু জাতীয় দল তার জন্য বন্ধ হয়ে গেছে। রিয়াদের ক্ষেত্রেও অন্য ফরমেটে হয়তো এমন অপেক্ষা করছে।,riyad,AGAINST
7f766cca1239f560,"Personally, I love Riyad Mahrez, he's one of my favourite players, I'd hate to see him dropped to the bench but I think we give Bernardo a game on the Right, Maybe Ferran Torres if he's up for it because Mahrez under the new sort of System has been less effective, Still don't understand why he's getting so much Backlash right now though because Sterling (and Foden on the left) also haven't been at there best. Hope to see him back at his best soon! CTID💙",riyad,FAVOR
c0dce703247374f9,রিয়াদ কে নিয়ে দল আরো ভালো করতে পারে বিশ্বকাপে...,riyad,FAVOR
5a1f2b46875b47b9,Riyad chara sob match BD haruk.. valo akta cricketer ke ei vabe nosto kore felbe,riyad,FAVOR
7de70546a7a6ea53,Riad k Nia ato natok keno. faltu bord papon Vai er Katha kaje mil nai.,riyad,AGAINST
be966efacfd626bc,মাহমুদুল্লাহকে দলে রাখলেই খেলাতে হবে এরকম খোরা যুক্তি দিচ্ছে বাদ দেওয়ার জন্য। কেন? একাদশে না রাখলেও রিয়াদ ভাইকে ১৭ জনের স্কোয়াডে রাখা যায়। পরে তার জায়গায় যে খেলবে সে ফেল করলে রিয়াদ ভাইকে একাদশে খেলানো যেতে পারে,riyad,AGAINST
8ab3f4ddea7c9853,"ধন্যবাদ রিয়াদ ভাই আপনাকে,,,,,আপনাকে অনেক বেশি ভালোবাসি,,,,আপনার উত্তরগুলো খুব ভালো লেগেছে,,,,,,তবে যারা সমালোচনা করে আল্লাহ তাদেরকে হেদায়াত দান করুন,,,এবং আপনাদের মেহনত কস্ট গুলো বুঝার তাওফিক দান করুক",riyad,FAVOR
fed3cd1ffe7f64c6,রিয়াদ ভাই আপনার মলিন মুখটা দেখে খুব খারাপ লাগছে তবে সান্তি পাচ্ছি এই ভেবে যে আজকে নিন্দুকের জবাবটা খুব ভালো ভাবে জবাব দিয়েছেন আপনার ব্যাটের মাধ্যমে দোয়া করি ভাই যতদিন খেলবেন ততদিন যেন এই ভাবে জবাব দিতে পারেন,riyad,FAVOR
07af9c592395b9ab,"রিয়াদ ভাই' মন খারাপ করবেন্যা""""""আল্লাহর উপর ভরসা রাখবেন""""""",riyad,AGAINST
a5b36bd6cf919217,রিয়াদ ভাই একদম ঠিক কথা বলেছেন সাংবাদিকরা আগে ভালো করে সাংবাদিকতা করা শিখে তারপর প্রশ্ন করুন,riyad,FAVOR
25fb03e3c784f16d,Mahmudullah is the most humble and very very valuable n good player of Bangladesh team 💝💝,riyad,FAVOR
31c17128f9a658b4,"রিয়াদ ভাই সাংবাদিকদের উচিত শিক্ষা দিয়েছেন যারা সমালোচনা করে তাদের জন্য একটি উপহার,, আমরা জিতলে বাংলাদেশ হারলে জিতলে ও বাংলাদেশ 🇧🇩🇧🇩❤️❤️❤️ এগিয়ে যাও অনেক অনেক শুভকামনা রইল 🇧🇩🇧🇩❤️💪💪💪🇧🇩🇧🇩🇧🇩🇧🇩🇧🇩🇧🇩🇧🇩🇧🇩🇧🇩🇧🇩🇧🇩🇧🇩 রিয়াদ ভাই মন খারাপ করবেন আগামী তে ম্যাচ গুলো জিতে জবাব দেন 💪💪🇧🇩🇧🇩🇧🇩",riyad,AGAINST
2e480641af9e4836,রিয়াদ ভাই মনে হচ্ছে কেঁদে love u Bangladesh 🥰🇧🇩,riyad,FAVOR
5ca68a180ccfe65b,"Lots of respect & love for Captain Mahmadullah Riyad & Team Bangladesh... Feeling sorry for hurting your imotions, belive me you all are real tigers & salute you from our heart....",riyad,FAVOR
aebbacc6f6c253b7,মাহমুদউল্লাহ ভাইয়ের কথাগুলো শুনে খুব খারাপ লাগলো😭। আসলেই তো সবারি মন আছে। একটা হারের জন্য আমদেন অনেক বেশি বলা হয়ে গেছে।বিশেষ করে তাদের কে অনেক গলাগালি দেওয়া হয়ছে। সরি মাহমুদউল্লাহ ভাই🙏🙏,riyad,AGAINST
394ae7eaffac96d7,Riyad vaiar kotha gulo thik ase. Ar Sob somai alhah ar upor vorosa rakha. I love Riyad vai. Harley bangladesh. Gitleo bangladesh 💗💓💞❤🧡,riyad,FAVOR
2d27b83e420de62d,রিয়াদ ভাই জারা বাংলাদেশ ঐিকেট কে বালোবাসে তারা কখোনো আপনারা জতোই খারাপ খেলেন না কেনো খারাপ কথা বলতে পারে না সেলু্ট ভাই ❤️❤️❤️❤️❤️❤️,riyad,AGAINST
6aea79cb9e6994a3,"Love you❤️❤️রিয়াদ ভাই আপনার কথা গুলো শুনে ভাই আমাদের দেশে অনেক মানুষেই আপনাদের খারাপ বলে বা খারাপ বাভে গলি দেয় ভাই এগুলো নিয়ে মন খারাপ করবেন না ভাই, জারা বাজে কমেন্ট কারে তাদের সবাব টাই এমন",riyad,AGAINST
90766170a6df8ebc,রিয়াদ ভাই মনে হয় কেদেই দিবে... দোয়া রইল সবার জন্য...ভাল কিছু হইবে ইনশাআল্লাহ,riyad,FAVOR
51047db67456ee26,"মাহমুদুল্লাহ ভাইকে অনেক ভালো লাগে, কথা বলার সময় সব সময়, ইনসাআল্লাহ, আলহামদুলিল্লাহ, বাকিটা আল্লাহর ইচ্ছা, এই কথা গুলি অনেক অনেক ভালো লাগে।",riyad,FAVOR
7515057496077d5a,"ভালো লাগার ভালোবাসার প্রিয় রিয়াদ ভাই,সবসময় আপনার পাশে ছিলাম আছি থাকবো, ইনশাল্লাহ",riyad,FAVOR
1ddf5c3123a9a0bc,হারলেও বাংলাদেশ জিতলেও বাংলাদেশ।।ইনশাআল্লাহ আমরা সুপার টুয়েলভে অনেক ভালো করবো।।রিয়াদ ভাইর কথা গুলা শুনে চোখে পানি চলে আসছিল।। এগিয়ে যাক বাংলাদেশ ক্রিকেট দল।। আমার মনে হয় সমালোচনার দিকে কান না দেয়া ভালো হবে তা না হলে প্লেয়ারদের কনফিডেন্স অনেক টা ছোট হয়ে যাবে।।,riyad,FAVOR
c0253f0c6b7ad090,খুব মনোকষ্ট নিয়ে রিয়াদ ভাই কথাগুলো বলছেন। আসলে ক্রিকেটটা আমাদের কাছে এমনই। প্রত্যাশা অনেক বেশি থাকে বলে খারাপ করলে সমালোচনা করতে ছাড়ি না।,riyad,AGAINST
824319414f5c1af9,"রিয়াদ ভাইয়ের কথা শুনে আসলেই দৃষ্টিভঙ্গি বদলে গেল 😍😍 আমিও যদিও বাংলাদেশ খারাপ খেললে আমরাও উল্টো পালটা কথা বলি 😥 তবে একটা জয়ে আমিও আবার আগের মতই আশায় বুক বাধি 💗💗 আমি বিশ্বাস করি সব সময় ই জিতলেও বাংলাদেশ হারলেও বাংলাদেশ,,, মাঝেমধ্যে হার টা মেনে নিতে পারি না বলে হয়তো আবেগে অনেক কথা বলে ফেলি,,, আমরা আসলে আবেগ প্রবন একটা জাতি তো হয়তো এরজন্যই 🥰🥰 তবে আমরা সব সময় আপনাদের পাশে আছি এবং থাকব,,, আমরা আপনাদের সাপোর্ট বেশী করি বোর্ডের তুলনায়,,,,, আপনাদের জন্যই স্বপ্ন দেখি তাই হারলে আপনাদের উপর ই রাগ করি তবে সেটা একটা জয়েই সব ভুলে আবার আনন্দে মেতে উঠি,,,, রিয়াদ ভাই ক্যাপ্টেন অফ বাংলাদেশ এগিয়ে যাও,,,,, শুভকামনা রইল টিম টাইগার্স এর জন্য 🇧🇩🇧🇩🇧🇩🇧🇩🇧🇩🇧🇩",riyad,AGAINST
e3a0ef72c6d13f46,রিয়াদ ভাই মন খারাপ কইরেন না আমরা সবাই আপনাদের পাশে আছি এবং থাকব,riyad,AGAINST
63c8b90407f636dc,দেশের প্রতি ভালোবাসা থেকেই মানুষ ভুল বশত অনেক কিছু বলে ফেলে।। যদিও ছোট করে কথা বলা ঠিক না।। তবে মাহমুদুল্লাহ ভাই আপনাদের প্রতি ভালোবাসা সবসময় থাকবে🥰🥰😊,riyad,FAVOR
37fb1f837f59a5e3,রিয়াদ ভাই আপনার কথা গুলো ভালো লেগেছে আপনাদের সবার জন্য দোয়া রইলো হারলেও বাংলাদেশ জিতলেও বাংলাদেশ,riyad,FAVOR
b2aa5fe0764f185c,আজকের কনফারেন্স ঠিক আছে। সেলুট রিয়াদ ভাই। আসলে আমরাই আমাদের প্লেয়ারদেরকে পিছনের দিকে নিচ্ছি। আমরা সমালোচনা করে তাদের মনমানসিকতা নষ্ট করে দিচ্ছি। শুভকামনা প্রিয় বাংলাদেশ।,riyad,AGAINST
e191ccd3b1556e4b,ধন্যবাদ রিয়াদ ভাই উওর গুলো ভালো লেগেছে।,riyad,FAVOR
a58cd863fd61f3aa,Vaii ami dekte partecina onk kosto hocce.. Love u riyad vaii,riyad,FAVOR
f1a23317dc820be5,রিয়াদ ভাই যাই করুণ না কেন। অন্যদের থেকে ভালো করে যাচ্ছেন।,riyad,FAVOR
6ac937ac62c9743e,যদিও গল্পটা ব্যাথতাই ভরা আমার গল্পে তুমিই সেরা রিয়াদ ভাই....??? ❤️❤️,riyad,FAVOR
a8e7e42072009129,মাহমুদুল্লাহ রিয়াদ এর উচিত অবসর নিয়ে নেওয়া 😢,riyad,AGAINST
2054b02ab6a1b564,"To the Algerian legend, Riyad Mahrez, No matter the result of any match, you will always be a source of pride for every Algerian. You have carried Algeria's flag high on the biggest stages and brought joy to millions with your talent, creativity, and professionalism. Today, all we ask is that you play with the same heart and passion that have always defined you. We believe in you, trust your experience, and know that you have what it takes to make the difference when it matters most. Go out there with confidence. An entire nation stands behind you, believes in you, and prays for your success. Wishing you and our national team the very best. May you make Algeria proud once again🇩🇿❤",riyad,FAVOR
cdf0d0e63b3de2a7,"Thank you. After 12 years of hard work and bringing joy to Algeria and the Algerian people, you were our leader and will always remain our legend, Riyad Mahrez. May you always be our hero 🤍",riyad,FAVOR
07921622fb8dd1ab,"I hope the news I heard in the video is wrong, that this will be the last World Cup for the talented Riyad Mahrez I felt great sadness,I asked how much it would hurt us the day we see you leave But you should know,Mahrez, that you will remain an Algerian legend, unforgettable, and you will stay in our hearts, minds, and Our history, thank you for all the beautiful memories, thank you for everything you've given us, thank you Riyad Mahrez, I wish you all the best🥹🥹🫡👏👏🤧",riyad,FAVOR
30793f82295ebf57,"Riyad Mahrez is the greatest player in the history of Algeria, the Arab world, and Africa, and one of the best players in the world. This is his final World Cup as a player, but we want to see him as a coach in the World Cup with the Algerian national team in the future. We have seen how he helps players tactically and guides them; he will truly be a manager of great stature.",riyad,FAVOR
c5085d146a534abc,A true legend. Riyad Mahrez didn’t just win trophies—he inspired millions to believe that dreams have no limits. Algeria will always be proud of you. Thank you for your incredible legacy. 🇩🇿❤️,riyad,FAVOR
90e9bc86752c9de4,"Why am tearing😭 Riyad, we love you You are our pride, and you will stay our pride forever Thank you for everything 💚🤍❤",riyad,FAVOR
071c6668c22733c8,"To the Algerian legend, Riyad Mahrez, No matter the result of any match, you will always be a source of pride for every Algerian. You have carried Algeria's flag high on the biggest stages and brought joy to millions with your talent, creativity, and professionalism. Today, all we ask is that you play with the same heart and passion that have always defined you. We believe in you, trust your experience, and know that you have what it takes to make the difference when it matters most. Go out there with confidence. An entire nation stands behind you, believes in you, and prays for your success. Wishing you and our national team the very best. May you make Algeria proud once again. Long live Algeria! 🇩🇿❤️",riyad,FAVOR
31c873f65d0ee382,"Thank you Riyad, we've had incredible memories with you, a true LEGEND",riyad,FAVOR
5e96d5dad564bbcd,Algeria is so proud of u mahrez u did everything for us and we will never forget that one day we hed riyad mahrez our champion our team capitain our legacy ✨️ we will miss u so much and thank u for all your hard work to make algeria high 👏🇩🇿,riyad,FAVOR
a81166ba02519a88,We will never forget you Riyad our legend 🫶🏻,riyad,FAVOR
8a8bef9a3a8c3967,We love you riyad u bringed joy to our country for us u being in the national team is gonna be one the best mamories ever i hope u stay more or maybe u become our next coach and we want u to know that ur ppl love u and thank u for all ur matches 💗🇩🇿,riyad,FAVOR
b42c99ab64a8d99d,No one in football represented the flag in the big stages as number 26&7 did..he made us proud and inspired a lot of young talents even though we were always tough on him he always put his head down and worked for the goal and kept the main thing the main thing and always delivered🏆🏅🥇.. DZ have a weird way to show love but he knows we have MUCH love for him ❤️💚🤍 🇩🇿 We want argentina 🇦🇷 in the 1/4 let's GO Riyad No matter what One Two Three Viva l'Algerie ALWAYS 💪,riyad,FAVOR
2e0472b65f29271d,Riyad We love you Thia el Djazayer 💪🇩🇿 One two three Viva l'Algérie,riyad,FAVOR
a472b55458c5e2c3,Thanks Riyad for every thing we all are proud of you man ❤❤❤,riyad,FAVOR
3fb655186d3d4a73,We love you Riyad❤Thank you for everything.❤,riyad,FAVOR
7d52433fdabf0350,Thank you riad you are the best,riyad,FAVOR
6cb8c1c799449f30,Riyad is the best player in Algeria of historique,riyad,FAVOR
408a2c86d3da1272,"رياض محرز، أعظم لاعب كرة قدم جزائري في التاريخ! ⵔⵉⵢⴰⴷ MAHREZ ⴰⵎⴰⵔⵉⵔ ⵏ ⵜⴽⵓⵔⵜ ⵏ ⵓⴹⴰⵔ ⴰⴷⵣⴰⵢⵔⵉ ⴰⵎⴻⵇⵇⵔⴰⵏ ⴷⴻⴳ ⵓⵎⴻⵣⵔⵓⵢ! Riyad Mahrez, the greatest Algerian footballer in history! Riyad Mahrez, der größte algerische Fußballer der Geschichte! Riyad Mahrez, il più grande calciatore algerino della storia! Riyad Mahrez, le plus grand footballeur algérien de l'histoire ! 利雅德·马赫雷斯是阿尔及利亚历史上最伟大的足球运动员！",riyad,FAVOR
8053e0b47d28574c,We love you Riyad ❤ we are proud of you,riyad,FAVOR
7ac559c0d81a4d82,"Beautiful Game…. And Its wonderful to see, that the Riyad gives all Respect to this Stars ✨… it was Not only a friendly Game… it was a wonderful Welcome and Good Bye",riyad,FAVOR
b58cbdb9b86c1d47,আমি মনে করি বাংলাদেশ টিমে যদি কোন নম্র ভদ্র ভালো মনের মানুষ থেকে থাকে সেটা হল মাহমুদুল্লাহ রিয়াদ ভাই 😢,riyad,FAVOR
a5e2a07bd7d9c986,"রিয়াদ ভাই আপনার হাসিমুখ দেখে অনেক ভালো লাগলো ভাই, মেইড ইন ময়মনসিংহ ❤❤❤❤❤❤",riyad,FAVOR
9a6d7e3d6a6e8633,মাহমুদুল্লাহ তোমার জন্য আল্লাহর নিকট প্রার্থনা তোমাদের সকলের ইহকাল পরকাল ভালো হোক,riyad,FAVOR
e92e20b129a91fb1,মাহমুদউল্লাহ যে কতটা ভালো মনের মানুষ সেটা আজ আবারও প্রমাণিত হলো,riyad,FAVOR
e18163be97165b58,রিয়াদ ভাই ময়মনসিংহ এর গরব.. ভাই আপনাকে অনেক ভালোভাসি....,riyad,FAVOR
c3de5f32c8ce325f,আলহামদুলিল্লাহ দেখি অনেক ভালো লাগে শুভকামনা মাহমুদুল্লাহ রিয়াদ,riyad,FAVOR
a9ced9c136acd8d3,আমি অনেক বড় ভক্ত মাহমুদুল্লাহ রিয়াদের জিবনে জত রকম ভালো খেলোয়ার আসুক না কেন আমার কাছে সবসময় প্রিয় এই মাহমুদুল্লাহ ই থাকবো বাংলাদেশের টিমের সবচেয়ে অসাধারন একটা খেলোয়ার তিনি,riyad,FAVOR
4232cb13c8a35779,I Can't control my emotion 😢😢😢love you riyad Bhai .Allah always with you. Definitely you will come back to Bangladesh WC squad for sure..❤❤❤,riyad,FAVOR
c10720b953cf43c8,ধন্যবাদ একাত্তর খেলাযোগ কে কারণ মাহমুদুল্লাহ রিয়াদ ইস্যু তে সবচাইতে কথা বলেছে খেলাযোগ আর তার সহকর্মী রিয়াসাদ আজিম ভাই,riyad,AGAINST
9446ec0ddda4721f,রিয়াদ ভাই এর জন্য অনেক কষ্ট লাগে।। খুব ভালো মনের মানুষ।। কিন্ত বিসিবি কখনো থাকে সম্মান দেই না 😢😢😢,riyad,FAVOR
a63b68f3a1988374,"মাহমুদুল্লাহ রিয়াদ ভাই অনেক ভালো মানুষ,,, ভাই কে দলে দেখতে চাই",riyad,FAVOR
cbb13534249d2a12,আমাদের ময়মনসিংহবাসীর গর্ব মাহমুদুল্লাহ ভাই। মাহমুদুল্লাহ ভাইয়ের কান্না দেখে আর এখানে মানুষের কমেন্ট পড়ে মনের অজান্তেই চোখে পানি চলে এসছে। we love you so much mahmudullah vai❤ #বয়কট বাংলাদেশ ক্রিকেট বোর্ড,riyad,FAVOR
ef2de756f3d09408,"ভালো মনের মানুষ মাহামুউল্লাহ রিয়াদ,আল্লাহ তাকে সঠিক দ্বীনের পথে চলার তৌফিক দান করুন, আমীন",riyad,FAVOR
7cec2e4c558ec6dd,"ভালো বাসার মানুষ কে।আজকে।দেখে আরো ভালো লাগছে, রিয়াদ ভাইকে আমরা আবারো খেলাতে দেখো ইনশাআল্লাহ",riyad,FAVOR
a0ae7e3f406e427c,ইনশাআল্লাহ মাহমুদউল্লাহ ভাই আপনি বিশ্বকাপের ম‍্যাচে অনেক ভালো করবেন দোয়া করি।।।🌹🥀🌷🇧🇩🇧🇩🇧🇩🤲🤲🤲,riyad,FAVOR
96a69ce8f267f93d,"আলহামদুলিল্লাহ, আল্লাহ মাহমুদুল্লাহ ভাই, অনেক ভালো মনের মানুষ,তাকে নেক হায়াত দান করুন আমীন",riyad,FAVOR
89ef3abc56fe09b5,মাহমুদুল্লাহ রিয়াদ ভাই খুবই ভদ্র এবং ভালো মনের মানুষ❤️। আমরা বিশ্বকাপে রিয়াদ ভাইকে একাদশে চাই নয়তো দেশের ক্রিকেট বয়কট করবো,riyad,FAVOR
e90ae54c92226fab,মাহমুদউল্লাহ রিয়াদ একজন ভদ্র এবং খুব ভালো মনের মানুষ..??,riyad,FAVOR
ce76862c87938fa7,Cokhe jol eneche love u Mahmudullah Riyad vai,riyad,FAVOR
4b8dfb71d5cf2f72,দেখেই বুঝা যায় একজন ভালো মনের মানুষ রিয়াদ ভাই। কিন্ত ভিডিও টা দেখে চোখের পানি আটকাতে পারলাম না 😭,riyad,FAVOR
5d2dfb7f60f5f323,কি লিখব ভাষা হারিয়ে ফেলেছি আসলে অনেক মানুষের জীবনে এরকম ঘটনা ঘটে তখন তাদের কোন অপশন থাকে না ঘোর অন্ধকার চার পাশে তখনি আল্লাহ কারো না কারো মাধ্যমে সমস্ত বিপদ আপদ দুর করে দেয় আমীন মাহমুদুল্লাহ রিয়াদ ভাই এমন একটা ভালো মনের মানুষ উনাদের মত মানুষ পৃথিবীতে খুঁজে পাওয়া যায় খুবইয় কম আমি উনার এবং উনার পরিবারের সকলের দীর্ঘ আয়ু এবং সুস্বাস্থ্য কামনা করছি মাহমুদুল্লাহ রিয়াদ ভাই আমাদের বাংলাদেশের একজন নক্ষত্র,riyad,FAVOR
0a5f0fe28aa55721,by far mahmudullah is the best finishers till Bangladesh team ❤❤❤,riyad,FAVOR
9f2887d1434388ea,"আল্লাহ আপনাদের কে ভালো রাখুক এই দোয়া রইলো, নগদ এর এমডি এবং মাহমুদউল্লাহ কে ❤️❤️",riyad,FAVOR
2b360b1e85f4c29b,রিয়াদ ভাই আমার 38 বছর বয়স কিন্তু আমি একটা অবুজ শিশুর মতো কাদি যখন তোমার খারাপ খবর সুনি আর বিসিবির সবাইকে অনেক গাল মন্দ করি আর মোবাইল টা হাতে থাকলে শুধু খেলার খবর দেখি ওরা সবার সাথে তোমাকে রাখলে কি হয়,riyad,AGAINST
8f2d12b0601e1258,এখানে একমাত্র খেলা দেখিয়ে রিয়াদের জন্য মনটা খারাপ হয়ে গেল,riyad,AGAINST
12ffd1ce71414773,আমাদের স্বপ্নের নায়ক রিয়াদ ইনশাআল্লাহ বিশ্বকাপে এবার দারুণ করবে। আল্লাহ তুমি যা ভালো মনেকরো সেটাই করো সেইসাথে তাকে সুস্থতা দান করো আমিন,riyad,FAVOR
6f26b2e9c5194597,আল্লাহ তুমি মাহমুদুল্লাহ ভাইকে সুস্থ করে দাও সে যেন বিশ্বকাপেরপ্রতিটি খেলতে পারে তাকে গত এশিয়া কাপে অনেক মিস করেছি আর করতে চায় না এই বিশ্বকাপে সে একজন অনেক ভালো মনের মানুষ তাকে মন থেকে ভালবাসি ❤,riyad,FAVOR
8c448709acd1ca00,Best of Luck Riyad. God bless you. We always with you.,riyad,FAVOR
84430c44cd105fa1,Love u riyad vay.shuvokamona roylo apnar jonno.,riyad,FAVOR
3e8d2133aa9984ea,Mahmudullah riad vai is the best cricketer,riyad,FAVOR
928276a75fc11b5c,রিয়াদ ভাই এতো ভালো খেলে তার পরেও রিয়াদ ভাইয়ের নাম নাই,riyad,FAVOR
c6dcf6f0fcb50cb5,I love u boss Mahmudullah vai misss uu,riyad,FAVOR
7d20791ba62a409b,"রিয়াদ ভাইয়ার খেলা আমার খুব ভালো লাগে,, তিনি আমার প্রিয় খেলোয়াড়,,,, তিনি অনেক ভালো একজন মানুষ",riyad,FAVOR
c351cd3294f8ef26,Mahmudullah is the Best crickter for Bangladesh,riyad,FAVOR
778c2233c1818722,রিয়াদ ভাই অবসরে গেলেন খুব খারাপ লাগছে😣,riyad,AGAINST
ccdb1abca9ea1948,Zimbabwe bolei jiteche.. Onno boro team hole Mahmudullah retired nibe bollei jitte parto na.. Bodhai choda team bd,riyad,AGAINST
3863e6db315dfc3f,রিয়াদের উচিৎ এখন অবসরের ঘোষণা করে দেওয়া।,riyad,AGAINST
7a87b90bb876ff3b,মাহমুদুল্লাহ রিয়াদ Best 17 এ থাকা deserve করে।,riyad,FAVOR
fdfbdb7685cf1a08,"এটা নিশ্চিত করেই বলা যায় যে, রিয়াদ তার পারফরমেন্সের কারনে দল থেকে বাদ পড়েনি, দলে তার যায়গা না হওয়ার কারন অন্য কোথাও। প্রশ্ন আসতেই পারে, টিম ম্যানেজমেন্ট কি অবিচার করলো?",riyad,AGAINST
cb2a9c12c9cdd500,সৌদি আরব রিয়াদে আরো বিভিন্ন জায়গায় বাংলাদেশের এক হাজারের বেশি মেয়ে খারাপ কাজে নিয়জিত আছে 😢😢,riyad,AGAINST
dcd6f881c4bbf404,কত প্রকার দূর্নীতি হলে মাহমুদউল্লাহ এর প্লেয়ার দল থেকে বাদ পরে?,riyad,AGAINST
7c7f75a762831196,আসসালামুআলাইকুম ভাই। আমি দাম্মাম হাফার আল বাতেন এমবাসির লোক আসছিলো তখন E পাসপোর্ট করছি।কিন্তু পাসপোর্ট এখন রিয়াদ কোন জায়গায় বাংলাদেশ এমবাসি বললে ভালো হয় ভাই,riyad,FAVOR
6a4e8025d28287a2,আলহামদুলিল্লাহ রিয়াদ ভাই ভালো কিছু করতে পারবে ইনশাআল্লাহ,riyad,FAVOR
02659b7ccfdb4e00,রিয়াদ বাংলাদেশের জন্য বড়ো ভরসা রিয়াদ ভালো অলরাউন্ডার বোলিং নিয়মিত করলে অনেক উইকেট পেত রিয়াদের পরিক্ষা নিবার মতো কিছু নেই,riyad,FAVOR
537b1af220104fdf,"If it's Special Shirram choice then I think cheater corrupted Shirram should resign now , he himself need to learn cricket properly first then start coaching, how can he not select world class mahmudullah ,Shame on Bcb spending public tax money on this shit assistant coach",riyad,AGAINST
66c848b424adc0f3,"Riyad dole asle papon kisuta daymukto Hobe,but Haturu k khomakora jabena,he is a great culprit.",riyad,FAVOR
ded117f9caf35e10,ঠকেছে দুক্ষ নাই কারণ আমি চাইছিলাম রিয়াদ ভাই ভালো কিছু করুক 😊 রিয়াদ ভাই বিশ্বেকাপে জায়গা নিচিত্ব,riyad,FAVOR
558ab7b97175eeed,বাংলাদেশের এক কিংবদন্তি প্লেয়ার মাহমুদুল্লাহ রিয়াদ ইনশাল্লাহ সে আরো ভালো করবে আগামী মেসেজগুলোতে,riyad,FAVOR
3d886cd0c23830f0,"আমাদের লজ্জা নেই ভাই কারণ খেলা দেখতে ভালোবাসি ,প্রিয় মাহমুদউল্লাহ রিয়াদ ভাই",riyad,FAVOR
521d494ed25a4cc3,ধন্যবাদ বস ষড়যন্ত্রকারীদের উচিত জবাব দেওয়ার জন্য। ইটের জবাব পাটকেল দিয়েই দিতে হয়। অভিনন্দন সাইলেন্ট কিলার মাহমুদউল্লাহ বস❤️🎉,riyad,AGAINST
60bf40f3cf558a84,মুসফিকুর রহমান ভাই অবসর নিয়েছে ভালো করছে বিশ্ব কাপে তাকে ও নিত না বিসিবি মাহমুদউল্লাহ ভাইর মত,riyad,FAVOR
b4c6a82deff6b3b5,"বাংলাদেশের ক্রিকেট বোর্ডের সভাপতি নাজমুল হাসান পাপন ভাই আপনারা হলেন মাথামোটা তা না হলে মাহমুদুল্লাহ রিয়াদকে বাদ দিতেন না, অন্তত তাকে স্ট্যান্ডবাই রাখা উচিত ছিল,",riyad,AGAINST
3e6cf4d1d019974c,শান্ত দলে জায়গা পেলো কেমনে.?? রিয়াদ ভাই কে বাদ দেওয়া ঠিক হয়নি,riyad,AGAINST
f7759f379b9d70e3,Why for Nazmul hasan shanto?😡😡😡 It’s shocking out Shanto in Mahmudullah.,riyad,FAVOR
f8386dfa95d23581,"Mahmudullah Best choice hole Khushi hotam, Vhaloder ki somman deya hoy....",riyad,FAVOR
f092d435904c1bad,মাহমুদউল্লাহ বাদ মানলাম সমস্যা নাই কিন্তু শান্ত কি ভাবে সম্ভব হয়েছে?,riyad,AGAINST
49cac024dc703fca,"Nannu & Papon T-20 player hishebe rakha houk, World T-20 champion Bangladesh. Sriram Bangladesh k dubanor jonno Riad k bad diyeche.",riyad,AGAINST
c541dc03fcf072d7,রিয়াদ ভাই বাদ কেন শান্ত কোন ফর্মে দলে আছেন ? নান্নু গং এর কাছে প্রশ্ন ?,riyad,AGAINST
34070ba36887fe5f,শান্ত ইবাদত মেইন স্কোয়াডে আর সৌম্য মাহেদী Standby?? এমনকি মাহমুদউল্লাহ রিয়াদ কোথাওই নাই ভাইই বৃষ্টির দিনে কি মালমুল সবাই একসাথে খাইছে??,riyad,AGAINST
f42b5316bfd9dc4e,অবশ্যই রিয়াদ থেকে ইয়াসির রাব্বি ভালো বাট শান্তকে কোন হিসেবে নিলো?শান্তর মায়ের সাথে নান্নুর কোনো গোপন পরকীয়া আছে নাকি?,riyad,FAVOR
448d11ec71d88373,ভালো লাগলো এইটা শুনে। মাহমুদউল্লাহ ভাই খুলনার জন্য perfect captain,riyad,FAVOR
edc9fa1992ea581c,Mahmudullah Riyad is the best Captain and all-round 😍😍😍😍. Love you Riyad,riyad,FAVOR
65240ff21c78535c,Riyad is the best captain of all formats.,riyad,FAVOR
e41dd77e6a38619e,Excellent news. Riyad Bhai is not only a dedicated cricket player but also a good human being.,riyad,FAVOR
4aa99698dbb9ab60,গুড এটা ভালো কাজ করেছে মাহমুদুল্লাহ ভাই ঠিক আছে।।,riyad,FAVOR
10640b4b2e71b163,"মাহমুদউল্লাহর কোনো বিকল্প হয় না, আজ খারাব করলেও কাল ভাল করবে",riyad,FAVOR
e8bd54f3807599cb,আরে ভাই তাও তো সাত বা আটে আছে এখনই যদি টিম শক্তিশালী করা লাগে তাহলে তো মাহমুদুল্লাহ বাদ । যেটা প্রমাণ আমরা চলতি বিশ্বকাপে দেখলাম দ্বিতীয় ম্যাচ।,riyad,AGAINST
d8458e4f55a0ad34,"শিরোনাম টা এমনভাবে সাজানো, মনে হচ্ছে মাহমুদউল্লাহ অবসরকান্ড নিয়ে গুজবের কারণে মিলার বিরক্ত! #ভিউব্যবসা",riyad,AGAINST
e6d945ac415f66e5,I am not Mahmudullah. But he is a legend.,riyad,FAVOR
2ef5a1a13a4da650,রিয়াদ থেকে ইনশাআল্লাহ বিশ্বকাপে ভালো কিছু আশা করা যায়,riyad,FAVOR
0712dcd5a14dd917,দোয়া করি এই বিশ্বকাপে মাহমুদুল্লাহ রিয়াদ ভালো কিছু করে বিসিবির মুখে অবসর ছুড়ে মারে যেনো,riyad,FAVOR
45895a36648a35d5,টি টোয়েন্টি ইতিহাসে বাংলাদেশের সেরা খেলোয়াড় মাহমুদুল্লাহ রিয়াদ শুধু খারাপ গুলো ই তো টেনে আনলেন সামনে ভালো ম্যাচ গুলো তো আর আনলেন না,riyad,FAVOR
8fb2c2ed869f1970,"মাহমুদুল্লাহ রিয়াদ অত্যন্ত ভালো ব্যাটার, তার সমালোচনা করার সময় এখনো আসেনি কারণ বাংলাদেশের প্লেয়ারের মধ্যে ভালো খেললে মাহমুদুল্লাহ একজন।",riyad,FAVOR
330cf509cdb42936,মাহমুদুল্লাহ সবসময় মোটামোটি ভালো ব্যাট করে থাকে অন্যন্যদের চাইতে,riyad,FAVOR
979a982e76f01c7b,"মাহমুদুল্লাহ একজন অভাগা ক্রিকেটার,,, বারতি প্রেসারের জন্য এবারের বিশ্বকাপ ভালো খেলতে পারলোনা।",riyad,FAVOR
45ee91e726873935,mahmudullar samalocona kora thik na karon mahmudullah is the best player t20 bangladesh..bt captain not gd..,riyad,FAVOR
844dd10941066b27,"রিপোর্ট করার জন্য আর কোন টপিক খুঁজে পেলেন না? বাংলাদেশের কোন প্লেয়ার টা ভালো খেলে,দোষ টা মাহমুদউল্লাহ রিয়াদের নয়, দোষ টা বিসিবির, এবারের বিশ্বকাপ খেলানোর মতো সঠিক খেলোয়াড় সিলেক্ট করতে পারে নি",riyad,FAVOR
d6866303fb6bc5fb,Mahmudullah Riyad the best finisher in the Bangladesh.. ❤❤ any time any format....,riyad,FAVOR
c4c53bbb165eccf9,বাংলাদেশ ক্রিকেটে বর্তমানে যেই মানুষটি সবচেয়ে বেশি নিজেকে উজার করে দিয়ে দেশের জন্য খেলে তিনি মাহমুদুল্লাহ রিয়াদ। অনেক ধন্যবাদ আপনাদেরকে আমার প্রিয় খেলোয়ারের জীবন নিয়ে ভিডিও বানানোর জন্য। 🙂,riyad,AGAINST
0210f525302f6f6f,"জি, একদম ঠিক বলেছেন। এই মুহূর্তে বাংলাদেশ ক্রিকেটের জন্য জান প্রাণ উজার করে খেলা একমাত্র ক্রিকেটার মাহমুদুল্লাহ রিয়াদ! তেমনভাবে আর কেউ দায়িত্বশীলতার পরিচয় দেখায় না। তবে তাওহীদ হৃদয়ও খুব ভাল করছে।",riyad,FAVOR
9e2a602fe46a3f08,তার জীবনের গল্পটাই আরো একবার প্রমাণ করে আমাদের দেশ কতটা দুর্নীতি গ্রস্থ। হারিয়ে যাওয়া মানুষ গুলো ভালো থাকুক সব সময়। এইবারের বিশ্বকাপে প্রমান করে দিলো রিয়াদ ভাই যে তিনি কেমন রত্ন ছিলেন। ভালোবাসা ও সম্মান তার জন্য। ❤ ভালো থাকুক সাইলেন্ট কিলার। ❤️,riyad,FAVOR
8013457f0bbb947a,Riad is a great cricketer. একজন সফল মানুষ সম্পর্কে কিছু বলার সময় উচ্চারণের প্রতি খেয়াল রাখা জরুরী।উপস্হাপিকার বাচনভংগি ভালো হলেও বারবার আটকে যাওয়া ও লেখা বাদ দিয়ে যাওয়াও ব্যাপারটা বিরক্তিকর লাগছিলো।আপনি বেশি বেশি রিডিং পড়া চর্চা করবেন তবে এই সমস্যাটি দূর হয়ে যাবে ইনশাল্লাহ ।আশা করছি চর্চা আপনাকে সফলতা দেবে।,riyad,FAVOR
b5a440367bbdddd0,"কার কাছে কেমন লাগবে জানিনা,আমার এই কমেন্ট টা।আমি মনে করি বাংলার ক্রিকেট ইতিহাসে মাহমুদউল্লাহ রিয়াদ একজন ভালো খেলোয়াড়। যে কি না বার বার দলকে বিপদ থেকে বাঁচায়। 👍👍👍👍👍❤❤❤❤",riyad,FAVOR
50b13ed4d42d4495,"আসলেই সত্যি কথা বলেছেন রিয়াদ, মাঠের বাইরে থেকে মন্তব্য করা খুব সহজ, তাদের সমালোচনা না করে উৎসাহ প্রদান করা উচিত 😔",riyad,AGAINST
09f4bc3c08e31c72,মাহমুদউল্লাহ রিয়াদ ভাই আমার একজন পছন্দের খেলোয়াড় সে বেক্তি জীবনে খুব ভালো মানুষ ৫ ওয়াক্ত নামাজ পরেন।,riyad,FAVOR
c5044c6a447e25f6,"মুমিন শাহরিয়ার ভালো খেললে অবশ্যই বাংলাদেশ জিতবে।আশা করি রিয়াদ ভাইও আফগানিস্তানের সাথে টি-টোয়েন্টিতে ভালো খেলবে।আশা করি অন্য ব্যাটসম্যানরাও ভালো খেলবে,বোলারাও ভালো বোলিং করবে।শুভ কামনা রইলো।",riyad,FAVOR
af807a5034a98c9b,রিয়াদে ভাইকে মন মানুষিকতার দিক দিয়ে এবং সব দিক দিয়ে অনেক ভাল মনে হয়,riyad,FAVOR
35902dfa52659be4,I love Mahmudullah vai...💖 I hope he come back strongly.... Inshallah,riyad,FAVOR
f0198ff549231fb6,রিয়াদ ভাই অসাধারণ এক জন ভালো মানুষ।,riyad,FAVOR
44eba8816c8718d2,রিয়াদ ভাইয়া প্রতি বলে ৪/৬ মারার দরকার নাই। শুধু ভাল খেলেন তাতেই চলবে। কালকের জন্য অনেক অনেক শুভকামনা রইল ❤️🥰,riyad,FAVOR
8fc7fb5f7211d04c,"রিয়াদ ভাইয়ের না হয় ব্যাটিং না হয় ফিল্ডিং,সিনিয়রদের মধ্যে তাকে প্রথম অবসরে পাঠানো দরকার।",riyad,AGAINST
e9e98ee2889e3a8e,"@lonepenguinn রিয়াদের ভালো খেলে ৫০ করতে পুরুরায় তার কেরিয়ার শুরু করতে হবে,, এখন আরো এক বছর খেলে যদি তার মধ্যে একটা ৫০ করে এটা সম্নানের বিষয় নয় বরং অপমানের বিষয়।",riyad,FAVOR
d2096a04d8716e95,"@S M Mainul islam রিয়াদ বর্তমানে যা খেলে, আমি সিওর তার থেকে একটু ভালোই পারবো, হুম।",riyad,FAVOR
982bb4c2f2b45c6e,Riyad You can perform to the highest best batsman of Bangladesh in T20 please bat and bowl well,riyad,FAVOR
0748301bffc1d736,মাহমুদুল্লাহ অসাধারণ একজন খেলোয়াড় i love you bro,riyad,FAVOR
e3380c18abe1d577,Salute bro ..... mahmudullah😍😍😍😍😍😍😍😍😍😍😍😍😘😘😍😍😍 Love you so much,riyad,FAVOR
6183a6501baf4b72,Riad vai is my districtmate and he is AMAZING. Prottek khelai shesh bhorsha aiways tini puron koren.....Onek onek bhalobasha apnar jonno......,riyad,FAVOR
afb6608a68cc89ec,"রিয়াদ, খেলোয়াড় ও মানুষ হিসেবে দুই দিক দিয়েই অনেক ভালো..",riyad,FAVOR
3689ec079652e701,মাহমুদুল্লাহ রিয়াদ আমাদের দেশে একজন ভালো খেলোয়াড়,riyad,FAVOR
fa4d4a0213f414a5,Mahmudullah is a fantastic human being....but true is true...he is not in form right now,riyad,FAVOR
c3624d2692682e47,মাহমুদুল্লাহ রিয়াদ অনেক ভালো খেলে । উনি আমার প্রিয় খেলোয়াড় ।,riyad,FAVOR
54c2ca7ad05a56d6,বাংলাদেশের এমন পারফরম্যান্স এ কাকে দায়ী করছেন? বিসিবি ডোমিঙ্গো নাকি মাহমুদউল্লাহর অধিনায়কত্ব??,riyad,FAVOR
0d65a35b7fb84637,রিয়াদ গুড। সে টোয়েন্টি ফরম্যাটে এখনও ভালো করার যোগ্যতা রাখে,riyad,FAVOR
16a5ee87e09df667,রিয়াদ ভাই কে তিনে চারে নামানো হোক তাহলে ভাল করবে তাকে নামানো হয় এক ওভার দুই ওভার থাকে তখন ভালো কিছু করা কঠিন ।,riyad,FAVOR
de36bd4c9ab2f9fc,"মুশু আর রিয়াদ এভাবে খেললে কিভাবে হবে সামনে ICC man's ODI world cup সেখানে তো খেলতে হবে সুন্দর করে, এভাবে হারিয়ে গেলে তো হবে না, ২০২৪ সালে ওদের তো অবসরে পাঠিয়ে দিবে।",riyad,AGAINST
0b95115f0b2516a2,riyad must be come back his best parformenc....,riyad,FAVOR
d1703dac1c01e77c,মুশপিক মাহমুদউল্লাহর অবসরে জাওয়া উচিৎ বলে মনে হয়,riyad,AGAINST
d0bebfed4129c67e,কেন শুধু মাহমুদুল্লাহ ভালো খেলবে শান্ত লোড কয় ম্যাচ ভালো খেলছে?,riyad,FAVOR
10036fe53fb033b4,"রিয়াদ তো শুধু আজকে খারাপ খেলল, বাকি ম্যাচ গুলো তো ভালো খেলেছে",riyad,FAVOR
2c52157cacfc61fb,আচ্ছা ভাই আমি একটা জিনিস বুঝতে পারতেছি না রিয়াদ ভাই ফর্মে নাই কোন জায়গায় ভাই প্রথম ম্যাচ খেলছে তাহলে তো কেন উইলিয়ামস কেন রান করতে পারে নাই তাহলে কি সে ফর্মে নাই পাগলামি কম করেন মিয়া পাগলামি পাগলামি বাদ দেন,riyad,AGAINST
771055b2dc895085,"মুশি ও রিয়াদকে আরো সময় দিতে হবে,খেলোয়ারের সময় খারাপ যেতেই পারে",riyad,AGAINST
cced2939bb0a5112,একটা ম্যাচ খারাপ খেললেই সমালোচনা শুরু হয়ে যায় রিয়াদ এই একটা ম্যাচ খারাপ খেলেছে আগে চার ম্যাচে চারটি ফিফটি করেছে,riyad,AGAINST
5bdd009d69a2d5fd,কমেন্ট যারা কররা সকল টিন পাগল আর ছাগল একটু ভালা খেল্লে রিয়াদের প্রসংশা আর খারাপ খেল্লে অবসর,riyad,AGAINST
4280311dfe404282,এই সেই মাহমুদুল্লাহ যে নামিবিয়া এর সাথে ম্যাচ জেতার পর আবেগে ভেসে গিয়েছিল তাদেরও আবেগ আছে তারাও ম্যাচ। লজ্জা থাকা উচিত এখনই বের হয়ে যাও বাংলাদেশ ক্রিকেট থেকে,riyad,AGAINST
b89a4e1700849b60,রিয়াদ বাই যদি 1day T20 থেকে বিদায় নেয় আমার মনে হয় সেটাও ১ নাম্বার সিদ্ধান্ত love u bro,riyad,FAVOR
ce7c9cf0e6e97dad,ভাই আমার কষ্টো হচে জে রিয়াদ ভাই খেলা ছেরে দিছে আসাকরি রিয়াদ ভাইকে ওয়ানডে বা টি-টোয়েন্টি তে দেখা জাবে কারন রিয়াদ ভাইয়ের খেলা আমার কাছে অনেক ভালো লাগে,riyad,FAVOR
3c027b69f3b08a72,"Ajk T20i thekeo retirement niye nilo riyad vai....we will miss you riyad vai, top order call ups korle r ke shamlabe vai??💔 Happy retirement riyad vai❤️",riyad,AGAINST
ad57277034d72b55,"সবসময় দৃশ্যপটের আড়ালে থাকেন; এবারো নিরবে চলে যাচ্ছেন। 💔 বিদায় শব্দটা এত কষ্ট দেয় সেটা বলে বুঝাতে পারব না। সবাইকে কাঁদিয়ে এবাবে বিদায় নিয়ে নিলেন বাংলাদেশ ক্রিকেট দলের বিপদের কান্ডারী সাইলেন্স কিলার Mahmudullah Riyad ভাই😭 সবচেয়ে একটা কষ্ট লেগেছে আমার, রিয়াদ ভাইয়ের শেষ ম্যাচটা স্টেডিয়ামে বসে খেলা দেখতে পারলাম না 😭 এবার বিসিবি ও ক্রিকেট ভক্তরা হারে হারে বুঝবে টেস্ট ক্রিকেটে রিয়াদ ভাই কতটুকু দরকার ছিল। তোমার আগামীদিনের জন্য সবসময় দোয়া রইল। তুমি সবসময় সুস্থ থাকু ভালো থাকু এই কামনা করি।",riyad,FAVOR
642f64aee75cca2a,ডমিঙ্গো আজ আছে তো কাল থাকবে না তাই এমন একটা সাধারণ কোচের জন্য বাংলার সাইলেন্ট কিলার চির বিদায় হতে পারেনা ডমিঙ্গোকে বাদ দিয়ে মাহমুদউল্লাহকে আরও ২/৩ বছর রাখা হোক 🇧🇩,riyad,AGAINST
87c57038a8921c21,Mahmudullah Riyad is the best player in Bangladesh. Mahmudullah Riyad is the best player in ponchopamdob when the team need. Not other sentence can giving you just RESPECT was giving for you. Billions of Bangali people’s heart is you,riyad,FAVOR
19494cf6a003a045,আফিফের উচিত রিয়াদের মতো অনুশীলন করে একাদশে জায়গা পেলে ভালো পারফরম্যান্স দেখানো।।,riyad,FAVOR
b3d594002f8292f4,"মাহমুদউল্লাহ রিয়াদের মতো ভদ্র খেলোয়াড় বিশ্বে খুব কম আছে, সে আমাদের কোটি বাঙালির ভালোবাসার মানুষ, সৎ লোকের সাথে আল্লাহ থাকেন।",riyad,FAVOR
7a6b2138f69063fb,"❤❤❤❤❤❤❤ রিয়াদ ভাইয়ের বিকল্প নাই আর হবেই না কোনদিন, তিনি সাইলেন্ট কিলার তাকে নিয়ে শোরগোল নেই সে নিরব কারন সে ভাল মানুষ....",riyad,FAVOR
f58d9dec0d22c4da,একজন সাহসী সাংবাদিক আজিম ভাই আছে বলেই আজ রিয়াদ ভাই বাংলাদেশ দলে,riyad,AGAINST
ec23a5910dc1d152,বাংলাদেশের সবচেয়ে একজন ভালো খেলোয়াড় মাহমুদউল্লাহ রিয়াদ ভাই❤️,riyad,FAVOR
bbdfa5be7381788a,"বাংলাদেশ হারলেও আমি খুশি কারণ মাহমুদউল্লাহ রিয়াদ ভাই ভালো খেলছে এবং তার স্ট্রাইকরেট নিয়ে যায়া সমালোচনা করে তাদেরকে কঠিন জবাব দিছে। ❤️❤️🤲🤲🤲আমি দোয়া করি মাহমুদউল্লাহ রিয়াদ ভাই বিশ্বকাপে ভালো পার্ফমেন্স করে হাথুরুকে, বিসিবিকে এবং তার সমালোচকদের কঠিন জবাব দিয়ে অবশর নিবে 🤲🤲🤲ইনশাআল্লাহ🤲🤲❤️❤️ ❤❤My best player Mahmudullah Riyad vai❤❤",riyad,FAVOR
feba45e8584d573c,"😢😢😢😭😭😭😭, রিয়াদের কাছে অনেক কিছু শিখছি। We love you Riyad..I loved you from the very beginning...",riyad,FAVOR
a7877da6a52fe84f,মাহুদউল্লাহ রিয়াদ বাংলাদেশ ক্রিকেট দলের জন্য অনেক কিছু করেছেন এবং দিয়েছেন। কিন্তু আপসোস বাংলাদেশ ক্রিকট টিম মাহমুদউল্লাহর জন্য কিছু করেনি এবং দেয়নি💔💔💔 Love you Mahmudullah Riyad💗💗💗💗,riyad,FAVOR
ebf3089ab3830418,"Brilliant! Mind blowing! Thanks for doing this report for Riyad. He deserves even more. What a character! What a legend of Bangladesh cricket. Shame on those people who did conspiracy against such a great player and idol of Bangladesh cricket. For those people winning teams like Ireland is the standard. They feel so happy winning series against Ireland, a team which didn’t even qualify for World Cup. What a irony! We always believed in Riyad and we know his caliber, he proved it thousand times but still those people can’t keep trust on him cz they are blind and they are sleeping in the broad daylight. Shame..",riyad,FAVOR
b2c382367b9ad0d5,"রিয়াদ আর মুশি অবসর নিলে খেলা দেখা বন্দো করে দিবো, নড়াইল এর পোলা তো আমি তায় ❤❤❤",riyad,AGAINST
4942ae6fccb4ef51,The another name of forever love he is Mahmadullah Riyad . Love you boss . Respect forever,riyad,FAVOR
1fe4864148ac77c8,মাহমুদউল্লাহ রিয়াদ ভাই আগেও সেরা ছিল আছে।,riyad,FAVOR
e1ffcd9b6fafb055,Sotti bolci Riyad vair name jokon prosongsa kora hoy gorbe amar bukta vore jay.i love Riyad vai❤❤❤❤❤❤i love rishad azim vai jini fight korcen Riyad er jonno,riyad,FAVOR
abd9d31cb299e41d,সাংবাদিক ভাইয়েরা নান্নু পাপনদের এবার প্রশ্ন করুন কেন এতদিন দলের বাইরে ছিল রিয়াদ আর একটা কথা হাতুরু যাতে বাদ না জান এই প্রশ্ন থেকে,riyad,AGAINST
30e8fd850ac054a3,"Riyad k diye khelar mormo sobai bojhe ..only BCB bojhe na . Tar performance er moddho diye tini abaro proman korlen j kno tini "" Silent killer "" . ❤️ u boss",riyad,FAVOR
ba81b2dd4ad978cf,রিয়াদের চেয়ে বেশি ভালো খেলে কে... নির্বাচকদের কাছে জানতে চাই,riyad,FAVOR
682a9fc8c953126a,এই দেশের ক্রিকেট বোর্ড ও সভাপতি এবং ক্রিকেট বোর্ডের সদস্যদের প্রতি আমার এক আকাশ পরিমাণ অভিযোগ। এই দেশের যোগ্য মানুষের মূল্য দেওয়া হয় না। বাংলাদেশ ক্রিকেটের সর্বকালের সর্বশ্রেষ্ঠ ফিনিশার হলেন মাহমুদুল্লাহ রিয়াদ তার অতীতটা যদি একটু লক্ষ্য করি তার যে সকল ফিনিশিং ম্যাচ আছে এগুলা কোটি কোটি বাঙালি সারা জীবনের জন্য মনে রাখবে । আজও এই কোটি কোটি বাঙালির মনে একটাই প্রশ্ন জাগে আসলেই কি মাহমুদুল্লাহ রিয়াদের থেকে সেরা কোন ফিনিশার বাংলাদেশ জন্ম নিছে । তাহলে ৯৫% লোকই বলবে না তাই অবশেষে একটাই চাওয়া যে এইরকম বিসিবি সদস্যদের ক্রিকেট থেকে দূরে সরিয়ে রাখা না হলে এরা ভবিষ্যতে বাংলাদেশ ক্রিকেটকে ধ্বংস করে দিবে ‌।,riyad,FAVOR
fea985457e520e4c,নাঈম শেখ কে বাদ দিয়ে মাহমুদুল্লাহ রিয়াদ কে চাই আমরা,riyad,AGAINST
b8288a747e1cbd60,"আমার মনে হয় রিয়াদ ভাইয়ের জায়গায় যারা খেলেছে সবাই ফ্লপ করছে,, সেহেতু মাহমুদুল্লাহ রিয়াদ ভাইকে একটা লাস্ট সুযোগ দেয়া দরকার,, একদিকে তার অভিজ্ঞতা অন্যদিকে বড় মঞ্চে ভালো খেলেন তিনি,, যদি এশিয়া কাপে ভালো খেলেন তিনি অবশ্যই বিশ্বকাপে থাকবেন,, আর যদি ভালো না খেলেন তবে দল থেকে বাদ পড়বেন এটাই নিয়ম,,",riyad,FAVOR
3a76240895527c12,"নতুনদের বর্তমান যে পারফরম্যান্স, তার থেকে রিয়াদের ওই পজিশনে ২৫-৩০ রান ই ভালো।",riyad,FAVOR
1adac2ad92d6cb05,ক্রিকেটে আমার প্রথম ভালোবাসা মাহমুদউল্লাহ রিয়াদ ভাই তাকে দেখেই টিভির সামনে খেলা দেখতে বসতাম 😢 আমার মতে এটা যেহেতু রিয়াদ ভাইয়ের শেষ বিশ্ব কাপ সেহেতু খেলানো উচিত 🥺🥀,riyad,FAVOR
a225100b0688ad05,রাখা উচিৎ! পুরান চাল ভাতে বাড়ে! যদিও আমি রিয়াদের ভক্ত না কিন্তু বয়স্ক হলেই যে বাদ দিতে হবে এতা উচিত না....তার অভিজ্ঞতা যদি কাজে লাগবে বলে আমি আশাবাদী ❤,riyad,AGAINST
742b3cea04380505,"সম্মান জনক হার চিন্তা করলেও রাখা উচিত। বিপর্যয় সামাল দিয়ে হারের ব্যাবধান যদি রিয়াদ কমাতে পারে, তখন নেট রান রেট মাইনাস কিছুটা হলেও কমবে। এবং এই কিছুটাই অনেক সময় অনেকটা ভূমিকা রাখে। কারণ পয়েন্ট সেম থাকলে পরবর্তী ভরসা নেট রান রেট। আর আমি রিয়াদ কে শেষ কবে ক্যাচ মিস করতে দেখেছি মনে পড়ছে না। ফিল্ডিং খুব বেশি ভালো নয় আমিও মানি। কিন্তু, ক্যাচ মিস করেনি অনেক দিন যাবৎ। যদিও আমার ভুল হতে পারে। আমাকে মনে করিয়ে দিবেন।",riyad,FAVOR
a0a46d6ac1042a05,"ভাই আপনার ওপর অনেক ভালোবাসা আছে,কিন্তু রিয়াদ ভাই কে নিয়ে কিছু বললে মনটা খারাপ লাগে কারন রিয়াদ ভাই থাকলে অনেক বরষা পাওয়া যায় যেটা অন্য কেউ পূরণ করতে পারবেনা",riyad,FAVOR
0c224be863b54a66,"আপনি রিয়াদ ভাই এর বিপক্ষে যে যুক্তি গুলো দিলেন, একমাত্র তার বয়স ছাড়া আর কোনো যুক্তি উপযুক্ত বলে মনে হচ্ছে না। আপনার এই যুক্তি গুলো শুনে আপনার সাংবাদিকতার সামর্থ নিয়েই আমি সন্দীহান।",riyad,AGAINST
34b4e0a70676ef01,"ভাই, আমি নিজে ফুটবল খেলি। নিজের অভিজ্ঞতা থেকে যেটা বুঝি, ""বিগ ম্যাচ প্লেয়ার"" বলে একটা কথা আছে। কিছু প্লেয়ার আছে যারা অন্য ম্যাচে যেমনই খেলুক না কেনো, বড় ম্যাচে খুব ভালো খেলে। আমার মতে মাহমুদুল্লাহ রিয়াদ সেরকম একজন প্লেয়ার....",riyad,FAVOR
04467d748957e8dd,Vai 50 ovar jara ses korte pare nah. Sei picci der theke Mahmudullah onek valo,riyad,FAVOR
ddaf0fb47cb87dd4,"যখন থেকে রিয়াদ নাটকের উত্থান হয়েছে তখন থেকেই যে বিষয়টা বলে আসছি তা হলো এরকম - বিশ্বকাপ একটা বড় মঞ্চ, বড় মঞ্চে ভালো করতে হলে বড় প্লেয়ার বা অভিজ্ঞ প্লেয়ার দরকার অতীত বিশ্বকাপগুলো তাই বলে হিসাব করে দেখুন। ১৯৯২ সালের ক্রিকেট বিশ্বকাপের ফাইনালের কথা মনে আছে,, বুড়ো ইমরান খানের ৭১ রানের ইনিংসটার কথা কি মনে পড়ে, এরকম প্রতিটা বিশ্বকাপেই অভিজ্ঞ কোন না কোন প্লেয়ার তাদের দলকে ম্যাচ জিতিয়েছে তা আমরা এবার অনেক বড় আশা নিয়ে বিশ্বকাপে যাচ্ছি সে হিসেবে আমার মতামত অবশ্যই রিয়াদ বিশ্বকাপের সেরা একাদশে অপরিহার্য খেলোয়াড় হিসাবে থাকবেন ইনশাআল্লাহ।",riyad,FAVOR
afab06c59ae5eb62,"apni j jukti ta disen,,, riad ar present batting performance vlo na... koi paisen ata.... riad last serise aw india ar shate vlo korce... kom beshi sob match ai uni run korse.... kunotatei performance kharap cilona.... riad ar batting performance sob somoy e vlo chilo.... unar main prblm holo strick rate! jar jonne bad porecilo....",riyad,AGAINST
9f3cb7d971a04696,",রিয়াদকে বিশ্বকাপ দলে চাই, শেষ বিশ্বকাপ রিয়াদ ভালো করবে আশা করি।❤❤",riyad,FAVOR
715c3a4095a1968e,"মাহমুদউল্লাহ ভাইয়ের প্রতি সম্মান রেখে বলছি,, তিনি আমাদের দেশের ক্রিকেটকে অনেক কিছু দিয়েছেন.. তাই তাকে স্কোয়াডে রাখা উচিত, কিন্তু সেরা একাদশে নয়.. হুমম পরিস্থিতি অনুযায়ী দলে সুযোগ পেতে পারে.. কিন্তু সব খেলায় হয়.. আমি চাই তার মত একটা লিজেন্ড ক্রিকেটার বিশ্বকাপের মাঠ থেকে অবসর গ্রহণ করুক😢😢😢..",riyad,FAVOR
c43a48b0d30e971d,"ভাই আপনার একটা জায়গায় কারেকশন করা দরকার,,,, আপনি বলেছেন রিয়াদের বর্তমান পারফরম্যান্স ভালো না। ভাই আপনিও জানেন আমিও জানি যে রিয়াদের বর্তমান পারফরম্যান্সও অন্য অনেকের থেকে অনেক ভালো। আমার মনে হয় গত দুই বছরে বাংলাদেশের ব্যাটারদের টপ ৩ রান গেটারদের তালিকায় রিয়াদ থাকবেন।",riyad,FAVOR
39163d81086d4e3d,১. বর্তমান পারফরম্যান্স তো ভাল ২. ৩৮ কোন বয়সই না ৩. ম্যাচ উইনিং যদি চান রিয়াদকে ৪ নাম্বারে খেলান। ৪. রিয়াদ জনপ্রিয় কারন সে যোগ্য,riyad,FAVOR
f3f4c7eda5c16853,আমি রিয়াদের পক্ষে বা বিপক্ষে নয়।আমার ব্যক্তিগত ভাবে মনে হচ্ছে তবে আপনার পক্ষের যুক্তি গুলোর তুলনায় বিপক্ষের যুক্তি গুলো অনেক দুর্বল। অতএব আমি আপনার যুক্তি অনুযায়ী রিয়াদকে বিশ্বকাপ দলে চাই। ধন্যবাদ,riyad,AGAINST
f092f4caddc4f2e7,রিয়াদ যখন একটা ভালো ইনিংস খেলবে তখন আপনারাই আগে বলবেন যে রিয়াদকে দরকার,riyad,FAVOR
17f9aae4f63d621d,"আসসালামালাইকুম ভাই ,, আমার মনে হয় মাহমুদুল্লাহ রিয়াদকে আর একটা সুযোগ দেওয়া উচিত । ধরেন আগে এশিয়া কাপ তারপর হল বিশ্বকাপ, তো রিয়াদকে অন্তত এশিয়া কাপ খেলার সুযোগ দেয়া হোক। যদি এশিয়া কাপ ভালো করে তাহলেতো বিশ্বকাপটা নিশ্চিত,, আপনার কি মনে হয় বলেন।",riyad,FAVOR
b417764a57e292eb,rihad bai ke na nile dakhban hoito bangladesh a oi din 3 tio bisso joddo suru hoiya jabe rihad bai amader bangladesh ar jan love u mahmudullah riyad bai,riyad,FAVOR
dd85c5ba69bab80f,Yes riad is Alwayes best player inthe team❤,riyad,FAVOR
b4ec1905296969a1,Riad should be in the team the hoest rightly said afnan,riyad,FAVOR
52f5228742ccd415,সাংবাদিকের সঙ্গে আমি একমত রিয়াদ ভাই এর অনেক অবদান আছে,riyad,AGAINST
d98acb7238327be0,দুই হাত তুলে দোয়া করি জিম্ভাবুয়ের সাথে হারবে বাংলাদেশ এই কামনা রইলো অনেক খারাপ লেগেছে যখন শুনলাম রিয়াদ ভাই দলে নেই,riyad,AGAINST
57e14d471798f3dc,রিয়াদ ভাইয়ের সময় খারাপ যাচ্ছে ঠিকই কিন্তু তার প্র্যাপ্য সন্মান টুকু অন্তত দেওয়া উচিত,riyad,AGAINST
db45c377005eae73,"দুই দিক আগে আপনারা প্রচার করলেন ""কেন রিয়াদ দলে আছে"" এখন যখন দল থেকে বাদ দেয়া হলো বলছেন ""প্রাপ্য সম্মান পেলেন না রিয়াদ""",riyad,AGAINST
27e5e8f299369dfa,"বিশ্বে কিছু খেলোয়াড় আছে, যাদের জায়গা টা কখনো পূরণ হয় না। তার মধ্যে মাহমুদউল্লাহ রিয়াদ একজন। হয়তো ইদানীং তার সময়টা খারাপ যাচ্ছে,",riyad,AGAINST
13f1657b2d0889a2,রিয়াদ ভাইকে বিশ্বকাপ থেকে বাদ দেওয়ায় বাংলাদেশ কি যে লজ্জা পাবে এবারকার বাংলাদেশ বিশ্বকাপ খেলায় এ নিয়ে আর বলার কিছু নেই দুঃখজনক,riyad,AGAINST
455d41374d931ad8,ভাই আয়ারল্যান্ড এর বিপক্ষে বাংলাদেশের স্কয়ার টা থেকে খুবই খারাপ লাগতেছে ক্রিকেটের রিয়াদ ভাই আমার সবচেয়ে প্রিয় প্লেয়ার নেই আশা করি বিশ্বকাপে খেলবে তা না হলে বিশ্বকাপটা দেখা বৃথা হয়ে যাবে,riyad,AGAINST
5ef272003a7e8f7d,"সাব্বির মিথুন মনে হয় ভুলেই গেছেন,রিয়াদের লাস্ট এক বছরের পারফামেন্স।আর তার যায়গায় খেলা ক্রিকেটারদের হতস্রি পারফামেন্স।",riyad,AGAINST
b50f9b18bfb2f176,"ঢাকা প্রিমিয়ার লিগ এ রিয়াদ খারাপ খেলেনি,, না জেনে নিউজ করবেন না,,🙄🙄",riyad,AGAINST
99efc2c312eb61b8,কি যে প্রতিবেদন লেখেন বুঝি না।আগে রিয়াদের মত কাউকে তৈরি করে তারপর সংবাদ প্রচার করেন।আর রিয়াদের পক্ষে যে সংবাদ কর্মি রা কথা বলে তারা সত্য কথাই বলে।আপনার মত চামশামি করে না।,riyad,AGAINST
a31f85da95492627,Mahmudullah ki ki unfit naki natok kore bad dise ar fol Bangladesh hare hare ter pabe asa kori...,riyad,AGAINST
9ff58a80b7f0d840,রিয়াত কে খুব দরকার খুব ❤❤❤ পাপন নুনু বাশু আজাক হারুতু কে বিদায় দেওয়া হোক সাংবাদিক ভাইদের বলতাছি বেশি বেশি রিয়াদ ভাইকে নিয়ে বেশি বেশি নিউজ করেন পিজ ❤❤,riyad,AGAINST
0f126bff94d6c26d,Mahmudullah k World Cup a dakty chi. R Haturu k bad dawa hok haturu thaky,riyad,AGAINST
5509257d327fbb05,ভাই দয়া করে এই মুহূর্তে দেশের স্বার্থে রিয়াদ ও ইমরুল কায়েস কে দলে ফিরতে আপনাদের মত সিনিয়র সাংবাদিকদের ভূমিকা একান্ত প্রয়োজন।,riyad,AGAINST
a86548334a55e3f3,"এশিয়া কাপ গিয়ে বাংলাদেশ টিম প্লেয়ার টেস্ট করে,, এনামুল কে দিয়ে শুরু করা যায় না? ৬ কিং বা ৭ মোসাদ্দেক বা মাহমুদুল্লাহ , কি কোন আংশে খারাপ,",riyad,AGAINST
eb52afcfe2ee8a81,মাহমুদ উল্লাহ রিয়াদ একজন বালো মানুষ শুভকামনা রইলো আশা করছি অবসরে গেলেও ক্রিকেটের জন্য কাজ করে জাবেন,riyad,AGAINST
e1b70eb9441d1d0d,"যদি এটা বলা হতো যে একই পরিবহন হতে হবে না হলে ইমিগ্রেশন যেতে দিবে না। আমি আর মা ঢাকা থেকে যাচ্ছিলাম দুবাইতে, ঘুরতে.... ঢাকা এয়ারপোর্টে অপেক্ষা করছি দেখি একটা ছেলে কান্না করতে আমি গিয়ে জিগাসা করলাম ভাই কি হয়ছে? কান্না করছেন কেনো! সে বললো আমায় যেতে দিচ্ছে না সৌদিতে কারণ আমার বিমানের টিকিটে সমস্যা! দেখি ইউএস বাংলায় চেন্নাই( ট্রানজিট) সেখান থেকে সৌদি এয়ারলাইন্সে সৌদি আরব, তাই বাংলাদেশ ইমিগ্রেশন তাকে আটকে দিলো। সে যাচ্ছে রাস্তায় ছাড়ুর দেওয়ার ভিসায়😔 ইংরেজিতে বলে 'সুইপার' ভিসা। পরে ঐ ইমিগ্রেশন স্যারকে বললাম ভাই ছেড়ে দেন, উনি বললেন, ভাই ছেড়ে দিলাম কিন্তু ইন্ডিয়ান ইমিগ্রেশন তাকে তো যেতে দিবে না। যদি এয়ারলাইন্স এক নামে হতো যেমন 'শ্রীলংকা এয়ারলাইন্স' প্রথমে ঢাকা টু কলম্বো দেন কলম্বো টু রিয়াদ। এগুলোর ব্যাপারে সচেতন করা উচিত। বুঝলে বুঝপাতা, না বুঝলে তেজপাতা। ধন্যবাদ।",riyad,AGAINST
c2afb8a45e9e397d,রিয়াদ বাদ পড়াই নোমান ভাই খুব বেশি খুশি হয়েছে!,riyad,AGAINST
bdefad5559370a46,Vai akta faltu kotha bollen Uni ki kokhonoi failure selection panel or failure board nia konodin strong report korese? Uni sudu mushi riad er pain killer ayna form average strike rate agulo niai pore ase,riyad,AGAINST
3e52632d2a4028b5,Ajibon khelai cricket khelbe Mahmudullah? Bcb Mahmudullah k newzealand 1st t20 khele retire korte bolsilo but sei mana korlo,riyad,AGAINST
8740eb2fb3613f1e,বাংলাদেশের T20 Cricket থেকে রিয়াদকে ২ বছর আগেই বাদ দিয়া উচিত ছিল।,riyad,AGAINST
a90d0a7dcf0c26c2,আসলে রিয়াদ ভাইকে ২-৩ বছর আগেই টি ২০ থেকে বাদ দেওয়া উচিত ছিল। আর শান্তর জায়গায় সৌম্য সরকারকে সুযোগ দেওয়া উচিত ছিল।,riyad,AGAINST
e5661eb8e978d5cc,"world Cup জিততে অভিজ্ঞ খেলোয়াড়ের দরকার হয় ৷ বাংলাদেশ তো world Cup এর জন্যই Team তৈরি করছে ৷ অবশ্যই রিয়াদ সারা জীবন খেলবেনা ৷ কিন্তু, প্রত্যেক খেলোয়াড়ের জন্যই World cup খেলা স্বপ্নের মত। রিযাদকে বাদ দিয়ে এখন চমৎকার একটা Team হয়েছে ৷ আমরা এখন world cup আশা করতেই পারি ৷ যদি না পারি, তাহলে রিযাদকে world cup পর্যন্ত রাখা যেতেই পারতো ৷ তখন, এত কথা হতনা । আর, শান্তর come back করার অনেক সময আছে যেটা বিয়াদের নেই।",riyad,AGAINST
cc9c0b514be7acfd,রিয়াদকে এই বিশ্বকাপ খেলার সুযোগ দেওয়া উচিৎ ছিল।সে নিজেই অবসর নিত।তার ও এমনটাই ইচ্ছে ছিল।,riyad,AGAINST
2b50fc39602afeda,"বয়স হবার কারণে বাদ!!! world cup থেকে রিয়াদকে বাদ দেওয়া গেল না। newzealand এর player হ্যারিস ত ৪৪ বা ৪৫ বসর বয়সেও খেলেছে, সে কিভাবে খেলল তাহলে।",riyad,AGAINST
9c78ef5649e9c371,শান্তর জায়গাতেই মাহমুদুল্লাহ ভাইকে রাখা উচিত ছিলো। একটা ভুল আবার করলো BSB,riyad,AGAINST
e1e1245af368981e,"রিয়াদকে বাদ দেওয়া নিয়ে আমার কোন প্রশ্ন নাই করান তার পারফরম্যান্স ওয়াল কাপের পর থেকে খারাপ যাচ্ছে। কিন্তু শান্ত কে কোন যোগ্যতার ভিত্তিতে দলে নিল? আর যদি একজন ব্যকাপ ওপেনারই নিবে তাইলে সৌম্য কেন না?? আামর মনে হয় শান্তকে টিম ১১ এ রাখবে টি২০ তার যা সটাইকরেট, ধরেন ২০ বল ১৬ কইরা গেলে অস্ট্রেলিয়ার মতো ওই এটা",riyad,AGAINST
e0004251c2bb0bc8,আচ্ছা নোমান ভাই রিয়াদ ভাই নিয়ে তো সবাই কথা বলে কিন্ত শেখ মেহেদিকে কেনো বাদ দেওয়া হলো সেটা নিয়ে কথা বলা উচিৎ আমার মনে হয় ।,riyad,AGAINST
ee2d13aef6ab3b05,রিয়াদকে নিলে সমান সমালোচনা হতো। উনার যে ফর্ম এই মুহুর্তে আর যেভাবে টি২০ খেলেন তাতে বাদ পড়াই স্বাভাবিক। আবেগ দিয়ে দল চলা ঠিক না। কে কি করেছে আগে আর কে পান্ডব doesnt matter. আর শান্ত ভাই তুই ভাগ্যবান।,riyad,AGAINST
3188dc2e9db7775b,এই কথাগুলো শুনেই আমার খুব খারাপ লাগতেছে 😢😢😢রিয়াদ ভাই ক্রিকেটে আমার সবচেয়ে প্রিয় প্লেয়ার ❤️❤️❤️আশা করি তাকিয়ে শেখাবো বিশ্বকাপের মাঠে দেখতে পারবো তা না হলে পুরো বিদায় হয়ে যাবে খেলাটা,riyad,AGAINST
a355daf3de62b48c,গত টি-টোয়েন্টি বিশ্বকাপে রিয়াদ না থাকার কারণে দুই-তিনটা ম্যাচ বাংলাদেশ হেরেছে কেউ খেলা ফিনিশ করতে পারেনি তাই ওডিআই বিশ্বকাপে ভুল করে বাংলাদেশ হেরে যাবে এটাই আমি মনে করি,riyad,AGAINST
e3bd176c86af8c79,বিশ্বকাপে যদি নতুন প্লেয়ার তৈরি করতে হয় তাইলে কেমন করে হবে মাহমুদউল্লাহ রিয়াদ একজন অভিজ্ঞ প্লেয়ার তার একটা অভিজ্ঞতা কিন্তু তাকে কোনো মুল্য দেওয়া হচ্ছে না বাংলাদেশের খারাপ মাহমুদউল্লাহ পাশে ছিল কিন্তু আজ মাহমুদউল্লাহর খারাপ সময় আমরা তার পাশে নেই বাহ বিসিবি বাহ😅,riyad,AGAINST
59f7fb7ed3812525,Amar mote riad ke bad dea uchit akhon o chole na....,riyad,AGAINST
46b9b2f9e0588791,আমার মতে নান্নু ও পাপন কে বাদ দিয়ে মাহমুদুল্লাহ রিযাদকে দলে নেয়া উচিত ।,riyad,AGAINST
f7f46d4a135cb334,ইয়াসির আলী কে বাদ দিয়ে তার জাইগাই মাহমুদুল্লাহ রিয়াদ কে দেয়া উচিৎ ছিল।,riyad,AGAINST
aa52ac7e00bf4d17,"ঐ,রিয়াদ লাস্ট তিন সিরিজে বিশ্রামে ছিল।আর তুই ক্যাপ্টেন হওয়ার পরে বাদ পড়েছে?",riyad,AGAINST
569e74066c667ea1,"Eta ekta veja biral , Riad k bad dier pisone etao jorito,er age bolsilo number 7 e oneker competition r ekhon bole tawhid ridoy k nise , tor o time ashse khub kharao porinoti hobe , tor mirpur performance ekhon r chole na ....",riyad,AGAINST
f9c766051cff5ab2,আয়েশা + রিয়াদ রিংটোন বানিয়ে দেয় প্লিজ প্লিজ প্লিজ প্লিজ প্লিজ দয়া করে বানিয়ে দিন মনে বড় আশা নিয়ে বলছি বানিয়ে দিন কখনো তো আপনাকে ভুলি নাই আমাকে বানিয়ে দিবেন প্লিজ,riyad,AGAINST
c96e86b657d1c87d,ভাই আমি বুঝি না আপনারা সাংবাদিক হয়ে কি করেন রিয়াদ কে বাদ দিছে কেনো বাদ যাবে সেই প্রশ্ন টা করেন সবাই কে আমরা জনগন যে ভাবে চাবো ঐ ভাবে তো দল হবে টিমমেনেমেন্ট এর ব্যক্তিগত পছন্দে হতে পারে না 🤬🖕,riyad,AGAINST
181867ab147ae126,Akhon o ki shanto ke nibe Bord faltu player shanto bade imrul ba sabbir ke Nile balo hoto. t20 Best captain Mahamudulla Riyad.,riyad,AGAINST
c9b3823d8a23ef01,মাহমুদুল্লাহ রিয়াদের অবসর নেওয়ার সময় টুকু হয় নাই শুধু অবহেলার কারণে টেস্টকে বিদায় বলে দিয়েছেন 😭😭😭,riyad,AGAINST
7b64873984ff00fe,রিয়াদ ভাই টেস্ট থেকে অবসর নিয়েছে এই কথা প্রথম কে বলেছে,riyad,AGAINST
6cc699dab93b0526,Honestly Riyad is nice person and iconic player NO doubt.But my question Y Mr. RIYADH as per system didn't discuss with BCB b4 retired??? Who is MAHAMMADULLAH 2dy becoz of BCB ryt?? Wt ever he like is ok bt should be needed thru proper channel and proper way. Tnxs....,riyad,AGAINST
10a94bbc3d863c3f,আন্দোলন করা উচিত বাংলাদেশের ক্রিকেটপ্রেমীদের। মাহমুদুল্লাহকে বাধ্য করা হয়েছে অবসর নিতে। আমি নিশ্চিত। এটা অন্যায়।,riyad,AGAINST
61e9f03ea768c3e7,"Note the interview with the victims mother where the only question was whether she was angry at poor little Riad, to which she said no, an answer she was likely groomed into giving and a question they would not have shown if she said yes. Your manipulation is blatant.",riyad,AGAINST
9c37e913b8766e8f,"মাহমুদুল্লাহ রিয়াদের শেষ দুই বছরের পারফরম্যান্স কেমন ছিল,, সেই পারফরম্যান্স কি এতটাই খারাপ ছিল যেটার কারনে মাহমুদুল্লাহ রিয়াদকে বাদ পড়তে হলো,,, দয়া করে আপনার একটি ভিডিওতে এই প্রশ্নগুলোর উত্তর দিবেন,,",riyad,AGAINST
727a1c39b6a3ba3a,২০১৫ সালে নিউজিল্যান্ড ইলিয়ট কে জায়গা দিয়ে নিশামকে বাদ দেয় আমি মনে করি রিয়াদকে দলে নেওয়া উচিত ❤,riyad,AGAINST
69bd2a27d7938b09,"Najmul hasan papon k cricker bord thaka bad deya hok,r bangladesh cricket bord are pracrdent masrafi vai k deya hoy tahola Bangladesh cricker tem onk vlo kicu korba, r Bangladesh are cricket fan ra sobai asia cup o wold cup a mahmudullah vai k sobai abr dakta chai",riyad,AGAINST
db9621e59f0d95bf,Flop players niye asia cup squad korche. R riyad k bad diche so sad,riyad,AGAINST
23607cbfb3a7a817,রিয়াদ ভাই কে ৫০ তম টেস্ট খেলানো উচিত। এরপর রিয়াদ ভাই এর উচিত টেস্ট থেকে অবসর নিয়ে সাদা বলে মনোযোগী হওয়া। টেস্ট এ ৬-৭ এ শেখ মাহেদী perfect অলরাউন্ডার। ওর প্রথম শ্রেণীর ব্যাটিং গড় ৪৪ আর বোলিং গড় ৩০।,riyad,AGAINST
d1849a269bfa5bb1,ঠিক রিয়াদ ভাইয়ের কোন বেক পেইন ছিলো না অভিমান করে খেলেনি হয়তো আরেকদিন অভিমান করে অবসরের ঘোষনা দিয়ে দিবে।,riyad,AGAINST
30dc6b16af283242,Riyad re bad dey? Tomra nijerai to or joggo na kew,riyad,AGAINST
cc82534b0df0df7e,"অভিমানের কি আসে মাহমুদুল্লাহ টেস্টে এ তেমন সফল না,, ৩৩এভারেস্ট খারাপ খেল্লে তু বাদ দিব ওই",riyad,AGAINST
7cb421ee53255fc3,"virat er mto star player drop out hoye gelo ,,,,,,,,,, r riyad ki emn ?? eta professional game ,,,,,,,,emotion khate na eikhane...........riyad is best for ODI and Test ...... basically he is not fit for aggressive format",riyad,AGAINST
f9282b36dd0e2749,"রিয়াদ না থাকলে, বাংলাদেশ টিমকে আর কোনোদিন সাপোর্ট করবনা, যদি সেই নিজের খুশিতে অবসরে যায়, থাহলে ঠিক আছে",riyad,AGAINST
806e70799dc20897,আমাদের দাবি একটাই মাহমুদুল্লাহ রিয়াদকে বলে চাই দুর্নীতি কাপনের পেশা,riyad,AGAINST
96a04a0de4c259d7,"অবশ্যই মাহমুদউল্লাহ আবার তার সরুপে ফিরবে,এবং বিসিবির পত্যেকটা খারাপ মানুষকে মোক্ষম জবাব দিবে,ইশ্বর ভরসা🙏💞শুভ কামনা রইল """"সাইলেন্ট কিলারের জন্য💞🌺🧡💗",riyad,AGAINST
9fceadc0d77963ea,ইনশাআল্লাহ ফিরে পাবো। মাহমুদউল্লাহ কে দলে না নিয়ে অনেক খারাপ করছে বিসিবি। এইটা আশা করি নাই। এইভাবে পঞ্চপান্ডব কে ধ্বংস করার মানেই হয় না।😔,riyad,AGAINST
885bcee5b1c01efa,মাহমুদুল্লাহ রিয়াদের জন্য আমরা সমর্থকরা অপেক্ষা করে থাকবো।রিয়াদ ভাই যেন হাল না ছাড়ে।দুঃসময়ে কাটিয়ে রিয়াদ ভাই স্বরুপে ফিরে সব সমালোচনার জবাব দিক।,riyad,AGAINST
0d82b0b16be5d0eb,খুব খারাপ লাগছে আন্তর্জাতিক টি-টোয়েন্টি ভায়ের এরকম ব্যাটিং আর আমরা দেখতে পারবো না আমরা চাই আবার টি-টোয়েন্টিতে ফিরে আসুক মাহমুদুল্লাহ ভাই,riyad,AGAINST
9de318148f8286c4,রিয়াদ ভাইকে একবারে বাদ দেওয়া উচিত হয় নাই,riyad,AGAINST
eae2a7e863d4ee5f,"দলের রান যখন ৩ উইকেটে ১৩০ এর মত আর ইনিংসের বাকি আছে মাত্র ৬ ওভার তখন মাহমুদুল্লাহ সবসময়ই এরকম খেলে।এটা এখনও পারবে,এই বিশ্বকাপেও।আবার দলের রান যখন ৬ ওভারে ৩০ রান আবার উইকেট নেই ৪ টা তখন রিয়াদ কি এরকম খেলবে? আর গত দুই বছর ধরেই এরকম হয়ে আসছে আর মাহমুদুল্লাহ রিয়াদ হাত খুলে খেলতে পারেনি।তখন তার কাছে মনে হয়েছে যতটুকু সম্ভব দলের রান বাড়িয়ে নিতে হবে।এখন এটা কি রিযাদের দোষ??রিয়াদকে বিশ্বকাপের দলে রেখে বলা উচিৎ ছিল কোন টেনশন নেই মেরে খেল যদিও ৩০ রানে ৬ উইকেট যায় তবুও তাহলে তখন এভাবে খেলতে পারত।মনে হয়না টিম ম্যানেজমেন্ট কখনো তাকে এরকম সাপোর্ট দিয়েছে।",riyad,AGAINST
19959e8999918a55,রিয়াদতো তো আছেই আগের মতই।তাকে জোর করে বাদ দেওয়া হয়েছে।যেই পিচে স্লো ওই পিচে রিয়াদ স্লো খেলবেই স্বাভাবিক,riyad,AGAINST
6de4311094fbbf24,Riad sesh! He should retire! Useless t20 player!,riyad,AGAINST
5b027dd15de6c014,Mahmudullah Riyad ভাইকে বাদ দেওয়ায় আমরা বিসিবিকে ধিক্কার জানায়। আমার মাহমুদউল্লাহ রিয়াদ ভাইকে দলে চাই।,riyad,AGAINST
c865df9181f0e411,"সাংবাদিক ভাই ঘরোয়া ম্যাচ বিচার করে আপনি কি বুঝাতে চাচ্ছেন? এনামুল হক বিজয় তো রানের ফুলজুরি ছড়িয়েছেন,তার কি স্থান হলো জাতীয় দলে,মাহমুদুল্লাহ রিয়াদের লাস্ট আন্তর্জাতিক পরিসংখ্যান দেখুন",riyad,AGAINST
d10962efc4870927,"রিয়াদ ইস্যু নিয়ে প্রশ্ন না করায় আমি রীতিমতো অবাক হয়েছি এবং আফসোস করেছি যে, স্পোর্টস সাংবাদিক গুলো বিসিবির কাছে বিক্রি হয়ে গেলো নাকি??",riyad,AGAINST
d8921c142024650c,"হয়তো কোনো মানে কি?? আপনাদের সৎ সাহস নেই!!! সাংবাদিকদের হয়তো মাহমুদউল্লাহ বিষয়ে প্রশ্ন করা নিষেধ, তো আপনারা এটা প্রকাশ করন কে নিষেধ করেছে???",riyad,AGAINST
1a462b3386b23416,"Riyad could have done century if he were sent to bat at top order. He looked so fluent and confident in batting. He dominated against the bowlers, hit few sixes. That’s how Bangladeshi batsmen should bat. It is a shame that we are sending a solid batsman like him at 7/8 when experienced batsman are playing at the top order.",riyad,AGAINST
8d8898498eddfe96,মাহমুদউল্লাহ সব সময় দলে জন্য খেলে। দলের প্রয়োজনে মাহমুদউল্লাহ কে কাজে লাগে। টেষ্ট দল থেকে বাদ দেওয়া উচিত হয়নি।,riyad,AGAINST
cd9ae70b5034ecc8,আপনার মতামতের ধন্যবাদ। মাহমুদুল্লাহ কে নিয়ে আমার মনে হয় না ২০১৬ সালের পরে কখনো সমালোচনা হয়েছে। মাহমুদুল্লাহ কে নিয়ে আরো একটি ভিডিও আছে আমাদের চ্যানেলে সেটা দেখতে এই লিংকে ক্লিক করুন youtube.com/বিস্ময়বাংলা । পাশে থাকুন 💖🇧🇩,riyad,AGAINST
96e80e25ff8d3082,ইন্ডিভিজুয়ালি কোন প্লেয়ার কে আপনি এভাবে দোষারোপ করতে পারেন না। শান্তর কথায় এটা পরিষ্কার যে মাহমুদুল্লাহ যখন ক্রজে আসে তার ডিফেন্সিভ খেলার কারণ ছিল টিম প্ল্যানিং,riyad,AGAINST
8055823eaf29035f,"আপনি মাহমুদউল্লাহ কে কাপুরষ বলেছেন ঠিক আছে,, কিন্তু আপনি শান্তর সংবাদ সম্মেলন শুনছেন,শান্ত তিনি বলেছেন ৩ উইকেট পরার পর প্লান চেঞ্জ করেছে তখন ম্যাচ জিতার চিন্তা করেছে,,তাহলে আপনি রিয়াফ কে একা কেনো বকছেন,দয়া করে জানাবেন",riyad,AGAINST
8cb6023e11d9b2fd,@shadhinbadsha6757 ভাই রিয়াদ ভাই লাস্ট কবে odi বল করছে। বা ম্যাচে কয় ওভার করে বল করে। ক্রিকেট নতুন দেখেন মনে হয় তাই জানেন না শামীমও বল করে,riyad,AGAINST
df428fdb608d6f4f,Bcb problem ki....onara toh riad k bad diye dice..o naki lal boler jonno joggho na...,riyad,AGAINST
dae39f8183eec129,Papon Saheb ato din kothay chilo jokhon coach Riyad k bolchilo oke diye test hobena... senior der somman na dite janle to retired nite hobe.. Sobar aghe Management er change dorkar.. Bcz bortoman Management e 1 2jon badh e baki sob abal boshe ache,riyad,AGAINST
c7fac7c57a937ca0,Really I m sad bcz of Riyad vai decided to retire..but another reason I m happy. Aree idiot Tui ki ceder balll je tore agee janai to..agee janai le ki ar ai test squad a rakhto nki. Aree player ra kharaf khelte ba form na e thakte pare tai boila taree to opoman krte pare na.he is one of the finest batsmen in Bangladesh. But Todr moto idiot ra takee mullayon koros na..player dr form na thakle takee badd dbe atai savabik..but which way takee badd dewa abr dhole newa atai hoilo oshavabik. Same kajta Masrafi vai er sathe o taraa krse..amdr cricket board er idiot ra khub easily manuser obodaner khotha vuila jay... Riyad vai ja krse odr jnno uchit shikkha hoise.. Why his name is silent killer bcz of that reason..he don't want to say anything to anybody he just show his power by play..that's why everybody call him silent killer.. Best of luck...,riyad,AGAINST
cc7a7c072976df19,Riyad and bcb both are responsible for the matter.bcb thader player kono trust kora na.ar riyad retired korta para tai bola seta media agay janta parba keno.bcb and player morda trust kub lack.,riyad,AGAINST
0c403682d63ef705,বিসিবির কিছু ভুল সিদ্ধান্তের কারনে আমরা আমাদের অভিজ্ঞ ক্রিকাটারদের মনোকষ্টে অবসর নিতে দেখি যা হওয়া উচিত নয়।আমি মনে করি রিয়াদ ও ইমরুল কায়েস কে নিয়ে বিসিবির বসা উচিত এবং তাদের মনোকষ্ট দুর করা উচিত।,riyad,AGAINST
b8b9de7dec0b5d74,"Mahmudullah should think about country, He should continue to play test cricket, our selectors are rubbish. Our selectors should be punished for their bad decision",riyad,AGAINST
e81273915559dda0,বিসিবি অবাক করে ১৭ মাস টেস্ট থেকে সরিয়ে রাখতে পারে আর মাহমুদউল্লাহ অবাক করে অবসরে যাবে না তা কি হয়?সময়োপযোগী কাজ করেছে মাহমুদউল্লাহ 💖💖💖💖,riyad,AGAINST
52331e90d02ed04e,রিয়াদ ২০২৩ সালের World Cup খেলে অবসর দিলে অসুবিধা কোথায়। শেষ ৬ ম্যাচে বাংলাদেশের ২য় Run Getter রিয়াদ...,riyad,AGAINST
155c11e97e9431d3,আফিফকে বাদ দিয়ে রিয়াদকে রাখা উচিত ছিল,riyad,AGAINST
6754363c4d9bffd1,রিয়াদ কে বাদ দেওয়ার সময় এখনো হয় নাই,riyad,AGAINST
f3cb16f00e76acca,"আমার প্রিয় ক্রিকেটার মাহমুদুল্লাহ রিয়াদ ভাই ।। খুব খারাপ লাগছে কিন্তু কিছু করার নাই, তার পারফরম্যান্স খারাপ ছিল কিন্তু প্রথমে যেভাবে চার-পাঁচটা উইকেট পড়ে যায় তারপরে কি হাত খুলে মারা যায়",riyad,AGAINST
21bbe5382f3a45e8,এর মাধ্যমেই রিয়াদকে স্থায়ী ভাবে বাদই দেয়া হয়েছে। যাদের নেয়া হয়েছে তারা যদি খুবই খুবই জঘন্য খেলে তবেও রিয়াদের আর চান্স আমি দেখছি না।,riyad,AGAINST
b99ec54a568cb76a,আমি মনে করি না মাহমুদুল্লাহ রিয়াদকে বিশ্বকাপের আগেই দল থেকে বাদ দেয়া উচিত। এমনকি এনামুল হক বিজয়কেও নাম্বার তিন এর চিন্তা মাথায় রেখে ব্যাকআপ প্লেয়ার হিসাবে হলেও তাকে দলে রাখা উচিত।,riyad,AGAINST
c88438d2744e8bda,আন্তরিকভাবে ধন্যবাদ জানাই এই চ্যানেলের নিউস ভাইদের জন্য জারা এত সুন্দর করে মাহমুদুল্লাহ ভাই এর নিউজ প্রচার করার জন্য।,riyad,AGAINST
6ba141b4f1c3981f,সত্যি মাহমুদুল্লাহ ভাইয়ের জন্য অনেক খারাপ লাগে 😢😢😢😢❤❤❤❤,riyad,AGAINST
49f2192c8e4f6ffb,"সাংবাদিক ভাইদের কাছে অনুরোধ নান্নুর বাচ্চা খেলোয়াড় জীবনী নিয়ে একটা ভিডিও তৈরি করেন দেখতে চাই সে কত বড় খেলোয়াড় ছিলেন আর তার জীবনে কয়টা ছক্কা মেরেছে,, ( ভূলতে পারবো না কোনোদিন তোমাকে রিয়াদ বস,,)",riyad,AGAINST
0f0e5c31f0684c68,রিয়াদ ভাইয়ের কথা ভেবে খুব খারাপ লাগে,riyad,AGAINST
dfe7c6ed29f4aafa,Asia cup a ato e kharap performance korbey new players ra tokhon haturir mathai papon vai haturi diya merey world cup ar jonno abar Mahmudullah k nitey baddho hobey.,riyad,AGAINST
69a5dd2c46925619,অনেক অন্যায় করা হয়েছে কি কারণে রিয়াদ ভাইকে বাদ দিলো তা তারাএ জানে না আমরাও জানি না আমরা তাকে আমারও বিশ্বকাপে চাই,riyad,AGAINST
77341a00850dd702,"Where Indian cricket board don""t care about virat who has 75 centuries.Then who is Riyad.But ya Last world cup of riyad should have taken in last world cup war but look at masrafee .For this faul imotion masrafee got chance in world cup 2019 and did very very bad bowling.I felt bad for riyad but bcb has option better than riyad then they should take better but if not why not riyad?",riyad,AGAINST
d6c9bb5afcf8dfe8,আপনাদের (খেলাযোগ ) এতো রিয়াদকে নিয়ে মাথা বেথা কেন? আমি মনে করি বুড়ো রিয়াদ এর অফিসিয়ালি অবসর এর ঘোষণা দেওয়া উচিত.,riyad,AGAINST
