id,text,target,stance
e488b4cbb1111eed,Love you very much you & Sakib.. from the core of 💓..,shakib,FAVOR
fb2ce33753061a34,Right point. We have to save SHAKIB.,shakib,FAVOR
96c40b3c1e13c552,Yes 100% ...ter mane ei na Shakib vlo Manus na....ai video te reporter er khother Sathe jei pic gula dekhaitece ter khub Ekta mill nai ...perle check Kore dekhte paren...,shakib,FAVOR
47431c3edd20a08b,Shakib aita bolte chainai. Chape er moke pore bolte hoise.,shakib,FAVOR
4b75f308202862cb,"🎯Shakib is a world class player but he have to respect his senior team mates. I'm a big Shakib's fan but he is just selfish and nowadays when he plays for BD team I didn't see that hunger to play for his country. We know he is a extraordinary player but that not means that he can do this kind of cheap things. You can see player like Messi, Virat🎯",shakib,AGAINST
f5993afa092ad5c9,shakib kharap khelle je aro koto match harto seta siseb kore dekhcen?,shakib,FAVOR
a242abeea97d6bf3,Shakib ter Best ta diye khele ..ar team jokhon vlo performance korte pare tokhon apnara bolen .. Shakib nijer jonno khele,shakib,FAVOR
0635e3de056a066b,@radwankhanrabby8231 sakib kii tr abba hoy naki?,shakib,AGAINST
75e53b3839c80b50,Shakib e best 👌 ..Shakib thik e bolsa love you Shakib 😍😍😍,shakib,FAVOR
9b28f92c8b6e0cdd,"There can be differences between the opinions of diverse groups or individuals. And we all should respect all the opinions. And Shakib definitely can have his own opinion. Most importantly Shakib is the most talented and experienced player we've ever had. So, we can't just vitiate his statement this way. I hope sensible people can comprehend the context",shakib,FAVOR
65af9a41ed22be48,সোজাসাপটা জবাব দেয় বলেই সাকিবকে এত ভালোবাসি🥰🥰 shakib is the king of bd cricket,shakib,FAVOR
ad077eb56765b7ab,Thik e bolse Shakib. I love all five but Shakib have to be the one !! No comparison.,shakib,FAVOR
a5346429f68a437a,Sakib thik e bolce...i support sakib al hasan,shakib,FAVOR
5ca821e6972638bc,Logically: Shakib 100% right But We are emotional Bangali bro Emotionally: Its 100% wrong 👀,shakib,NEUTRAL
e5b3d464bf3f321d,Sakib valo khellei se valo coach.... R haturi sing world cup nock out khelaiche...,shakib,NEUTRAL
2c0272e84db71dc8,Stive Rodhes Vlo coach eta ekmot sakib er sathe.,shakib,NEUTRAL
1f7a32f785c0a159,shakib ekta... baze moner luk jar mone onk higsha,shakib,AGAINST
a97c84b1c9c68da1,Sakib he ipl e namtei pare na.shea naki abar bishho sera all rounder.🤣🤣🤣🤣so funny .,shakib,AGAINST
c763dd6de3df7538,Amra sudu hingse kori. R sakib ra hingse korena. Onek vlo manus. Sudu taka r taka,shakib,NEUTRAL
f6aa7510c632c77c,World cup a kono unfit player rakha uchit noy. Tai sakib ke replace kora dorkar,shakib,AGAINST
33cfbff2dcef8984,Shakib ato boro boro ghotona ghotailo tar manushikota kmon ta 1 bar vabchen? Voktora opekkhay chilo valo 1 ta world cup er but personal ego er jonno shob noshto kore dilo je tar manushikota kmon,shakib,AGAINST
1ba7fd023382c5fd,"He Did Not Play In Nidhas Trophy, Shakib Was Captaining Them In Nidhas Trophy Where S-Sarkar Bowled In The Last Over",shakib,NEUTRAL
9b70d9d742b59810,"সাকিব এর কথা বলা উচিত আপনার সাকিব ও দলের জন্য অনেক কিছু করছে """"",shakib,FAVOR
46f6c930997d3352,Wanna see Shakib Al Hasan as well.,shakib,NEUTRAL
d43af93b1ab5afcc,"​ @arefinhossain9758 স্পষ্টভাবেে বোর্ডের বিশেষ করে সিলেক্টরদের সৎসাহস ছিল না। এখন সাধু,দার্শনিক সাজা প্লেয়াররা আগে একেকটা facsist ছিলো। সবচেয়ে বড়ো facsist ক্রিকেটের হাসিনা ছিলো সাকিব।সবাই যার চাটতো, এখনো তার চাটুকারেের অভাব নাই। যদিও সে abroad condition e সবচেয়ে ভালো ব্যাটার, তবুও সে africa, newzealand tour গুলোর part হতো না",shakib,AGAINST
38e7be7fa4a6ffbb,তাইজুল ওর বিড়ি সাপ্লাই দিত তাই খোটা দিল সাকিবের থেকে নাকি তাইজুল ১০ গুন বল ভালো করে 😂,shakib,AGAINST
b5168d1d9e5817a6,​ @rsbgaming326 so why do you always yell about cricketer shakib nowadays 😂😂😂,shakib,NEUTRAL
1a9f61d82d077077,​@nileshparmar3451 shakib is a good player but a terrible human being . He was an MP of the ousted govt. Of bangladesh which was enough for the people to turn against him,shakib,AGAINST
9589c5934cac2414,Do u know the records of Shakib.Or an average hater?,shakib,FAVOR
9cb08ad6f4e64da9,"আসবে ভাই সামিউল বাশির রাতুল,এই ছেলেটা খুবই প্রমিজিং, সাকিব না হলেও সাকিবের কাছাকাছি হওয়ার ক্ষমতা তার ভিতরে আমি দেখছি।আর সামিউলকেও নিজেকে তার প্রসেস ঠিক রাখতে হবে এবং হার্ড ওয়ার্ক চালিয়ে যেতে হবে খ্যাতির বিরম্ভনায় পরা যাবে না,যদি পরে যায় তাহলে কিছুই হবে না লীগেই তার ক্যারিয়ার শেষ হয়ে যাবে।দোয়া করি যেন এরকম না হয় আমরা যেন আরেক জন সাকিব রাতুলের মাধ্যমে পাই।",shakib,FAVOR
c43e91f418040cd6,শুধু বাংলাদেশে না পুরো ওয়ার্ল্ডে সাকিবের মতো খেলোয়াড় আরো আসবে কিনা সন্দেহ আছে কারন সে বাংলাদেশের মতো দলে থেকো এতো ধারাবাহিক পারফরম্যান্স করা খুবই কঠিন।,shakib,FAVOR
219c895033126c66,Shobar podcaste akta name common sheta holo Shakib Al Hasan...& shbai tar shomporke positive kotha bolse...etai proman kore shakib is best not only in playing but olso in others sector....or mentality shbaike inspire kore...,shakib,FAVOR
29011fd0d69e25a6,"sakib er out ta vul c lo,,,but sakib full tournament a ekta match a o valo khele ne,,,r baki batsman rai ba ki khelsay,,,,but bowler ra onek valo performance korsay ,,,batting ta jodi ekto valo korto taholay amra jittay partam",shakib,NEUTRAL
7ecf620a9484d170,শাকিবকে বোয়া আউট না দিলে বাংলাদেশ আজকের ম্যাচে জিততে পারত। শাকিব থাকলে বাংলাদেশ ১৫০ রান করতে পারত।Shakib al Hassan is the king in the World ❤️❤️❤️❤️❤️❤️💗💗💗💗🧡🧡🧡🧡💚💚💚💚💚,shakib,FAVOR
e63b1af850ebb984,@mdmanju6935 Shakib Al Hassan is the best all-rounder in the World,shakib,FAVOR
62b757e7a2f086c9,"Bats man ra ki potidin run paibo amon kuno kota ase ni,but shakib is best",shakib,FAVOR
cb276187d0a38b45,ভাই মনে হয় না। কেননা সাকিব কাজের সময় কিছুই করতে পারে না। এটা আপনিও জানেন আমরাও জানি। আর সে একা কি করবে?? কেননা তার সাথে খেলা ধরে রাখার মতো কেউই নেই।,shakib,AGAINST
9eb537085da4149b,I am Indian🇮🇳. Jodi cricket bodro lukeder khela tahole Sakib Al Hassan kivabe ckriket khelte pare. #Sakib ke kisu bodrota shikan ar Bolam na.,shakib,AGAINST
a9689889ec027d07,Sakib er na hoi vhua out dice tarpor ki korlo Bangladesh. 7over a 25run aitar hisab ami t20 milaite pRci nA,shakib,NEUTRAL
2419f67c78f0f943,sakib thakle ki hoito? borojor 5 ran korto,shakib,AGAINST
5fbbe64fbe729e1f,সাকিবকে যদি আজকে ভূয়া আউট না দিত তাহলে সাকিব ভাই অবশ্যই ভালো খেলতো।আর বাংলাদেশ রান হতো ১৬০/১৭০,shakib,FAVOR
d7bd06f8467990d7,"সাকিব নাহয় এমনভাবে আউট হয়েছে, বাকিরা কি করেছে?",shakib,FAVOR
1a3fc5f478ee7cf0,"If anyone thinks that Shakib Al Hasan's out was just an umpiring mistake, then I would say that his thinking is very weak. There is no doubt that Shakib Al Hasan was given out deliberately and unfairly. However, for the sake of argument, if I take it as an umpiring mistake, then can the third umpire and ICC compensate for the loss of the Bangladesh cricket team due to such a big mistake??? If I take it as an umpiring mistake, then because of such a big mistake, crores of fans of the Bangladesh cricket team who love the Bangladesh cricket team selflessly, will the third umpire and ICC be able to compensate for the pain they have suffered? Money can't buy everything.",shakib,FAVOR
d174d1edc32fd7a8,হ্যাঁ সাকিব-আল-হাসান থাকলে তো আজকে পাকিস্তানের সাথে এসে 30 বলে 142 রান কত আর বাংলাদেশ টিম করত 300 রান বাংলাদেশ এমনি পুরাণে ম্যাচ জিতে যেত এখানে আম্পিয়ারের দোষ,shakib,FAVOR
2e3c05e76cea44a1,সাকিব একটা মেচেও ভাল কিছু করতে পারে নাই তাকে এখন অবসর নেওয়া উচিত,shakib,AGAINST
782c30f890c29fc4,একই কথা পরের বলে আউটই হত সাকিব।বাল পালাইত পারে না সাকিব রে অধিনায়ক বানাই।😅😅,shakib,AGAINST
2bcaeceaa4fefd28,সাকিব আউট না হলে বাংলাদেশ বিশ্বকাপ জিতে যেতো!,shakib,FAVOR
a962b696506b8c06,"Shakib reaction "" Aye aaye aye"" is same when my mom beat me ""Aaye aye aye""😂😂😂😂",shakib,NEUTRAL
915e5634da9e4f75,"Those who feel that Shakib is not behaving properly, you just dont know the context. He is up against the corrupted BCB. And the mass people are with Shakib as well.",shakib,FAVOR
277c8925a024b00a,Guys let’s not assume Shakib is the culprit here. Shakib’s and the Bangladeshi entire cricket player’s back is against the wall right now. They have been the victim of brutal corruption and worst umpiring system for years now. The entire cricket system has been corrupted in Bangladesh. The matches and tournaments have been fixed even before their commencement. Now is the perfect time to stand against all odds that has been happening. And who else but Shakib can only do that. Thank you boss Shakib.,shakib,FAVOR
a26504111318f50e,BCB punishes Players for match fixing but Umpires have no consequences when they are caught. They are not even investigated. Most Domestic Tournaments are fixed in Bangladesh. So it is important that someone like Shakib protests these things.,shakib,FAVOR
f6e09daf8c98a226,"Shakib is a top class player, his reaction though understandable but not up to the standard of where he is.",shakib,NEUTRAL
6f052226a536263f,"He is the Iconic player of Bangladesh. Leading from the front not only he should play cricket also he have to go against the Bangladesh Cricket Board (BCB) corruption. If Iconic players like him shouldn’t fight against the corruption of BCB then the value of Bangladesh Cricket will be no more. I Appreciate the Legend Shakib al Hasan's attempt, It's not a responsibility of him only others legend players should also join him to take action then they you will learn lesson properly 🔥",shakib,FAVOR
0e724f9a9505500e,"Big wD মাথার অনেক উপরে বল ছিল, এদের আম্পায়ারিং করার কোনো যোগ্যতায় নেই Love Shakib al Hasan ❤️❤️❤️",shakib,FAVOR
3f578b784da5d334,@goutamsarkar2892 you need to research a lot about the chaos occuring in the domestic season by the Umpires each year.... Umpires intentionally do wrong in these matches to manipulate the result favouring any particular team as those matches are not telecast on TV... The same thing occured repeatedly in the match and Shakib made a statement to protest against such heinous doings of the Umpires so that the authority might have a chance to reform the system on root.... Harman was clearly out and the match was on live too...She has become an egoist who belittles the opponents without any valid reason...You better check her match footages where she behaved abnormally including in the celebration of the trophy lifting....,shakib,FAVOR
e09cbd939a4f660f,@goutamsarkar2892 Bcz you can be angry at the umpire and point out their mistake and need to rectify..but for that.. you cannot disrespect an entire team... if you do that's disgraceful..... no cricketer in my recent memory had disrespected and entire team in presentation or pre/post match ceremony in men's/women's cricket prior to harmanpreet Kaur.. and btw.. Shakib gets rightfully trolled as well,shakib,NEUTRAL
ab07a710d46f0dd8,"If you feel that Shakib is not behaving properly, you just don't know the context. He is up against the corrupted BCB. And the mass people are with Shakib as well.",shakib,FAVOR
06c28d12a8960da9,"@immortalonblitz8571 BCB had been turning blind eye to biased umpiring in domestic cricket, untill Shakib did something similar to this, kicking the stumps during a domestic league match. Shakib has also been very disappointed with BCB due to their inability a organize BPL at a greater scale even though it has been 10 years since they have launched BPL. There are also various other issues.",shakib,NEUTRAL
c8e9346371916308,"Shakib was caught for match fixing, no? That's not corruption?",shakib,AGAINST
f41a48ef123fce15,"Lol, Shakib is also a corrupted person.",shakib,AGAINST
0cf734d66f0ce064,You won’t understand. Cricket in our country has literally became dumb. And there is nothing wrong with Shakib's all behaviours. He is a protester. And people will always say bad things when people like Shakib tries to fix something.,shakib,FAVOR
c34cd949f36a88cc,Its a huge wide ball. Shakib protesting against corruption and mismanagement of BPL and BCB. The people of Bangladesh supports his protest.,shakib,FAVOR
82fd0323ec6d0969,Shakib al hasan is the veary danger piliyer❤,shakib,FAVOR
24c856ee8783c626,"আমার মতে সাকিব একজন very well cricket player, সাকিব যা করে করেছে সেটা অন্যায়ের প্রতিবাদ বলে মনে করি।",shakib,FAVOR
ab12e82f5d327cf7,Corruption in Bangladesh cricket just spot on right there. Shout was so loud because it wasn't just Shakib but all the BD cricket fan roaring at the same time. Stop this madness of corruption before we turn into Kenya or Zimbabwe.,shakib,FAVOR
d5a297ae70b0aeb9,"This was wide ball according to the rules. But these umpires are really imprudent. Not only Shakib, this kind of role of umpires can make anyone angry.",shakib,FAVOR
70e492d3efca8680,This is clearly wide... Shakib done right 🎉,shakib,FAVOR
71956385c201aa6c,If argument is a book in cricket 🏏 then shakib is the modern author of it.,shakib,NEUTRAL
45c2d9e58a58831b,Sakib thik i bole all time.... Umpair ra vul thake majhe majhe,shakib,FAVOR
ac364b641cfde5ee,Shakib the operator 🔥🔥 Umpire should be slapped by This Man ❤,shakib,FAVOR
2b2a804e71711de0,That reaction could've been much worse than shouting tbh... The fact that he didn’t use curse words is a surprise. Because Shakib can very much be THAT GUY.,shakib,NEUTRAL
2c1368f3c60b46e2,Sad to see shakib being made the culprit when he is going against the corrupt umpires in bangladesh. If players are punished for behaviour then umpires should also be punished for wrong decisions.,shakib,FAVOR
30d9d4ff7e1ba7da,"i like shakib, but that is unruly, he should be given a penalty for that behaviour.",shakib,NEUTRAL
46997f7fe6b3e60b,These third class umpire will make anyone angry. Shakib has to raise his voice to get what is right which shows a poor class umpiring,shakib,FAVOR
ae1cac0a411e208d,Sakib is right because umpires un recent times making lot of mistakes,shakib,FAVOR
6e1d8b5161687ac9,I think at this moment Shakib was right about the wide but they way he reacted to it is a kinda joke,shakib,NEUTRAL
3152e73e0a76f1ed,"those who are here to criticize shakib, go and get some knowledge how cricket works here and then decide considering yourself at that situation in a regular basis 🤫",shakib,FAVOR
3c44652a5ca9918e,This time shakib is right because it's wide,shakib,FAVOR
1901356e425588cf,"is Shakib attitude match to a game like cricket , he has to change that , once in a while a player gets out of control ok but Shakib every match has some issue",shakib,AGAINST
b8c437f598a2516e,that is why sakib always unsold in ipl,shakib,AGAINST
f37250a9ce85516c,So what shakib has capability to buy a ipl team he has many business in bangladesh also in america...,shakib,FAVOR
82e0ef30aac9eec8,Shakib is a culprit cricketer in the Bangladesh cricketer.,shakib,AGAINST
ad74fb157e0dd98d,Wide tha par shakib ek senior player hai usko ye sab se bachna hoga.....,shakib,NEUTRAL
9df2f06f8e6cc490,Sakib is absolutely right if Umpire doing such a bullshit thing in ground...,shakib,FAVOR
d1038565d23147c5,"I reckon the commentator was Roshan, he said Shakib is a world class player, but he is not world class player, he is a bloody punk",shakib,AGAINST
f81f25f25fc94dfe,"If u raise voice against corruption, illegal things, then u are rude,uncultured. We love Shakib. Shakib never did cheap things like sledging, or direct fight with players without any reason. But, if u do illegal things, then, he is the baddest of all. We love u Shakib. If the whole world against shakib, i will be the one with shakibs side.",shakib,FAVOR
91718ba964d1fbf0,That is absolutely wide...umpire's are intentionally grudge on shakib...lastbyear he shows angry on umpire so all the umpires are intentionally againt to him...this is not at all fair.... Remove the umpires and appoint others...they just want to made shakib bad infront of everyone..how cheap mentality they have..,shakib,FAVOR
3e406779ae4c2367,Shakib is really Crass sometimes. He is a serial offender .,shakib,AGAINST
1a5d69ed0222f202,"Shakib was one of the closest person of former PM sheikh Hasina. He was very respectful to minorities of his area. On every occasion, he would gift them handsome amount of money. That's why the terrorists didn't like him that much. I knew that when Sheikh Hasina is not in power, they will harass Shakib a lot. But didn't even thought that they will give a murder case against Shakib. Most funny part is , he was not even in Bangladesh at that time. Rather he was playing in Canada.",shakib,FAVOR
2cdd019bf37a0bfa,"@Nikkita.7400 Shakib was one of the closest person of former PM sheikh Hasina. He was very respectful to minorities of his area. On every occasion, he would gift them handsome amount of money. That's why the terrorists didn't like him that much. I knew that when Sheikh Hasina is not in power, they will harass Shakib a lot. But didn't even thought that they will give a murder case against Shakib. Most funny part is , he was not even in Bangladesh at that time. Rather he was playing in Canada.",shakib,FAVOR
5215219dc6bb46f4,People saying shakib was afraid of virat bro come on virat knows well that shakib is not someone to disrespect or to go on a fight with and shakib respect virat well they both are world class player and they have mutual respect for each other,shakib,FAVOR
2919c5a994dcb993,"""Shakib Al Hasan is a highly popular player, and his skills and performances have earned him immense respect. I admire him greatly from India.""",shakib,FAVOR
0b083d911fd8ee5b,Shakib and Virat Both are my fav players 🤗❤️‍🔥 🐐x🐐,shakib,FAVOR
9411d976bf013d52,Shakib was saying casually let umpire do his job,shakib,NEUTRAL
99070be67976e2ec,virat know how to respect top player and shakib is top player,shakib,FAVOR
aff1cea5e0a1f10a,​ @MdRakib-co9ph Shakib just an average famous cricketer😂 Virat is a brand 👑,shakib,AGAINST
39e62c899ecc1c84,First fold Shakib is not a good player is always deserespect his fans and umpaire also,shakib,AGAINST
442056e9762e2afd,Bro sakib is not a world class player,shakib,AGAINST
c0b5d9e19d2dfe3a,Shakib is bit of a lowlife though. He has the attitude of a poor guy suddenly became rich.,shakib,AGAINST
eb1a37af390c464e,"Virat is 🔥🔥🔥🔥🇮🇳🇮🇳💥💥👉""ICON""💪👑❤❤❤❤❤ Sakib ul hasan is average player 👉👎",shakib,AGAINST
9195dfc003fd6775,Virat is father of pakistan And grandfather of bangladesh include sakib ul hasan,shakib,AGAINST
ddd0ae67c4361484,"Now, virat ka wicket lekar shakib ne celebrate kr diya. Virat ne tu sabdo vi nehi kya, ulta usko bat diya tha. Shakib al hasan is a mafia. Remember it.",shakib,AGAINST
24358798146bdc23,"Virat was just claiming for no ball and Shakib who was afraid that umpire would give it because King Kohli has asked for it. Shakib was definitely scared of Virat Kohli so, he started touching and grabbing Kohli but Kohli behaved maturely and taught Shakib basic cricket sense . If Kohli asked umpire to give no ball, it is his right. If Shakib thinks it is not a no ball, then tell, touch and grab umpires and not Kohli. In Shakib mind , Kohli>>>>Umpires. Why would Virat disrespect Shakib, he is not all at his level. Virat is the best cricketer of the decade. Kohli just doesn't think about arguing with this foolish people.",shakib,AGAINST
e8db167bee683308,"@PiuusanuILY absolutely, virat is father of Shakib. Shakib is just a kid.",shakib,AGAINST
dd0760c04c093af7,​ @jarintasnimoishy3093 No that kangladeshi sakib is nothing in front of virat kohli he is just afraid of him that's the main reason he didn’t do anything there is nothing to shy about that true is true and you have to accept that,shakib,AGAINST
9d9a1c1449d3629f,something terrible may be happen to the life of this poor creature named saadkhan.plz show sympathy for this dirty begger saadkhan.he may be abused by others and bullied throughout his life.he is so weak and infeable that he choose online to spread hate to others.and he is jealous of prince shakib cz india will never have and will never get alround player like shakib . everybody pray for this abused victim creature saadkhan who are suffering temporal lobe epilepsy issue and pray that this creature go to doc. and take his medicine daily.,shakib,FAVOR
9ee814f7116a79b2,​ @EX-Muslim-khan6 broo Come now COME NOW. India lost against Bangladesh in Asia cup. Where are you now huh? Now say shakib is the child . Loll,shakib,FAVOR
40d97791dc6fcbca,No bro sakib is just afraid of him that's why he didn’t do anything sakib knowns he can't mess with virat 😂,shakib,AGAINST
25f43c613d2d05c1,"​ @EX-Muslim-khan6 Shakib,and kohli are legend,Shakib is one man army,with ball and bat,Kohli only bat",shakib,FAVOR
813e4b23ee6b7e28,​ @EX-Muslim-khan6 No bro you are wrong. Virat was angry to the umpire and Shakib was just keep him normal.,shakib,FAVOR
25a53287cc430b1b,@EX-Muslim-khan6 virat also knew that shakib is not someone to mess with either. they both just talked respectfully and look at some disrespectful kids on the internet like you,shakib,FAVOR
6142e2fb23b581fd,Bro All-rounder doesn't mean you have to bat like virat and bowl like shami. Its just performing your duty in both batting and bowling and having good stats all together. Also he never said Shakib is better than virat.,shakib,NEUTRAL
c4122b7cd46b6e3d,"​ @PiuusanuILY funny 😂,,, do you know shakib as well? Virat afraid shakib too much . Sultan Shakib Al Hasan ❤",shakib,FAVOR
16377d08ae746a11,"@PiuusanuILY Absolutely, Virat is father of Shakib. Shakib is just a cry baby.",shakib,AGAINST
d6f6c3111d7a9256,Shakib is father of virat kohli and whole india he is brand75,shakib,FAVOR
0629014dc2f4eca4,"Everyone scared of father shakib, after all he is a कातिल",shakib,FAVOR
7a8497a458d6359e,"Virat agar time pe shakib ka samne na aata, to umpire ka band baja deta. Ro deta umpire. This is Shakib al hasan",shakib,FAVOR
704e8308cf14e20c,Virat is just baby in front of shakib al hasan upmire is also scared of shakib shakib scored more than 14000 thousand run and 700 wickets which record will never be broken,shakib,FAVOR
7bba6d61b000054b,Bro there is something wrong with shakib. What an unusual character,shakib,AGAINST
04b3e8e4d4fb1f2e,"True. Virat was just claiming for no ball and Shakib who was afraid that umpire would give it because King Kohli has asked for it. Shakib was definitely scared of Virat Kohli so, he started touching and grabbing Kohli but Kohli behaved maturely and taught Shakib basic cricket sense . If Kohli asked umpire to give no ball, it is his right. If Shakib thinks it is not a no ball, then tell, touch and grab umpires and not Kohli. In Shakib mind , Kohli>>>>Umpires. Why would Virat disrespect Shakib, he is not all at his level. Virat is the best cricketer of the decade. Kohli just doesn't think about arguing with this foolish people.",shakib,AGAINST
d6defaea0455dea3,"Absolutely, Virat is father of Shakib. Shakib is just a cry baby.",shakib,AGAINST
910b0beb525848d6,"​​ @ashishrudra1381 SHAKIB is the number one all rounder in the World. He will be remembered as one of the greatest All-rounder in World Cricket. U guys don't have any manners u don't know how to respect others. If u respect other u will get return same. If u can't then, don't expect respect from others.",shakib,FAVOR
06155be33eb51756,​ @ashishrudra1381 bro don't talk shit if u are scared to hear then listen that the greatest all rounder of all time is shakib,shakib,FAVOR
003d4ff4df5bdb58,Are you talking about Shakib? 👀 Glad that you finally realized.,shakib,FAVOR
c97392a4f7a34fa4,@AManOf_Culture yes we are talking our son and that is shakib,shakib,FAVOR
f8d1e55074df6fc9,@tasnimpromi2023 Sakib is virat Kohl’s son bap is always bap,shakib,AGAINST
01a97b97e107744f,No doubt shakib is the hero of Bangladesh cricket.. Only for him the whole world know Bangladesh,shakib,FAVOR
2bad5902a78c0d22,If shakib have no ego and politics he would be the greatest of all time,shakib,AGAINST
4f9bac097d050388,I love shakib from Pakistan love you Bangladesh from Pakistan,shakib,FAVOR
8fcac4445973b1b2,Shakib life is a full of action and still fighting i know his bad behaviour but living like a king❤,shakib,FAVOR
01bcd997dc511fca,Love you too my boss shakib Al Hasan ♥️🇧🇩💪,shakib,FAVOR
6b1a5ba5236caf19,"Wrong information, Shakib was not the first Bangladeshi to score 200!",shakib,NEUTRAL
0221ed514edebc0c,Greast of all time is Sakib all Hasan in our Bangladesh. Love you Boss75.❤️🇧🇩,shakib,FAVOR
34b2c8f3f83e1592,Bro 2014 Asia Cup ya Shakib ki korechilo live television ya ?,shakib,NEUTRAL
251f746e9cf37be2,"He is the hero of Bangladesh, but as a big-name star, he has a lot of enemies and negative PR. That's why they portray it as if only Shakib is responsible for all those incidents. Moral of the story: he is the father of all-rounders, and some incidents happened because of the heat of the moment in the match. 🔥 Now, create a video of all his records. I believe it will be longer than this video.",shakib,FAVOR
f63be195bc958887,"As a Bangladeshi, Sakib is a special one for me. He is the best all-rounder of the world. But in the quota movement, Sakib was quite and blind. For this, Bangalees are not happy to Sakib now. Despite this, He is the best player of all time for Bangladesh.",shakib,NEUTRAL
f7c8bfc66aec000e,"Bro, Shakib kicked the stumps in Dhaka premier League because the umpires fixed the match.",shakib,FAVOR
de127b7cb96ef155,Definitely He is a hero for bangladesh cricket team. He literally carried the whole bangladesh cricket team in his shoulder in 2019. Shakib as a person is a villain (sometimes) But as a cricketer he is a hero.,shakib,NEUTRAL
c8753cf6f160ab55,"No matter the controversies,u cant deny the undeniable talent Shakib Al Hasan has shown over the years,probably top 3 all rounders of all time and has carried his nation on his back for so many years. He has introduced Bangladesh to the cricketing world playing fantastic all over the world and the franchise leagues such as IPL,BBL,CPL. Ofc his bad attitude and his Member of parliament controversy will leave a black mark on his legacy but no one can take away from the fact that Shakib Al Hasan brought us Bangladeshis undeniable joy and made us believe we can compete. For most Bangladeshis , he will be a hero in cricketing terms. And since he is banned from bowling and wasnt chosen for Champions trophy 2025,he will prolly soon retire.So thank u for everything Shakib Al Hasan. You will be a hero in our eyes for ur contributions to Bangladeshi cricket.",shakib,FAVOR
92a5e174b6d3061c,On that Bangladesh league when sakib kicked on bails it because the umpair was constantly not giving outs when its a clear out basically the umpair was fixed that's why he raged,shakib,FAVOR
7603b2a929f83389,Shakib Al Hasan is the hero of Bangladesh cricket team,shakib,FAVOR
df97e698ddf0ec3a,Shakib is one of the great players of world,shakib,FAVOR
30b73134c4ceb511,"Shakib Al Hasan took RETIREMENT today, 26th September 2024. The end of an era. 😢",shakib,NEUTRAL
5ee71a3b38f9d103,"What you said that Shakib has ruined the sportsmanship by hitting the stamp on the stamp, then you don't know how much corruption is done in the Dhaka Premier League which is done by the umpires, so Shakib sticks with the baton.",shakib,FAVOR
47b2629286fa8fb3,Bro Shakib al Hasan is the best ❤❤❤❤,shakib,FAVOR
74ad9c8c5fdcf674,bro not only for bangladesh cricket but also for the world cricket he is a superstar player there is onlyy onne sakib al hasan,shakib,FAVOR
cff64bbd2ffb0c51,Shakib is the best player of in the world,shakib,FAVOR
8d4de9d2969f66dc,Sakib is a villain for Bangladesh cricket,shakib,AGAINST
d1164012811d882c,shakib was a gem for bangladesh that bangladesh did not appreciate,shakib,FAVOR
0385db48edfa8303,"Are Bhai When Virat Kohli shows aggression : He is a legend,he is some aggressive,Kohli ka jalva he And when Shakib shows aggression : The villain,he is the worst player.",shakib,FAVOR
8de3d84349c2f8ee,if we can ignore warner and smith scandal then why can't shakib's,shakib,FAVOR
82d0b341ef6554c3,Virat is indeed aggressive but he knows how to show respect..atleast he never kicked the stumps or disrespected the umpires...sure he criticizes them and showed his attitude but never crossed the line..and lastly Virat kohli have a sportsmanship which Shakib don't have remember the time out incident during the Bangladesh vs Sri Lanka...? Now how can you justify this..,shakib,AGAINST
7e612a548a86338a,​ @Watcher_Mefo babar azam also bro not only shakib babar azam also show aggression and attitude he also don't have sportsmanship during psl you see so many people hate him and call him zimbabar,shakib,FAVOR
6ebd5cd677d5c4c1,Even virat showed middle finger to the crowd Even aswin use mankand method to get out the opponent Shakib is a great allrounder its a outdoor game you can't expact anyone to be humble,shakib,FAVOR
786b46aa9cde62c4,Shakib al hasan is a legend of Bangladesh best allrounder in the world at this moment.,shakib,FAVOR
4c0c60150dd0733e,You can call shakib a smart cricketer . Coz he has plan for every type of batter . He's just perfect . I analyse it so many times . This's the reason I call him a perfect all-rounder . Love from jammu and Kashmir . And Rohit virat is love ❤,shakib,FAVOR
039660d3c68d2f52,All the best Shakib and Bangladesh in the world Cup 2023.,shakib,FAVOR
8eb5b4dbc3a8aba8,As a pakistani shakib ul hassan is the no 1 allrounder in history of cricket ❤,shakib,FAVOR
b4baa17a3be5c974,"​ @Dafuqboom-d2v Kid watch 2019 wc. This guy has been performing years after years with both bat and ball equally, Last 16 years no one could even challenge him for that icc world number one all rounder.. It's not a joke..virat is better batsmen but overall shakib is more impactful player for anyteam, he contributes with both bat and ball, He's been nailing it",shakib,FAVOR
f359b6d65ab899d7,​ @Dafuqboom-d2v dude just came out of an egg. Shakib is one of the great players to play the game ever.,shakib,FAVOR
3f1e6902ef4bc37f,Hardik listen you Shakib your senior understand??,shakib,NEUTRAL
25848ed57a138a36,"One of the Greatest all Rounder in Cricket History & One of The Greatest Athlete Virat Kohli.So much love from BANGLADESH ❤️🇧🇩 বাংলায় একটা কথা আছে,, রতনে রতন চেন আর শু** চেনে কচু। বিরাট কোহলি ঠিকই জানে শাকিব কেমন প্লেয়ার বাট আমাদের দেশের, বোকা** রা বুঝলো না শাকিব কি জিনিস।",shakib,FAVOR
2c17881e2eabaf17,Bangladesh will produce more all rounder like sakib how ever sakib is not replacable,shakib,NEUTRAL
411e50a7f60be14f,"Shakib bhai bol,tum dono ka senior hai.",shakib,NEUTRAL
6da9f5069a7188aa,😓 But politics has completely ruined Shakib now💔 Shakib is only 1 piece in the world 😀 There will be no more Shakib in the world❌ We are proud to shaking-75🇧🇩,shakib,FAVOR
88131b36dc53d904,Jokar panday say shakib just a good player . Shakib is legand of cricket. Hardik have no level 😂,shakib,FAVOR
32d00aa9ad7b1442,Shakib --Great player born in wrong Country.,shakib,FAVOR
6dba4dbbe3a01e22,"Shakib didn't say"" who is Virendra sehwag?""..he asked"" who Said that?"" But you understand the context.... Thanks 🙏",shakib,NEUTRAL
d070e4ccb1e1f7ec,Shakib is one of the best all-rounder of all time so Viru is at fault full support to Shakib from 🇮🇳,shakib,FAVOR
ba6de2084f046758,"You got the message wrong... The journalist asked about sehwag's comment, but Shakib didn’t get the name, then he asked 'who'? After listening that it's Sehwag, he told, ""Ok, It's not a big deal, Sehwag might said it for the betterment of cricket, and as a player I Won't answer Sehwag's comment rather than my duty is to play good cricket in the field."" To be honest, he showed respect to Sehwag, but the poor Indian media totally distorted the opinion of Shakib!!",shakib,NEUTRAL
3b49fcd6791413dc,Virendra sehwag: 442 match 17175 runs Shakib Al Hasan: 439 match 14500+ runs and 700 wicket ( still counting) Kon kiski jute mein hai sabko pata hain. Stats are splitting facts.,shakib,NEUTRAL
971e8d671dee5770,"Sushant bhai ek baar record check kar lo Shakib ka kitni wickets hain and kitne runs kiye hain, Sehwag jaise 3 k brabar hai akela. Mai India se hun but respect legends of the game.",shakib,FAVOR
514e79934b170b1b,Bhai Sakib is legend and the most loved player of Bangladesh.. Virendra shewag is our legend but with respect he should think before giving any statement..,shakib,FAVOR
6cf55e5c81fcb90b,Shehwag is nothing in front of Shakib. Jack Kallis can be compared with Shakib.,shakib,NEUTRAL
c6f40043f7c13989,"When the journalist asked him about the Sehwag issue, what did Shakib say? Listen to it carefully. Then criticize Shakib. When the journalist says, at first he didn't understand, then he gave a nice respect, what are you listening to? Your discussion is not right..What you said about Shakib at the end, it does not go with your character. Listen to one thing, what Shakib has, Sehwag does not have",shakib,FAVOR
b2dba198763c82c9,"You guys are very intellectuals 🗣️ Cause shakib said 'who' that he Doesn't mean who is sehwag, shakib said 'who' cause Whenever journalist said about sehwag to him that time he didn’t understand (heard)who was the man journalist telling about him. Try to understand Moral : Be sure to say something about anyone🦻",shakib,NEUTRAL
1987f319f651ea38,"​ @AbdulHannan-df7yj the person who beat Bangladesh in pretty bad way, but ya his statement was bad against Sakib.",shakib,AGAINST
e3e372c3d6e805d1,shakib is world legend asa kheladi 7 jonome india me nehi ayega😂😂😂😂😂😂😂,shakib,FAVOR
d306597f044a397d,14000 run +700 wicket or kiska hey batao.shewag sakib pasa be nehi😂😂😂😂😂😂,shakib,NEUTRAL
4d9dc35e98919a03,To bolo uska juty jharke sakib nikalne. Ho sakta he o assa bats man. Sakib bi all-rounder ka bap,shakib,NEUTRAL
a0b296a60a5ac3ac,Who is shakib he achieve nothing where shewag win 1 world cup,shakib,NEUTRAL
5474e24e9501d382,​ @MarxistNationalist the same person who stayed icc no. 1 all rounder in the same time on the world cup history...... Sob ka bap sakib,shakib,NEUTRAL
dffc018ab074c34c,"One of best, not best, even pandya is better alrounder than shakib.",shakib,FAVOR
022a32250b75d385,"how many icc trophy shakib wins for Bangladesh? Sehwag wins t20 world Cup 2007,icc world Cup 2011, champions Trophy, Asia cup.",shakib,NEUTRAL
19b70441c82eb31f,"All 3 formate- 442 match 17175 runs 38 hundred, 70 fifty, 138 wicket. ( he has played only 19 t20 match.) Think about his stats if he would have played 100 t20 matches. Shakib is no match for him. (Sehwag list A has 25000 runs, 300+ wicket) now compare with shakib. U will get your answer.",shakib,NEUTRAL
b7e0e6201336342e,"SHAKIB : 14000+ Runs & 700+ Wickets SHEWAG : 17,200+ Runs You haven’t even watched the press conference properly and making judgements about Shakib. Shakib didn’t reply “who is Shewag? He replied “Who?” Because he didn’t hear the journalists question in the noisy environment. So Don't make any video on false information",shakib,NEUTRAL
5ca385e7d00519ae,"Please don't mislead information, or hire a proper interpreter who can translate the language well! Shakib never said who is sehwa. He said ""who"" because he didn't hear the player's name correctly. And then he answered, ""The important player of a team should play well, and when he can't perform then others will criticize it, and there's nothing wrong with it"". At least he knows how to talk, unlike sehwag. And please don't say like 5-6 Shakib will come from one of sehwag's shoes!! cause then u sound arrogant exactly like sehwag which we didn't expect!. How long sehwag was the number 1 player in ranking and how how long shakib was?",shakib,NEUTRAL
8f7d7b36bb4b2d09,"bhai tu toh shakib ka interview na dekhkar hi statemate daal diya, aase calateho youtube? aab e paajeet, pehle to dekh shakib kya bola kisliye bola, tomhare to aukad e haay dusro ko chote karne ka",shakib,NEUTRAL
aded31d092f0390d,Shoes jhadega aur shakib niklenge ye nai bolna tha.. this is what makes you veeru and shakib on the same page .. you all 3 lack constructive remarks ..,shakib,NEUTRAL
d4a872eab9b4a387,You are talking about the greatest all-rounder of all time in cricket history erver. 14590 runs 700+ wickets 10 years back to back icc All three format no -01 all rounder.. Don’t compare Shakib al hasan with just an ordinary batsman,shakib,FAVOR
3aef9b13d3239d4c,Shakib is way better than pan masala man sahewag,shakib,NEUTRAL
263934d570b50d97,"From bd i had no objection on what sehwag said if he just criticised the playet.but the way he insulted a country that clearly shows his personal anger on bd.And it is not the first time.And another thing is you guys misunderstood Shakib's speech, he never said that.actually he couldn’t understand the qs and so he said who said.he accepted all criticisms.Thank you.",shakib,NEUTRAL
deb900208fd54b03,Shakib scored alone 600+ runs in the 2019 ODI world cup. Go and check,shakib,NEUTRAL
e05d9a0b04636c94,"@RajwanshAhir ODIs: Shakib first reached the number one ODI all-rounder spot in January 2009. He has held the position for multiple stretches over the years, often reclaiming it after brief intervals. As of June 2024, he is frequently seen returning to this position. Tests: Shakib became the number one Test all-rounder in December 2011. Similar to his ODI rankings, he has been in and out of the top spot several times. T20Is: Shakib topped the T20I all-rounder rankings in November 2010. His tenure at the top of T20I rankings has also seen fluctuations over the years. NO.1 ALLROUNDER IN ALL FORMATS FOR 14 YEARS, Maybe once in a while he stepped down to 2-3 for 1-2 months, then reclaimed his no.1 place....How many years did Sehwag stay no.1 batter???🤡🤡🤡🤡",shakib,FAVOR
0599e1cb7f76b1ac,Some bangladeshi is comparing shakib with sehwag not indians. Stats dikha ke asliyat nahi badalta. Shakib was worst in this trophy that's why they lost to everyone. I guarantee you Bangladesh will lost to Afghanistan also.,shakib,AGAINST
ad76e8aea4905321,Shakib more Great player then Shewag......... That's Fact,shakib,FAVOR
0eb08fee7bb4e14c,Sakib asked who said that not who is shewag..,shakib,NEUTRAL
8dd96faf42adf89f,shewag jeisa batsman world main bohut hai. Lekin Shakib jaise all rounder player world mai ek e hai. Hai to dikha de. Shewag se bol de apna juta jhadke India mai ek Shakib jaise all rounder paida kar de. Fir manuga,shakib,NEUTRAL
8e379f61dced80eb,Thats the reason why no one like india. India never have/had someone like shakib in the history of indian cricket. You also insult Shakib. You guys dont deserve respect even. Sakib is is bigger then sehwag. If some one ask to take 3 opener sehwag wont be in the list but shakib will be in the best 3 all rounder in the history of cricket.,shakib,FAVOR
ef46bed373ddabca,"That’s not true. He didn't say that. When the journalist mentioned Sehwag, Shakib couldn't hear properly and asked, ""Who?"" After that, he said that when a player doesn’t perform well for their country, it's normal for people to criticize. “ Please do your homework first before giving any news,bro. Don’t report any news without proper research. It seems like anyone can become a journalist nowadays. 😄😄",shakib,NEUTRAL
be2d872dc4e1f8b7,Shakib al hasan is ligend❤shewag is only average kind of batter,shakib,NEUTRAL
5aa05a76e3373202,Shakib didn't hear the name When the journalist said. So He asked again. He didn't Say 'Shewag who?' He just asked to tell again..,shakib,NEUTRAL
937c59df3ab89c04,Shakib didn’t say 'Shewag who?' He just asked the journalist to recall the name. Don’t spread misleading information & Don't create a controversy!,shakib,NEUTRAL
07c024b323612dd1,"If there were 3 more players like shakib in bangladesh team then it would be the number 1,,, if there were three more sewag in the Indian team it would be number last,,, Shakib is the player with no any comparison with the opener of india i forgot his name again ohhhhh yess sewaj 😂 Love shakib from Pakistan 😊 Ghalti aik trf say hay jo reaction m response ataa hay wo ghlti ni hota apnay self respect ki defence hay just",shakib,FAVOR
a426430fa6d8be76,You're speaking as if Shakib is just a regular player. He is easily one of the best allrounders in the world.,shakib,FAVOR
51f9b8f418c0effb,"They are talking without understanding Shakib well. In the journalist's question, the journalist took Sehwag's name but it was not clear. So he said who?",shakib,FAVOR
4468253f95dca35a,"What is says sy yari sports commentator ,Shakib just a big player for Bangladesh, so my question is why in a ICC all-rounder ranking Shakib is:1😂 that means icc for Bangladeshi",shakib,FAVOR
e72b56b5a3eb6518,Shakib is one of the greatest all rounder game has ever seen,shakib,FAVOR
1778ded5bdefdbbc,"HI Sports Yaari, I am from Bangladesh. As I am bangladeshi ,I love Bangladesh Cricket .Besides, I am a great fan of Indian cricket as well. The point I want to mention that you misunderstood the statement of Shakib Al Hasan. He did not understand the words of the reporter during presse conference, that is why he said ""who""?.. But later on he said in bengali that he did understand the words during press conference and admitted that "" as a cricket he was not performing, so this type of criticism from Virender Shewag is okay"".",shakib,FAVOR
6310fcf5ce38041a,"You guys quotesd it wrong, Shakib asked ""who"" (who said that?) not ""who is Shebag?""",shakib,NEUTRAL
a0e37081c7c850e5,"@satyakisaha6087 , shakib ended career of your kumble, ganguly and dravid in 2007 World Cup.",shakib,NEUTRAL
a76c26e6a4d48bd7,Even if he said that it's fine because it's Sehwag who started this. We Indians know Shakib is great player and even greater than Sehwag.,shakib,FAVOR
ebf8367662fe0df1,Thik kaha sakib ul Hasan ne.......ye virendra sehwag ka attitude hi bahut ghatiya hai....saabhi ka mazzak udana....saabhi ko aapne se nicha samajhna......being an Indian mujhe haar baar asa feel hota hai ki viru bahut jaayada hosiyar baane ka khosis karta hai aaur hamesa dusaro ka maaza aaur disrespect karta hai.....aap hoge bahut bade player but behaviour aaur gentlemen aaur sporting spirit me aap bahut piche hai.....because u think youself to be the best and others weak......aab hoge bahut bade player this doesn't allow him to give freedom to disrespect anyone.....jaise ko taisa hoga taabhi jaake isska muh band hoga.....ekdum sahi kaha sakib ne,shakib,FAVOR
f9f18b5e57e75a6c,"What is the mean of it if you check Shewag's pocket you can see 10-12 Shakib Al Hasan in her , What kind of respect give sy yari sports 🤧",shakib,FAVOR
dad76fecfa25174f,Shakib says who said that not who is sehwag,shakib,NEUTRAL
d825bd17cd6d7213,"Brother at first, look full vedio of shkaib interview then you criticism in shakib... If u not understand the full interview help the Kolkata pepole to understand....",shakib,NEUTRAL
f4d89e08b8804508,"Sakib al Hasan saying right,,who is virandar",shakib,FAVOR
e8857bf820f47459,Shakib didn't mean to say who is sehwag He meant who said that he should retire Don't spread wrong information,shakib,AGAINST
c4c20f1b821c7997,"It's not as real as you think it is. Shakib couldn't hear the reporters question so asked 'who'. Indian third class media channels have shown it badly. Shakib has always respected Sehwag. And if you compare Sehwag with Shakib, then Shakib's career is 100 times better than Sehwag's.",shakib,FAVOR
14e84cba59cb0dd5,"Bhai Shakib neh ese nahi bola tha. Shakib ko patahi nahi tha Sehwag neh ese kuch bola hen uske bare meh. Jab report usko puch raha tha is topik keh baremeh tabh usne ""Who"" bola tha. Disrespect ke liye nahi janne ke liye ke kon bola tha uska nam. Media neh isko ulte tarikese presented kiya hen news meh",shakib,FAVOR
282d857a05157691,Please see Shakib’s full interview on this issue. He asked “Who?” because he didn’t clearly hear what the reporter asked him. Then after hearing it was Sehwag he said he has nothing to prove to anyone.,shakib,NEUTRAL
fcebf7b92cfc5f59,Another request that - Don't compare Shewag with Shakib. Virender Shewag was one of the greatest opener and Shakib is one of the greatest all-rounder.,shakib,FAVOR
bacc71d1e6dd84aa,haha sakib didnt said who he said that ( who said that) bec he didnt know who said this things about him and he didnt hear the name properly for that reason he ask again who? .. please first know what sakib said .,shakib,NEUTRAL
303db1497faa8135,"you say jute jharenge to sakib nikal ayega ,,can india has any all rounder like sakib in their history???show us whole india team<<<shakib ,,",shakib,NEUTRAL
9947c33687e09c88,Oh really Brother. You create 5 Shakib . I am open challenge Only one sahkib you create them.,shakib,NEUTRAL
573d6e33f12d5991,Bhai aapka channel nahin chal sakta .Sakib cricket ka ambassador nahin ho sakta.,shakib,NEUTRAL
20952a064b346011,"if shewag doesn't give respect to shakib,then why shakib should give respect to shewag...Shakib did the right thing,,,give respect,, take respect,",shakib,FAVOR
873820f3fcbf8796,Sakib vs virender sehwag state dhaken terpor bolen who is the best,shakib,FAVOR
27625763a68adab9,This is false. Shakib asked the journalist who told him to retire.,shakib,AGAINST
65f6ff6a386b91b0,Sakib agorboniyan jarenge na khuch virendra mirendra nikel ayenge somojgiya??,shakib,NEUTRAL
0782a591a07e20ca,Izat do ga to izat mila ge good shakib Al Hasan ❤,shakib,NEUTRAL
7e88a7de0e159263,"As a Bangladeshi, Take love. Well said untill your hate speech about Shakib Al Hasan. shakib neighbour bully any Indian player but he did",shakib,NEUTRAL
c92c6eca08f392a3,"Brother, Shakib asked 'Who said?'. Not 'Who is Virendra Shewag?'. At this point it is just being double sided by Indian media.",shakib,NEUTRAL
2cece18f50044c2f,"Shakib AL Hasan is Legend, Shewag is Only Average Kind of batter😑",shakib,FAVOR
05a357f9a22d6a26,"That's bizzare of you saying "" Sehawag joote jhadenge toh 4-5 Shakib nikal ayenge."" Sushant bhai. Shakib has 702 wicket & 14,615 runs as of now in international. I have to mention shakib's performance in 2019 CWC which remains very underrated: 8 matches 606 runs with an avg of 86.57 and 11 wickets with the ball.",shakib,NEUTRAL
970f6f6e8f51e851,"u dint see the full reply of sakib, he said, ""if u dont perform well comments will come, i dont think this is bad, i accept this normally.""",shakib,AGAINST
f7fdfa9e99d7492c,"@RajwanshAhir • Virender Sehwag • Total Runs (All formats): 17,253 • Overall Average (All formats): 37.73 • Shakib Al Hasan • Total Runs (All formats): 14,050 • Overall Average (All formats): 35.60 Don’t forget Shakib can bowl too 🤡 Next time use some brain cells if you have one before answering with “emotions” 🤡🤡🤡🤡",shakib,NEUTRAL
6302e84edabc6517,"Shakib must retire, and serve his country as a politician which he is currently. He is of no use. And sehwag was 100% right acc. To shakib decisions and performances in this tournament.",shakib,NEUTRAL
b6d317bea8da864a,"Shakib has played more t20 matches then sehwag otherwise his stats. are nothing in front of sehwag. Jab shakib maa ki God ne tha, tab tak sehwag ne test me triple century laga di thi.",shakib,NEUTRAL
43052af4ce385714,"Shakib never said"" who is Shewag?"" When the reporter asked shakib wasn’t paying attention so he asked only ""Who?"" and then he humbly answered the question and didn’t criticized him. But media twisted and memer twisted very bad. But shewag's comment on shakib was horrible.",shakib,AGAINST
cfcc9c1f93cf96ab,"Shakib Al Hasan's shoes will not be equal, who is Virender Sevag, what is his career?👺",shakib,NEUTRAL
9b72ae202a709512,"Shakil nehi bola Shevag kon ho Repoter ka question nahi bujoge to ap kia buloge ? Repoter jab boldia shevag uska bade. Shakib vi answer da dia , o apko jantahe Unone bola 👉 e mara kam nehi ha koi ko question ka answer dena , mera kam cricket khelna ka ❤",shakib,AGAINST
fbdabb62350d760e,"Shakib didn’t say “Who”. Indian media just created a fake story. The questions was in Bangla. One reporter asked Shakib whether he heard of the comment of Shewagg. Shakib didn’t listen properly and he asked “who”. Shakib even don’t know what the comment is. To the fans, be careful with the fake story",shakib,NEUTRAL
af1addd0daf7000a,"do you guys folow cricket?? Sehwag will come from Shakib's shoes 100 times......ONLY CRICKETER IN HISTORY TO TOP ICC PLAYER RANKINGS IN ALL 3 FORMATS AT SAME TIME CONSECUTIVELY......no other cricketer cud do that in history...not even kohli, sachin were able to top icc rankings in all 3 formats at same time. Do your research properly..... show me another allrounder whose got THE DOUBLE OF 14K+ runs and 700+ wkts....EVEN Kallis COULD NOT REACH the ""DOUBLE"" of 12K+ or 600+ wkts.....",shakib,FAVOR
87f51af1d938e720,"Shakib naver said who is shewag, he just ask who said about him",shakib,NEUTRAL
67f37b935c2e8dc7,"Eit ka jabab patther se dena parta hain,,,,,,Shakib ne 19WC pe jo kiya he o history pe koyi cricketer nahi kar paya ab tak,,,,,aur ap keya bole ge uske bare main,,,apka keya qualifications he vai?",shakib,NEUTRAL
3d7331e860c8e658,Check the record of Shakib then talk about him. Shakib has more than 700 wickets and 14k runs. His stats can accommodate 1 shewag and 2 Ashwin at the same time.,shakib,NEUTRAL
f9da29ea9d3428bd,"Not informing of corruption then participating in corruption is a big difference. Sakib is not a corrupt person, being naive is not the same or worst than the Australian who actually did participate in corruption.",shakib,AGAINST
48f81f9bd35b618f,Steve Smith cheated and got caught. He gets 1 match ban from ICC.( Main1 year ban from ACB). Here sakib isn't even involved. But he gets 2 year ban. Nicely done by ICC.,shakib,NEUTRAL
3764250ece283e85,Tanay BHAiiiiiiiiiiiiiii❤ (if you are reading my comment) Jab Mathews 2 min hone se pehle hi khada tha toh umpire ki responsibility thi ki woh sakib ko mana karte (Iske liye cricket rule book mein clearity nahi hai ki aisi condition mein kya karna hai),shakib,NEUTRAL
d79b207387ba65d1,"I support shakib al Hasan, cause this is rules and regulations for all teams. you can't disrespect Umpires call. You have rights to appeal but you couldn't disrespect umpires call. If opposite team consider something it is great. but remember it. When you are a player then you should follow rules and regulations 😊",shakib,FAVOR
944d392953f65bf5,If It's in rule & law then Shakib Al Hasan is right. Everyone should respect the laws & rules. Mathews should remember what he did in 2014 with England.,shakib,FAVOR
40ede59ed294ead9,​ @reyz007 aur tumhare shakib ne umpire ko dhamkaya aur wicket tod diya. Wah bhai wah,shakib,NEUTRAL
427c8065c1b35811,Shakib sacrified his fame to have us hope in playing Champions trophy. No one would do that.,shakib,NEUTRAL
e482190d72a85319,"Bhai Shakib ka last world cup hai use respect milna chahiye,Haan Manta hu kal Jo usne Kia wo sportsmanship spirit ke against hai,but he is a legend yaar❤❤ POV:Agar rule ko cheating bolna hai to banaya kyu ICC?😂😡",shakib,FAVOR
8aac45d6e2927960,Jo log hate kar rahe ho bina soche. Ye ICC official rule hain. Shakib ne appeal kiya tha decision to umpire ka tha. Matter of fact if this rule is cheating then ICC will disallow it. Simple...,shakib,AGAINST
d34de14f6798aba6,Are bhai pitch pe wo 2 minute andar hi aa gya tha pr rule yeah kheta hai ki 2 minute ke andr wo crease pr ready hona chahoye ball face krne ke liye.... Wo uska kuch helmet change krne ke chakkar nai kr paya wo... Isliye umpire ne out de diya usko shakib ki appeal ke bad. Kuch galat nai hua hai.. All are within a rule...,shakib,FAVOR
a9f628ccd7fbd3fd,"True...he might have won the game, but couldn't win the hearts of many. One of the responsibilities of sportsman is to uphold the spirit of the game, which Mr Shakib couldn't. He might be very good at his sport, but very bad at sportmanship. What good is taking the wicket, when there is so much controversy and raising questions on his ethics?. Whenever, a wicket is taken by bowled, caught, runout etc, the fielding team enjoys/celebrates such moments of dismissal for their technical capability/skill. Has any Bangladeshi player celebrated during this dismissal?. Is there any skill involved?. If me Shakib is so convinced, why weren't they celebrating as a whole after Mr Angelo was given out?. From the bottom of their heart, they know they may be right as per rules but didn't act like sportsman.",shakib,AGAINST
e969a3ee5a38bd15,আমরা চাই সাকিব আবার খেলায় ফিরে আসুক,shakib,FAVOR
1a21575aeb08d128,আমি সাকিবের ভক্ত না তবু কথাটা ভালো লাগছে ❤❤,shakib,NEUTRAL
199937fa3fd9d4a7,No way. Tushar just expressed awami league type logic. Shakib is a Pro-Awami/Indian and Anti-Bangladeshi person. Cricket is just a sport that nobody follow outside South Asia. But Hasina's violence was known all around the globe.,shakib,AGAINST
6258edff0dfdd525,যখন রাজনীতিতে যোগদান করেছিল সাকিব তখন কই আছিলেন?,shakib,NEUTRAL
6248fe5560ff8f8c,সকিব নিজেই তো দেশের সার্থের চেয়ে ব্যাক্তি এবং দলের কথা বেশী চিন্তা করেছে।পৃথিবীর গ্রেট ক্রিকেটার রা খেকার জন্য কত কিছু ত্যাগ করেছে।আর সাকিব জাতীয় দলে থাকা অবস্থায় এম পি হবার লোভ সামলাতে পারে নি।আই পি এলের সময় দেশের হয়ে খেলে নি্,shakib,AGAINST
e3498a05404ddcce,সাকিবকে খেলতে দিলে আওয়ামী লীগ ও শেখ হাসিনাকে বৈধতা দেয়া হত। যে ব্যক্তি নিজ মাতৃভূমিতে মানুষ হত্যার উন্মত্ত লীলা খেলায় নির্যাতিত মানুষের সহমর্মিতায় সঠিক অবস্থান নিতে পারেন না তিনি সেই মাতৃভূমির হয়ে খেলতে চান কিভাবে? যারা রক্ত ও প্রাণ বিসর্জন দিয়ে নিজেদের অস্তিত্ব রক্ষা করেছে তারাই বা কিভাবে সাকিব কে খেলতে দিতে পারে? এত কিছুর পরও সাকিবের হাসিনা ও আওয়ামী তোষণ কি বন্ধ আছে?,shakib,AGAINST
134b3c9ef33b2a13,সাকিবের খেলা কে বন্ধ করেছে ? আজাইরা বক বক করতে আসছেন ?? সে তো নিজেই আসতে ভয় করছে.. আইনের বিচারের মুখোমুখি হবে না বলে...ওর খেলা তো বন্ধ করতে চাইনি বিসিবি,shakib,AGAINST
8ed26606b064e286,"সাকিবের বিচার করবেন আবার একই সাথে তাকে খেলাবেন কিভাবে? ধরেন,সাকিবের যদি ১০ বছরের জেল হয় তাহলে সাজা পাওয়ার পরে সে কি খেলতে পারবে? নাকি আপনি তাকে বলবেন তুমি দেশের জন্য খেলো তোমাকে অবসরের পরে শাস্তি দিবো! এমনটা হয়না, অন্যায় জাস্ট অন্যায়! সে আওয়ামী সাপোর্টার ছিল আর এখনও আছে কিছুদিন আগেও সাকিব হাসিনার জন্মদিনে শুভেচ্ছা আর অভিনন্দন জানিয়েছে। আমিও নিজেও চাইতাম সাকিব দেশের হয়ে খেলুক, কিন্তু যার দেশপ্রেমের চাইতে লীগ প্রেম আর আপা প্রেম বেশি তার মতো লোকের আমাদের দেশের প্রয়োজন নেই! আর যারা সাকিবের অন্ধ ভক্ত আছেন তাদের বলছি, আবেগ বাদ দিয়ে আর প্লেয়ার সাকিব-ব্যাক্তি সাকিবের ফালতু যুক্তি বাদ দিয়ে একটু বিবেক দিয়ে চিন্তা করুন তো! সাকিব কি তার কৃত অন্যায়ের শাস্তি ছাড়া খেলার বৈধতা রাখে???",shakib,AGAINST
ac8466cf192d90cc,"সাকিব ছিল বলে বাংলাদেশ বিভিন্ন টুর্নামেন্টের ফাইনালে যেতে পারত,এখন তো বাংলাদেশ ছোটো দলের সাথেই হেরে যায় বর বেবেধানে",shakib,FAVOR
5dbbe76e8caca145,"Such a idiot guy! ""Baktir caya dol boro, doler caya desh Boro.""- ata ki Sakib manacilo? ,Sakiber morality cilo, "" desh er caya dol boro, doler caya Hasina Boro, ter caya tk Boro!"" Akjoner paper tky apner jonno khbr nia also, ar apni consciously ta khaben? Sakib er against a aro onek doroner corruption er ovijog uthasa, amonki Hasiner amolao. As a cricketer he is good, but as a man he is dishonest.",shakib,AGAINST
585a226e76fc1163,"দুদিন আগেও মায়ের গর্ভে থাকা শিশুরাও সাকিব সাকিব বলে চিৎকার করত কিন্তু আজকে স্টেডিয়ামে খেলা দেখতে গেলে শাকিবের নাম ধরলে মার খেতে হয়,, বাংলাদেশের ক্রিকেট মানেই সাকিব আল হাসান, যারা সাকিবের বিরোধিতা করছে, তারা সবাই একটা একটা ফেরেস্তা কারণ তারা জীবনে কখনো অপরাধ করেনি, ধোয়া তুলসী পাতা, এটাই আমার বাংলাদেশ।।",shakib,FAVOR
eade15e410ea4303,"সাকিবের মতো ক্রিকেটার জন্ম হোক, কিন্তু সৈরাচারি বীজ যাথে জন্ম না হয়।",shakib,NEUTRAL
39ea916f834d2bc7,"ক্রিকেটার সাকিব আর চোর সাকিব কী আলাদা নাকী,যদি আলাদা হয় দুই ভাগ করে নেন",shakib,AGAINST
ff9112d770881360,সাকিব তো কোনো অপরাধ করে নাই সাকিবের দোষ সে কোনো কিছু বলে নাই,shakib,NEUTRAL
878c74a091477db5,"সাকিব সারাবিশ্বের গর্ব , সাকিবকে আবারো দেশের ক্রিকেটে দেখতে চাই।",shakib,FAVOR
2d74761d94c19098,সাকিবের ঘাড়ে ভর করে ফ্যাসিবাদ ফিরে আসার চেষ্টায় আছে।,shakib,AGAINST
048c511c3cd364c5,"সাকিবের কি কোনো সমস্যা হচ্ছে দেশের হয়ে না খেলতে পেরে?তার সম্মানের এতোটুকু কমতি হয় নাই, বরং হাজার হাজার গুন বেড়ে গেছে, বস❤❤",shakib,FAVOR
8f520b1407f43c5a,সাকিব আল হাসানকে দেশের সাধারণ জনগণ দলমত নির্বিশেষে সবাই ভালোবেসে ছিল কিন্তু সাকিব কি সেটা রক্ষা করতে পেরেছে?,shakib,AGAINST
2bccbaccf628af5e,"আমরা তো ভাবছিলাম সাকিবকে ফাসানো হয়েছে। কিন্তু হাজারও মানুষ জীবন দিয়েছে সাকিবের এসব তামাশা দেখার জন্য নয়। সে যদি কোনো অপরাধই না করে থাকবে তাহলে দেশে এসে কেনো আদালত ফেস করছে না?? সে অপরাধী না হলে দেশের ভক্তরাই তাকে প্রোটেক্ট করতো। যে খুনিকে সাপোর্ট করে,,কোনো প্রতিবাদ করা তো দূরের কথা উল্টো শুভেচ্ছা জানায়, আমাদের দেশে এরকম খেলোয়াড়ের দরকার নাই। সামনে হাজার সাকিব তৈরি হবে ইনশাআল্লাহ ।",shakib,AGAINST
982dbd087c41dfba,এখনো সময় আছে t20 বিশ্বকাপে সাকিবকে বাংলাদেশ দলের স্কোয়াডে রাখা হোক❤,shakib,FAVOR
adaedc19d55b5f14,সাকিবের বিচার আর খেলতে দেয়া এক সাথে চলে না। তাহলে হাসিনার বিচার চলতো প্রধানমন্ত্রী হতে নামানো হলো কেন!!!,shakib,AGAINST
08df8845047cd9b1,সাকিবের পরিবর্তে তুষারকে মাঠে নামানো হোক তুষার আওয়ামী লীগের হয়ে খেলবে।,shakib,AGAINST
a86c405008befdcc,"Bhai log agar yahi situation IND vs Bangladesh ke match hota aur Shakib ko out diya jata to aap log hi kahte ki broadcasting, umpire and ICC ko BCCI be purchased kar liya hai jo BCCI ke dar ke mare out de diye hai........ Kyuki hum Indian ne recent past me dekha hai ki kuch bhi mistake hota hai to aap log hi kahte hai ki due to influence of BCCI aisa hua.... India kisi weak team ko harata hai to aap log kahte ho ki fix... Now , I want to ask about IND vs Pak ki pakistan ne kitne me fix karaya",shakib,NEUTRAL
3315b91436ddd127,"PAKISTANIS ARE NOT endian. WE ALSO THINK THAT IT WAS A CONTROVERSIAL DECISION. SHAKIB WAS ""NOT OUT"" I THINK BUT WHAT ICC DO THAT IT GIVES PRIORITY TO ON FIELD UMPIRE DECISION. AND YES ""BANGLADESHIS ARE RIGHT"" ABOUT IT. IT SHOULD BE GIVEN IN FAIR OF BATSMAN.",shakib,FAVOR
858ce0155c8392e7,Kohli ki no ball......Aur Shakib ko benefit of out......kya double standards hai Pakistan !!!!,shakib,AGAINST
d6aca581508411fb,"Blame other for your failures, shakib was the last batsman and would have gone to score fastest century and if Kholi wasn't bowled a no ball he would not have scored a single run 🤣🤣🤣🤣. Kholi was hitting the ball at his will and Nawaz bowled him a full toss expecting him to miss it. Pak lost the match when they stopped attacking in 7 over when spin started kholi took his time and blasted his team to victory. Bangladesh lost cause opener scored 51 of 45 balls, Pakistan openers tried their best to lose but they got out at the right time.",shakib,NEUTRAL
327efeab70928d51,Shakib out nahi hota to Pakistan Karachi airport pe hoti.,shakib,NEUTRAL
40206fc4fe1bf6b3,shakib was arguing with umpire at that moment ....no indian was seen at the pitch....,shakib,NEUTRAL
7f43fc468eb51592,Sakib awami ligue er Dalai tomar dese asar komo dorkar nai. Tumi Delhi te Hasinar kace jao pio😅😅😅😅,shakib,AGAINST
e868d1553a45cb63,"Sakib er ferar dorkar nai, o khub ohongkari.",shakib,AGAINST
08ee83d37bd894ef,"হাসিনা টিকে থাকলে হাসিনার এমপি সাকিব কী জিনিস বাংলাদেশের মানুষ বুঝতে পারতো। গরীব মানুষকে ধাক্কিয়ে দুর্ব্যবহার করে সে আওয়ামী লীগের পাতানো নির্বাচনের এমপি হয়েছে। ১৫০০ শিক্ষার্থীর মৃত্যুতে সাকিবের শোক হয়নি শোক হয়েছে ১৫ আগষ্টে। এরা আওয়ামী লীগের এজেন্ডা বাস্তবায়নে ক্রীড়াবিদ পরিচয়ে দেশে ফিরতে চায়। সাকিবকে অবশ্যই আনা দরকার, কাশিমপুর কারাগারে পাঠানোর জন্য যেখানে বেগম খালেদা জিয়া ছিলেন।",shakib,AGAINST
70d8660559491eda,Sakib sheikh hasina ke party se MP hai jabse govt change huyi hai wo bangladesh nahi gaye hai isliye khel rhe. Vikrant point one aur zero point one me antar pta kro pahle tab desh pe sawal uthana,shakib,NEUTRAL
bec1d00093a612f2,সাকিব খেলোয়াড় হিসাবে গ্রেট🫶🧡 কিন্তু রাজনৈতি করা ঠিক হয় নি🙂,shakib,NEUTRAL
5fbbf24db7945b21,16 bochor boyosi oi sele police marse ja camera y recorded silo.ar sakib keno andolone kotha bole nai er karon to dekhlen e 1magistrate ke podoteg korate chache just facebook post korar jonno.,shakib,NEUTRAL
9f18f2cd4ae98994,শুধু সাকিব আল হাসান না আর কোনো ক্রিকেটারকে কি ঐ সময় কোনো প্রতিবাদ করতে দেখেছেন?,shakib,FAVOR
6a88e260112a938d,"Sakib jodi kisu bolto Dgfi ki ore dhorte 2 din o time nito? Apni Cadet bhalo bujben obossoi. Amra bai age chop thaktam tokhon sakib protibad korto, akhon just 1bar sakib protibad kore nai bolla ato troll keno?? Sorry to say but Bangladesh er manus asolai kono din change hobe na, r Bangladesh o na😅",shakib,FAVOR
22e6153d1c82104b,Oi somoy e koyta cricketer /footballer kotha bolselo? Sakib kotha na bolay sudhu tar dos? Ar onno ra je bolelni tader kisu bolen na kno,shakib,FAVOR
df065df1b2deb4bf,Sakib jodi quota Andolan e rajpote namoto😢 tahole aj mone hoy eta hoto na.,shakib,AGAINST
726d6980f88ee3c2,"Vai... Oi somoy kno cricketer e ktha bole nai...so, kharaper moddhe Sakib sera",shakib,NEUTRAL
5464ae4139b8cbdb,Shakib best player Everyone miss the crickter shakib.......... but everyone hate political shakib...............,shakib,NEUTRAL
00ca00ca50752126,খেলোয়াড় হিসেবে সাকিব কে ভালোবাসি এবং সাপোর্ট করি। তবে তার ব্যাক্তি জীবনের অপকর্মের বিচার চাই দেশের সচেতন নাগরিক হিসাবে।,shakib,NEUTRAL
82598e714c727a85,I love sakib al hassan from India 🇮🇳 ❤❤,shakib,FAVOR
ad2fdf952cc04686,Shakib all Hassan Best of the best. Bangladesh🇧🇩 have a lucky charm shakib all Hassan always best,shakib,FAVOR
5931e65e17ea6994,শুধু খেলার মাঠের পারফরম্যান্স দিয়ে কখনই আমি সাকিবকে বিবেচনা করবো না।খেলোয়াড় হিসেবে ভালো হলেও মানুষ হিসেবে সাকিব ভালো নয়।,shakib,NEUTRAL
d32a44eea20c06cc,​ @AshaduzzamanShanto-w1z nijer war nijekei lorte hoi . kono shakib er jonno desh jati teme takte pare ki?,shakib,AGAINST
7923d5ad31fcbc79,Shakib asolei akta Brend ... AJ ke takeniye sobai koth bole❤,shakib,FAVOR
44b9c17636007058,ফ্যান দের কাছে তো সাকিব এখনো ফেরেস্তা নিজের বাপের চেয়ে বড় করে দেখে সাকিব ভক্তরা,shakib,NEUTRAL
be9109ebe0732e6f,Sakib er onek dosh thakte pare ba ache. But jotota baje bhabe shob allegations gulo sobai tule dhore ta nia amr kisuta doubt ache. “everyone has their own perspective.But you have to communicate with each other” Amr o hridoy bathito hosse sakib er kisu kormokando er jonno. Better asha koresilam.most sad part ami sakib ke ekhon r support korte partesi na,shakib,FAVOR
ebfd606e9600c926,"Sakib is the GOAT ,,the greatest of all time",shakib,FAVOR
7c4f8e4823d67e9e,"ভাই, আমার নাম সাকিব 🙄🙄 আমার নামকে ওই বদনাম করে ছাড়লো 😢😢",shakib,NEUTRAL
6abca1343d0eab20,"Sakib Al Hasan k ageo emniteo dekhte partam na khub akta, ar akhon to dekhlei ga jole!!!!!!!!!!!!!!!!!",shakib,NEUTRAL
caea39f6b35bcc95,সাকিবকে খুব ভালো লাগতো৷ এখন শুধুই ঘ্রিনা করি৷,shakib,FAVOR
a04cdd25115e6262,"সাকিবের জায়গায় থাকলে আপনিও হয়তো এমনটাই করতেন।যদিও তার অনেক অবদান রাখা উচিত ছিলো, কিন্তু সে আন্দোলনের পক্ষে কিংবা বিপক্ষে কিছুই বলেনি।",shakib,NEUTRAL
ac2cf0f0807c8c3c,ব্যাক্তি সাকিব হিসেবে তাকে কেউ পছন্দ করে না😐,shakib,NEUTRAL
b35a5e7afc37279c,😂😂shotti jeta seta to bolbei Shakib jmn tokhn chup chilo eta shotti thik tmn apnr nijer kora comment tao shotti So accept the truth whatever it is.,shakib,AGAINST
dcec311754dbbbd9,সাকিবকে আমরা চাই মাঠেও চাই এবং নির্বাচনও চাই,shakib,NEUTRAL
45c8495968c85df4,Manush marar moto oporadhi league er bhul theke abar shikkha. Shakib er jel houa uchit.,shakib,NEUTRAL
6094cbfb9eed0c26,yes I want shakib will be mp,shakib,NEUTRAL
124bc681f1d06f5f,"সাকিব কে রাজনৈতিক ভাবে চাই না, সাকিব কে সারাজীবন দেশের ক্রিকেটের সাথে চাই।",shakib,NEUTRAL
401603a457228ca2,সাকিব কে বাংলাদেশ জাতীয় দলে দেখতে চাই,shakib,NEUTRAL
76139935a39a44f0,Welcome shakib Al Hasan. We are waiting for you leadership.,shakib,NEUTRAL
9aa09a5aa9ef374b,সাকিব আল হাসান যেমন ক্রিকেটের মাঠে বিশ্বসেরা অলরাউন্ডার হিসেবে পরিচয় পেয়েছে আমার মনে হয় ভবিষ্যৎ বাংলাদেশের রাজনীতিতে সাকিব রাজনীতিক অলরাউন্ডার হিসেবে পরিচিত হবে। এবং বাংলাদেশের মানুষ কে ক্রিকেটের মতো রাজনীতিতে ভালো কিছুই দিবে। শুভকামনা রইল সাকিব আল হাসানের জন্য।,shakib,FAVOR
6326127dfff3fc33,ছেলেটার কলিজা আছে বলতেই হয় এগিয়ে যাও শাকিব কারন তুমি এগিয়ে গেলেই বাংলাদেশ এগিয়ে যাবে 🛶❤️✅,shakib,NEUTRAL
6e9ce4f636e0e093,শাকিবের আপা তো পলায়া গেছে এই আন্দোলনে শত শত নিরীহ ছাত্রের প্রাণ গেছে তাও ঐ স্বৈরাচার রক্ত পিপাসো রাজনৈতিক দল কথা মুখ দিয়ে বলতে শরম করে না করবে কিভাবে শাকিবের তো বিবেকই নাই 😊,shakib,NEUTRAL
3b98aa6d5c72ca39,"Shakib didn’t apologize for his stance during the July Revolution. Just a few days ago, he even said in an interview that within a few years, he plans to return to politics with the very party responsible for killing nearly 1,400 people in Bangladesh. He has no remorse he doesn't even care about the people of Bangladesh.",shakib,NEUTRAL
d69fd62873955e9f,True resentment in our Bangladeshi hearts when we see our cricket team struggling and when we need someone like Shakib his choices letting him fall out of Bangladeshi hearts. Like how we losing to Zimbabwe,shakib,NEUTRAL
e5e9a4eb527a71ad,"Bro u got some info wrong Shakib was captain during 23 odi wc, not the 24 t20 wc where najmul shanto was captain, and the against srilank in 2023 wc he scored 82 runs not 8",shakib,NEUTRAL
912cf7cbaf98585a,"I don't think he said that, but sometimes doing nothing is also as bad as doing something wrong, but he definitely is a good person Shakib",shakib,AGAINST
0fc61f137d72aa01,1.Why should he Apologize? He did not kill anyone or do anything wrong 2.And so what if he returns in BAL? This is a democracy after all Or was the entire Andolon a dong for democracy? 😂 3.Also buddy we all know that this government has also killed over a 1000 people right? So you tell me why do you love the peoppe of this government and hate shakib?,shakib,FAVOR
080fe269b43b0614,"Mashrafee's case is unfortunate. He was just silent during the protest. Shakib on the other hand was a disgrace to the country. He had multiple criminal charges against him for fraud & money laundering. He used to beat up his own fans. And he didn't just stay silent during the protest, he supported the mass killing. Few months ago, he was spotted with the perpetrators of the mass killing in the US. The photo went viral on social media. He's still supporting that regime. He doesn't deserve any empathy from the people Bangladesh.",shakib,NEUTRAL
aeae92033f80aa92,"Sakib had everything from money to fame, still he chose politics for his own good. The fans of the Results hate him, also mentioning he associates with the betting company, plays a part",shakib,AGAINST
9a326c8c8c52ea04,"They had a choice though to take stand. When thousands of innocents got killed, It doesn't matter how good cricketer they are. It's about morals. And besides, everyone knows why they were quite. They thought it's impossible what happened ( The fall of that govt ) . Also a fact that not a single cricketer took significant stand. Shakib and Mash were in a position elected by the people. They have lost the respect.",shakib,FAVOR
3fc14d5db18e24cd,"I don't see any fault of shakib al hasan. Everyone is reacting like his position is just after sheikh hasina. He says about it. He says that if he posts, will it help? He was just a mp of magura.",shakib,NEUTRAL
6ae0002da704d969,​ @waleedfarooqi5998 Nah When we talk about bowling plus batting balanced overall greatest all rounder It's shakib Al Hasan mate,shakib,NEUTRAL
d47ff78d210eab11,Shakib's family is directly involved with politics. During the July-August revolution Shakib's father was spotted to be carrying out the rampage in his district that took lives of many ordinary people.,shakib,NEUTRAL
83ba720d34f4efd4,"Sakib al hasan best, insaallah cup jitbe sakiber hat dore. India agw thekey cole gele valo hoy",shakib,FAVOR
296a7bdc9a68da7b,আনফিট প্লেয়ার কে বিশ্বকাপের মত আসর থেকে বাদ দেয়া উচিত। এটি সর্বকালের সেরা প্লেয়ার সাকিব বলেছেন এখন সাকিবই ইনজু,shakib,NEUTRAL
aa9abf721b8e27e8,পাপন নাননু বাশার রাজ্জাক সাকিব কে বাদ দেন তাহলে ভালো করবে,shakib,FAVOR
2f9ff085d2b26a77,যারা দেশ থেকে পালিয়ে গেছে তাদের কথা মনে করিনা। আমাদের দেশে অনেক সাকিব আছে তাদের খুজে বের করে ভালো খেলোয়াড় বানাতে হবে। একটু সময় তো লাগবে। past কে ঘাটাঘাটি না করে বর্তমান কে নিয়ে ভাবুন,shakib,FAVOR
f34f844d497cb724,সাকিব আল হাসান কেন স্বৈরাচারের সাথে ন্যূনতম কোন সম্পর্ক ছিল এরকম কাউকে আমরা জাতীয় দলে দেখতে চাই না ? এদেশের মানুষ খুনের সাথে যারা জড়িত ছিল তারা কিভাবে এ দেশের ভালো চাইবে দেশের জার্সি গায়ে দিবে এটা এটা সম্ভব নয় ??,shakib,FAVOR
440209eb5f9969a3,Ai sob manus der jota mara hok. Sakib ak jon soyrachari MP chilo,shakib,NEUTRAL
c2dde7a8af963c84,Shakib ka jatio dole chai ai tai ses khota. 🇧🇩🇧🇩🇧🇩✊✊✊,shakib,NEUTRAL
96133a63d419154d,"সাকিবের কথা বললে উনার ভিতরে জলন ধরে,এটা সোজা করে বলতে পারে না।",shakib,NEUTRAL
f9fc6fbd70c1ecd5,"​ @SayemG64 তুই নিজকে প্রশ্ন করে দেখ,সাকিবের পায়ের সমান যোগ্যতা তোর আছে কিনা,, আর বাংলাদেশের রাজনীতি করার অধিকার সবার আছে,, আর রইল বাকি ঝুলায় আন্দোলন,, আমেরিকার ডিপ স্টেট, পাকিস্তানের আইএস,বাংলাদেশের সেনাপ্রধান এবং সেনাবাহিনীর একাংশ, এবং ইউনুসবাহিনীর পরিকল্পিত মেটিকুলাস ডিজাইন হচ্ছে জুলাই আন্দোলন,, মনে রাখিস এ দেশে সব সম্ভব প্রেক্ষাপট চেঞ্জ হবে,, সেদিন আজকের গাদ্দারদের কি অবস্থা ও পরিণতী হবে হিসাব কর 🤔🤔",shakib,NEUTRAL
08ed06402d2ec06e,Shakib Cricket theke retire kora better. Notun gen ke shujok daoa uchit. O politics korte korte khelar dike r kono focus nai,shakib,AGAINST
69952e3b7ad22426,এই সাকিব একদিন বীরের বেশে ফিরবে। বাংলাদেশের পঞ্চ রত্ন ছিল যাদের কে সবাই সম্মান করে কিন্তু তারা রাজনীতিতে গিয়ে মানুষের মন নষ্ট করে ফেলেছে।,shakib,NEUTRAL
8308e5a62feab33c,Ei pin Oder prappo chilo. Ora doshi. Mashrafi r shakib ke maar chete Hobe jonogoner shamne,shakib,NEUTRAL
00cf75a6fd901850,"খেলায় রাজনীতি না আনাই ভালো, সাকিব আল হাসান কে একবার সুযোগ দেওয়া উচিত 😅",shakib,FAVOR
6f905c036d611e28,"আগে সাকিবের বিচার করা হোক।আগে মিডিয়ার সামনে কান ধরে তওবা করবে, আর কোনো দিন আওয়ামী লীগ করবেনা।তার পর ওর খেলা নিয়ে চিন্তা করে হোক।",shakib,NEUTRAL
2f4fd0d44987285e,সাকিব গ্যালারীতে দর্শকদের ধন লেড়ে দেখায় আরো কত বাজে বিহেভিয়ার??,shakib,AGAINST
ea7a9dcd87c265e2,"চৌকস এমপি সাকিব আওয়ামী লীগের এজেন্ডা বাস্তবায়নে ক্রীড়াবিদ পরিচয়ে দেশে ফিরতে চায়, সাকিব ভক্ত হিসেবে আওয়ামী লীগ কর্মীরা ঝামেলা তৈরি করছে ।হাসিনা টিকে থাকলে হাসিনার এমপি সাকিব কী জিনিস বাংলাদেশের মানুষ বুঝতে পারতো। গরীব মানুষকে ধাক্কিয়ে দুর্ব্যবহার করে সে আওয়ামী লীগের পাতানো নির্বাচনের এমপি হয়েছে। ১৫০০ শিক্ষার্থীর মৃত্যুতে সাকিবের শোক হয়নি শোক হয়েছে ১৫ আগষ্টে। সাকিবকে অবশ্যই আনা দরকার, কাশিমপুর কারাগারে পাঠানোর জন্য যেখানে বেগম খালেদা জিয়া ছিলেন।",shakib,NEUTRAL
fb474a0ce5a69bd4,"আবালের মতো কথা বলবেন না,সাকিবের সাথে কারো তুলনা হয় না",shakib,NEUTRAL
28572d0d118f9855,দল মত নির্বিশেষে শাকিবকে দেশে ফিরিয়ে আনা উচিত। এক সাকিব আমাদের গর্ব।।,shakib,FAVOR
a8cae76923a7d886,সাকিব আল হাসানের প্রতি ভালো বাসা আরো বেরে গেলো,shakib,FAVOR
d37e9492123a326c,সাকিব সাকিবই থাকবে। সাকিবের বিরোধিতা যারা করে তারা একদিন নাই হয়ে যাবে। স্যালুট নাম্বার ওয়ান,shakib,NEUTRAL
a71aebf62e339e8e,কমেন্ট বলে দিচ্ছে সাকিব ভাইয়ের প্রধান্যতা কতটা আমারে হৃদয়ে।,shakib,NEUTRAL
ace97120fcfe95d7,সন্মান বেড়ে গেলো সাকিব ভাইয়ের প্রতি। বঙ্গবন্ধুর সৈনিক রা এমনি হয়,shakib,NEUTRAL
3511653352411c21,সাকিব একটা রত্ন শেখ হাসিনা বলে গেছে এইটা সঠিক। ভালোবাসা অবিরাম সাকিব আল হাসান ❤❤❤❤❤,shakib,FAVOR
dfd519e3457cf08f,"২০০৩ সাল থেকেই পরিচয় বাংলাদেশ এর জান সাকিব আল হাসানের সঙ্গে। তখন থেকেই সুসম্পর্ক রয়েছে, খুব কাছ থেকেই জানা শোনা। ভালো লাগা ভালোবাসা বরাদ্দ আজীবনের জন্য।",shakib,FAVOR
85698558bd5d959a,"শেখ হাসিনা রন্ত চিনতে ভুল করে নাই, বাংলাদেশের জান বাংলাদেশের প্রাণ সাকিব আল হাসান",shakib,AGAINST
eda86ee7f5a20f2e,"সাকিব আল হাসান তো সাহস করে বলেছে, এই রকম আরো শত শত অজানা রয়ে গেছে যারা সাহস করে নাম বলতে পারছে না, এইটা আমাদের সোনার বাংলা, এবং সোনার বাংলার মানুষ আমরা,",shakib,NEUTRAL
9690ed5a1e751c5d,পুলিশ সহ সবাই জানে সাকিবের কোন দোষ নেই,shakib,AGAINST
6a971061b77b6ec3,"সাকিব আল হাসানের কোন অপরাধ নেই, পরিস্থিতির শিকার সে, বাঙালি অনেক খারাপ।",shakib,AGAINST
a3db3f198c85ee6a,"একটা জিনিস দেখে অনেক ভালো লাগছে, যে সাকিব তার জুনিয়ারদেরকে নিয়ে নিজের মত করে চলছে। বাংলাদেশ টিমে সেই সবার থেকে সিনিয়র। বাকিরা বয়সে তার থেকে বেশ ছোট। কিন্তু সবাইকে নিয়েই সে চলাফেরা করছে। এটার প্রয়োজন আছে।",shakib,FAVOR
c42d2352404dfc72,সাকিবই একমাত্র বোড কে উচিত শিক্ষা দিব,shakib,NEUTRAL
375a86d3100dc79d,Sakib is the only player of Bangladesh Cricket team who plays for Bangladesh and for himself. He is proving his professionalism all the time. Make a player first who is equal to Sakib then try to take a action against him .,shakib,NEUTRAL
c09e6954a53c8324,"এই ভাইটা কে রে? যে সাকিবের নামে এত বড় কথা বলে, এই ভাইটা মনে হয় প্রতিবাদী মানুষটাকে চিনতে পারল না।",shakib,AGAINST
bb720a468de867e1,ক্রিকেট বোর্ড কি করে সাকিবকে নিয়ন্ত্রণ করবে? সাকিবই ক্রিকেট বোর্ডকে নিয়ন্ত্রণ করবে।।,shakib,NEUTRAL
bab118331a73e920,সাকিব যা করেছে ভালো করেছে। যারা সাকিব নিয়ে কথা যারা বলে তারা তাদের নিজেকে সালমান। কারন সাকিব সাকিবি।,shakib,FAVOR
dab2fc2409c9f07c,সাকিব কে বিহীন দল হয় না বেয়াদব কে বাদ দেয় না কেন পাপন,shakib,AGAINST
a7a0ce6bd106536c,সাকিবের উচিত বিসিবির সবাইকে স্টাম্প দিয়ে পিটিয়ে বাইরে বের করে দেয়া।,shakib,NEUTRAL
124386003be1f418,হায়রে সময় টিাভি। বিশ্বকাপের মধ্যে সময় টিভি কে সাকিব আল হাসান এক্সক্লুসিভ সাক্ষাৎ কার দেয় নি বলে এখন সাকিবের বিরুদ্ধে লেগেছে!!!,shakib,NEUTRAL
33094edaee7301a5,"সাকিব ঘুরিয়ে পেচিয়ে কথা বলে না স্টেট কাট কথা বলে,এজন্য আমরা সাকিবকে ভালবাসি।",shakib,FAVOR
1473ec02afc962cf,ক্রিকেটে সাথে সাকিব দেশের জন্য অনেক কিছু দেওয়ার ছিল 😢😢😢,shakib,NEUTRAL
d5a4ab723a75b1f8,আমিও সাকিব ভাইয়ের কথায় একমত আসিসি দেখছে তোমরা না আসলে খেলতে ওয়াক অভার দেয়া দরকার ওই জন্য আইসিসি চুপচাপ আছে,shakib,NEUTRAL
249cce3a8e2363c8,সাকিব আল হাসান খুবই লজিক্যাল ভালো কথা বলেছেন,shakib,FAVOR
c4748e5898934848,পাশাপাশি ভারতের উগ্রবাদের সমালোচনা করলে সাকিব বাংলাদেশে ফিরে আসার মতো গ্রহনযোগ্যতা পেয়ে যেতো। সবার এটা বুঝা উচিত যেদিনে আইপিএল ছিলো না তখনও ক্রিকেটাররা না খেয়ে থাকেনি বা যারা খেলার সুযোগ পায়না তারাও না খেয়ে থাকেনা। রিজিকের ফায়সালা হয় আস্মানে।,shakib,AGAINST
f870081209a37e7f,যে কোন দেশের তাদের নিজস্ব খেলায় তাদের নিজেদের আইন বাস্তবায়ন করার অধিকার অবশ্যই আছে কিন্তু সেটা খেলোয়ার অথবা খেলার কোন বিষয় নিয়ে। কোন রাজনৈতিক অথবা কোন ধর্মকে কেন্দ্র করে এরকম সিদ্ধান্ত নেওয়ার কথা কোন ক্রিকেট বোর্ডের আইনে আছে বলে তো মনে হয় না। যদিও আমি ক্রিকেটের না । সাকিব ভাই বাংলাদেশের ক্রিকেটের জন্য একটা গর্ব কিন্তু তার নিজের জায়গা থেকে দেশের মানুষের ধর্মীয় এবং খেলার আবেগ বোঝা উচিত ছিল কিন্তু সেটা সে বোঝনি।,shakib,FAVOR
ac768556bcdbab86,সাকিব ভাই ভালো থাকবেন আপনি বাংলাদেশের একজন উজ্জ্বল নক্ষত্র ক্রিকেটের জন্য?,shakib,FAVOR
7f2f7374c6065a69,সাকিব আল হাসান ও কিন্তুু খেলার সাথে রাজনীতি মিশিয়ে আওয়ামী লীগ তথা নৌকা কে আইডল হওয়ার সুযোগ দিয়েছে এবং দেওয়ার চেষ্টা করেছে।,shakib,NEUTRAL
420425e73f8ca584,শাকিব এতো দিন ঘুমে ছিল নাকি শেখ হাসিনার কাছে অনুমতি নিয়ে মুখ খুললেন,shakib,NEUTRAL
997ff751334a5c79,সাকিবকে কেন বাংলাদেশের হয়ে খেলতে দেওয়া হচ্ছে না? সারাদিন ভারত বয়কট করার লোকেরা মুস্তাফিজকে না খেলতে দেওয়ায় আর্তনাদ করছে কেন? তাদের ইচ্ছায় তো ভারত পুরনো করেছে। কি অদ্ভুত দ্বিচারিতা এই দেশে! 😢,shakib,NEUTRAL
9d336c212e85fa64,"সাকিব নিষিদ্ধ লিগের, তাই সাকিবের কোন কথা শুনতে ভালো লাগে না।",shakib,FAVOR
37a9be9ab22d7d04,সাকিবুল হাসান রাজাকারের বাচ্চা না সাকিবুল হাসান এর বাংলাদেশের মুক্তিযুদ্ধের পক্ষের শক্তি সাকিবুল হাসান সবসময় সাকিবুল হাসান তোমরা পারলে আর একটা সাকিবুল হাসান তৈরি করে দেখাও জয় বাংলা জয় বঙ্গবন্ধু জয় হোক বাংলাদেশের মেহনতি মানসী,shakib,NEUTRAL
7536fff4c019bc09,দেশটা কি সাকিবের একার যে সেই শুধু বলবে ।তুমিও কিছু বলতে পারো না শুধু অন্যের দোষ খুজো। তোমরা কিছু লোক আছো যারা শুধু কমেন্টেই ছিঁড়তে পারো বাস্তবে কিছুই না। আমার কথা খারাপ লাগতে পারে তোমার ।,shakib,AGAINST
13a4fe471ad0d1e4,হিন্দুত্ববাদের আইন কানুন কি আবার সাকিব আসল কারন না বলে আওয়ামী লীগের মত কথা বলেছেন,shakib,AGAINST
3b7f4fa4adee6de8,"ভাই তোদের সাংবাদিকতা আর ভাল্লাগে না এই বার একটু শান্ত হও তোরা একটা নিউজ পাইলে পুরা দুম দুম অবস্থা করে দেস, কেনো রে ভাই হ্যা বাশি কথা এখন সাকিব কইয়া বাংলার মানুষ কে কি বুঝাতে চায়ে সে সে কি এখন দেশপ্রেমিক হয়ে গেছে? আরে সে ব্যাক্তি সাকিব হয়ে যদি কথা বলতো তাহলে আজ কেনো সে যেই দিন মুস্তাফিজুর কে বাদ দিয়েছে সেইদিন কথা বলতো, সো আমার মনে হয় এটা তার একটা দান্ধা যেনো বাংলার মানুষ তাকে বাহু বা দে কিন্তু এটা একদমি ভুল ধারণা কারন বাংলার মানুষ এখন আবেগী নয় এখন সোচ্চার হয়ে উঠেছে এবং তারা নিজের অধিকার নিয়ে লড়াই করা ও শিখেছে আল্লাহ্ ইচ্ছে, তাই বলছি সাংবাদিক ভাইয়েরা এইসব নিউজ না করে নিউজ করেন সাকিব এতদিন পর মুখ খুললো কারন কি?",shakib,AGAINST
fb2a1399dc429dd8,"Thank u thank u so much🥰, My dear Somoy tv🙂 and Somoy tv Sports Reporters👈😊 ......because apnara Sakib al hasan🤕🤒 Somorke right✅ and true👍 news Bangladesh🇧🇩 ar People and Public ar kache tule dohrar jonno🤔. And i Finally again again thank u🥰 and i salute👏 them.🥰😊🥰😊🥰",shakib,FAVOR
00f6fec5a18e363e,সাকিবের ক্যাপ্টেন্সিতে এবারের এশিয়া কাপ দেখতে চাই আমরা,shakib,NEUTRAL
40a0f4a598dfd570,সাকিব খেললে একটা দুইটা ম্যাচ জিতার সম্ভাবনা আছে।,shakib,NEUTRAL
532dc7e7238c503f,সাকিব কখনো দোশ করেনা তাকে দুশি করে দেখা হয়।,shakib,NEUTRAL
ca2290e9de676cf6,"সাকিব না খেললেও তার কোন সমস্যা নাই, বরং আমাদের ক্রিকেট এর সমস্যাই হবে। যানিনা যারা পরিচালক তারা কোন সময় কী চিন্তা করে এমন সিদ্ধান্ত নেয়।",shakib,NEUTRAL
50daeeb1f72ea54b,সাকিব যা করছে তা ভালোই করছে।ক্রিকেট বোর্ড আজ পর্যন্ত ভালো কিছু করতে পারছে তাহলে খেলে কি হবে।সব সময় হারে বোর্ড এর কোন যায় আসে না খেলতে পারাটাই আসল মনে করে।,shakib,FAVOR
8da8163422bf6438,Shakib is the best cricketer of Bangladesh ❤️🥰 Shakib er parsonal matter Niya Oto matha betha Kno papon bahinir... Shakib Jodi... Team e na thake tahole...papon bujbo ... akhon..Bab dore thakar fooool,shakib,FAVOR
96c717c179328842,"কয় টাকা বেতন দেওয়া হয়,,, এখন বিজ্ঞাপন থেকে ইনকাম করবে সেটা ভালোলাগেনা,,,, সাকিব কে দলে না নিলে ওর কোন খতি নেই,,,, কিন্তুু জাতীয় দলের পাছামারা।।।",shakib,FAVOR
fb5889dd8ce3ec6a,সাকিব কে সারাজীবনের নিষিদ্ধ করে দেওয়া হোক,shakib,NEUTRAL
c015244a1bffa57a,সাকিব যদি দেশকে ভালবাসে সাকিব উচিত ডিলটা ক্যানসেল করা।,shakib,FAVOR
47efaa9cb9449123,Shakib Sara khalai dakhbo naaaaaa.. . Dakhbo Jodi papon/Nannu khale,shakib,NEUTRAL
080c93578b1c2d1a,বাংলাদেশ লিজেন্ড নামে একটা দল। গত বছর ভারতে রোড সেফটি টুনামেন্ট খেলল যার স্পস্নর ছিলো বেটওয়ে (betway)। বাংলাদেশের সব প্লেয়ারইতো সেখানে বেটওয়ের নাম লেখা জাসি পরে খেলেছে তখন তো কোন হয়নি। এখন সাকিব বলে এতো কথা হচ্ছে কেনো?,shakib,FAVOR
8ee206a23b920988,"বিসিবির সমস্যা হলো সাকিবের শর্ত মেনে নিতে পারবে না, সাকিব শর্ত দিয়েছিলো যদি তাঁকে ক্যাপ্টেন্সির দায়িত্ব দেওয়া হয় তাহলে নিজের স্বাধিন ভাবে দল ঘোছাবে, টিম ম্যনাজমেন্ট এর সেটা মানতে নারাজ তাই সাকিবকে নিয়ে এতো ঝামেলা করতেছে..",shakib,NEUTRAL
91de50e1fac2665e,সাকিব ভাইয়ের কোন দোষ নেই ওনাকে ফাসানো হচ্ছে 😡,shakib,AGAINST
52d0898eb8c5e8e4,বলতে খারাপ লাগলেও সত্য যে সাকিব বর্তমানে লোভী হয়ে গেছে,shakib,AGAINST
7ecee14148b14a51,Sakib al hasan best player ❤❤❤ I always support him😊 love u 75❤❤❤,shakib,FAVOR
661bd497db93f1d3,"সাকিব যেহেতু ঐ জেলার এমপি ছিল, তার একটা দায়িত্ব ছিল, সে পুলিশ বা আওয়ামী লীগ কে বলতে পারতো আমার জেলা বা আসনের কেউ যেন না মরে, এই ধরনের কোন দায়িত্ব পালন করেনি সাকিব এমপি, বাট তার আসনে, ৩ টা লোক মারা গেলো,",shakib,NEUTRAL
bb5d5cd3fb1253d6,এটা আমি বিশ্বাস করি না কারণ সাকিব ভাই একজন ভালো মানুষ সাকিব ভাই মানুষকে অনেক ভালোবাসি তো সাকিব ভাই এরকম কাজ কখনোই করতেই পারে না এটা ষড়যন্ত্র করে মামলা দেওয়া হয়েছে বা যে মামলাটা দিছে সে বুঝতে পারি নাই,shakib,FAVOR
041447999e40a136,এই মামলা থেকে সাকিব আল হাসানকে অব্যাহত দেওয়া হোক ফোনে হাসিনার বিচার চাই আমরা,shakib,NEUTRAL
18406ea40d43f629,"সাকিব কোথা থেকে এলো!!!! বাংলাদেশেই তো ছিল না সে 🤣 সোয়েব মালিক দুবাই তে থেকে পাকিস্তানের হয়ে খেলছে , কোহলি থাকবেন লন্ডনে।",shakib,NEUTRAL
96800655e047e106,আগে একজন সাকিব তৈরী করেন তারপর তাকে বাদ দেয়ার চিন্তা করেন,shakib,AGAINST
e9b2445f72bbafa6,সাকিব আল হাসানের বিরুদ্ধে মিথ্যা মামলা প্রত্যাহার করার দাবি জানাচ্ছি! ✅,shakib,NEUTRAL
f9613cec2ef4935d,মামলা করা এখন একটা ইস্যু হয়ে গেছে হাস্যকর লাগে সাকিব আল হাসানের বিরুদ্ধে যত মামলা আছে সব প্রত্যাহার করতে হবে,shakib,NEUTRAL
7afc326d0198180d,"সাকিব এখন সবচাইতে বেশি মানুষিক ভাবে বির্পযস্ত। আপনারা তাঁর পাশে না দাঁড়িয়ে কেউ সমালোচনা, কেউ খুনের মামলা এসব করছেন। আমরা জাতি হিসাবে কি এতই খারাপ?",shakib,AGAINST
916aa18b5c516790,"এরোকম সাকিব বিশ্বে আর দ্বিতীয় টা হবে না বলে মনে হয়,সাকিব এ পর্যন্ত কোনো অন্যয় করছে বলে আমি মনে করি না।সাকিব সব সময় অন্যয়ের বিরুদ্ধেই কথা বলেছেন। আর নিজের আবেগ কখনো প্রকাশ করেননি।তাকে মিথ্যা মামলাই ফাসানো হচ্ছে।",shakib,NEUTRAL
7032dd9614980c05,সাকিব আল হাসান এর নাম হাইলাইটস করে ব্র্যান্ড ভেলু বাড়িয়ে নেন আপনারা যে তাকে খেলতে দিবেন না সেটা জনগণ জানে কিন্তু নিজেদের স্বার্থে নাম টা ব্যবহার করে থাকেন।।।,shakib,NEUTRAL
77cae3750f898556,Tora buira sakib ke pore thakis Cricket er unnoti hobe na.,shakib,NEUTRAL
267471bd8706b5ce,সাকিব ভাইয়ের উচিত অপমানিত স্থানে আর না ফিরে আসা।,shakib,NEUTRAL
adfb9cdbdd1d88f9,সাকিবের সম্পত্তি যা আছে বেঁচে। গরিবদের দান করা হোক,shakib,NEUTRAL
278c7f815fbbbfaa,তুই মনে হয় জানবার লয় আসিফ আকবর বরাবরই সাকিবের পক্ষ নিয়ে দেশে ফেরানোর চেষ্টা করে এসেছে এবং সাবেক বিসিবি প্রধান আমিনুল হক সেও চেষ্টা করেছে। সবকিছু জিনিসের তো একটা প্রসেস আছে আর প্রসেসিংয়ে তো একটু সময় লাগবেই,shakib,NEUTRAL
7a05cb227c378ac2,​ @nirobkhondokar2636 বুলবুল যখন বিসিবি বস তিনি চাইলেই দেশে না হোক বিদেশে সিরিজ গুলো খেলাতে পারতো কিন্তু তা করেনি।কারণ আসিফ তো বিএনপি করে আর সাকিব আওয়ামী লীগ নেতা এজন্য 😂😂😂😂,shakib,NEUTRAL
c70b51acac4a0399,সঠিক। সাকিব সরাসরি গাদ্দার। সে জুয়া প্রমোট করে।,shakib,NEUTRAL
aa5250972cebaab0,আসিফ ভাই আপনার কথাগুলো শুনে অনেক ভালো লাগলো কারণ বাংলাদেশে অনেক বড় বড় নেতা এখনো বসে আছে আর কই আর সাকিব আল হাসান বাংলাদেশের একটা ক্রিকেটের রত্ন❤,shakib,FAVOR
771a076d2ab8e6d3,আসিফ ভাই আমি আপনার অনেক বড় ফ্যান আর আমার বস সাকিব আল হাসান কে এতে পছন্দ করেন এই জন আরও বেশি ভালোবাসা বেরে গেলে গুরু,shakib,FAVOR
0aa6e1bd2bee73f8,সাকিব আল হাসান কে আমরা দেশে দেখতে চাই,shakib,NEUTRAL
090ae902f259d397,vai brain diya chinta koren.. ora jkhn khomotay chilo tkhn shakib ke ane nai kno??,shakib,NEUTRAL
23a28ff6d4f34d6e,"আসিফ আকবর সাকিবের দালালি করে,, টাকা খাইছে",shakib,NEUTRAL
c1438c6c8e11cc77,​ @ishraraiyan305 সে ওত বিসিবিতে ছিল তখন সাকিবের বেলায় নিশ্চুপ ছিল কেন।,shakib,NEUTRAL
d14812f445c0ed28,সাকিব আল হাসান হচ্ছে বিশ্বসেরা অলরাউন্ডার তার মত একজন সাকিব পেতে বাংলাদেশকে 1 কোটি বছর অপেক্ষা করতে হতে পারে আল্লাহই ভালো জানেন,shakib,FAVOR
be852aff73696e30,আসিফ ভাই ঠিক বলছে তারা জকন খমতায় ছিল তখন তো সাকিব রাজসাখি হতে চাইনি❤,shakib,NEUTRAL
a1e4b82b232d9093,Hoyto apnar kotha shotto but sakib ke amra desh a chai abar khelbe o.,shakib,NEUTRAL
50d6dbe059a64cc5,"""আসিফ ভাই সবসময়ই সত্য কথা বুক ফুলিয়ে বলেন, এই সাহসী বক্তব্যের জন্য উনাকে ধন্যবাদ। জুলাই বিপ্লবের ঐ কঠিন সময়ে ৩রা আগস্ট গণভবনের গোপন বৈঠক নিয়ে উনি যে তথ্য দিয়েছেন, তা সত্যিই চোখ খুলে দেওয়ার মতো। যারা আড়ালে থেকে ক্রিকেটকে নিয়ন্ত্রণ করছে এবং কোয়াসহ (COAB) বিভিন্ন সংগঠনকে পকেটবন্দী করে রেখেছে, তাদের মুখোশ উন্মোচন হওয়া দরকার। আসিফ ভাইয়ের কথার সাথে একমত—সাকিব ভুল করে থাকলে তাকে দেশে এসে আত্মপক্ষ সমর্থনের সুযোগ দেওয়া উচিত। সে যদি রাজসাক্ষী হয়ে ভেতরের সব নোংরা রাজনীতির খবর ফাঁশ করতে চায়, তবে সেই সুযোগ কেন দেওয়া হচ্ছে না? এর পেছনে কার স্বার্থ লুকিয়ে আছে, তা খতিয়ে দেখা উচিত। দেশের ক্রিকেটের স্বার্থে আসিফ আকবর ভাইয়ের এই বিস্ফোরক বক্তব্যকে পূর্ণ সমর্থন জানাই।""",shakib,AGAINST
1d47bf0311ea6760,"না সাকিবের এদেশে না আসাই ভালো, কারন এই দেশ সাকিব এর যোগ্য না!🤮 সাকিব বাহিরে আছে ভালোই আছে☝️",shakib,FAVOR
d76221a9077281f0,সাকিব মানেই বাংলাদেশ ক্রিকেট সত্যি কথা বলতে ধিদাবোদ করে না।।। সাকিব ছাড়া এভাবে কেউ বলেও না😍,shakib,NEUTRAL
5b045daa8b413ce7,তার কথা টিক আছে আমরাও চাই সাকিব কে বিসিবির দায়িত্ব দাওয়া হক,shakib,NEUTRAL
0f71a2327ac48932,খাদ্যে ভেজাল স্বাভাবিক! তাহলে ক্রিকেটে কেনো নয়। সাকিবের মতো আর একজন প্রতিবাদী সাকিবের প্রয়োজন।,shakib,AGAINST
fa6ce2d4edd2b4da,"In domestic League of Bangladesh, umpires would make partial decisions.So Shakib kicked on the stump. After that incident, partial umpiring has decreased. Time-out incident was under the rulebook. So it’s legal. If he didn't appeal for it,it would be like sedition. That match against Srilanka was important for Bangladesh to ensure participation in 2025 Champions Trophy. He beat fans cuz a fan was pulling his shirt very badly. So he beat him losing his temper.Shakib is one & only superstar Bangladesh has ever produced. 🙂🙂🙂",shakib,AGAINST
cf038b9c8bf1967c,এতদিন সাকিব জাতীয় দলে খেলে অবসর নিতে চেয়েছে অথচ কোন গুরত্ব দেওয়া হয়নি বরঞ্চ ফ্যাসিস্ট সরকারের দোসর হিসেবে আখ্যা দেওয়া হয়েছে। তাহলেই কি বিশ্বকাপের ইস্যু ঢাকতে সাকিবকে টেনে নিয়ে আসা হচ্ছে।,shakib,AGAINST
2722b1d3db30d478,It's a very bad and narrowed intention of BCB. As Shakib has good relationship with members of Indian Cricketers and Govt of India to deal with to resolve the disputs which are likely to be imposed on Penalty and Restrictions on Bangladesh Cricket. Shakib is very intelligent.He knows the hidden intention.,shakib,AGAINST
de410cb1e75cbbcf,"😊 বাংলাদেশ ক্রিকেট বোর্ডের ব্র্যান্ড ভ্যালু নেই। শাকিব দলে থাকলে ক্রিকেট বোর্ডের ব্র্যান্ড ভ্যালু আরো দ্বিগুণ বৃদ্ধি পাবে,",shakib,NEUTRAL
9f976c4c921996c8,"ইউনুসের ক্ষমতার ১৮ মাসে সাকিবকে খেলতে দেয়নি, এখন তার ক্ষমতার আর মাত্র ১৮ দিন বাকী আছে, এই আঠারো দিনে বাংলাদেশের কোন খেলাও নেই। তাই সাকিবের উচিৎ রাজনৈতিক কুটচালে ইউনুস গংকে সফল হতে না দিয়ে এই অফার প্রত্যাখ্যান করা। বিশ্বকাপ না খেলার ব্যর্থতা চাপা দিতে সাকিবের প্রসঙ্গ টেনে আনা একটা রাজনৈতিক অপকৌশলও বটে। আওয়াজ তোল সাকিব। প্রস্তাব ঘৃণাভরে প্রত্যাখ্যান করো। বিজয় তোমার হবেই ইনশাআল্লাহ।।",shakib,AGAINST
49e6540da9521014,"কিন্তু কদিন আগে একটা পডকাস্ট এ সাকিব বলছে যে সে আওয়ামলিগ ই আছে, সে আগামীতে আওয়ামলিগ এর হয়ে লড়বে, আর আওয়ামলিগ এর কার্যক্রম বাংলাদেশে বন্ধ, তাহলে সে কি করে দেশে আসবে ? আর যদি ক্রিকেটার হিসাবে ফেরানো হয় তাহলে এতদিন কেনো ফেরানো হলোনা ? এই দুটো প্রশ্নের উত্তর একটু দেন ভাই, plz, আর কত বলদ বানাবেন মানুষকে",shakib,NEUTRAL
6bcff8ca1d7ce451,সাকিব গার তেরা ওরে যত চাপ দিবে ততো সে ওইটাই করবে। এর জন্য ভালো ভাবে বল্লে সাকিব এতো দিনে ওইসব থেকে সরে আসতো,shakib,FAVOR
c7dbe7f0058be5b7,সাকিবকে ক্রিকেট থেকে পুরোপুরিভাবে বাদ দেওয়া হোক। কারন সে একটা অর্থলোভী । যাদের দেশপ্রেম আছে তারা এই ধরনের মনোভাব নিয়ে দেশের জন্য কাজ করে না,shakib,AGAINST
6c3d57eabe52b407,"কথায় আছে না, মানুষ যখন তার আশার চাইতেও বেশী কিছু পেয়ে যায়, তখন আর তার অহংকার চলে আসে,।এরা ১৮ কোটি জনগনের আশাকে দাম না দিয়ে কোটি টাকা ইনকাম এর ধানদা কেমনে করবে সে চিন্তা করে। আরে একজন মানুষের আর কত টাকার প্রয়োজন থাকে,সেটা সাকিব কে দেখলে বুঝা যায়। একটা কথা মাথা রাখা উচিত, আল্লাহ যাকে ইচ্ছে সম্মান দেয়, আর যাকে ইচ্ছে অপ্রমানিত করে।",shakib,NEUTRAL
4a9069238f16af92,সাকিব কে আর ক্রিকেটের কোন ফরম্যাটে বিবেচনা করা উচিত হবনা বিসিবির। তার ক্যারিয়ার টা এইখানে শেষ করে দেওয়া উচিত বিসিবির।,shakib,NEUTRAL
1dc2bcd3ce183508,It is never too late to start looking for Sakib's alternate!!,shakib,FAVOR
f321ff414192c5a7,"সাকিব ভালো ক্রিকেটার। কিন্তু দেশের হয়ে সিরিজ না খেলে বিজ্ঞাপন করা, বায়োবাবল ভেঙে বিজ্ঞাপন করা - এসব অত্যন্ত নিন্দনীয় কাজ। আইপিলে চান্স পেলে ত ঠিকই খেলত৷",shakib,FAVOR
73fb6991388ce346,সাকিব এর জায়গায় আমাকে চান্স দিলে ভালো করবো,shakib,FAVOR
113c13adbdefc991,আমি অনেকবার বলেছি সাকিব-আল-হাসান অনেক ব্যস্ত থাকবে এই বছর আইপিএল যত টাকা পায় তার থেকেও বেশি ইনকাম করবে বিজ্ঞাপন করে,shakib,NEUTRAL
1626dc6618f1289d,এখন যা করছে বাড়াবাড়ি হয়ে জাচ্ছে।এর চেয়ে সাকিব কে জাতীয় দলের বাইরে রাখাই ভালো।,shakib,FAVOR
2db69b7957e5fafd,Sakib shame for you. You forget yourself. It will damage yourself. Good luck.,shakib,AGAINST
948be113901f5751,সাকিবের বিকল্প কিছু খুজুন তার খেলার মেয়াদ সেশ -তার এখন আরো টাকা চাই।,shakib,NEUTRAL
81a1dd7d1fafc08e,সাকিব এখন বাংলাদেশএর হয়ে খেলতে চায়না মনে হয় । সো সাকিব কে এখন দল থেকে বাদ দিয়ে নতুনদের নিয়ে ভাবার দরকার,shakib,AGAINST
854a479da6154dc1,"টাকা যে খানে বেশি সাকিব যে খানে বেশি বেশি, বাংলাদেশ দল খেলে মজা পাইনা",shakib,NEUTRAL
5ba67bb7bae366a8,সাকিবাল যা করে শুধু টাকার জন্য করে। আর খেলার চেয়ে যেখানে টাকা বেশি সেখানে যায়। ওর মতো লোভী মানুষের বাদ দেয়া উচিৎ। আজ যে খেলা তাকে এই অবস্থানে নিয়ে আসছে সে সেটাকেই ভুলে গিয়েছে।,shakib,AGAINST
2356ed0556cce5c9,"সাকিব টাকার নেশায় মাতোয়ারা, উনি ভুলে গেছে, সব কিছু রই শেষ আছে,",shakib,AGAINST
34a41e3817afb3f5,শাকিব যে একটা ফর্ম ছিল সে ফর্ম নষ্ট হয়ে গেল কারণ আইপিএল না খেলেও মনটাই নষ্ট হয়ে গেছে,shakib,NEUTRAL
fa3e97006c620366,Sakib should withdraw himself from Assia cup or world cup by showing family problem that will be the lesson for BCB.,shakib,NEUTRAL
67cd87789116572b,Inshallah Shakib Al Hasan khub druto national team a chance pabe.,shakib,NEUTRAL
9b64caf5778d0295,সাকিব আসলে সাকিবের আপা কী দোষ করেছে?,shakib,AGAINST
5342adc574004241,সবগুলো নষ্ট করে কিছু না পেয়ে সাকিব কে দলে টানছে,shakib,NEUTRAL
c5edb64dfc0e9e3a,বাংলাদেশ এখন ক্রিকেট ডাস্টবিনে চলে যাওয়ার জন্য শাকিব যে প্রয়োজন হয়েছে তাই না যাক তাহলে তো বোঝা গেল শাকিব আল হাসান বাংলাদেশের প্রাণ আজকে ক্রিকেটটা যদি ডাস্টবিন্টে না যেত তাহলে আর শাকিবকে প্রয়োজন ছিল না ঠিক বলছি না ভাই,shakib,NEUTRAL
d3cb23f1e3dc3a64,"২০২৩ সালে বাংলাদেশের ক্রিকেট ইতিহাসের সবচেয়ে জঘন্য বিশ্ব কাপের অধিনায়ক সাকিব, তখন ক্রিকেট কোথায় ছিল আসমানে?কয়টা আসর জিতসে বাংলাদেশ যে এখন কিছু জিততে পারে নাই তাই ডাস্টবিন এ,আগে কোথায় ছিল স্বর্গে😂 সচীন টেন্ডুলকারকেও বিদায় নিতে হইসে আমাদের বাঙ্গুদের জন্য সাকিব সচীন এর চেয়ে বড়,সাকিবকে আজীবন খেলাবে😂জুনিয়রদের ইনাফ সময় না দিলে জেনারেশন স্হবির হয় এটা বুঝার কমনসেন্স নাই😂",shakib,FAVOR
b61b5d18f91e4887,"আমার প্রশ্ন বিসিবি এই কাজটা করে কি নিজেদেরকে আরো ছোট করলোনা? সাকিব এখন আর কি দেবেন? না আছে ফর্ম না আছে ফিটনেস,, আর বড় কথা সাকিবের কি সেই বয়স আছে? এক ইস্যু ধামাচাপা দিতে আরেক ইস্যু হায়রে সারক্কাস বোর্ড",shakib,NEUTRAL
8861adea1f673a26,That boy don't know who is Shakib or what?? Why he is messing with him,shakib,NEUTRAL
af2bc899defc4f37,boss shakib al hasan king is always king ♥,shakib,FAVOR
23534004ce439211,পারফর্ম করতে না পারলে দলে জায়গা নেই কারো এমনটাই জানান দিয়ে রাখলেন সাকিব।😊,shakib,NEUTRAL
01e500e18d74e7db,Sakib is the best player for the Bangladesh team,shakib,FAVOR
548f2a1b0c997cac,Shakib eto kichu niye busy thakle team niye chinta korbe kokhon? Eka valo khelle hoi na.,shakib,FAVOR
b07214da1c3675bf,সাকিব ভাই আপনার মতো চালিয়ে জান। যারে খুশি বাদ দেন। ৬ জন করে ০০০০০০ এই টা কোনো কথা হলো।,shakib,AGAINST
9a57660ab5fadf76,@abhisheksaha007 কি আর হবে বাংলাদেশ একটা সাকিবকে খুঁজতে যুগ পার করে ফেলবে আর বাংলার ক্রিকেট ধুঁকবে,shakib,NEUTRAL
bb084934fee6b19d,সাকিব তার অবস্থান ধরে রেখেছে... বাকি আরো ৪ জন প্লেয়ার ৫০ হাকাতে পারলে রান ২৫০ ছাড়িয়ে যেত... অধিনায়ক শুধু খেলবে বাকিরা কী বসে থাকবে...?,shakib,FAVOR
bbc8b04539cfa4b2,একটা জিনিস বদলেছে মুমিনুল অধিনায়ক থাকা কালে সে রান পায়নি সাকিব অন্তত রানে আছে বাকি সব আগের মতই,shakib,FAVOR
4eec71bb3c5d9234,Ami mone kori captain hoye sakib nijer khelatai nosto hobe.,shakib,NEUTRAL
94e28b71f60b0b10,সাকিব অধিনায়ক হওয়া যাদের পছন্দ হয় নাই তারাই শূন্য রানে আউট হইছে।,shakib,FAVOR
16326fcb15155f2a,If it was an Indian batsmen Shakib would not have the guts to do it....btw im Sri Lankan....i can still remember how the Bangladeshis behaved after beating us in the Nidahus throphy,shakib,NEUTRAL
36ecf9351c6f87e2,"Thanks to Sakib , he reminded all rules are important",shakib,NEUTRAL
4b44f959e998926f,Its a law of ICC.ICC should be blame for this kind of law. Nobody use this law does not mean it will not use in future.ICC should be banned for this kind of law.. Even Mathew's as a captain also use mancard out against Butler 9 years before but he didn't show the sprite of cricket to Butler or any kindness. So if someone use same kind of law against him then that should be accepted positively.. Social Media acting like as beghani shade me Abdullah dewana... ... Dont waste valuable time.. No need halmet to play Sakib's ball,shakib,FAVOR
4c038743a68d4050,"what are you saying bro?shakib doesnt fear anyone. shakib fought against the entire board, and with the president son of bd. who is angelo mathews? and , indians players , he will more love to quarell with them.",shakib,FAVOR
b7a7eb79e4f5789b,Matthews is a great cricketer one of the most loved and respected in India too....Not only Shakib entire Bangladesh team is a disgrace to cricket,shakib,FAVOR
0d124140fd2692c2,"Exactly! To me, Mathews is just like a crybaby with ZERO amount of game awareness, if he had then he'd face the next ball without helmet, because from the other end it was shakib who spins the ball! & Batsmen often play spinners with helmet, right ? Complete dumbness shown by Mathews 😂",shakib,FAVOR
2a341d5a1dc9cbdd,"Shabik shouldn't have done this. BD was out of tournament, by winning this game BD was not going to qualify for SFs. So his argument is stupid kind of argument. As such Shakib's past is not clean.",shakib,NEUTRAL
c164ea34c2ff2c6d,"To me, Mathews was just like a crybaby with ZERO amount of game awareness, if he was aware then he'd face the next ball without helmet, because from the other end it was Shakib who spins the ball! & Batsmen often play spinners without helmet, right ? So, That's Complete dumbness shown by Mathews 😂😂",shakib,FAVOR
438e02cc8a2328e6,"Champions Trophy mey qualify karne k liye it was a must win game for Bangladesh, Agar jitne pey koi fadak nehi padta , Tab Shakib bhi itna desperate nehi hota",shakib,NEUTRAL
5b859c1fff879638,"Surprised to see some mankad expert Ashwin fans are criticizing Shakib's apeal. Bro, pls try to stay on one side, don't be like hypocrates.",shakib,NEUTRAL
7ee8a6061ad51af1,Yeh jo support kr rhe shakib ko..aur diplomatic bn rhe h..inko maaro pakad k....par within the law.,shakib,FAVOR
eb33c83e6a7e9cfd,"Sri Lanka got out twice under #50 in less than 30 days. All 11 of Sri Lanka's players should be ready to wear helmets, to be honest. And obviously, the decision taken by Shakib and Umpeiers is absolutely right. #Cry_Baby_Matthews",shakib,FAVOR
441c3909367370bd,"Shakib was following LAW, Angelo was OUTLAW. Cricket is for professionals like Shakib & not GOONDAISM like Angelo Mathews.",shakib,NEUTRAL
aef4027e26ec5b7b,Shakib is a good player no doubt,shakib,FAVOR
37eca55cc74fd35f,"The journalist asked about sehwag's comment, but Shakib didn’t get the name, then he asked 'who'? After listening that it's Sehwag, he told, ""Ok, It's not a big deal, Sehwag might said it for the betterment of cricket, and as a player I Won't answer Sehwag's comment rather than my duty is to play good cricket in the field."" To be honest, he showed respect to Sehwag, but the poor Indian media totally distorted the opinion of Shakib!!",shakib,NEUTRAL
cff44a35ed879677,Shakib gali-galoz kartahe... Meanwhile kohli: ben stokes 🗿🔥,shakib,NEUTRAL
29be8472c429f279,Shakib Al Hasan greatest all time cricket all rounder... ❤,shakib,FAVOR
fdaeaadfbd22f942,"If shewag said that, you played in your standard you just a cricketer from bangladesh, then shakib might be said that who is the madarcho* shewag😊😊",shakib,NEUTRAL
3ec4b11fcd0f3a03,"Shakib didn't criticised Virendar Shehwag. He didn't heard the name of Shehwag, so he asked to the journalist viru's name again. Now Indian media representing Shakib as a culprit. Whereas shakib just wanted to hear the nam of Virendar Shehwag perfectly, but Indian Media is saying that he criticised Virendar Shehwag. What the fuck yaar!? Indian Journalists love to make controversies. That is why their political situation is fucked up😂",shakib,FAVOR
e455f16a19f13ea2,Shakib Al hasan is a goat of all rounder. Shewag has n’t right to criticism shakib. When Virat answered every criticism people appreciate him. Bcz shakib is a Bangladeshi player. Even shakib is also not a small player,shakib,FAVOR
c2598441506e3d6a,"I never thought a YouTuber like you would explain topics like this. However, there is some misinformation. When Shakib mentioned ""Who,"" he didn't clearly hear the name ""Virendra Sehwag."" As a Bangladeshi, I do not respect Virendra Sehwag because he has repeatedly spoken disrespectfully about my country in the past.",shakib,FAVOR
034584771bf404b1,"Shakib has 14k + runs and 700 + international wicket, only player to achieve that milestone 😎",shakib,NEUTRAL
c24a4ffdf53e86de,@FarrukhRahim-qk7vd ..... How many WC does Shakib have?? Bro listen sehwag was doing commentary... That's why he was expressing his view that Shakib should not be in T-20 squad... So a cricketer should understand it not just answer by who???,shakib,NEUTRAL
6d32f164cec39f6d,Shakib sahi karta hai.❤❤❤He is against bad umpiring.,shakib,AGAINST
19a701203002d41d,"Virender Sehwag insulted the greatest all rounder of all time. Also, he demanded Shakib to drop from t20 which Shakib replied by scoring a match winning fifty against Netherlands just after the controversal comment of Sehwag. Peoples like Sehwag is the true embodiment of biased mentality. When Virat Kholi scored 5 runs in 3 games no one talks about taking retirement from Cricket and when an ex-captain from another country who is been part of the campaign for so long does something like that every body loses their mind😂😂😂😂😂😂 The tournaments like 2019 world cup is the dream of ""experts"" like Viru pajji😂😂😂😂😂😂",shakib,NEUTRAL
76efd5f6e183a77a,brother Shakib Al Hasan is number one all player rounder in the world.last 15 years.,shakib,NEUTRAL
adb07fa7b3a041bf,"Shakib must say ""Who the fuck is sewag and what the capabilities he possess to advice me to retire.."" 😂😂😂😂😂😂",shakib,AGAINST
f54a34c5782f9509,"Don't hide it, his actual statement was '' You are not Adam Gilchrist or Mathew Hayden. Hooks and pulls are not your strengths. You are a Bangladeshi player. You play according to your standard''. What does he mean by the Bangladeshi player's Standard ?? Shakib was no.1 all rounder in all three formats for more than 10 year. Only player in cricket history who has 14000 runs & 700 wickets. Also you did not show the full reply from Shakib after he said Who. Don't spread hate please",shakib,NEUTRAL
2978e4659f6f23c2,"​ @karn01 Shakib Al Hasan is a all time GREAT Al Rounder in Cricket industry,... Or your virendro seabag, who is he to community about All time Greatest All rounder.... Love Bangladesh Cricket Team ❤❤🇧🇩🇧🇩❤",shakib,FAVOR
6f3fe96049696620,In case of batting Kallis better than sakib but in case of bowling sakib better than Kallis,shakib,NEUTRAL
3d9eb0269c43a7b3,Can you handle the truth Bangladesh is zero. Sakib Al Hasan is nothing front of shewag. Shewag is part of 2 time World champion team.1 time old Cup finalist team. Many test hundred record. So stay in your limit bagge 😅😅😅😅,shakib,NEUTRAL
77dddc93285073c7,Who is the best all rounder of all time?? 🙄shakib ...really?? Did you ever hear about Jacques kallis?? 🥱🥱surely you don't. And you are talking about viru😆😆😆viru is the guy who really changed the concept of opening. 😂😂at first produce a player like viru in your country. I am sure that you people can't. 🥱🥱🥱,shakib,FAVOR
ac26a752bdf0ad53,SHAKIB AL HASAN IS VERY HONEST.HE didn't listen journalist talk . Love 🇧🇩🇧🇩❤🇮🇳🇮🇳,shakib,FAVOR
504164e3e56120d1,Tum Bangladeshi ho .. yah kya baat hai bhaiya. Love Bangladesh❤ love shakib Al Hasan❤,shakib,FAVOR
916292586469deff,"Shewag on Shakib's Pull shot, ""You are not Hayden, Gilchrist. You are just a Bangladeshi🇧🇩 player. Play according to your standard. "" How much respectful was the statement?",shakib,FAVOR
0298ea9579cc9f07,Shakib is a legend All-rounder. Virendra Sewag didnot know how to respect others. You will not see The Great Sachin Tendulkar and Rahul Dravid to say this or that about A Legend Cricketer who has been the Greatest All - Rounder for long time in Cricket History. People had Seen Anil kumble is Saying Shakib a Genius. Virendra Sewag Disrespects almost most of the Cricketers by their countries. So this the fact.Thanks A Lot India for supporting us.Love from Bangladesh 🇧🇩❤️🇮🇳🙏🙏🙏,shakib,FAVOR
040f4b375a6dfe42,I think shakib is husband of your mother so he is your father and i guess that your name is allrounder,shakib,NEUTRAL
8cd7702bc80e082f,Who is better than shakib all Hasan all rounder who who who 700 + wicket and 14500 + runs,shakib,NEUTRAL
bc1ce1f17b56e6fb,Shakib is a nonsense player he doesn't know how to behave like others.,shakib,NEUTRAL
1f9fbd23bdd92ae1,"I think shakib is husband of your mother so he is your father, and i guess that your name is allrounder",shakib,NEUTRAL
bf7941ca95361df4,​ @AMANKUMAR-mp9ks SHAKIB AL HASAN is the first spinner to dismiss Virender Sehwag in both innings of a test match.,shakib,NEUTRAL
7d95c34a698cb92f,@jijaji1799 I am Hindu but I am support shakib all Hasan you didn't insult any nation who is wrong shakib or shebag he disrespect from Bangladesh people nation o Bangladeshi plyer virendo shebag kese bol sakta hai who is wrong ???,shakib,FAVOR
c8e193236830759a,"Yes, shakib is 5 time world cup champion",shakib,NEUTRAL
af2f0c5910849862,"@hridoyjr9979 Pan Masala and throwing wicket on field is two different things, ads and real thing are different always and plzzz don't make judgment on Shakib's arrogancy... he is a cricketer and he should maintain sportsmanship on the field but I watched many time when he loosed temper even with Umpire, Srilankan team... at how many places you will hide him... Energy and arrogance is two different things... Shakib show arrogance not energy... play celebrate with aggeration that's always good but throwing wicket, breaking gates of Pavilion and dressing room... if Pan Masala is not good then Dream11 ad is also not good even 80% ads are only for fake marketing but as a sportperson you should be ready for appreciation and criticism, even Sehwag had also faced criticism but never showed this type of arrogance during his career...!!! Don't support this type of behaviour.",shakib,FAVOR
4a355de2fe6e66d2,My dear I always like your videos about Shakib and Virendra sehwag there is misunderstanding Shakib cannot hear question of journalist,shakib,NEUTRAL
4637e695f6e4436f,Criticism matlab Shewag Shakib ka insult kiya. Shakib is better than Sehwag,shakib,NEUTRAL
b1a9bf4badd51bbe,I stand with Sakib 🎉 because he is a top of world class allrounder in this time in cricket ❤🎉,shakib,FAVOR
7f91605af33b1d59,Sakib is brand number 1 all-rounder in world❤️,shakib,NEUTRAL
f5049f93b7ebb378,Shakib is greater than Shehwag. People of Bangladesh support's Shakib because of very bad umpiring. We love and respect Shakib. Just look at 2019 world cup performance of Shakib.,shakib,FAVOR
80967df64bdef7cd,"Shakib: Who? World: Your father Sehwag, Who scored 200 as 2nd Indian....",shakib,NEUTRAL
30d7e82889b2923a,Shakib Al Hasan is Masterpiece world🇧🇩 no.1 all Rounder 🇧🇩who is virendra sehwag?,shakib,NEUTRAL
613243052bb605ce,@AbirKhan774-0 Dady Of all... All rounders...👑Shakib Al Hasan,shakib,NEUTRAL
b1dc49fdecaecec2,@rihan475-z2l are bhai comentator kisi bhi player kharab performance pe comment kar sakta hai virat kohli ko bhi gambhir aur gavaskar ne kitna criticize kiya tha to shakib ko utna offend hona nahi caahiye,shakib,NEUTRAL
b8c3e7a104d111cf,But he dropped many catch .he score 17000 as Batman's where as sakib as all rounder 6 no .player 14500 .sakib takes 750 wicket with 2.9 in test 3.4 in odi and from 6 .4,shakib,NEUTRAL
4848a7ed5872c891,Compare boths statistics. Search 2019 world cup performance of Shakib. It's dream for Shehwag. Shehwag is a kid infront of Shakib.,shakib,NEUTRAL
713f424502e85f44,Viru 2007and 2011 word cup winner And sakib you? Who who 😂,shakib,NEUTRAL
523745ecdec93e1c,Who has been the part 2011 icc world cup winner and who is shakib which world cup did he win for kangaladesh and what's the colour of your icc trophies kangladesh 😂,shakib,NEUTRAL
5e674808b66a3ef2,Bangladesh ki team ki koi aukat nahi hai. Sakib ne bhi pure career me kya ukhada hai.,shakib,NEUTRAL
a53671f4b79bcdca,"Sakib is a brave player..he showed arrogance Against corrupted umpiring,, No one dare to do this but Sakib❤️❤️",shakib,AGAINST
70998c180f929e7e,"For the journalist who was asking that there was a mistake in saying the name Sebav, who was Shakib Al Hasan saying",shakib,FAVOR
284824088997715c,@sudipmallick7083 Bangladesh ne odi series jeeta india ki Against recently.. Shakib hi tha jo india ko G mari thi 😂😂,shakib,NEUTRAL
a2ad355b986282ba,সাকিব খেলোয়াড় হিসেবে ভালো হলেও মানুষ হিসেবে চরম খারাপ.....,shakib,FAVOR
a4c4c04bfc56bf4d,The delivery on which Shakib got out was a clear leg spinner but according to the hawkeye it was a googly otherwise it would have missed the leg stump. Then the third umpire completely overlooks the nick off the bat. How can the third umpire and the hawkeye give two terrible decisions all at once 🤣. ICC is a business company nothing else 🤣,shakib,NEUTRAL
92a32d8504336b87,Shakib was clesrly NOT OUT Betting may have played a hand,shakib,NEUTRAL
7815f345ba844fed,It's clearly evident that Sakib is not out. Stupid umpiring :-(,shakib,NEUTRAL
bbe17f28509a0b8e,"Shakib agar not out bhi Hota tab bhi wo Pakistan Ka Kuch Nahi begaar Sakta tha. When Pakistan team is in the mood to win , phir Kisi Ka BaaP bhi aa Jaye ttu Pakistan ko Nahi rook Sakta.... By the way Pakistan have won 16 matches against Bangladesh out of 18... Bangladesh always crys after loosing from Pakistan. 😊😊😊😊😁😁😁",shakib,NEUTRAL
fe27795aff6683e2,Shakib is not happy with the decl. that's why he is trying to talk with the umpire,shakib,NEUTRAL
2e641964941d7f22,@sadbhavnainternational2346 yes sakib was afraid bcz he knows well that India want to win by unethical way which they did do before,shakib,NEUTRAL
e62f09ddf34c2b44,"This is completely fasle. Dont speak without knowing the background story. India always wins using umpires and all of the out country peoples agrees. Icc= Indian CC. Shakib wasn't speaking to delay match, he was talking about why starting match early in wet field.",shakib,FAVOR
8f6ba8386926be02,"@I'M WITH 72 HOORS, SAME AS PUPPET আপনি খেলা দেখেন না ,,,,তার মানে নতুন নিয়মের ভিতর ভরত নেই, , কে বলেছে কেউ প্রতিবাদ করেনি ,,বাউনডারি লাইনে সাকিব প্রতিবাদ করলে আমপায়ারের কথা তারা দেখেনি, আর বাটাররা নিজের নুনুর দিকে তাকিয়ে রান নেয় ,,,আপনি নিয়মিত খেলা দেখেন নিয়ম জানার আনুরধ করছি",shakib,AGAINST
b5128dbbaa062022,Shakib is the best all-rounder ♥️♥️♥️love you bangladesh 🇧🇩🇧🇩🇧🇩,shakib,FAVOR
daf17e579fa9d4fe,tu ka bolrahe re? bating pice problem tha ese liya asa kiya sakib?,shakib,NEUTRAL
15d4ecc562795b1c,Shakib is repeated offender. What he did to Mathew in todays ICC WC 2023 Match with SL quite reflects his same narrow minded and cowardly thinking level.,shakib,NEUTRAL
d51918fd42eaa4a5,Ii think its too much.. What Shakib did I expect any captain who dearly loves his team would do. They were winning at this stage and he was telling umpires how wet the field is for his batsmen and possibly influence the umpires. He was not changing the decision for them. If roles were reversed and India was winning honestly don't you think Rohit would do exactly what Shakib did?,shakib,NEUTRAL
b50d58e7716647e6,Shakib : Match nhi Hoga Indian Team : Match bhi Hoga aur tum log haroge bhi. Result : India Won By 5 Runs 🤣🔥👍🏻,shakib,NEUTRAL
448769143e3c2ff1,@omiyaothai what about shakib's argue between the match? He Asked the umpires to stop the match.He used His Cheap tricks.,shakib,NEUTRAL
f558c480e02238f3,Shakib al hassan really tried so hard to win this match by icc rule dsl rule .he already knows india has to do fielding byt was afraid and thats why he used litton das to make score more in powerplay but bangladesh did not know that raining will not let you win. Yes dear make upset to india,shakib,NEUTRAL
bec19e382389dc40,Sakib has 700 Core taka. He doesn’t care you 💪🇧🇩,shakib,NEUTRAL
45794817170d7206,IPL WILL BOYCOT YOU COZ IPL NEEDS SAKIB BUT NOT YOU. Indian cricket always think how to win against Bangladesh by unethical way as yesterday did that. So FULL STOP MAN.,shakib,NEUTRAL
f6e9c472ff120656,@Tre Lords u frustrated now u can't understand anything i we tell that ok atleast try to understand cool see when umpires diccussed with both players are u ready to play the match Shakib told that we are not ready to play still drizzling and wet outfield then grounds man all cleared that wet outfield after rain stopped ok .. then Shakib still not ready to play the match after rain stopped then umpires requested him to play then he accepted then rohith also requested Shakib pls play like that .. that u peoples are thinking wrong thats not anything cheat happen there thats all....,shakib,FAVOR
5d8d4b65c08f9359,This is done to sabotage the whole protests of Bangladesh players for not receiving their salary. Shakib Al Hasan simply didn't confirm or act upon any of the match fixing. He just didn't report to the authorities. Once he reported an approach of an Indian bookie in a press conference in England tour. No one took any action,shakib,NEUTRAL
ae57a66a909459f1,"Deep Respect for you Shakib. A great player, a great fighter. I'm sure you'll come back with flying colours. Love from India.",shakib,FAVOR
d1fb1aaa206b8955,Sakib vai We are always with you..❤ Because the whole bangladesh love u❤,shakib,FAVOR
9b9aca23816e21ca,@SQUID12 bangladesh cricket board president revenge on him through icc because shakib protests for playeyers salaries and facilities.,shakib,NEUTRAL
395397f8bbe3509b,without sakib i can't think anything about cricket,shakib,NEUTRAL
4ced9a8c571a36e8,"my feeling verry sad for shakib but god delays are not his denials shakib,we bangladeshi waiting for you,keep coming back.",shakib,NEUTRAL
8ceba4b45b5b9ce7,Shakib is the best cricketer of all time,shakib,FAVOR
6e11e39381e72779,So ...so....Sad shakib..u may come back soon as Warner and Smith.,shakib,NEUTRAL
d0ea6adfe83ec2d0,@ArdhenduChakraborty621 its nothing but a revenge by bangladesh cricket board through icc cause shakib was protesting for players salaries and facilities.,shakib,NEUTRAL
8a52377c2a47cc4e,"Bro we r not law makers we r followers n according to ICC accepting betting approach or fail to report is equal crime ,see what Mikel Vaugn England ex captain said in tweet,he said Shakib is ver lucky he banned only for an years this is small punishment for a serious negligence",shakib,AGAINST
0b0a40380e65c8d4,সাকিব ভালো খেলোয়াড় এটা সন্দেহ নেই কিন্তু সে কখনোই ভালো বন্ধু হতে পারবে না 😊,shakib,FAVOR
b8c7e0f8e63fad4a,Abal khela dekhar por Koy din por ei shakib rei bap dakbi 😂...,shakib,NEUTRAL
d9d3d0011cbabd63,"সাকিব আল হাসান ও তিন এ ব্যাট করতো, সাকিব আল হাসান এর তিন নাম্বার এ ব্যাট করা পছন্দের ছিলো ভালো রান ও করতো সাকিব, কিন্তু টিম সাকিব কে তিন খেলায় না তিন এ শান্ত কে খেলায় সাকিব ও বলতে পারতো আমি তিন নাম্বারে ব্যাটিং না করতে পারলে খেলবো না, সাকিব কিন্তু ঠিকই তার তিন নাম্বার স্থান টা শান্তকে ছেড়ে দিয়েছে দলের স্বাথে, সাকিব কে টিম কখনো ৩ এ , কখনো ৫ এ, কখনো ৭ এ, ও খেলায়ছে কিন্তু সাকিব একবারো বলেনি ৩ ছাড়া আমাকে অন্য জায়গায় খেলালে আমি অবসর নিবো আমি খেলবো না, এ কথা সাকিব বলে নি কারণ সাকিব নিজের জন্য খেলে না, সাকিব দলের জন্য খেলে, দেশের জন্য খেলে, দেশের প্রয়োজনে দলের প্রয়োজনে সাকিব কে যখন যেখানে খেলিয়েছে সাকিব খেলেছে, তার ৩ নাম্বার ব্যাটিং স্থান টা খুব পছন্দের ছিলো কিন্তু ৩ এ এখন শান্ত ব্যাটিং করে",shakib,FAVOR
c84548b0cc5a3062,​ @34.shafayetsarker81 😂😂 sakib ipl e kon bal sire?,shakib,NEUTRAL
cfdc48c422f7f673,shakib thik e boleche take love sakib❤❤❤,shakib,FAVOR
7310f2c29001436e,সাকিব কপালে এমন দিন আসবে। বেশিদিন সময় নেই,shakib,NEUTRAL
d4907c527d54db80,সাকিব যেভাবে স্বার্থপরের মত কথা বলছে সেটা সাকিবের মত প্লেয়ার কে বাংলাদেশের দরকার নেই এত হিংসা নিয়ে সাকিব কিভাবে খেলছে এত বছর,shakib,AGAINST
0fb8e62f7ace1f52,"এই সব ঠেলা ঠেলি করে , কার লাভ ? উল্ট দেশের খতি , শাকিব তুমি এগুলা বলে এখন হয়তো বাঁচতে পারবা , কিন্তু তোমাকেও একদিন এই ভাবে বের করে দিবে।",shakib,NEUTRAL
7efd0dc01c6ea27a,সাকিব বাংলাদেশের ক্রিকেটকে ধ্বংস করতেছে। আল্লাহ সাকিবেরও যেন একই অবস্থা হয়।,shakib,NEUTRAL
5b100b4fe3207d66,Shakib tumi shartopor tumar jonno banglar cricket prame dar mon thaka utha gala...,shakib,NEUTRAL
967f754cace14046,সাকিবকে ফাস্ট বল করতে বলা হোক ওনি কি পারবে ফাস্ট বল করতে?,shakib,NEUTRAL
48414fc7fb3f6dbf,"Mr.Sakib akdin apne o ae babhe opomanito hoben, InshAllah amra jodi beche thaki tahole dekhbo.",shakib,NEUTRAL
07ada7d1daccd1aa,"সাকিব জীবনে যত ভালোবাসা মানুষের মনে পেয়েছিলে, সব ধুয়েমুছে শেষ করে দিলি",shakib,FAVOR
626b87a7b6faae4b,হাথুরু পাপন নান্নু সাকিব সহো সবার পদোত্যাগ চাই,shakib,NEUTRAL
345f2a9a9f276f1c,"সাকিবের মত বন্ধু থাকলে শত্রুর দরকার হয়না। সাকিব সব সময় নিজের জন্য খেলে, সে দল থেকে নিজের প্রয়োজনকে বেশি গুরুত্ব দেই, সেজন্যই সে দেশের ম্যাচ না খেলে আইপিল খেলতে গেছে।",shakib,NEUTRAL
8f0f97bbbd51f909,সাকিব কে বলে দিও ও দলে না থাকলে কিছু আসে যায় না,shakib,NEUTRAL
174b5dfcabcd2271,সবাই এখন সাকিবের সমালোচনা করছে। বিশ্বকাপে কয়েক ম্যাচ ভালো খেললে সবাই আবার তার প্রশংসা করবে। এটাই আমাদের বাঙালির বৈশিষ্ট্য।,shakib,FAVOR
e514673b970fa797,টাকা থাকলে ভালোবাসা পাওয়া যায় না সাকিব কিটাকা মনে করে নিজেকে টাকা দিয়ে ভালোবাসা কেনা যায় না,shakib,FAVOR
b9c3cb47a7614626,Sakib is true and strong captain. Appreciated 🙏,shakib,NEUTRAL
f821e0386313dac3,সাকিব বাংলাদেশের জন্য একটা অভিশাপ হয়ে দাঁড়ায়,shakib,NEUTRAL
8b4a1c3bebf498c4,সাকিবকে যখন ৩ থেকে নেমে ৪ এ খেলতে বলে তখনকি সাকিব কোনো রিয়েক্ট করছিল😮😮,shakib,NEUTRAL
c4c603578adb91b9,সাকিবকে মন থেকে অনেক ভালো লাগতো।তবে এখন অনেকটাই কমে গেল💔,shakib,FAVOR
3bff7640eeac091b,"সাকিব খুব ভালো খেলোয়াড়।কিনতু মানুষ হিসেবে অহংকারী,স্বার্থপর।",shakib,FAVOR
4f755cd02006c8e0,সাকিব তোকে মন থেকে ভালোবাসিছিলাম কিন্তু এখন দেখি তুই স্বার্থপর......দোয়া করি তোরা এবার বিশ্বজাপে হাড়...!,shakib,FAVOR
00db469c787b8eab,সাকিবের কোথায় যুক্তি আছে সাকিব ইজ রাইট ❤,shakib,NEUTRAL
817a3d2681fa1f95,Captain Mash vs Shakib - the latter is no match to the former on any count.,shakib,NEUTRAL
9956d76d1e780749,সাকিব সাহেব তো এবার এমপি হওয়ার আশায় আছে,shakib,NEUTRAL
2e1306fa3a800b0b,"🥰বস সব সময় বস🥰মাশরাফী ভাইয়ের সাথে কারো তুলনা চলে না,মাশরাফী ভাই যদি থাকতো তাহলে আজ ক্রিকেট দলের এই করুন পরিণতি দেখতে হতো না। সাকিব ভাই আপনার কাছে একটা প্রশ্ন, আপনী স্পিন বল করেন আপনাকে যদি বলা হয় বিশ্বকাপ পেস বল করতে হবে তখন আপনী কি করবেন??????🤔🤔",shakib,NEUTRAL
eedd3b635506c24b,সাকিবের কথাবার্তার ধরণ বলে দেয় তাদের পার্থক্য,shakib,NEUTRAL
8465612d29b73d7f,"DEAR ICC বাংলাদেশ ক্রিকেটের অবস্থা বিবেচনা করে ৫০ ওভারের পরিবর্তে ৩৫ ওভারের ওয়ানডে বিশ্বকাপ চালু করুন, পাপন-নান্নু-হাতুরু-সাকিবদের সহায়তা করুন",shakib,NEUTRAL
383dc7aad1c43baf,বিশ্বকাপ না এখনই সাকিবের ক্যাপ্টেন্সি ছেড়ে দেওয়া উচিত,shakib,NEUTRAL
90f8209bbf141398,সাকিব খেলে দলের প্রয়োজনে। আর অনেকেই নিজের স্বার্থে দলের বারোটা বাজায়।,shakib,NEUTRAL
2c8b7d54f64335d0,Congratulations Bangladesh cricket team 👍 wow kya match tha Shakib aur liton das ka batting Kamal ka tha 🏏 dekhene mein bahut maza aaya 👏❤️ from India 🇮🇳,shakib,NEUTRAL
459762553a245eb3,Shakib asked for the role.. He is a good player.. I wanted him to play in top order always... Shakib is good,shakib,FAVOR
595881749d5112cd,💖Wow Bangladesh Tigers wow💖🇧🇩 🎉🎉🎉🎉🎉🎉🎉🎉🎉🎉🎉🎉🎉 🏆🏆🏆Shakib Is The Best 🏆🏆🏆,shakib,FAVOR
ea06995aeb0ed302,Congratulations BANGLADESH. Right narration. Litton das n Shakib played n snatched win. Top 4 deserves. Respect from Indian,shakib,FAVOR
68f2e412674731a4,"Wc2019....I see pak is not complete team,low in confidence...Bangla is motivated , confidence level is high, sakib is consistently performing....Bangla vs India match will be interesting...:).Super Bangla.",shakib,NEUTRAL
84f8d4e5af6300f0,Liton bahot acha player hau asia cup may b usnay india k khilaf achi batting ki thi... shakib ka number chng kar k bahot acha faisla kiya kyun k woh bahot acha khelta hai aur woh deserve karta hai upar walay num pay ana.,shakib,NEUTRAL
d379b2b61bd47023,Good job brow. Best of luck Bangladesh 💪💪💕💕💕 thanks of lot Sakib & Liton. I love Pakistan 💕,shakib,FAVOR
7f1c278fc1ff1786,In 2015 World Cup Mahmudulla batted at 3 and sored 2 back to back 100 now Shakib batting at 3 and already have scored 2 centuries. They planned well before world cup,shakib,NEUTRAL
cbd4456e862bdf83,"Shakib is honest. He had rejected fixer's proposal. But, Shakib didn't know the rule. But, inshallah he will come back strongly. He have come back in world cup dangerously after injury. I know how much dangerous he can be!",shakib,NEUTRAL
b2e92c802a53fbe1,"Sakib dont deserved all this, very honest, calm,cool, well behaved player, in one word he is the best player ever Bangladesh have👌👌♥️",shakib,FAVOR
7f520e6dac01dc0a,"Sakib innocent hai, he is the best all rounder and best player ever bangaladeshi have, may be bookies ne life threats ki dhamki di ho",shakib,FAVOR
9b7db7c4cbcb7337,Waise to pUri bangladesh team puri ujjad aur sadak chaap hain lekin shakib bilkul ek gentleman ki tarah khelta tha.aacha ho ki saza kuch kam ho jaye.agar guilty hain to ho puri saza.,shakib,NEUTRAL
803767019d458e2a,Three Formed would no 1 allrounder shakib am hasan.Shakib is honest. ICC (Indian Cricket Council) is the great Madarchoud.,shakib,FAVOR
3220953953dfc08a,সাকিবের ক্যারিয়ার ধ্বংস করার জন্য এটা করেছে,shakib,NEUTRAL
4e4a0525a8c1c8f8,"As an indian fan of shakib, I am very disappointed for his ban. Please come back strongly.",shakib,NEUTRAL
35f8d4eca2e6bc24,Hats will cry sakib the king is back now🔥❤️🇧🇩,shakib,FAVOR
2284944fdc8d1acc,Indian Lobby Wins!!!!! Ashamed on u Indians....... You were frightened of Shakib... The Tiger 🐯 🐯 Love U Bro.... My Sympathy with u. ICC is Tout of BCCI All Bookies are Operated by Indian,shakib,FAVOR
00319eedff9d482e,Where was his Brain...?? He is International player...he shouldn't have had a deal with bookies... actually shakib gave bad name to Bangladesh,shakib,AGAINST
05c804f7bbc54879,"I have seen some Indians to cry over the ban of Smith and Warner, when they emotionally admitted that they are guilty, and when Shakib was banned, they demanded longer punishment! What a hypocrisy!",shakib,NEUTRAL
c80b65f1e2fffd1d,"""I am obviously extremely sad to have been banned from the game I love, but I completely accept my sanction for not reporting the approaches,"" said Shakib, who is also Bangladesh's Twenty20 captain.",shakib,FAVOR
de33c11dbefff649,Shakib Al Hasan! 💜 not a Shakib Ul Hasan! ✋,shakib,NEUTRAL
42dac7dbc19bfa91,হাই রিয়েলিগ এখন সাকিব লেক হয়ে আসছে,shakib,NEUTRAL
6a4dad03a4d1029b,এতগুলো ছাত্রহত্যা যখন করা হলো তখন কোথায় ছিল এরা ... মানুষের জীবনের চাইতে সাকিবের মূল্য বেশি,shakib,NEUTRAL
a7d247e3f3b0dcde,Amio gorbito sakib league. Kon shuor er ki ?sahos thakle aai.,shakib,NEUTRAL
7ce7f84e8c44b1bd,"Shakib League former Anser League, David ( demand)League, Lament League .... all need strong punishment",shakib,NEUTRAL
d0cbf8afcd48d5d5,এই মহিলা এতদিন কোথায় ছিল যখন বিনা ভোটে এমপি হলে তখন কোথায় ছিল উনি যারা এখন সাকিব ভক্ত তারা আগেও আম্লিক ভক্ত ছিল,shakib,NEUTRAL
c1a41d605668255a,আপু সুন্দর কথা বলেছেন শাকিবকে সাকিবুল হাসানকে চাই,shakib,NEUTRAL
c54dcb9b613b298a,"কোন ধরনের ভালোবাসা, সাকিবের কাছে মনে হয় শোয়ার ইচ্ছে আছে।।।",shakib,FAVOR
31c0fb507a3b4e5d,সাকিব কে খেলোয়াড় হিসাবে ভালোবাসাটা স্বাভাবিক। আমাদের প্রশাসন তো মারামারি যেন না হয় সে বিষয়ে জোড়ালো ভূমিকা পালন করতে পারে আশাকরি প্রশাসন স্বাধীন নিরপেক্ষভাবে ভূমিকা রাখবেন। ইনশাআল্লাহ।,shakib,FAVOR
f5866ec1e1334738,সাকিবকে অবশ্যই খেলার সুযোগ করে দেয়া উচিত,shakib,NEUTRAL
9b503227ad58787c,ছাত্রলীগ এভাবে সাকিব ভক্ত হয়ে হাজির হবে ভাবতে পারিনি 😮😮😮,shakib,NEUTRAL
a7b5a70784db6667,"What if there is no Arabic/Persian as ""Shakib""?",shakib,NEUTRAL
5e8c12e03432e7a8,সাকিব ভাইয়ের জন্মদিনে এর থেকে ভালো উপহার আর হতে পারতো না❤❤❤পুরাই আগুন❤❤❤,shakib,FAVOR
cd9b8c9734959bd0,"দর্শকের আনন্দ দেখে,সত্যি আমার চোখে পানি চলে এসেছে..... আজ আমাকে সত্যি ভগ্যবান মনে হচ্ছে, কারণ আমি শাঁকিব ভাইয়ার,,,, অনেক, অনেক....বড় ফ্যান......Love u....so,much..... SHAKIB VaiYA.....",shakib,FAVOR
f92495715ad1379d,Dekho shakib er hater ra ..shakib er fan koto ??? Bolte parba?,shakib,AGAINST
9a91451fc2c738f7,Shakib al Hasan is best player in world,shakib,FAVOR
8d4bad8a96e4ea0f,His name is SAKIB AL HASAN not SAKIB UL HASAN ‼️,shakib,NEUTRAL
99cecc5e6fb4ce31,Shakib al hasan the living legend . The GOAT .,shakib,FAVOR
a32a7824a1506dea,Shakib Al Hasan is an ambassador of world cricket. Arguably the greatest all-rounder of all time.,shakib,FAVOR
50d325d589cf2d36,He is star not Bangladesh Shakib al Hasan star in world Cricket 👑,shakib,NEUTRAL
f2e56084e59f982b,​ @rashedraihan1476 doesnt matter that shakib is bad boy,shakib,AGAINST
f4d6452e65f25a75,Shakib Al Hasan Is The Greatest All-Rounder The World Cricket Has Ever Produced 🇧🇩 #ICCCricketWorldCup2019ShakibAlHasan,shakib,FAVOR
c6cac3c8a21ebb53,Shakib is a greatest all rounder from world,shakib,FAVOR
1237d66c3e567e84,Shakib is king would no 1 all rounder,shakib,FAVOR
ad25f706df4e694b,He is not Sakib UL Hasan. He is Sakib AL Hasan.,shakib,NEUTRAL
59ce799aabc9f6d7,"NOT shakib ul hasan, It is Shakib Al hasan.",shakib,NEUTRAL
4091685e6b0d87a0,The name is Sakib AL Hasan....not Sakib ul Hasan,shakib,NEUTRAL
82d9a7b349a26053,His name sakib al hasan not sakib ul hasal.,shakib,NEUTRAL
2c961f9ed1feea1e,"You Have Cricketers But Shakib Al Hasan You Can't, Last Worl Cup His Total Run(8Match 8 total runs 606) Till Now Non Of Our Players |He Is All Time Leasent Cricker Of The World. Shakib Al Hasan Is The Greatest All-Rounder The World Cricket Has Ever Produced, He Not Only Play At Dhaka but Also CPL, Big bash, Ipl, Where You Need See Shakib There. It's Time To Win The World Cup Time Bangladesh Cricket Team.Thanks",shakib,NEUTRAL
60d047d7d2887e26,"First of all he's not Shakib Ul Hassan, he is Shakib Al Hassan.",shakib,NEUTRAL
aacbd56015167052,"What is Shakib ""ul"" Hasan?His name is Shakib al hasan",shakib,NEUTRAL
fd2c2dee1a016ae9,He is Shakib Al Hasan Not Shakib Ul Hasan,shakib,NEUTRAL
5915224ccbbf7d3e,"it is not Shakib ul Hasan, it is Shakib Al Hasan please fix that, it is very disrespectful... love from Bangladesh....",shakib,FAVOR
e25c4258574b1011,The name is Shakib AL Hasan - please get the name right. He is one of the greatest all rounders of all time and it would be a shame not to get his spelling right.,shakib,FAVOR
48b28aceedf0eddc,This is Shakb Al Hasan not Shakib Ul Hasan. They even not know the spelling of the best all-rounder of all time.,shakib,FAVOR
4b20b0b07701de04,It’s Shakib Al Hasan! Not shakib ul hasan😂lol,shakib,NEUTRAL
35e7f2846363d7c7,It's Shakib al hassan. Not shakib ul hassan,shakib,NEUTRAL
06c4516144fff45e,Waqar Yunus' nose remains high profile. Waqar Yunus bhai you are trying to belittle Shakib Al Hasan's achievement by talking about Mirpur pitch. But you can compare the career of any all-rounder with Shakib's career at the end of his career. I hope that my high-nosed nature will not exist then.,shakib,FAVOR
c3818098026c9c94,Illiterate editor: it’s Shakib Al Hasan not ul Hasan. Fix your thumbnail,shakib,NEUTRAL
22a771d43b52973b,Know the arabic roots first. How will you write Shakib Al Hasan in arabic first learn that then talk about disrespect,shakib,FAVOR
1ce71b6a93fa44ae,sakib is talent but not one man army.😅 Just overrated..,shakib,AGAINST
335c7a74ef45161c,It's Sakib Al Hasan... Pakistan was a very poor educated country,shakib,AGAINST
f37869aeaef383fe,"It's Shakib Al Hasan, bastards🤬 Is Baler Azam best batter?",shakib,FAVOR
b416edfa3fdedddf,Shakib is totally unfit & out dated. Pl talk truth,shakib,NEUTRAL
fdf21659dab82d71,You dont know what happened there behind the scence. What he did is wrong in the perspective of cricket rule. But he took action with this behaviour against the system who are organizing the tournament in a wrong way and ruining the life of thousand talented cricketers in our country. All the people of our country is with Shakib al Hasan. We need more Shakib al Hasan like him who can actually protest against the corruption happening with our cricket,shakib,AGAINST
5711cc22b01640f5,ভাইরে তোর মাথায় এত বুদ্ধি কেম্নে আসে? সাকিবরে পরোটা আর জয়ারে হালুয়া বানায়া সবাইরে খওয়াইস।,shakib,NEUTRAL
53a99c92bb34c968,Sakib ka ye comment bohot achha Laga.,shakib,NEUTRAL
56923832ba98389f,Shakib only wanted to know who commented about him.,shakib,NEUTRAL
73d0dcf6a28652fd,"I am an Indian and I think Shakib is absolutely correct in saying so !!!. Trust me most of us would have done the same , We (Indians) apologies to Ban team for Mr Sehwag's rude comments",shakib,NEUTRAL
857112250868dbee,Tell Shakib to go and inaugurate another show room and run for election. Because Cricket is not his area of expertise 🤣🤣🤣,shakib,NEUTRAL
407d8a879dba1fc4,This is called revenge which definitely Viranda Sehwag deserve its for his wrong attempt against Sakib,shakib,NEUTRAL
14659c2e01bc9e1e,Change the thumbnail. In cricket world Shakib is Sehwag's dad.,shakib,NEUTRAL
f91283b7054dad41,Shakib al hasan our emotion...He is one of the best all-rounder❤,shakib,FAVOR
a514cce91d12f252,Well done Shakib! These exaggerating Indian players and Indian media/ advertisements always hurt/ embarrass India,shakib,NEUTRAL
823b2d23d64b9058,Not a Shakib Fan At all but shots fired like a sniper by Shakib. Thug Life 😎,shakib,NEUTRAL
ba21a3663ed71a71,"As an Indian, I support Shakib here, Sehwaag was wrong.. He is not Fit for commentary or panelists, sounds very arrogant",shakib,NEUTRAL
5e5c3733cb90dc19,Sehwag ka baap hai shakib al hasan sehwag batting.. Shakib al hasan world no 1 all-rounder... Mother thik bat kar......tera indian sab Player ka baap hai.sakib al hasan,shakib,NEUTRAL
cc3f652125f530e1,​ @arushkumar262 Shakib Al Hasan 2019 ICC Cricket World Cup 🐅 Virender Sehwag Who?! 🤣,shakib,NEUTRAL
c6c96351bbaed815,"Lot of ex Indian players were asking even Dhoni to retire . Manjrekar was also questioning Sachin’s place in the team those days. Such comments do come , when you stop contributing . It is between Shewag vs Shakib. Why make it something between India vs Bangladesh.",shakib,NEUTRAL
ba78d0c0563b9a63,"At first the journalist could not hear who he was talking about who. the journalist to be clear. Then the journalist said the name of Sehwag sir for the second time. Later, Shakib gave a beautiful answer. And this little thing is lied in Indian media that Shakib or Sehwag do not know 😡😡😡.",shakib,FAVOR
d85d61374d376b07,"As a Bangladeshi, full support to Sehwag. He showed Shopping mall ribbon cutter Shakib his place",shakib,FAVOR
6a054bd804762bfd,Absolutely the right work is done by shakib al hasan. Who is sewhag??? First he has to look at himself. Then say to another... Every time he criticized Bangladesh. It is very bad. Shame on Sewhag,shakib,AGAINST
d80a7c754d43be35,First sewag sir said to ssakib vvai negatively but He has known that All time best all rounder is Shakib..,shakib,FAVOR
19d334c0c048c973,Shakib is the best no.1 all-rounder of the world,shakib,FAVOR
f9785cccb81edb5c,"Misleading video , Shakib did not get the name first time , so he asked , but when the interviewer repeated Shewag’s name , Shakib accepted the fact that he has to perform better . Shakib is a class act. Shewag talks just like his batting , aggressive .. no filter or diplomacy .",shakib,FAVOR
aa4f55ecbb92aadd,Sewag is the one who scored 175 against Bangladesh in 2011 when Shakib was playing.,shakib,NEUTRAL
186a51408b47d832,"See the full interview , Shakib did not get offended , went on to accept that he has to perform better. This video just took the first part of the interview and is misleading .",shakib,NEUTRAL
5fa86f749b66c614,Shakib Al Hasan is Masterpiece world no.1 all Rounder who is virendra sehwag?,shakib,NEUTRAL
c7e745ecbcbe0a0d,"Why you didn't play full statement guys??He didn't understand the name thats why he said, who. Indian media wrongly preached his press conference. They did not publish the real incident. In the press conference, Shakib did not say 'who is Shewag' rather Shakib said like this, ""A cricketer need not reply to criticism rather he should focus on his duty. If I did not perform, criticism might be arisen. But I do not mind for this."" Shakib Al Hasan always respects senior cricketers of home and abroad.",shakib,FAVOR
7e449f1545847641,"Shakib is a class act. Shewag has no control over his mouth and thoughts. But why make this sound like India vs Bangladesh. This is just between those two , Shakib and Shewag .",shakib,FAVOR
4261351e1039d265,Yaar he didn’t disrespect him. Why social media is trying to put him down. He couldn’t get what reporter was saying then he asked him again who. Also they don’t post the whole video. Shakib says when you don’t play good enough than it is normal people will criticise you for your bad performance. He never disrespect shewag.,shakib,NEUTRAL
45413969305c64e2,I think the questionner was not audible to Shakib that's why he said Who. The media people turning it to the wrong path for cheap publicity,shakib,NEUTRAL
d4dd6a4705af6db0,i am bangladeshi and Love sehwag. But sehwag ki asa comment dil ko chot powchata hai... kew ki all bangladehi love sakib. plz asi controversy mat karo.,shakib,FAVOR
381b5eb841d5aa69,"Don't mislead information, or hire a proper interpreter who can translate the language well! Shakib never said who is sehwa. He said ""who"" because he didn't hear the player's name correctly. And then he answered, ""The important player of a team should play well, and when he can't perform then others will criticize it, and there's nothing wrong with it"". At least he knows how to talk, unlike sehwag.",shakib,NEUTRAL
fd8dcdf9417934cf,Sehwag just said Shakib is not used to playing in the bouncy wickets unlike Gilchrist and Metthew Hydane,shakib,NEUTRAL
c3c18b0d9ecc8c76,Sehwag said what he felt right or wrong… but this video is not full video. this video was made to get likes… Sakib answered nicely if you see full video.,shakib,FAVOR
6fab8d77c8350c0f,"First time i saw shakib 😂😂😂😂he is asking who is shewag,ask your bowlers amd whole country,your team total run =shewag 2 match runs😂😂",shakib,NEUTRAL
9e86e4f5d4d46aeb,Give me. A better all-rounder than Shakib. 0:11 (batting bowling fielding) i will wait,shakib,NEUTRAL
e0ecc76810a43bfc,I am so amazed people from India support shakib rather than our own Sehwag Viru he criticised what’s wrong in that,shakib,FAVOR
a74fb1e18a7a176f,​ @AbhijitBarad Shakib's net worth is double of Sehwag😂😂,shakib,NEUTRAL
f94cfda87f7402d4,Shakib Al Hasan 2019 ICC Cricket World Cup 🐅 Virender Sehwag Who?! 🤣,shakib,NEUTRAL
8a4e3f114eb4e552,"Shakib asked him who said it...? Shakib didn't say anything about who Virender Sehwag is, right? Why do people jump around like crazy without understanding the question, like the third kid of a goat?😐🤔",shakib,FAVOR
921a696f3b53bd19,"Well, are you watching Shakib's full interview? If we don't hear well when someone says something to us or our attention is elsewhere, we ask to hear it again or ask to be sure. When Shakib was told about Sehwag, he asked again to be sure, said (Who)! But Who Sehwag never said Now the question is, are you who are running these campaigns educated at all....?🤔 Those who don't understand the calculation of full stop,comma and question mark 😂😂😂😂😂",shakib,NEUTRAL
ef21bb4046abf88a,"Shakib did not listen clearly to the Sehwag name, that's why asked the journalist.. Who! He did not criticise him.",shakib,NEUTRAL
26603af7dcfb805f,Virendra Sehwag Jaise bola 😊Shakib Al Hasan ka Uttar Aisa Diya. ismein kya Bura Hai.,shakib,NEUTRAL
78e34ee330d782d9,"In age, sehwag maybe senior. But in cricket, shakib is senior. He literally played all the t20 world cups till date! No other player can say the same.",shakib,NEUTRAL
7f5e41a489e10388,Viru was wrong. He belittled shakib and Bangladesh. Give cricketing feedback - that’s it.,shakib,NEUTRAL
7ff1ce0c4cfc7de0,​ @janadz6146 shakib is the highest wicket taker in t20 WC and 8th runs scorer in t2o WC how can you say he is only participate,shakib,NEUTRAL
ecfeb1928c4ab549,Haan shakib n Bangladesh ko 3 world cups jeetaye h.. Mano ya na maano😇,shakib,NEUTRAL
35fd93db1ec15e2d,I have seen the interview.The reporter didnt pronounce the name properly.Hence shakib asked.But he didnt at all disrespect Shewag.Infact he said when a player doesnt play well its normal for everyone to criticize.I am not a fan of shakib and i thought how played with SA was a disaster.But for this interview he didnt disrespect Shewag at all,shakib,FAVOR
23955a829e93c2a3,"To be honest, Sehwag deserves it. It looks distasteful when retired icons speak so negatively and with disrespect about another country. Forget what he said about Shakib, the way he spoke about Bangladesh in general was odd ""Don't play fancy shots, remember who you are. You are Bangladesh"". Look at Anil Kumble who is also a sports analyst on CricBuzz. He can constructively criticize Bangladesh and some players' shortcomings without rubbing anyone the wrong way. In fact, comments from Bangladesh all appreciate his unbiased reviews. That's professionalism.",shakib,NEUTRAL
d5cd6084f705b311,"You are telling lie....Shakib didn’t mean that who is shewag...One journalist said, about shewag's criticized against sakib. At that time, Sakib didn’t listen the name that's why, he asked who said..",shakib,NEUTRAL
61a0848192af1ad6,Mujhe Shakib Al Hasan ka ye bayan bohut accha Laga. Maja Aya.. Shewag Jake pan masala ad karo.,shakib,NEUTRAL
208dd4aa9b778090,Shakib Virendar ko na pehchanne ka acting karne se hakikat badal nahi jayega😂 ek match pe comeback karke zindagi main kya ukhad liya😂😂 Shewag k aas paas bhi nahi pohuch payega wo is janam main😅,shakib,AGAINST
bf4c336af5408b51,"Jhut kyu felaraheho ho? Sakib nai pehle thikche name nahi sunatha ichiliye puchatha who, jake pura interview dekho",shakib,NEUTRAL
3a61c71fac2fb9e9,"Shakib is right, Sehwag always talk FALTU",shakib,NEUTRAL
1b07cd41cd4ca472,Shakib is like cat Sehvag is a lion Don't compare,shakib,NEUTRAL
ad3da1f9f4b3eee1,"I agree, we mustn’t compare Shakib with a barking (uncultured) dog!!",shakib,FAVOR
b5ebb77596a5888b,Sehwag is one of shittiest and how come he talk about Shakib like that lmao!,shakib,NEUTRAL
504519c51c23413c,sehwag is an uneducated chapri. shakib is an all time top 10 allrounder great.,shakib,FAVOR
42d9fdaab5a6a173,"Shakib has done this many a times in his long satisfying career, using his performances as his answers to defamatory comments. And I liked the way he did it again.",shakib,NEUTRAL
f37a8588cae9c643,You are presenting virendra swag positively while he was arrogant in commentary. It is really a misbehave from Shakib but shewag is far more arrogant. So speard correct news. Don't start clash spreading news partially. Bangladesh and India is neighbouring countries. Love for India from Bangladesh.,shakib,NEUTRAL
2cec4d29183458e4,Exactly Sehwag who.? But if you dare to ask Shakib al hasan who...Then the answer is The no.1 All rounder in all 3 format.,shakib,NEUTRAL
99bcbba38e37ac48,"Shakib has some attitude problem but here , I support Shakib ... Most of the time I have found Sehwag as an arrogant and Self-centred person ... very proudy.. He needs to follow Sachin and learn some humility from him .",shakib,FAVOR
9924dc33ca8ebf9f,Gutkha walo ko ignore karo.Shakib sahi kiya.,shakib,NEUTRAL
abb13ff5d3d2608d,Well said Angelo.. Shakib is such a disgrace to the game. We must learn from late captain Hanse Cronje when he called Indian player back on the field when he was legally given out by the impire just cos his player unintentionally was in the batters way. Shakib is an extremely cunning and cruel cricketer. He will get a taste of his own medicine one day. It's all Karma.,shakib,NEUTRAL
b296092cbbfc39bc,Even Bangladeshi commentator wasn’t happy with sakib’s action!!,shakib,NEUTRAL
3c3d128c8d4f6afd,"The problem is that this ""Timeout"" law was made back when safety wasn't a big deal. Making sure to have a helmet on before facing the ball is absolutely his rights. Bangladesh is now a very popular cricket team for all the wrong reasons - Shakib what have you done. 🤦‍♂️",shakib,FAVOR
a8667581f644640d,"I'm an Indian. Angelo is completely right. Mankading is not at all comparable - the non-striker is trying to gain an unfair advantage by stealing distance off a run so the bowler is within his rights to knock off his bails. But here, Angelo was at the crease, ready to face a delivery. His strap broke, that's a misfortune. For Shakib to appeal for a dismissal, and for the umpires to uphold that, those are the true injustices.",shakib,FAVOR
ab338777c32021e7,This is shocking to see Shakib’s arrogant behavior even in this press conference.,shakib,NEUTRAL
1a15e75703663577,"I am thinking that, may be Shakib learnt from the instance of Mathews refusing to withdraw mankading against Buttler.",shakib,FAVOR
cc23fa615fe4baf7,"Agree with you, not just Sakib entire Bangladeshi team is rude and notorious, the right word and they don’t work as proper team.",shakib,FAVOR
eba537b0127b7545,​ @farhanyasmin Mankading is complete a different thing and it has happened many times in cric history but what Shakib did is disgusting this shows he is a weak man. He should have shown sportsmanship bcoz Mathews didn't do it intentionally,shakib,NEUTRAL
49900c262f19db6a,It's not shakib who made rule it's on rule and rule are same for all. If you want to. Blame them do om. Icc not bd.,shakib,NEUTRAL
fc803aeaec57b4fc,you are litterally blaming a player for the rules?? than why dont you ask the umpire.Shakib did nothing wrong here,shakib,NEUTRAL
ea5ea281d22f2559,"@begood999 for that shakib could have easily told the umpire to time the total duration of helmet change, it happens in test cricket regularly. Shakib would not have been penalized for it had he done that.",shakib,NEUTRAL
0dfcd7c4c50b9c2e,the timed out rule of this worldcup was implemented last year in 2022 shakib's decision has divided the whole cricket but surely not for wrong reasons,shakib,NEUTRAL
64ac03a36b8b3c7b,So you are telling me shakib did wrong bcz he followed the rules wtf and back in 2013 mathews timeout'ed shakib and even mocked shakib now you are telling me shakib was wrong bcz he followed rules and even matthew had more than enough time to prepare from the SL started batting so yeah shakib is right.,shakib,FAVOR
d70de17e146b17ca,"You need to correct your sentence.....I can't say about the umpire but Shakib's appeal is not injustice.... it's a justice to his supporters and to his entire team.,....if angelo was there on time.....than it is umpire's duty to notice it😒",shakib,FAVOR
b0af644bae1672db,"Its not Shakib's fault, it is ICCs fault for making such rules",shakib,FAVOR
3084b1f7f5d3b04e,"You're indian or Australian, humanity is first buddy,totally wrong what Shakib did",shakib,NEUTRAL
cdf3d9c52f9fdfe7,"If Shakib has applied the laws of cricket for the country then it doesn't matter whether you like or dislike Shakib, we all the people of the country have always loved Shakib and will always love him.🇧🇩🇧🇩",shakib,FAVOR
507f3ee0c6d2e9f8,"Shakib knowing Mathews as they've been playing together for so many years, is all the more a reason for him to show a sporting spirit. Unless he means that after so many years of playing together, Mathews should know by now how unsporting I can be!!",shakib,NEUTRAL
85ac81eebb2386f8,"I think you are both right and wrong in terms of Angelo but if we purely speak about the game, player should be goddamn ready when it is his turn….for ex: kohli … Always up for the game…. No matter what!!! They are REPRESENTING their COUNTRIES!!! P.S. I personally dont like Shakib for his extrimist behaviour in different occasions!!! I like bangladeshi team on the whole because they work very hard reaching play offs and give the points to other teams😅😅😅",shakib,FAVOR
ef5530d8ca5acc12,Angelo Mathews has some mental problems otherwise he would not blame Sakib or Bangladesh. Rules are always rules.,shakib,NEUTRAL
f5da09bcaaf01cd9,"Who is Angelo blaming , the umpires , ICC , Shakib or Bangladesh?? Or is he blaming himself for not knowing the rule ???",shakib,NEUTRAL
942b12499ad4d19b,Angelo mathew should blame icc for making these kind of rules not Shakib,shakib,FAVOR
27806bbe9baa6801,If anything is under rules n regulations then that thing is legal so Shakib is nowhere wrong in doing so. And if it is wrong icc must make a change in their rules .,shakib,NEUTRAL
f1788d5e942ba1c3,"I'm from the planet Mars. Angelo is whining here. It was unfortunate but he doesn't have a defense, should have prepared for this in advance. This is out - full stop. Umpires have followed the rules to the letter. Now whether Shakib should have appealed for the dismissal or not is subjective.That said, he has full right to appeal for that dismissal.",shakib,FAVOR
1c4efdd59d081c3a,"Rules is rules, why Mathews didn’t take permission from umpire or shakib, who will response for the slow over.",shakib,NEUTRAL
ef5220952d73817f,"@mahbubrahman9774 So now he has to take permission from Shakib, does Shakib owns ICC ?",shakib,NEUTRAL
9c68209725a20522,​ @mahbubrahman9774 where are write this type of law if the ask permission then he is not going to out And who the hell is sakib? Why methew need any kind of permission for this type of bad sportmanship player?,shakib,AGAINST
d445d2b9c68dec99,It's rules. Umpires makes the decision not Shakib,shakib,NEUTRAL
91778265af6c95dd,"Yes it's absolutely right. Several times delayed but it has been taken it as serious by any opponent till now. It's an Inmeture decision by Shakib, Bangladesh. It's unfortunate.",shakib,FAVOR
2eb5d1fe69c705cc,"Every rule is created with an objective. If you don’t know that get educated. That rule was purely designed to not waste time in the game and to not let players get an undue advantage. You don’t interpret a rule purely in a literal meaning, we look at the substance and objective. At least that’s how courts work. Since this is not a court shakib stooped low as possible to get an advantage of a rule where no one was cheap enough to use. More than who is right and wrong it’s more about how a third class person he is. And yea it’s partially the umpires fault for not looking into it. It wasn’t wasting time or taking advantage but a malfunction of protective gear. And Shakib did not have the least human decency to act like a human Btw guess who was ruled out from the CWC 23. Karma has a nice way of paying 😂",shakib,FAVOR
ec406951382f30d8,​@tanjim2407why sakib is the first one to use this timed out rule in 146 year of cricket history and that too against a helpless Batsman who left the crease to replace his broken helmet?,shakib,NEUTRAL
8114c00807c3c440,​@tanjim2407The limit time was 3 mins. and Angelo reached before that time. Stop supporting just because Shakib is of your religion. A player's safety is more impirtant. Plus there is a thing called SPORTSMANSHIP which people like Shakib and you too won't understand.,shakib,FAVOR
b75747189b027fc5,Breaking rules is wrong brother soo Shakib is correct,shakib,FAVOR
0dd4283bde3507ad,@mahammadmashruf9708 shakib will be kicked in his ass when he plays us 😂😂😂,shakib,NEUTRAL
09375f3fe8564c40,"It means ICC rule is wrong, but no way shakib",shakib,NEUTRAL
ee6823baa86aebde,@@UtFtftDv Ok man I agree with you but when did Shakib even disrespect Angelo; There is rules made by ICC and shakib just took advantage of the rule where did disrespect come from? And talking about disrespected you saw what celebration Angelo did after taking Shakib's wicket??,shakib,FAVOR
59e95c5bb55dd4d3,"@@UtFtftDv Im not talking about that, the purpose of my comment was; that SHAKIB did not disrespect Angelo. When in the whole match did u find Shakib disrespecting Angelo??",shakib,FAVOR
8e71bdacda894f44,The thing that Shakib took advantage of the rule will ensure players to be more conscious of those rules in future matches😅...but it's sad considering the spirit of the game...,shakib,NEUTRAL
f3ca0ac0ea3194fc,"So according to you ,we shouldn't respect the person who disrespects us? Get yourself some manners bro. (Moreover Shakib's action wasn't a disrespect it was confined within the rules)",shakib,FAVOR
46c8ca88ce710a63,So you are telling me shakib did wrong bcz he followed the rules wtf and back in 2013 mathews timeout'ed shakib and even mocked shakib now you are telling me shakib was wrong bcz he followed rules and even matthew had more than enough time to prepare from the SL started batting so yeah shakib is right,shakib,FAVOR
7216ac7822c72560,"​ @AZN_Gaming321 Rules are always there my friend even in society, but it's us who should think twice before we use that against the opponent, just how we respect our enemy's death in war it's never mentioned as a rule or a law, it's our choice. It's what builds up a personality, which Shakib had destroyed by himself. A good personality always over come some stupid rule or law. The same law won't be coming to save you after getting humiliated by the people which matters the most.",shakib,FAVOR
16434c574efccc6c,@tanjim2407 he will be the last player too because people like Shakib Al Husain will not be there in international cricket... ICC should ban Bangladesh,shakib,NEUTRAL
f512177572426ecf,"@parsamahmud7993 Yesterday, Bangladeshi team are responsible for their own damaged, ruining the team image and respect, and thanks to Shakib and his mean behavior. Later he has taken out his own frustration with his teammates and refused to handshaking and all.",shakib,FAVOR
ff75ea31d189da69,"That is the reason Bangladesh team is not making any progressive steps in international cricket. Their fans are so supportive, good facilities, sponsorship deals and so much more but the players behave as superstars and arrogant and fail to deliver when matter; Shakib has been involved in many controversies. It is painful for the true cricket fans of Bangladesh .",shakib,NEUTRAL
d9ac9a588e8282f7,"Ur just disgracing the profession rickshowpullers ,if you want to disrespect shakib use something like fktard/ asshole like that , those words are for that kinda use 😊",shakib,FAVOR
fb501042f636e16c,"No No simply they play this as a professional career for which they are paid . But the word "" sprit of cricket "" talks about the emotional or humanistic view . But hence this is a bussiness we must be less emotional but stick to rules and always try to win . Like in a corporate company we have to think about the profit . because of empathy or aprit of cricket will they pay shakib? answer is NO . So shakib is in a winning motive and he views it in a burocratic view simply like in a Modern corporate company .",shakib,NEUTRAL
a7e17fb18a9292fa,"@oonikk99 I agree with you. There's no need to degrade any occupation. Lowly professions also have honest people and top hifi posts also have dishonest people . Shakib, being an international cricketer of some repute has shown a mean side of his character which is deplorable. It was not a do or die game for both the teams. But it would have earned him appreciation from everyone.",shakib,NEUTRAL
b999ece692e77567,"​ @oonikk99 yes rikshaw pullers is not a right word ,I think fish sellers would be more appropriate for them ,now they have also got the result which those fish sellers deserved ,they will now play might be qualifiers for Champions Trophy 2025 and all Indians except the Bengalis will support Netherlands and Sri Lanka to qualify for it ,not those fish sellers ,the Shakib and co. should now sell some good quality Padda Hilsa Fish on the streets of Dhaka",shakib,FAVOR
b1340702a60e3473,"Angelo is absolutely right! And shakib is an as----e, indeed the helmet malfunction",shakib,FAVOR
770b0354a2c8229b,sakib is playing for long but he hasn't understand the sportsmanship yet,shakib,NEUTRAL
aafe7668612abb73,If everything has to be decided by gentlemen then why the rule was made ? Absolutely ridiculous. Shakib and the umpires didn’t do anything wrong . Angela broke the rule and then got furious on not getting the favour in the name of gentlemen’s game . That’s not good spirit either .,shakib,NEUTRAL
7050746c96f66f2a,"Shakib is a good spinner and an allrounder but a very very BAD sportsman. In 2007, same incident happened IndvsSA where Ganguly took 5 mins to come down to crease but Greame Smith did not appeal for this cheap means. Any game should be played with the spirit of sports. This is an absolutely cringey way to play one sport. Shame on Shakib.",shakib,AGAINST
0fc18c94833c9478,Rules is rules shakib just followed the rules it's not like Bangladesh broke the helmet on purpose Sri Lanka were unlucky and Bangladesh deserved the win as they batted outstandingly,shakib,NEUTRAL
56cdad70ce77dd3c,No nothing wrong with it. As Mathews said the time is still 5 sec left it's totally umpires fault. We cannot blame shakib. Everyone wants to win their nation.,shakib,NEUTRAL
394503d27f5a6ffa,সাকিব ভাই যেভাবে বলতেছেন ওইভাবে ছবিটা হয় নাই আপনার একটু বুঝেশুনে ছবি করা উচিত ভুল পরিচালকের লগে চলা উচিত এটা আপনি ভালো জানেন,shakib,FAVOR
56469d6deaa6ead9,বুবলি বলছে আমি জানতাম না যে অপু আর শাকিবের বিয়ে হইছে কিন্তু বুবলি তো অপুর মিডিয়ার সামনে আসার পর বিয়ে করেছে সে যেই ডেট বলেছে তার মতে তাহলে সব জানার পর ইচ্ছা করেই বিয়ে করেছিলো ডাইনি টা।,shakib,NEUTRAL
1e4eab2bdb3918ca,বাংলাদেশের খুব খুব বেশি জন প্রিয় একটি জুটি এবং বাস্তবে স্বামী স্ত্রী শাকিব ও অপু আমরা চাই তারা এক সঙ্গে সংসার করার জন্য,shakib,NEUTRAL
d40f726389f7fc27,"হায়রে,কত কস্টই না পাইচে মনের ভেতর বাচ্চাটাকে নিয়ে শাকিবের জন্য। ভালোবাসে মন থেকে তাই এখনো অপেক্ষা য় আছে। সব ঠিক হোক এটাই চাই",shakib,FAVOR
23a132da6dcde3be,বুবলির জন্য অপুর সংসার টেকেনি বলেন। কিন্তু ৮ বছর বিয়ের কথা বলেনায় কেন শাকিব অপু?,shakib,NEUTRAL
2e62f794b4e02359,আপনার মতে শাকিবের দোষ নাই।৮ বছর গোপন রাখছে বিয়ের কথা তারপরও?,shakib,AGAINST
56195eb289329d07,বুবলিতো বলেছেই আমি সাকিবকে বিশ্বাস করেছিলাম। এখানে স্পষ্ট বুঝা যায় সাকিব বুবলিকে ইমোশনাল ব্ল্যাকমেইল করে সম্পর্কে জড়ায়ছে।বুবলির বড় ভুল এটাই সে সাকিবকে বিশ্বাস করেছে।,shakib,AGAINST
a06b9fbc486ce150,"শাকিব অন্য নায়িকাদের সাথে প্রেম করবে আর অন্য নায়িকা বিয়ে করবে বলেই দিনের পর দিন অপুরে টর্চারিং করছে আর বিয়ের কথা গোপন রাখছে। ভালভাবে ইন্টারভিউ দেখেন।অপু নিজেও বলছে এই ইন্টারভিউতে বুবলির দোষ নাই,আমি বুবলির কাছে ক্ষমা চাই।",shakib,NEUTRAL
868dd9415bfa996a,অপু শাকিব দুইজনকে আমার অনেক ভালো লাগে বাচ্চাটা অনেক কিউট ওরা দুজন আবার একসাথে হোক 🌹❣️🌹,shakib,FAVOR
a4981dc06ee26665,​ @safinahmmedsheikh2486 আমারো একেই কথা।ভালবাসলে ৮ বছর বিয়ের কথা গোপন রাখতোনা। বুবলি শাকিবের প্রেম হইছে অপু বাচ্চা নিয়া আসার অনেক পরে।তাহলে বুবলি শাকিবকে ছারবে কেনো? তাছাড়া শাকিবেই বুবলিরে ছারেনায়।,shakib,FAVOR
050368cc9f6e88d9,আমরা সবাই চাই আবারও এক দেখতে চাই আর তারা শুধু চলচিএে না বাংলাদেশর মধ্যে সেরা জুটি আমরা আল্লাহ কাছে দোআ করি আবার শাকিব ও অপুকে এক করবে,shakib,FAVOR
38656cf07ef5ea64,শাকিব- বুবলি কেলেংকারীর পর আজকে ভিডিওটা প্রথম দেখলাম...,shakib,NEUTRAL
8bbf2271bafc9d74,"কাউকে কষ্ট দিয়ে কেউ কখনও ভালো থাকতে পারে না। ঠিক ধ্বংস হয়ে যাবে সে শাকিব, বুবলি যেই হোক",shakib,FAVOR
afb4e2d014d48e4c,Wow onk vlo laglo ai kothata amr shakib...amra asa kori api tmr Shakib abr tmr kase fira asbe...,shakib,NEUTRAL
aa63e990605d444d,বাচ্চাকে দেখে কি করে সাকিব দূরে থাকতে পারে জানিনা সাকিব ভাই তুমি বাচ্চার দিকে তাকিয়ে মেনে নেও।,shakib,NEUTRAL
dbb7d74365d19908,Masaallah Allah sakib apu ke Abar ekl kore diyo amin.....,shakib,NEUTRAL
cd4c65680ebf0dea,অপুকে সাকিব ভাইয়া পুনরাই বিয়ে করেন তাহলে আপনার মারকেট আরো সুন্দর হবে,shakib,NEUTRAL
fd90fd818c5c7d91,Abraham hoyechilo India e tokhn Sakib shooting e busy chilo . R Apu ma'am tokhn Bond e sign kore ekai hospital e admit hoyechilen.,shakib,NEUTRAL
865c9745a068606d,Shakib is one of the mature guy amongst the setup that they have,shakib,NEUTRAL
9d70f89c3ab17dcc,আমি তো হাসতে হাসতে শেষ 😅😂😂😂😂 পেট ব্যথা হয়ে গেলো।। দিস ইজ সাকিব আউটস😅😂😂,shakib,NEUTRAL
26e936be47593b5d,This is not timeout. This is Shakibout . Jio Shakib ❤❤❤,shakib,NEUTRAL
c3370578f8b5c8f0,He is the always king Shakib bhai ❤,shakib,FAVOR
8427abde9ee060a4,সাকিবের এক টাইমে আউটে সবাই সতর্ক হয়ে গেছে,shakib,NEUTRAL
c4a3ee20a8d91bc9,"Abrar Ahmed be like""তাড়াতাড়ি যাই নাহলে সাকিব time outএর জন্য আবেদন শুরু করে দিতে পারে 😂😂😂😂😂",shakib,NEUTRAL
f1cf300788ea70cc,আমি দোটানায় আছি এর কারণ কি জানিনা শাকিবকে দেখে মায়া লাগছে আবার ঘৃণা ও হচ্ছে😢😢😢,shakib,AGAINST
5a9bf7a78dc2946c,"রিপোর্টারের শেষ আশঙ্কাটাই সত্য হল, খারাপই নজিরই তৈরি করে গেল সাকিব।",shakib,AGAINST
6eed06699502cdd5,Sob thik ache sakib ke dekle saradin ta bhalo jai ni ...,shakib,FAVOR
62321e289d5caf18,"সাকিব বাংলাদেশের সেরা খেলোয়াড় কিন্তু বিশ্বের সেরা ৩০ এর মধ্যেই নাই গুগলে সার্চ করে দেখতে পারেন, আর অলরাউন্ডার হলেই সেরা হয়ে যায় না ওকে তাহলে তো মিচেল স্টার্ক রশিদ খান এরাও সেরা খেলোয়াড় কারন এরাও তো অলরাউন্ডার",shakib,FAVOR
b929a093b64c1027,@pollobhossain544 ব্যাক্তি সাকিব যেমন তার সাপোটারও তেমন হবে। অবাক হওয়ার কিছু নেই। ক্রিকেট ভদ্রলোকের খেলা। যারা নুন্যতম ক্রিকেটজ্ঞান রাখে তারা জানে সাকিব কতটা বেয়াদব। তবে খেলোয়াড় সাকিব নিসন্দেহে সেরাদের একজন।,shakib,FAVOR
724e52c52b1ca3a7,"আর্জেন্টিনা এখন ইসরাইলের সমর্থক আর ব্রাজিল এখন ফিলিস্তিনের সমর্থক এখন আপনারাই বলেন কাকে সমর্থন করা উচিত, হঠাৎ একদিন দেখবেন বিএনপিতে যোগ দিয়েছে সাকিব আল হাসান",shakib,FAVOR
a972ca7ec7c2f44b,প্রিয় দেশবাসীকে বলতে চাই সাকিব আল হাসান ছোটকাল থেকেই পল্টিবাজ।,shakib,NEUTRAL
c71a2c5e398a3523,সাকিব আল হাসান যেটা করেছে ভালই করেছে কারণটা হচ্ছে। আর্জেন্টিনা ইজরায়েলের সমর্থন কারি একটি দেশ। ব্রাজিল সেটা করেনি।,shakib,FAVOR
a3c75bff987febdc,আমি মনে করি সাকিব তার ভুল শুধরিয়েছে। কারণ আর্জেন্টিনা মুসলিম বিদ্বেষী এই তুলনায় ব্রাজিল একটু ভালো,shakib,FAVOR
dc93dcc0e1dded5e,"শাকিব আল হাসান , ব্রাজিলের সমর্থন করাটা যুক্তিক , কারণ ব্রাজিল মুসলিম বিশ্বের পক্ষেই কথা বলেছে , অর্থাৎ ইজরায়েলের বিপক্ষে কথা বলেছে৷, এজন্য শাকিব ব্রাজিল করলেও এতে পোল্টির কিছু নেই",shakib,FAVOR
d25ba956e6aac32e,"বাংলাদেশের বেশিরভাগ মানুষ ক্রিকেট ফুটবল দুইটায় দেখে দুইটায় পছন্দ করে। যেমন বাংলাদেশ ভারত ম্যাচ জেতার পর বাংলাদেশের অনেক ক্রিকেটর ফেসবুকে পোস্ট দিয়েছেল। আমি মানি ফুটবল সব খেলার উপরে, আগে শুধু ইউরোপীয় ফুটবল আর ক্রিকেট দেখতাম এখন বাংলাদেশের ফুটবল খেলা ও দেখি।আর একটা কথা আপনারা সাকিব আর হামজাকে নিয়ে আর ডিবেট কইরেন না। আপনাদের কাছে অনুরোধ! আমাদের উচিত হবে দুই খেলাকে মুখোমুখি না দাঁড় করিয়ে দুই খেলারই অবকাঠামো উন্নয়ন করা।",shakib,NEUTRAL
e048617f88cc7dde,আমার মাঝেমধ্যে মনে হয় টিস্পোর্টস আর বসুন্ধরার চাপের কারণে রিফাত মাসুদ তার মনের কথাগুলো সবসময় বলতে পারেন না কিন্তু যখন এদের বাইরে গিয়ে তিনি কথা বলা শুরু করেন তখন তার কথা গুলো শুধু শুনতেই মন চায়। সাকিব যদি বাংলাদেশের ম্যারাডোনা হয় তাহলে রিফাত মাসুদও বাংলাদেশের ক্রীড়া সাংবাদিকদের মধ্যে ম্যারাডোনা। You can love him or you can hate him but you can't avoid him❤️,shakib,AGAINST
23d1fb90ab1e382d,Bhai football is football. Apni cricket national team er player er fan er sthe rifat Bhai er fan er tulonao kre dekhen kar besi hy thle ekhn bujhe niyen manush er abeg ta ashole kothay Ami apnader onk choto Ami kichui bujhi na apnader tulonai tobe eituk ontoto bujhi football er sthe cricket er tulona krle kokhonoi cricket jitbe na. Apni bar bar shakib Al Hasan ke highlight krlen cricket fan rai to shakib Al Hasan ke eto niche namailo apnar ktha onujai world er smne Number one All Rounder ke tader nijederi cricket fan ea eto choto krlo thle onno desher fan ra ki krbe.hae apni bolte paren oita personal life er jnno thle onar Jara real fan Tara ekhn koi? Tara Kno onake defend krtese na? Apni Singer Asif er ktha dekhen uni bollen football e maramari hy prochur footballer der mdde discipline nei thle ekhn apni All Rounder Shakib Al Hasan er kaj kormo dekhen in field and out field. Apni bormona Bangladesh cricket team er captain Shanto onar recent viral clip (bal falay tasen)ta sune ki mone hlo? Ar kichu bolar nai Bhai sudhu eituk bolte chai football er sthe Kono sports er tulona hyna. Allah hafeez ❤,shakib,NEUTRAL
de45cdbe70d79267,"18:04 this is actually worst comparison... রিফাত ভাই আমি এই বিষয়টা আপনার থেকে আসা করিনি।।ম্যারাডোনা ছিল এমন একজন যার ব্যক্তিগত জীবন ছিল বিতর্কিত।।।সে ছিল বড় বড় রাজনীতিবিদ,নেতা ,প্রতিষ্ঠান ,মিডিয়া এর কাছে ভিলেইন।।কিন্তু মানুষের কাছে ছিল হিরো।।নাপোলস এর মানুষের নির্যাতন এর প্রতিবাদ,ফিলিস্তিন এর পক্ষে কথা বলার সাহস,ব্রিটিশ দের ফকল্যান্ড দীপ এর সেই নির্মম ঘটনা এর প্রতিশোধ তাকে মিডিয়া এর কাছে অপ্রিয় বানিয়েছে বাট সাধারণ মেহনতি মানুষদের কাছে ছিল সে এক প্রতিবাদী নায়ক।।শাকিব অল হাসান ঠিক তার উল্টো।।সে সবার চাটএ কিন্তু নিজের সেই মানুষের পক্ষে কথা বলেনি।।সো শাকিব কে ম্যারাডোনা এর সাথে তুলনা দেওয়া ম্যারাডোনা এর জন্য অপমান।।এই তুলনা যায়না।।একজন নির্যাতিত মানুষের নায়ক কর্পোরেটদের শত্রু আরেক জন পা চাটা দালাল আর মেহনতি মানুষের শত্রু",shakib,AGAINST
e7bcadbf43509c08,"আপু ভুল বুইঝেন না। রিফাত ভাই বোঝাতে চাইছে যে ম্যারাডোনা যেমন মাঠে সেরা খেলোয়াড় ছিলেন কিন্তু মাঠের বাইরে আচার-আচরণের কারণে শিরোনাম হতেন, সাকিবও সেরকম। যাস্ট এতটুকুই। রিফাত ভাই ম্যারাডোনাকে ওন করেন। রিফাত ভাইয়ের ফুটবলে ভালোবাসাই ম্যারাডোনার গল্প শুনে, বা তার সম্পর্কে বই পড়ে। D for Derbobrata চ্যানেলে রিফাত ভাইয়ের পডকাস্ট আছে। দেখতে পারেন। তিনি সেখানে ম্যারাডোনাকে নিয়ে তাই বিস্তর আলাপ, অনুভুতির কথা উল্লেখ করেছেন।",shakib,FAVOR
bc361181f6dc665a,As an Indian I want to say Shakib came across as really professional and actually wants Bangladesh cricket to be competitive in the world...he will be actually missed after he retires just like MSD was missed after he retired,shakib,AGAINST
5cd19356eeb48133,"Very courageous interview given by Shakib before leaving for the world cup. He is very straightforward, articulate and crystal clear on his points. Wish you best of luck for the world cup.",shakib,FAVOR
705471ffb8357e25,"সাকিব শুরু থেকে এখন পর্যন্ত স্পিন বল করছে, এখন সাকিবকে ফাষ্ট বোলিং করতে বলে সাকিব কি পারবে।যদি ফাষ্ট বোলিং করেও এরকম ভালো খেলতে পারবে?",shakib,FAVOR
28211ce69d13fb50,"@sabujahmed8913 আওয়ামীলীগ বলে নিরনির্বাচন কমিশন স্বাধীন, তারা নির্বাচনের ব্যাপারে নিজেরাই সিদ্ধান্ত নেয়।সাকিবের বক্তব্য ঠিক এই রকম।",shakib,NEUTRAL
3f44e04129ae1fc8,এই জন্য সাকিব সময় সব সময় বালো খেলে,shakib,NEUTRAL
b2f4d406acf15d63,No Dhoni and shakib is not same,shakib,NEUTRAL
163dd2b8f0729c84,Love you boss Sakib al Hasan ❤❤❤best of luck boss,shakib,FAVOR
5a33b596041c7d6f,"You should never judge with emotion; instead, you need to have a conscience to judge. If a person is unable to contribute positively to the team, they should consider leaving the team and making way for the new generation. Time brings about the most significant changes in this world, so it's important to learn to adapt with time. Otherwise, time will pass by so quickly that you won't recognize yourself. Best of luck Shakib Al Hasan 🎉 for the worldcup",shakib,FAVOR
d9106fdd93bc0021,The way sakib thinking of cricket is very logistics and highley & we as a nation thinking of cricket is so emotionally.....,shakib,FAVOR
a3600ffa64b6864c,Shakib has proved his perfect professionalism again. He is a perfect thinker. Best wishes to him always because he never tried to seek public sympathy. He clearly knows what his duty is.,shakib,FAVOR
0e3187b9eebfa6bb,"Shakib Al Hasan is the Mbappe of Bangaldesh cricket because he did many things at the same time. That's why we called him the best all rounder. Noman pagla, bring a good captain better than Shakib. Although, BCB forcefully gave him a captaincy. Nawab don't need captaincy. :hand-pink-waving:",shakib,FAVOR
c39586ecc499f56b,"​ @rakibraihan4848 not shakib, he is a small part. The main culprit is BCB and hathru😢",shakib,NEUTRAL
7076170c5509b386,Sakib is the best . Sakib is Bangladesh . অভিনন্দন বাংলাদেশ ।,shakib,FAVOR
9276407338ae28aa,That's shakib al hasan for u. U can expect such professional and straight-forward answer only from him.,shakib,NEUTRAL
0b25031da2dfa92a,"@rakibraihan4848 So why are all of the people defending Shakib here? Are they from Rangpur also? Make something logical bro! From the very beginning, I did not see Shakib begging for something in front of the camera, and that is why most of the people from our country misunderstand him. Shakib just does not care about people like you and it is one of the reasons for his success!",shakib,NEUTRAL
33af81dd561ab1c7,Very good reply from Sakib. 100% প্রফেশনাল and that's why he is number 1 allrounder.,shakib,NEUTRAL
e625711335cba40c,"Hate him as much as you can but 50 years from now, people will remember only Shakib Al Hasan as the true legend of Bangladesh Cricket History. He is light years ahead of all other Bangladeshi cricketers on and off the field.",shakib,NEUTRAL
59f3159150fff981,Absolutely legend this guy. No bullshit emotions just proper logic and professionalism. We are blessed that we have a person like shakib in our country.,shakib,FAVOR
04e9561f5cedd542,little did they know that Shakib will howl 5 wickets,shakib,NEUTRAL
a899537aa3a1c357,In press conference :- Reporter: why you removed wickets? Shakib : I helped ground staff to cover the pitch,shakib,NEUTRAL
ef9ed5c015d4f889,"Shakib did good, I pledge my full support to Shakib for trashing Alim",shakib,FAVOR
0efd810ac9a7cada,He Is Not Overrated At All You People Like You Think he Is Overrated The Records He Has Set Tell Any Allrounder To Break Them? Who Can Break Those Records of Shakib? And You Said He Is Overrated in World Cup Bruh! He is The Only Player To score 600+ runs And take 10+ wickets In a Single Edition Of The World Cup He Is The Highest Wickettaker In T20I Only Allrounder To Be Ranked As No.1 in All Format How Can you Say He Is Overrated Ofc He Is a Legend Of Cricket! So Dont Try To Be Cool Here!,shakib,NEUTRAL
d6190c6dbcba15f6,"Shakib fans be like: আল্লাহহহহহহহ, কি আবেগগগগ...😭😭😭😭😭",shakib,NEUTRAL
e38e816e7b261855,Tanzim Shakib also hide his age in under 19 world cup...,shakib,NEUTRAL
a00b02527930a0d0,"Well this has nothing to do with sports ""for the people saying BCB should punish him "" And yeah if a women files a case against him then it can be BTW Tanzim Hasan sakib 🗿 you proved you are from a very peaceful community !❤",shakib,NEUTRAL
908be3563def1880,@aakashpangeni2665 bhai already bcb ne tanzim sakib ko samjha dia hai unhone maffi bhi mangli hai .,shakib,NEUTRAL
44c0b071f55971f6,"Hello dude the majority of the teachers of my school were ladies even my mom is a teacher my sister working in the bank , this was old mindset and you are still following it , come out of the room and see this new old, and don't promote mindset of tanzim Shakib like peoples( my English is not quite well but understand the sense)",shakib,FAVOR
07a158a2bde3ccc6,"Look at Shakib's stats That's insane 🔥 This man deserves all the praise 🙌🏻👏🏻❤️ He has played only 8 matches, scored 100 in two matches and made fifty in five matches, having a strike rate of almost 100 where his average is the highest of all. Where the rest have played two or three matches more than him but all of them are far behind him and definitely he could have broken the record set in World Cup history if he had played one more match",shakib,NEUTRAL
394ab37f9a4deebb,Shakib Al Hasan is the man of the tournament for me.,shakib,NEUTRAL
0098cf4527af4114,Man of the tournament kane Williamson ko nai SAKIB ko milna chaiye tha ... Agree = like Not agree = comment why ??,shakib,NEUTRAL
9093157e8e565ae8,Shakib in 2019 was Yuvraj in 2011. But they don't had openers like Sachin and Sehwag and bowlers like Zaheer and Harbhajan,shakib,NEUTRAL
f49e67d278834d04,Who is best all-rounder of 2019 world cup Shakib Al Hasan - Like Ben Stokes / Others - Comment.,shakib,FAVOR
ebbcb2da6055faa4,I think Shakib is the best all rounder in this World Cup 2019,shakib,FAVOR
8d94a7f1450b0594,@avijitkumar5658 never 2011 yuvaraj and 2019 definitely shakib Al Hasan deserves to be player of the tournament.,shakib,NEUTRAL
8ef848caca34ca4d,"@mohana_darsh07 tera problem kiya hai woh Bangladesh ka isliye uski sath compare na kaare 600+ runs in 8 matches 10+ wickets is stats ki hisab se is wc mai shakib far ahead of yubraj Shakib al hasan koyi per time bowler bhi nhi hai woh hamesha bowling mai be lead rule rehta hai, such samaj kar bola karo",shakib,NEUTRAL
91bd42e48a56be28,Only shakib deserve to be the best all-rounder.,shakib,FAVOR
b544638ab7d3f44c,"Shakib al hasan 🐐🔥❤️ He's the number 1 all rounder for more than a decade not for 3-4 years At a very young age, he fought with greatest all-rounders like Jacques Kallis, Shahid Afridi, Scott Styris, Yuvraj,Daniel Vettori,Shane Watson and he was in the number one position till now.",shakib,FAVOR
84c817036a8cc305,shakib al hasan is the pride of Bangladesh. love from Bangladesh.,shakib,FAVOR
21ac501ec44b90be,Less Shakib Bangladesh is a B gr. Team. Recently they lost 3-0 against Low ranked Srilanka in ODI,shakib,NEUTRAL
c4cc4bdce86316af,Shakib is best all rounder of the world today day,shakib,FAVOR
716702fc1005bc03,"Shakib Al Hassan proved himself the best all-rounder in the world. Without him, our country (Bangladesh) is nothing.",shakib,FAVOR
9810d533ea2e59b0,"606 runs, 11 wickets, 8 Matches. Shakib is the real owner 2019 odi wc.",shakib,NEUTRAL
dbf6d33dab04380b,Sir i am from 🇵🇰 but shakib is not classy,shakib,FAVOR
bf493327b9dc7dbb,Bangladesh had the best allrounder of all time Sakib Al Hasan .But they have no world cup or champions cup trophy.,shakib,FAVOR
e56558e544cf8526,Who is your best all rounder Shakib like Stokes comment,shakib,FAVOR
833832ee7679eb70,Who is the best all rounder? Shakib= like Pandya= comments,shakib,FAVOR
bfb2f1ef7ea1c940,"I'm not being biased and I'm not a Bangladeshi but I want to say one thing to everyone that Shakib has been an unbeaten all-rounder for more than a decade He is not just a modern great, he is one of the best all-rounders of all time That's the reality 🙂 And everyone should accept this reality Jadeja,Ben Stokes,Russell,Hardik jaab khelna bhi shuru nahi kiya tabse aab taak Shakib is in top Even he is in the number 1 position for more than a decade Wo bhi Kallis,Watson,Yuvraj,Jayauriya,Afridi,Oram ke jaisa all-rounders ke sath fight kad k number 1 position par tha aur abhi bhi hai Mad respect for him 🙌🏻",shakib,FAVOR
f19342a3431f4f35,Who else think Shakib to win the player of the tournament award?,shakib,NEUTRAL
6c1b9855f1732f13,"Look at Shakib's stats That's insane 🔥 This man deserves all the praise 🙌🏻👏🏻❤️ He has played only 8 matches, scored 100 in two matches and made fifty in five matches, having a strike rate of almost 100 where his average is the highest of all. Where the rest have played two or three matches more than him but all of them are far behind him and definitely he could have broken the record set in World Cup history if he had played one more match Shakib is suitable for batting in any position (1-4) though now Shakib is in the best form in the top order among all genuine all-rounders",shakib,NEUTRAL
d93eec64c2ba03f1,Shakib is preforming even better as he is single handedly bringing them glory..,shakib,NEUTRAL
8b6d0c44ddc1a843,Yuvraj did that at home Shakib is doing in England,shakib,NEUTRAL
299f5a0312e51857,"Yuvraj had Sachin, Zaheer, Gambhir contributing consistently with Munaf, Sehwag and Kohli providing the odd performance. I love Yuvi, but Shakib is doing it alone for his team. He's been the flag bearer for Bangladesh. He's received little support from Rahim though, but there are no big names there",shakib,FAVOR
a745c1fcc9e20190,Shakib Al Hasan is the best cricket player of world.,shakib,FAVOR
7ae3d9999f3140ca,No word will be enough for sakib,shakib,NEUTRAL
fecef40f912781cc,man of the tournament is loading for Shakib AL Hasan. The best alrounder of the world.,shakib,FAVOR
88e5f452137b5116,"SALUTE TO SHAKIB FROM ALL THE CRICKET FAN OF THE WORLD. WHAT A FIELDER, WHAT A BATSMAN AND WHAT A BOWLER. A TRUE EMBASSADOR OF CRICKET.",shakib,NEUTRAL
d0366891f623a442,@bhaswatmandal8751 sshakib no 1 allrounder kohli no 1 batsman bumrah no 1 bowler .....that doesnt mean only kohli is best but also bumrah and shakib alu beche beray..,shakib,FAVOR
a4b68bf03262544d,That's why Yuvraj won the world cup and Shakib won't ...But the impact are similar,shakib,NEUTRAL
ca9d902e686e1912,The Strange School no i don't think so see hardik is a way better all-rounder than sakib but he is not getting the correct situations,shakib,NEUTRAL
9dd6c0fc146c8511,I think Shakib will be player of the tournament ❤️❤️❤️❤️🇧🇩🇧🇩🇧🇩🇧🇩,shakib,NEUTRAL
51dbcbc5aa4e9e29,"Proud to be a Bangladeshi, proud of having Sakib Al hasan",shakib,FAVOR
e424083d725e745c,"Yuvi was Man of the tournament in u15, u19, 2011 world cups and he was a beast in 2007 t20 WC and not to forget that he played at no.5 position and with cancer in 2011 wc.. Yuvi was man of big tournaments..shakib played excellent only in 2019wc.. in fact I want shakib to win man of the tournament in 2019wc coz he deserves it😊",shakib,FAVOR
2329ad642677fc9f,Rabbi knows a lot about shakib really knows..,shakib,NEUTRAL
bbf46add754cf9c8,Sakib is an one man army..who have 11 soldiers🤩🤩🤩😍😍😍,shakib,NEUTRAL
f40335168f256dc5,World er pran Sakib Al Hasan. Thanks.,shakib,NEUTRAL
9e389d3f853e858a,thx u sir. pray 4 us. shakib is our proud 😍,shakib,FAVOR
6d2690aa7910c917,Don't think like this ! I'm 100% sure Sakib will be man of the series ! He is really a master player ! 604 run and took 11 wickers in just 9 match ! Incredible porfamnce by him ! If any other player get man of the series then it will be not justice for Sakib al Hasan ! Love from India....,shakib,NEUTRAL
914770a40b868962,thank you so much zahir and Robin for a wonderful complement about Sakib love from BD,shakib,FAVOR
faf15e52cd20e806,@ shakib..the one man army... One of the greatest all rounder in world and Asia..,shakib,FAVOR
1014214620184b68,"We are proud of sakib all bangaldesh,wish for sakib, best of luck sakib..",shakib,FAVOR
a714dc26b10a8826,I think Bangladesh deserves to be in semi finals. Shakib an all time great. Legend.,shakib,FAVOR
2c0643b97755598f,Zaheer Khan just spoke my mind. All hail to Shakib75 ❤,shakib,NEUTRAL
7e7f21365c7abdaf,"Shakib is a gentleman, never being brash like new Bangladesh players. That is why he has been in Top 5 all rounders most part of his career.",shakib,NEUTRAL
ea5fd5a3edf191b3,Shakib al hasan only player score 1000+ runs and pick 30+ wicket in a CWC,shakib,NEUTRAL
fb8d0e9f2f01a445,He is having shakib type of tournament not yuvi or any one else,shakib,NEUTRAL
b22f1413591afc49,Shakib Al Hasan deserves more respect. The kid is the best allrounder for the past couple of years. Bangladesh's greatest player of all time no doubt about it. Well done sir....!!!!!,shakib,FAVOR
6a894c3eac998fa0,World number one all rounder shakib Al Hasan love you boss,shakib,FAVOR
90e99ca7db37e58e,"Dont know whether Bangladesh can qualify for semi final or not. But Shakib al hasan deserves player of the tournament at this CWC-19. If bangladesh cannot qualify for semi finals then Aron finch/ Rohit sharma/ Warner / any other else will play 2 more games than Shakib. Probably anyone will ross shakibs total run but nobody in that list didn' contribute with ball at all. All are pure batsmans. Only shakib is all rounder. After bowling 10 overs it is very tough for a player to make highest run overtaking the big hitter batsmans and also number one batsman like Virat. In my opinio, Shakib should be the player of the tournament.",shakib,NEUTRAL
a5ea785084ae3c45,Yuvraj is a legend. Shakib is a detergent. Don't compare.,shakib,FAVOR
8ddaea966ef1ca68,best of luck shakib and best of luck bangladesh cricket team love from india,shakib,FAVOR
f63c4f2497096d0b,Sakib might be the player in f the tournament. Bangladesh just needs fizz n mashrafee to step up their game n perform to max potential. Then they will become the most complete side in the tournament.,shakib,NEUTRAL
e391b7166f427c14,Shakib is one man army for his team.,shakib,NEUTRAL
badc8cb5f7696178,Only one shakib Al Hasan.he is best cricketer. All the best shakib .I love you.,shakib,FAVOR
cc1500edd24587ca,Shakib is Oxyzen.... For Bangladesh..... Love u...Shakib,shakib,FAVOR
2499684aca76f67d,Like yuvraj Singh shakib al hasan has Became man of tournament,shakib,NEUTRAL
e67d1bfc7d815cc7,"@the Superman shakib... @ sir shakib Al Hasan..... The world cup biggest hero... @ SAH-75...@ mr.perfect all rounder... Boss. The godfather of all rounder.. A world class All former genuine,best quality,best classic,best class... All time best number one Bangladeshi cricketer in history.. salute u sir.. salute u boss... The most clever and gentleman.... Bangladesh ar Jan.. Bangladesh ar pran.. shakib Al Hasan. Shakib Al Hasan..love u Muslim brother from Afghanistan..we afghan always with Bangladesh, Pakistan and Sri Lanka... Shakib is Mr . Protect man..mr.right choice man... @ we are great Asian cricket super fan...live long cricket.. I hope cricket world cup will be globalization... mr.aggresive and action shakib..also gentleman.. love u .. Bangladesh vs Afghanistan match is called one of the historical ashes....is called Bangla-ghan super ashes.super classico...",shakib,FAVOR
fd51a050909cc69e,I like Yuvi. But this tournament shakib is the best.,shakib,FAVOR
b7918095ba8520ec,"Yuvi is a champion player,shakib too,shakib done it in away pitch,where most of the asian player suffer before",shakib,NEUTRAL
d6ed7b0b852d79e3,sakib is namber 1. its great plyer.good luck sakib.sakib is word namber,shakib,FAVOR
e62ecf6f38d03f79,"Don't compare Sakib with anyone. Sakib is Sakib! Just think all those years how Sakib dominated that ""top all rounder"" list in all three formats! Who else did that before? Undoubtedly he is one of the UNDERRATED players as some of you guys are comparing him others (with due respect). One day some will compare others with Sakib, and that'll be the day when Sakib is going to get his proper respect!",shakib,FAVOR
34720311445fb1aa,yuvi gets superstars team. So that they won the world cup. But In Bangladesh there is not enough stars to help Shakib get a world cup. Mean it bro...,shakib,NEUTRAL
955ac068b0a62052,Shakib is Shakib so don't consider him yuvi of BD. He is our biggest superstar ever.,shakib,NEUTRAL
539c62a6f2295a8f,Firoz Khan kid yuvi was a brand ....don't compare shakib with yuvi,shakib,NEUTRAL
43df977c31329b08,a big no.....shakib isn't yuvi....he is the Garry Sobers of our country......,shakib,NEUTRAL
05e476dbab1448ff,Hahaha shakib is nothing infront of yuvraj,shakib,NEUTRAL
0685b20b72ea7a4c,shakib is shakib and yuv is yuv .dont compare them .they r great in their own rights,shakib,FAVOR
e47a6320debc4ccc,Shakib is the best alrounder in the world,shakib,FAVOR
bbd4b37bf350f2f4,সাকিব মাএ একজন যে আমাদের বাংলাদেশ আছে আর কোথাও নেই,shakib,NEUTRAL
5b5f6cd3c3c16926,Shakib is very near to player of the tournament with 482 runs and 10 wickets...and 2 match left,shakib,NEUTRAL
b0ece35ccab109e6,Shakib's performance similar to Maradona's 1990 FIFA world cup. Please like whoever agree with me.,shakib,NEUTRAL
0b84804959d5d8b5,Yuvi is a great batsman..but sakib is far better as a allrounder,shakib,FAVOR
882bdfcf280c9659,"Shakib doesn’t have any issue with the board whatsoever, stop creating and spreading false, rumors, or I will and definitely WILL START SPREADING RUMORS ABOUT YOUR MOTHER AND SISTERS, AND YOUR FAMILY.",shakib,NEUTRAL
f7f20cd83a7f5557,His 60 run comes from Six or four. Well played Shakib..👏👏,shakib,FAVOR
1495eb2335fdbbe1,ami mone kori axar er ball gulo sakib jevabe samne uthe khelche sevabe khela uchit chilo onnoder...bczaxar er ball e onek turn hocchilo....samne uthar karone ball turn khawar sujog pay nay and boundary ashche...,shakib,NEUTRAL
d041781a466ab9c4,Shakib al Hassan scored good for his country. Bangladesh🇧🇩.,shakib,NEUTRAL
94ffef4876cf3b45,Boss is Always king... The Name of Shakib Al Hasan,shakib,FAVOR
9208465c8c469cd1,King Sakib...... No one cricketer compear by sakib..,shakib,FAVOR
339efa453bd9a8f2,Shakib al Hasan is successfully captaincy in Ban team.,shakib,NEUTRAL
b56ffd2fb1476a2b,Sakib k always হিসাবের বাইরে রাখবেন। ও কখনোই ধারাবাহিক ছিলোনা। ক্রিকেটটা অপশনাল হিসেবে খেলে।,shakib,NEUTRAL
562638120cc13643,"Sakib deserves the ""player of the tournament "" award. 8 match, 2 centuries, 5 fifties. 11 wickets. 606 runs.",shakib,NEUTRAL
2499fb000403bed3,Who is the best all rounder? Sakib= like Pandya= comments,shakib,FAVOR
ffcf72e8be182889,No doubt.. No. 1 All rounder : Sakib Al Hasan Love and Respect from Nepal :),shakib,FAVOR
7a9548c04eef7939,Legends don't need an introduction. Their charm itself a deep story. Well played shakib. Love from India. 🇮🇳,shakib,FAVOR
083ace86a5af9427,"Pandya, Maxwell, Russel are just for shorter format... Shakib is for Big matches and big tournament... LOve from INDIA",shakib,FAVOR
ff4095113aac275c,"Shakib is my Mom’s favourite all rounder to watch, she absolutely loves the shakib super scoop . Loads of respect ✊ from India 🇮🇳.",shakib,FAVOR
fccca9e66642170f,"Shakib Al Hasan, best all-rounder indeed! Much love and respect from Pakistan! 🇵🇰❤🇧🇩",shakib,FAVOR
645c2558c08895d0,Shakib al hasan is a no 1 all rounder in the world🏏 From srilanka,shakib,NEUTRAL
ed8cfb728d2e2181,Best Player in The World. Respect and Love Shakib from 🇿🇼,shakib,FAVOR
78430375a5e0eef7,no doubt Shakib is number 1 Al-rounder in the world love from Ireland 🇨🇮 🇧🇩🇨🇮💪💪❤❤,shakib,FAVOR
8663607b3e6457f0,Please don't compare Shakib and Hardik Cause Hardik is New Star 😇😊 Shakib is King,shakib,FAVOR
a047424e27f64f4f,Big fan shakib love and respect from nepal🇳🇵🇳🇵you are the greatest allrounder of all time,shakib,FAVOR
cbda59a9acc303e7,Who is the best ? Shakib =like Rohit =comment,shakib,FAVOR
cdf3bbe5cc05026b,"@jeedimadlavinithreddy3717 I only heard about that fact. But anyways, Sakib Al Hasan deserves it more than anyone in this WC.",shakib,NEUTRAL
25462349345d0789,@shresthsinha97 so what? Has he taken any wickets? Only some centuries. Not as extraordinary performance as Sakib Al Hasan has done in this WC.,shakib,NEUTRAL
ad53055f16f33adf,"@shresthsinha97 Rohit sarma ""0"" wicket..Shakib also bowler.....Ok...Rahit got 9 match..Shakib got 8 match..",shakib,NEUTRAL
2b0e77d15a27b8c5,I m indian but now shakib is best allrounder,shakib,FAVOR
5dc6ba4edff7033d,Shakib easily. He carries Bangladesh like Messi carrying Argentina,shakib,NEUTRAL
351a3649d129c9a9,@santhoshkumar-1304 no pandya no where near okk sakib is world number 1 better than jack kallis and shahid afridi and jayasurus,shakib,NEUTRAL
a9632d7ed8a8758d,Im in Indian but shakib is best allrounder,shakib,FAVOR
101691ff014a4bec,I am indian but right now there is no match to shakib. He has 500+ runs in with average of 90 and 10 wickets in wc. He is in his own league. He deserves to be the player of the tournament.,shakib,NEUTRAL
89bb597123fc296c,What Hardik or sakib .Sakib is all time great all rounder ❤️❤️,shakib,FAVOR
85edf782336ce739,Pandya is no match for Shakib. He is a child,shakib,NEUTRAL
9d45a4656d9615f4,Sakib al Hasan is Best all rounder in the icc world cup..no doubt!!,shakib,FAVOR
b4b52531bb221f6a,Pandya has to be the worst all rounder......Shakib is way better than pandya,shakib,AGAINST
e2852cf7a05c87f8,"you can appreciate pandya, but it Doesn't mean comparing him with shakib shakib is at his mark",shakib,NEUTRAL
be34d4247b74f194,Pandya biggest achivement is compare with sakib 😃😃😃 to be honest sakib is number 1 in odi all time better than kallis afridi and sanath jayasurua so,shakib,NEUTRAL
de6a593f4c02d16b,Pagal ho kya? Aasman ko zameen ke saath miila rahe ho?😂 Kaha Shakib😍 Or kaha panya😂 Comparison ki bhi koi haad hota hai yaar,shakib,NEUTRAL
b79ca7ea146275c1,I know every indian will say that it will obviously Pandya. But see it from the begining Sakib really played very well. He should be the man of the ICC CWC 2019.We love you Sakib,shakib,FAVOR
4d9d0d1aab87d12b,"@asr4321 sorry, you are wrong. We Indians also know and accept that Shakib is far better all rounder than Pandya.",shakib,NEUTRAL
bcf3fa06141f0d8d,"That's not a great comparison. Even, some of Indian brothers will also say Shakib as the best.",shakib,FAVOR
bfdf06cad08df23b,All rounders are known for their all round performance. At SHAKIB ALWAYS HAS DONE IT #ALLWAYS THE BEST#,shakib,FAVOR
0bb16149081c6807,I agree that pandya is a good player but is shakib is worlds no1 All rounder,shakib,FAVOR
6c8a54cbe4285ba7,Panday is good but he do not match Shakib.Shakib is a legend.so no compare for Shakib,shakib,FAVOR
ae10ca35077125b9,Pandya's odi all rounder ranking is not good at all so he is not better than shakib at all that's very easy to say,shakib,FAVOR
85c2739cb9d16a6c,Shakib is the 1no. All rounder in the world,shakib,NEUTRAL
7a58adadf547fd1a,Aadil Thakor How did you compear Panday with shakib broo?,shakib,NEUTRAL
c09b04eb72eb3819,sakib is teacher and pandiya is student,shakib,NEUTRAL
36ede00bf0e234fe,You cant compare a player like pandya with kohli...cz he leads the team from the front...he can be the nuclear of any team. Sakib plays exact role U can compare hardhik with ben stokes Hardik doesnt even have one of tenth records or experience what shakib have,shakib,NEUTRAL
b73520bf30ab9688,Pandya and sakib are different type batsman,shakib,NEUTRAL
ef06a31e0fe0bf9e,They both are doing well for their team.. But Shakib is the best... True respect & honor for Shakib ❤,shakib,FAVOR
43db84726f988640,Sakib -pandya!!! please apply sense while talking about a man like sakib...,shakib,FAVOR
fec61310a9b78dc0,"Obviously shakib Al Hasan ,,pandiya also palys good,,but shakib is awesome,,,shaikb is best❤️❤️",shakib,FAVOR
1adcff692c122b04,What kind of stupid question is that? Of course shakib. Pandya is no where near.,shakib,NEUTRAL
7bd5d8a22f0456f7,Shakib is no. 1 all rounder but Pandya can take the place after few years,shakib,NEUTRAL
f2a29ddd170417e6,Pandy.. Ha ha ha😀....👉 sakib best.. In The world,shakib,FAVOR
2e4ca118602690ec,Sakib😘😘😘 pandiya is last match is Awesome 😍,shakib,NEUTRAL
3657291f25ddb6e9,Shakib Al hasan is the world's best All Rounder since 2009. when Pandya didn't even think of getiing into IND National Team. LMFAO.,shakib,FAVOR
178bf373ffb470e8,What Pandya Did with the bat in this world.cup? Let me know 😂. Comparison WITH Shakib lol,shakib,NEUTRAL
3a43e40d34280bdd,No one can compare with shakib Shakib is the number one all-rounder in the world.🇧🇩🇧🇩🇧🇩,shakib,NEUTRAL
dbf4639d45645249,How you can tell that .shakib is clearly best .,shakib,FAVOR
04f0b181edbf4086,Shakib is world number one Pandya good but he is nothing at this time,shakib,NEUTRAL
df39f3d1d01e7fdb,Plz do not compare shakib with pandya,shakib,NEUTRAL
c10ab7c54aceff42,Sakib is officially the best all rounder from a long time,shakib,FAVOR
c880be4131d9a648,Definitely Shakib is the best all rounder in the world. For Pandya I can say he is not dependable. What he did in the semi final is just disgusting.,shakib,NEUTRAL
24a8192f246b4ee9,Pandya has a high strike rate compared to shakib,shakib,NEUTRAL
3e9ada4e48a4d991,Dude your comparison is wrong... Pandya is good but not at all of Shakib's level... Should have compared Ben Stokes instead.,shakib,NEUTRAL
afa11149a5122b5f,"Pandya waste , Sakib will become a legend soon",shakib,FAVOR
9570b3cb8edfb595,see the rankings 🤣🤣🤣shakib is in the top for forever 🙄,shakib,FAVOR
d74b5a29166bbd52,Shakib Al Hasan is number 1 and always will be but Pandya is a game changer,shakib,NEUTRAL
c40e5ae01c7bd6ef,"Kiya vai,,, asman ke sat patal ke compare karte ho,,,kaha shakib no.1,,,or kaha hardik small Minutiae cricketer!!",shakib,NEUTRAL
0cdca23de38c7235,Pandya is not even close to shakib.,shakib,NEUTRAL
44a5a1e97ee4edb4,shakibs shoes are compareble with panda . shakib is one of the greatest all rounder of all time . dont compare aminnows with a legend,shakib,FAVOR
44fa88bdee3eccd1,I'm from Bangladesh but I always support India since my childhood. But I think that Pandya will never be like Shakib in his whole life. He will never get those number of wickets. Shakib is Messi of BD. And you guys are comparing Messi with Cavani. Shakib will become the best ever all-rounder in the history of cricket one day In Sha Allah. For me Shakib is best,shakib,FAVOR
22425e233a7897f3,shakibs shoes is compareble to pandya . shakib is a lion and pandya is a cow,shakib,NEUTRAL
8bc3a51b853d4ed3,Shakib is boss and pandya is noob,shakib,FAVOR
04805e172f616980,How do you compare an average Indian player to someone whos consistently over the last decade shown how good he is? Shakib is on another level and it is very unfair to compare someone so big to someone so small. I personally think Pandya is very overrated and is nothing more than a average allrounder.,shakib,AGAINST
1098091e1fe8c034,Here some non sense people comment that pandya was better than sakib...they should know that sakib was one of the best no 2 batsman...which is the most important position in batting..he was also a extra ordinary bowler also..I don't say that pandya was not good...but he is not better than sakib...pandya has to improve more to compare with sakib Al Hasan..,shakib,FAVOR
de6a2f176708973a,Don't Compare Please Hardik is New Star ❤ But Shakib is KING😇 Hardik will be shakib in future 😊,shakib,FAVOR
ac9ec40d915133dc,"if u look at how pandya bowled against england in a test match thats how he took 5 wickets and remember how he scored 76 against pakistan in champions trophy in 2017 final like shakib he does nt bat 1st down or 2nd down , as pandya comes rarely at 2nd down position he will justify his role thats why he is rock star",shakib,NEUTRAL
98271451cf230d16,@Sipunkumar1 how could you say both Your comment make me laughing bro.... Shakib is the best all-rounder in the world forever.,shakib,FAVOR
0142243d90b04a83,@nandy1737 nice bro how can you compare pandya with shakib. Shakib is worlds no.1 all rounder. I mean just💀 💀💀😕pandya💀💀💀,shakib,NEUTRAL
32867d8160c7cbc5,​ @fahimfaysal3320 😅😅😅no no buddy ....instead u can say very less mothers love Shakib but most of father's love Shakib ❤,shakib,FAVOR
1b169e64e4754e23,what about you? is shakib is not your fav bro?,shakib,NEUTRAL
18c43514603ea51e,"@MrSproy dude they gave to williamson cause he is a captain and carried his team to the finals,has a racord of runs and also his team came up runnersup .If shakib played the final then he could have got the chance to be the player of the series/cup",shakib,NEUTRAL
13109e0756bcdbae,If Shakib burn like 2019 WC then inshallah we can go into semi 🔥 We have much potential just we need to keep confident for this team🤞,shakib,NEUTRAL
c73650b628690d15,তুই পাগল নাকি 🙄 এতে শাকিবের দোষ কি? ছবি সে বানাইছে নাকি 😂 পরিচালক এর দোষ 😂,shakib,AGAINST
1f618569bb27eeb8,ভাই আমি সাকিবিয়ান কিন্তু শাকিবের ভালো কাজ পছন্দ করি,shakib,FAVOR
203059bd49c51711,Bhai Shakib fan hole o jeta real sheta real ok.,shakib,NEUTRAL
9fdbc86af6c2720d,That's why I say shakib Al Hasan is one of the best all-rounders in the world🥰😍,shakib,FAVOR
ef3d05fb551a91f5,বিসিবির সভাপতি পাপনের মতে সবার রিপ্লেস ম্যান আছে শুধু সাকিবের নেই। আসলে তাই। জানিনা তার মত সামনে একযোগ পরে ও পাওয়া সম্ভব কিনা 🤔। লাভ ইউ সাকিব তুমিই সেরা তুমি নাম্বার ওয়ান। ❣️😍 তুমি বাংলার ক্রিকেটের গর্ব,shakib,FAVOR
3ea46f0851942d49,Shakib Bhai responds before the haters can say anything Our Superman is on fire 😍 75 always king 👑,shakib,NEUTRAL
96c64e56533a8270,Shakib is the best player in the world❤️,shakib,FAVOR
61e6f463a33220f3,One of the best? I would say Sakib is the best all-rounder of ODI and Test format.,shakib,FAVOR
83d74c50cba8a56f,@sportsfan3807 so who is Jack kallis and Sanath jayasuriya just don't lie shakib not even close to these legends,shakib,FAVOR
feacfd48938e155c,And he has not decipline .😅 Cricket is gentlemen game . Shakib is not a gentlemen 👍,shakib,NEUTRAL
9446f2e94c0afd37,"zeesun islam Jadeja, Holder, Maxwell, Aswin are not consistent performer as an all-rounder. Only Stokes comes close to Sakib.",shakib,NEUTRAL
a02fce99c4a643ea,"সাকিব যেকোন সিমিং কন্ডিশন (নিউজিল্যান্ড,অস্ট্রেলিয়া) তে স্পিনার হিসেবে ভালো করে",shakib,FAVOR
68b1f3ba485c9b22,Tigers never become cats. I love you Shakib brother.,shakib,FAVOR
edd9aba114b68e9d,যে বস হয় সে সব সময় বস থাকে। Love you shakib vai,shakib,FAVOR
f89e73e3cdbe6b89,One of the bowling figure For shakib in test match ❤,shakib,NEUTRAL
f88ed2811cd24857,Sakib Again proved he is the best all-rounder in the World 🔥🇧🇩,shakib,FAVOR
3ad4d0754fb418b9,Sakib ke ta deke delo... Eri nam all-rounder ❣️75,shakib,NEUTRAL
a716a289c11cd8b6,Shakib is good but not even close to some all rounders in the world,shakib,NEUTRAL
f6145fc248573066,"4 number wicket ta dekhlei bujhte parben sakib er level ei Bangladeshi player der sathe jay na,keno tini shobar shera..just wow..kivabe batter er mind read korse.& take pitch er bahire anse..perfect trap..just wow.. Onekta gramer vasa te bole deke niye huga mara..😂love you boss 75",shakib,FAVOR
1a44b72ef08591fc,No one compare with Shakib Al Hasan.,shakib,NEUTRAL
0cd79ba2e75edc41,Great shakib. Thanks 🤣🤣🤣❤️it. Keep it up.,shakib,FAVOR
189c938d1748bf44,Shakib is always shakib এতে কোন সন্দেহ নাই সাকিবের সেরা সাকিব 5 উইকেটে নেই,shakib,FAVOR
b7b66936cf2d3811,"My dear brothers,I am from Bangladesh.I want to say you all that the main reason for the Bangladesh Cricket Team's downfall is political crisis.Maybe you know about the world's one of the greatest all rounder Shakib Al Hasan.He played a great role for this cricket team from approximately 2006.But due to a political reason the present interim government of Bangladesh keep restricted his entry in Bangladesh.Actually the Bengalis don't know how to repeat gratitude 😢",shakib,NEUTRAL
61f3b41ed8d19a5e,"First off all Bangladesh team players are over all hype with ego, attitude forget about shakib",shakib,NEUTRAL
537cd903fd26f1c1,I m 27. so I saw tendulkar last phase Sakib al hasan dhoni kohli rohit smith williamson macculum abd faf gilly ponting last phase in test shoib akhter sangakara jaywardhane dilshan .thank u so much LEGENDS for making my Childhood so beautiful ❤️ ❤️❤️❤️😍 ❤️,shakib,FAVOR
b871e7b881e853fc,Liton is our T20 captain and Soumya was in injury. Sakib is other case . Don’t talk without knowing.,shakib,NEUTRAL
a3db8746cba7ba15,"​ @KamrulHasan-ku7lg I know everything and more than you... Liton is not played in champions trophy,and also in SL tour ,SA tour, He has been injured later on Similarly soumya was not played in many occasions He has debuted 10 years ago,and has played only 80 odi,15 test,and 90 T20 by 10 years, And other players used to play at least 200 odi,140 T20,and 50 test atleast But he gets dropped everytime he performed poorly,whereas others get chances again and again despite being inconsistent (as almost every Bangladeshi players are almost inconsistent) ,you can't tell whose day is today,they are so unpredictable! Soumya was dropped in 2023 Asia cup,2023 world Cup,2025 Asia cup And played only one or two matches in 2022 wc, 2024 wc,2025 champions trophy, He was also not given chances in recent series like for Sri Lanka, pakistan, Netherlands, Afghanistan ODIs, And for shakib ,he was always the pillar and legend of Bangladeshi cricket,he is being targeted only because of his association with awami league and Sheikh haseena, Whole world knows he has no role in any protestors d€ath, But self proclaimed sports advisor animul islam and his foreigner funders are just targeting him for no reason... He still is a good cricketer,and was no need to involve politics in his cricketing career!",shakib,NEUTRAL
a67cb540ebb5dcfd,Bhai Shakib al hasan per video banana.,shakib,NEUTRAL
a7d8851ba3791a3a,Shakib has been playing for 16 years and still couldn't handle pressure situation.,shakib,NEUTRAL
7416151a057b7986,Shakib is a name of shame in Bangladesh and in cricket.,shakib,AGAINST
91762a9dc94450a8,I was a big fan of Shakib until this moment. And his downfall also started from here.,shakib,NEUTRAL
6f1fd57c6f307b17,He could have face the ball without helmet sakib was bowling,shakib,NEUTRAL
f15e80c3258ce6f1,"lil bro the worst player bangladesh team gets 10x more salary than your dad 💔, And shakib? prolly 1000× than ur broke ahh",shakib,AGAINST
27a2969792a7f6b9,Bangladesh and shakib kicked their own asses by their sickness of mind.,shakib,NEUTRAL
2bf6bd91346aa43e,"​ @tunim4354 yes we're that powerful to control the whole cricket, to write our own fate 😂 jokes apart, it's a very simple thing, if Shakib wouldn't have done that, it would've been a shame like none to lose seven consecutive matches in an ICC event. After playing cricket for so many years, he was unable to win a title for his country. It's completely fine a rule is a rule, but run out before delivery is a thing where the non-striker takes advantage of the crease, and here Matthews wasn't taking advantage. But still I think Matthews shouldn't have been that casual in a big tournament.",shakib,NEUTRAL
eaee9ac9ead0f0f3,This is the level of cheap shit you can expect from Shakib..Theres enough and more videos you can find.. The most disgraceful act in cricketing history.,shakib,NEUTRAL
67a9b0ea7e1a4331,Shakib is very good man if didn’t so Bangladesh not qualify champions trophy 2025.,shakib,NEUTRAL
45abdc69e9c8758a,Shakib did the right thing. Time Out is a rule. Just like Mankad rule. Rules are rules.,shakib,FAVOR
b93e19f8d23a4c62,কথায় আছে ক্রিকেট একটি ভদ্র লোকের খেলা কিনতু সাকিব একটা অভদ্র প্লেয়ার। সাকিবের জন্য ক্রিকেট খেলার সৌন্দর্য ও ভাবমূর্তি নষ্ট হয়েছে।,shakib,NEUTRAL
23525b52e8309c8f,"Shakib is not an allrounder, Shakib is a batsman and a bowler. He is actually two players in one!",shakib,NEUTRAL
7293c25383d1a6b8,Shakib akele Bangal Tiger nikla .. Best all-round Wc 2019 == Shakib,shakib,FAVOR
70f252b861897cfb,Shakib doing what tendulkar did for india in the 90s..single-handedly carrying hopes of nation,shakib,NEUTRAL
8291ef8fd7c40aae,Sakib Al Hasan is world class player he is outstanding bowler and outstanding batsman he always stand whenever team needs whether bowling in powerplay,shakib,NEUTRAL
f3f5b98e56038a55,Number one Allrounder in the world Shakib...,shakib,NEUTRAL
04f9c39f5829f3df,Shakib al hasan best all rounder in the world . love from India,shakib,FAVOR
20f77ff322d54dc9,No dout about it that shakib is best all round,shakib,FAVOR
41db7854b2b6c5ed,"Zeesun Islam This video is all about Bangladesh and Shakib. So if you want to praise Ben Stokes then go in search option and write,"" Best performance of Ben Stokes in CWC"". And then start praising Stokes. No need to write in the comment sections of a video which is not about Ben Stokes.😊",shakib,FAVOR
82380879cd87839e,"Zeesun Islam And also respect others. See it is not suck ib it is Shakib. If you respect others you will get respect one day. Shakib is the pride of Bangladesh, when you say suck ib it hurts Bangladeshis. Don't hurt people. If you hurt people you will also get hurt anyway. See I am talking with you did I say anything to you that hurts you? I didn't talked with you in bad way that's why you also replied me in nice manner.🙂",shakib,FAVOR
5caae96dfb7deef0,"Zeesun Islam Shakib is the all time best all rounder of cricket no matter what. Shakib isn't a fixer the whole world knows how great ambassador of cricket shakib is, he is resulted to be banned as he was protesting justice for lower level players. Ms dhoni & half of the Indians are the real match fixers the whole world knows but they never gets banned.",shakib,FAVOR
791b9ca87a300070,"Zeesun Islam শোন জাতী হিসাবা আমরা মদ্যপেও নয় প্লেয়ারদের খারাপ খেলা দেখে তাদের আক্রমন করা তোদের আর পাকিদের কাজ। আর সাকিব সব সময়ই ভাল খেলে খুব কম সময় ওর খারাপ যায়। ভাই তুই গ্রেট চা দে জা নিয়ে খুশি থাক, আর রিপ্লে দিবে আবলামি করিসনা।",shakib,NEUTRAL
7ab7705ef7f3a770,"Zeesun Islam শোন তোর সাথে আর ছাগলের সাথে তর্ক একই জিনিস। তুই সাকিব নিয়ে এত স্টাডি করিস জাদেজারে তার সাথে তুলনা করিস অথচ বড় বড় হস্তি সেই সাহস পায় না। কারন সাকিব টেস্ট টিটুয়েন্টি ওডিয়াই সব ফরমেটে একই সময় টপ প্লেয়ার হিসেবে দীর্ঘদিন রাজত্ব করছে। দুই একটা ফরমেটে অন্য প্লেয়াররা টপ থাকে কিন্তু সাকিব একই সাথে তিন ফরমেটে থাকে। আর সাকিব যেমন জেনুইন ব্যাটসম্যান তেমন জেনুইন বোলার। এমন কোন ম্যাচ নাই যেখানে তাকে ব্যাকাপ বোলার ধরা হয়। তাকে সব সময় মেইন বোলার বিবেচনা করা হয় আর মেইন ব্যাটসম্যান ধরা হয়। যদি এতটুকু বুঝিস তাহলে কিছুটা হলেও বুদ্ধিমান ভাবব, আর নাহলে তুই দলকানা ছাগল। ভিরাট কোলির সাথে যেমন মুসফিকুর রহিমের তুলনা হয়না, তেমন সাকিবের সাথে জাদেজার তুলনা হয়না। আমার কোন সখ নাই আর তোর সাথে বাজে পেচাল পারার।",shakib,AGAINST
587ef7251d2ccea5,Jadeja and Shakib duijon vinno player.....Jadeja hoilo finisher.....and Shakib khele top order e.......tai tader tulona kora thik na......Ar Virat kohli o toh Asia cup 2018 e khele nai....Nidahas Trophy teu khele nai.....Tar jonno take niya toh keu kisu bole nai....sobdi bcci er chamcha....Icc o bcci er chamcha....Taka khawa chamcha.....,shakib,NEUTRAL
a2d25ea55bb6753b,Feel so proud when some one from India or any other counties praise our players specially shakib al hasan.,shakib,FAVOR
1fcb1997a52b8b04,Shakib is too sincere in his game. When his team need some power then he shows his best for the team. Love from Bangladesh💗💗💗,shakib,FAVOR
0399f08fe70da281,love you shakib and love you harbhajan,shakib,FAVOR
753ba3e9df644426,Bhaji paaji Aapne sahi farmaya Shakib ko koi support Nahi mila,shakib,FAVOR
4230336386699c6d,Thank you form Bangladesh sakib al hasan is best in the world,shakib,FAVOR
14eac72ab62a3780,"No not really. I believe this year is the topmost chance. The senior players at the end of the career, pace bowling department way better than anytime. If they dont do well this time its the end. And it has to be team performance. Individuals alone cant take you to semi finals or finals just like what shakib did in 2019.",shakib,NEUTRAL
064772236db88aa3,"যদি বাত ই দেওয়া না হতো, তাহলে হাতুড়ে আর শাকিব পাপনের বাসায় এত রাতে কি করে, এটাই সাধারণ জনগণ জানতে চাই।",shakib,NEUTRAL
510022bbdfbd5063,সাকিবের মতো বন্ধু থাকলে তার আর শত্রুর প্রয়োজনীয়তা নেই,shakib,NEUTRAL
ecbc5d538d8e1d3d,সাকিব দোয়া কোরি তোমার জীবনেও জেনো এর চেয়েও বাজে বিদায় হয়,shakib,AGAINST
f7d6ad06c9570416,"আসলে এসব কি ❤❤❤হাত ভাংগা নিয়ে যে মানুষ বাংলাদেশ কে জয় এনে দিতে পারে,,,,তাকে ফিট আর আনফিট বলার সাকিব কে,,,,কই সেই দিন তো বলেন নাই একটা হাত ভাংগা নিয়ে উটতে পারবেনা খেলায়,,,জানি সেই দিন জয়ের দরকার ছিল",shakib,NEUTRAL
b364c803945b087a,"শাকিব চায় নি, বাংলাদেশ । বিশকাপে ভালো কিছু করুক",shakib,FAVOR
4957de7784a576d4,সাকিব কে দল থেকে আজীবনের জন্য নিষিদ্ধ করা উচিত ।,shakib,NEUTRAL
a5adc3fbc3984ee3,সাকিব আমাদের ক্রিকেট ধংস করে বিদায় নিবে।,shakib,NEUTRAL
00d86655c0948322,"হাতুরু সিং হটাও বাংলাদেশ ক্রিকেট টিম বাচাও। সাকিব নিজের জন্য খেলে, দেশের জন্য খেলে না। শোরুম ভাইয়া😂",shakib,NEUTRAL
8c80932f21bfd184,শাকিব কে ভালবাসতাম কিন্তু এখন আর করবো না শুধু ঘৃণা আর ঘৃণা তার প্রতি সবাই করবেন।,shakib,NEUTRAL
97c5a336bb9dc02b,Sakib is Right. it is part of game.,shakib,FAVOR
459c5173999eb3ba,"Everything is fair, and love in war; if Shakib didn't appealed it, Bangladesh's wins' possibility would've been thin.",shakib,FAVOR
6a395129b1b0b9b2,সাকিব আল হাসান সঠিক সিদ্ধান্ত নিতে ভুল‌ করেন নাই,shakib,AGAINST
6b1cc56538454324,"বাংলাদেশ খেলায় আউট করতে না পেরে, টাইম আউট করে বিশ্ব রেকর্ড করলেন। এটা বাংলাদেশের সাকিবের ধারা সম্ভব",shakib,NEUTRAL
f611b2a3e09bdaba,"So much talk about one thing... There was no thought before adding 'time out' as a rule in cricket. That it will be the spirit of cricket. Add the spirit after addition as a rule. Yes, if Shakib had let him off, it would have been more generous. But he was not exempted, which means that he has done wrong, it cannot be said...",shakib,NEUTRAL
1805d0bf4dca32a8,"আজকের ম্যাচে সাকিবের অসাধারণ একটি সিদ্ধান্তের জন্য সাকিবের প্রতি রইল আন্তরিক অভিনন্দন! ক্রিকেট হলো শৃংখলার খেলা, এখানে আইন তার নিজেস্ব গতিতেই চলে। আবারও প্রমাণ হলো সাকিব সহ বাংলাদেশ ক্রিকেট দল আইনের প্রতি শ্রদ্ধাশীল। শুভ কামনা টাইগারদের জন্য।",shakib,NEUTRAL
f9b3b6e7cbf595d7,"Mathew's was utterly unfortunate. He was already on the pitch but due to some issues with his helmet, he couldn't face the ball. Rules are rules but it's definitely not an example of good sportsmanship from Shakib",shakib,NEUTRAL
ea6b086aa2c03532,আগে ঘরে মোম বাতি পরে বাহিরে সাকিব ঠিক করেছে,shakib,NEUTRAL
e1dd836ba12d7959,"সব ঠিক যা হয়েছে আজকে। কিন্তু একবার ভেবে দেখুন, শ্রীলঙ্কা না হয়ে ভারত হলে সাকিব জীবনেও এটা আবেদন করার সাহস পেতোনা, আবেদন করতো ও না।",shakib,NEUTRAL
d455790997513a0f,এখানে কোনো মানবতা নেই মেচ মানে যোদ্ধ দেশ কে নিয়ে শাকিব টিক কাজ করেছেন🇧🇩🇧🇩💪💪,shakib,NEUTRAL
9f5c19600609931a,Everyone should obey the rules. Shakib did a great job.,shakib,FAVOR
b35dbb62df2a2a86,Shame on this incident - Shakib is a goner,shakib,AGAINST
2f1c6b5d3c182c6d,সেসময় প্রতিটি উইকেট আমাদের জন্য গুরুত্বপূর্ণ এবং আমাদের উইকেট প্রয়োজন ছিল সে সময় দয়া-দক্ষিণ্য দেখানো আমাদের কোন প্রয়োজন ছিলো না সাকিব বেআইনিভাবে কোন উইকেট নেয়নি,shakib,NEUTRAL
ce129f5bd8ffbe89,Shakib's sportsmanship level is as same as our teams point table ranking in this world cup 23!! What a disgrace!!,shakib,FAVOR
e641f2d8d3bf1627,"খালি খেললেই হবে না। আইন ও জানতে হবে মানতে হবে। সাকিব এই ঘটনার মাধ্যমে ক্রিকেট ইতিহাসে জায়গা করে নিলেন স্থায়ী ভাবে, সাথে বাংলাদেশ এর নাম ও উদাহরণ হিসেবে থাকবে। সাকিব জা করেছেন ভাল করেছেন। যথার্থ",shakib,FAVOR
599c4cc0f9142ff2,"ছোটলোকের কাজ করছে সাকিব, মাথুইস যদি ইচ্ছে করে করতো তাহলে একটা কথা ছিল",shakib,NEUTRAL
491bfc34e93c24bd,"এটা মানবতার কি আছে আছে, আইনে যা আছে, তা আবেদন করার অধিকার আছে, আমি মনে করি সাকিব সঠিক।",shakib,NEUTRAL
9976b7485694ef77,Khub bhalo korse Shakib! 🤣 Ar Angelo Mathews Sri Lankan player ar harlo Sri Lanka kintu Indian der etto joltase keno bujhlam na 🤷🏽‍♀️🤔🔥😂😷🤢🤮,shakib,FAVOR
f394ad4b15255044,নইলে কি ১ম ম্যাচের মত ফাইন দিবো??? আর কুশাল মেন্ডিস থেকে শুরু করে সবাই তো অনেক ভালো বিহ্যাভ করছে ম্যাচে তাই না??? ঠিকই আছে সাকিব যা করছে সুন্দর করছে। 😇😇😇,shakib,FAVOR
ee423fc5d1aabcea,"নৈতিকতা ধুয়ে ভাত খাও সবাও যাদের গায়ে কেগেছে , ওরা ইচ্ছে করেই দেরি করে বোলার টাইমিং নস্ট করে । সাকিব ঠিক করেছে",shakib,NEUTRAL
be96efa0a4e68d12,That rules didn’t create Sakib. Rules is rules.,shakib,NEUTRAL
57106d6053ad7151,Lozza janok ghatona Shakib and Bangladesh er jnno..... Karon ... Mathews time motoi esechilo ...but helmet er strp a guard na thakai ba venge jawai ..she.. extra helmet chai....eta savabik bishoy ...karon sfty fast and.... Rules Mathews maintain korechilo ..criz a time mto esechilo .. But cricket spirit ta Shakib nsto krlo... #shakibhataobangladeshteambachao,shakib,NEUTRAL
714c516a92d21665,"হাইওয়ান সাকিব সাকিব একটা ছোটলোক, আর ক্রিকেট ছোটলোকের খেলা না আন্জেলা ম্যাথিউস কে সাকিব যেভাবে মাঠ থেকে থেকে বের করে দিলেন সাকিব কোনো মহত্বের পরিচয় দেন নি, অন্ততপক্ষে ব্যাট করতে দেওয়াটাই ছিলো মহত্বের কাজ আন্জেলা ম্যাথিউসের সে অধিকার পাওয়া উচিত ছিলো",shakib,NEUTRAL
c4dc18bf31eabf1d,"যে যায় বলেন ঘাউড়া সাকিব বলে কথা,ক্রিকেট হচ্ছে ভদ্রলোকের খেলা, নিয়ম আছে মানি,কিন্তুু সাকিব ইচ্ছে করলে ক্ষমা সুন্দর দৃষ্টিতে দেখতে পারথ।",shakib,NEUTRAL
a6d40a2e5ed0a2ab,সাকিব যে একজন অভদ্র খেলোয়াড় সেটা আবারও প্রমাণ করে দিল। একজন খেলোয়াড় যখন আর একজন বড় মাপের খেলোয়াড়ের কাছে আউটটি তুলে নিতে অনুরোধ করে তখন সাকিবের উচিত ছিল ঐ তার আউটের আবেদন ফিরিয়ে নেয়া।,shakib,NEUTRAL
29210de40bbbc249,মাথায় মিনিমাম বুদ্ধি থাকলে এমন করতো না সাকিব। যদিও সাকিব দের থেকে এর থেকে বেশি কিছু আশা করে না বিশ্ব।,shakib,NEUTRAL
4d4026a9d7cc0ada,Shame on shakib as his sport spirit is dead,shakib,AGAINST
8946ed7c3cdece91,There is no current all-rounder who can touch the peak that Shakib has already cemented .....,shakib,NEUTRAL
34e7959bacff49e9,"Undoubtedly, Shakib Al Hasan is a champion cricketer, and he knows how to make the team champions.🇧🇩🐯",shakib,NEUTRAL
9b2d21b6745475dc,Shakib Al Hasan is the Best All-rounder in the World ❤️,shakib,FAVOR
6fcd46eb7fd24450,Love And Respect from Pakistan🇵🇰 Love you Shakib Bangladesh Tiger🐯😘,shakib,FAVOR
05fdbf2f933607e7,Sakib is our pride 🇧🇩🇧🇩🇧🇩🥰 we are proud of him,shakib,FAVOR
e11db91ad93e2713,Shakib Al Hasan is the best all-rounder in world cricket and the icon of Bangladesh cricket,shakib,FAVOR
51e01103330a46df,"Jacque kallis, shane watson, flitoff, shakib,, they are all time legendary all rounder",shakib,FAVOR
5e876ad67662e433,"stop it sakib, he is just showing support for his team, no need to be negative and rude",shakib,FAVOR
01a28deff8319e3f,"@arnabameer I am a Bangladeshi and as well as a huge fan of 75 and I think he is one of the best all rounder. He is not the best because he played mostly against weak team(not in that time but compara to eng,aus, India they are weak). Yeah he also played really really good against those giants but compare to jac, he(jac) mostly played against the big teams. Actually Bangladesh (as well as shakib) didn't got so many match against the SENA. Now they are getting opportunity to play against them more and more. Whenever you are compering with anyone to someone then don't only look there numbers you have to consider the opponent.",shakib,NEUTRAL
52a8fe6d4692b6ab,I think it's not Shakib right now,shakib,FAVOR
76593e23ca13fe35,i am proud of sakib al hasan.. 🇧🇩🇧🇩,shakib,FAVOR
712b55f4e84613ea,Shakib al Hasan is the king of ICC'S all-rounder ranking. Best of luck with the Bangladesh cricket term for the ASIA- cup as well as the t20 world cup.❤❤❤,shakib,FAVOR
7ed3ff8ec987cb4d,Hopefully Shakib's captaincy can lead us to do wonders in the Asia Cup as well as upcoming T20 WC.,shakib,NEUTRAL
5e3f385dcc57d2d1,"Yes."" Shakib is one of the best all-rounder """,shakib,FAVOR
630a01d116420d66,"Shakib al hasan a name which origin in Bangladesh and spread over throughout world by playing cricket .The intellectual of cricket make him unique than any other ..He is so candid ,naive ..He is also a cricket ambassedor of bangadesh..no doubt he is the best option who can not only bat -ball but also read opption team mind ..Good wishes for both shakib and bangladesh ..",shakib,FAVOR
e9a76d7a7255a7f2,Shakib al hasan is a best player,shakib,FAVOR
72737310b1cdc392,The best all-rounder all time shakib al hasan we are proud of you shakib love you from your home country,shakib,FAVOR
79d9e71653a9fca0,Undoubtedly 💚💚 Shakib Vai is Special and he is the best💚💚💚,shakib,FAVOR
e5f57182028a8587,Best Number 1 all-rounder Shakib al hasan.. By the way Respect shane watson. 👩‍❤️‍💋‍👨👩‍❤️‍💋‍👨👩‍❤️‍💋‍👨,shakib,FAVOR
415a73d88bf07e8e,Shakib Al Hasan is a one of the legend cricketer of the world,shakib,FAVOR
de1bbd744ad0759a,"Our superstar, legendary cricketer, he is our real hero...his face see my mind is very good.. His smile is very good...shakib his captaincy one day Bangladesh will change all over the world, ins allah...his captaincy asia cup and world cup very good.. I hope that Bangladesh one day win the icc trophy, probebly 2023 world cup...",shakib,FAVOR
b84e8e4725670242,The King is back. Hope for the best. Shakib will passed all the challenging test.❤️🏏🎉,shakib,FAVOR
590756efa63ec2f7,Shakib is Shakib.....💝💝💝💝💝💝 No one can bet him,shakib,NEUTRAL
6d67c91c23fae489,Shakib is legend cricketer of the wourld cricket,shakib,FAVOR
c8a3aab67380cf7c,Of course 💗 Sakib Al Hasan Is the boss of BD cricket,shakib,FAVOR
0bf030741d4bad97,Shakib Al Hasan is the Best All-rounder in the World ❤,shakib,FAVOR
a7d333b64f4b2c98,"In the history of 150 years of world cricket, Shakib Al Hasan is the only cricketer who has written 13000+ runs, 600+ wickets, 100+ catches and 100+ fifties in his record book in international cricket. Some fans agree",shakib,NEUTRAL
175100dcf142e592,shakib is one of the best all rounder...love from pakistan,shakib,FAVOR
328341c7d0394b37,Shakib al Hasan is a champion cricketer😇❤️🇧🇩,shakib,NEUTRAL
e7d3bd5719a0b4e2,@AkashKumar-nv8eq You don't understand the game of cricket. It is not only watching the game but also having the mindset to select the composite player. Shakib is a bright star of world cricket.,shakib,FAVOR
29d9cf3a1ba3d802,Shakib 🇧🇩 mentally is very strong 💪 and that is why til he playing 3 formats,shakib,NEUTRAL
0063ea4f91cb0575,Hope we will be Champion on Asia cup with Shakib captaincy.... 🇧🇩🇧🇩🇧🇩,shakib,NEUTRAL
bd575ab1a70a9b9d,🏏#Shakib al hasan not just a name he is an emotion for bangladeshis cricket lover 💚🇧🇩🇧🇩,shakib,FAVOR
26b51a04eb62e960,I am Bangladeshe My love shakib best cricketar the world love you shakib🥰🥰,shakib,FAVOR
04d318bad8d3eb4d,দেখুন সাকিবের অধিনে যে ভালো করবে তা বুঝাই যাচ্ছে,shakib,FAVOR
26cd89f924a58d73,Shakib ko apne overs bachane chahie them... khud to patli gali se nikal gaya 12-13 over mei karake,shakib,NEUTRAL
36e8a57f2b5333e6,সাকিব অতি বিতর্কিত খেলোয়াড়। ওকে বিচারের আওতায় আনা উচিত ছিল।,shakib,NEUTRAL
fffcb9b2996cef66,Bangladesh ko isbar halke me lerahahe india or pk na but jalua dakna kilea ready ho jao kiuki isbar hamara sabse dangerus bowler ha sakib.mustafiz. Yourka king saifuddin.or taskin speed master144.143 swing sa,shakib,FAVOR
18dfb172356df559,"Recent controversy of Shakib's out is also done deliberately by Indians, so that all the previous controversies seem neutral to people and they can say that umpires make mistakes not only in India's matches but also in other team's matches. Everyone should understand this sharp critical point. From media partners to broadcasting partners, they (Indian Cricket Council) are literally controlling everything. From Bangladesh, we don't blame Pakistan Cricket Board.",shakib,NEUTRAL
5e73e8f50315ba0c,ei sakib kei dorkar love u sakib,shakib,FAVOR
2f41ce90608b3f3f,Boss always have boss Sakib all Hasan boss,shakib,FAVOR
792d5367f1b1f87d,সাংবাদিক গুলোর আগামী এক মাসের রুটি রোজগারের সুযোগ করে দিলেন সাকিব😁,shakib,AGAINST
0a61ce3356510afb,"সাকিব যা করেছে একদম ঠিক করেছে, Umpire রা match fixing করবে আর সাকিবের রাগ উঠবে না??",shakib,NEUTRAL
5eeba7f6195feedb,ও ভাই পুরা গ্রামের খেলা 🍀🥀 sakib vai love you 🌸🥀,shakib,FAVOR
2c753946f039d485,Zeesun Islam কিরে ভাই ম্যাচ ফিক্সিং নিয়ে ত কিছু বললি না তর চুলকানি শুধু সাকিব কে নিয়ে নাকি? তর বাবারা যে ফিক্সিং করে তা দেখস না?,shakib,NEUTRAL
ded3f6c4992e10e8,পাতানো ম্যাচ খেলার চেয়ে ঠিক করেছে সাকিব,shakib,NEUTRAL
2f6079b76f716acd,"সাকিব ঠিক কাজ ই করেছে, যেখানে পুরো প্রিমিয়ার লীগ ই ছিল ফিক্সিং আর প্রশ্নবিদ্ধ। আম্পায়ার ম্যাচ ফিক্সিং করে লিগ্যাল আউট দেয় নি।",shakib,NEUTRAL
6722d6f55c2803f4,"সাকিব বিতর্কে না, বিতর্কে এখন ক্রিকেট দূর্নীতি। ভালো রিপোর্ট করেন। দেশের সবাই সাকিবের এই কাজের সমর্থন করেছে।",shakib,FAVOR
aa404539c6757149,sakib was right in the perspective of the match. if it was Shakibs fault then what about the umpires one ? they did what the abahani wanted. thats it. We all are standing with Shakib Al Hasan,shakib,FAVOR
8b20c2c8d40efc42,"My dear channel. We are all knows what happens,and also know that the cricket political. Good job our icon boy poster boyz sakib vai",shakib,NEUTRAL
d59d10648c44056d,"সাকিবের কোন দোষ নেই প্রযুক্তি ব্যবহার না হলে এমনই হবে, পুরো দোষ বোর্ডের যদি লাইভ কন্ট্রোলিং থাকতো তাহলে হয়তো রিপ্লে করে সিদ্ধান্ত নেয়া যেত",shakib,AGAINST
289acdc3cefe56b4,ম্যাচ পাতানো ছিলো। সাকিব উচিত কাজটিই করেছে।🤔,shakib,NEUTRAL
56345125d6bf8def,"আম্পায়ার এর চেয়ে সাকিব অনেক বেশী খেলা বুঝে, আম্পায়ার এর একঘেয়েমি সিদ্ধান্তে বিশ্বসেরা অলরাউন্ডার নারাজ হলে দোষের কিছু নেই",shakib,NEUTRAL
399d90ee062c6dc8,Shakib has that much courage which many players haven’t.,shakib,NEUTRAL
1fede37df122df08,সাকিব আল হাসান আম্পিয়ারের ভুল হইছে আম্পেয়ার ভালো না,shakib,FAVOR
c1249b73ad85999d,অন্যায় করলে প্রতিবাদ করতে হয় কিন্তু এমন সাহসিকতা সবার মধ্যে থাকে না। আর কেউ না পরলেও সাকিব ঠিকই পারে। ধন্যবাদ সাকিব,shakib,AGAINST
8550bc41b801539f,সাকিব বেয়াদব উচিত কাজ করলে এমনই বলে কিছু ভদ্রলোক?,shakib,NEUTRAL
bad7c6ef76501f56,STamp gula সবার পাচা... দেন প্রিয় সাকিব ব্র,shakib,NEUTRAL
6ad2532830fe53b2,সাংবাদিকদের রুটি রুজির ব্যবস্থা কইরা দিলো! দয়ালু সাকিব ভাই!,shakib,AGAINST
34761913e25bfc94,Icon open the path of protest. Sakib protest aginst our corruption.,shakib,AGAINST
d42f30592a1ef752,Keep in mind that Shakib Al Hasan in never can be greater than cricket or Bangladesh cricket,shakib,FAVOR
c4e13f13dfef63f4,"Sabass sakib al hasan. Form, malaysia Al_imran",shakib,NEUTRAL
a38d39237135fc06,"সাকিব ঠিক কাজ করছে।বাংলাদেশ ক্রিকেটে যেভাবে দুর্নীতি হইতাছে, এমন একজন সাহসী খেলোয়ার খুব দরকার বাংলাদেশ ক্রিকেটে। Love u boss Shakib",shakib,FAVOR
59b6219ffa447f04,Thik e ache. .shakib ke ei jonno e ato valo lage ....sotter jonno ja dorkar se korbe...love you shakib,shakib,FAVOR
27ef669e67e5469a,Shakib was Right.. Ai akjon e potibad korte jane.. Jeta apnaraw paren na,shakib,NEUTRAL
4d56613a1f7403f4,সাকিব ভাই ঠিক ই করছেন অন্নায়ের বিরুদ্ধে সবার এক হওয়া উচিত বলে আমি মনে করি,shakib,NEUTRAL
623685ce60684d12,football E cr7 cricket e. sakib😡 love you boss,shakib,FAVOR
8ce6c0904ff8521f,Shakib did the right thing. Umpires are awful where that is 1000% out.,shakib,FAVOR
40bbf48d738d4436,সাকিব ভাই যা করছেন খুব ভালো কাজ করছেন এই জায়গায় আম্পেয়ারদের পুরোপুরি দোষ আছে তারা ম্যাচ ফিক্সিং করে আইনের ব্যবস্থা নেওয়ার দরকার,shakib,FAVOR
969b24509df93dfc,sakib standard e khela ai premier league na.. tai aita drkr chilo ...,shakib,NEUTRAL
89845dd40c6ea17e,"This is Shakib Al Hasan, if you can afford take him or not. No matter what you or others think of him. Take him or leave him. I always take him because i can understand his emotion. There is always a strong emotion behind his wrong doings. Most of the time his emotion is correct.",shakib,NEUTRAL
ed247e891646925c,"We Pakistani don't like third umpire decision. It was not out, Shakib should have given not out. We are not like indians who got happy when umpires do bad umpiring in the favour of the indian team. We truly disliked this decision. We are with you Shakib!",shakib,AGAINST
aa024f1c8841c5c4,I don't think a bat hitting the ground can produce such a heavy spike on the snickometer. Only a woody sound could have produced such a spike. The third umpires should be aware of all basic sound patterns that a snicko senses. Horrible decision... Bad luck Shakib..,shakib,AGAINST
8d050aa01398866c,Its a ploy by ICC to ensure that stalwart teams go into semi final so that coffers are filled. Bad luck bangladesh. Sakib was not out . Third umpire should be accountable and should prove his decision.,shakib,NEUTRAL
922bbe485ce53964,bro it was SHAKIB AL HASAN why wouldn't it matter,shakib,NEUTRAL
2c31e073deabbfe1,"Shakib Al Hasan ka out hona matter nahi karta😂, ho Jati hai galti umpire se. Kohli wale no ball itna r*ndi rona kyu kiya fir ho jati hai galti. 2:34",shakib,NEUTRAL
073ff0000a160754,আমি চাই সাকিব আল হাসান বাংলাদেশে ফিরে আসুক বাংলাদেশের হয়ে খেলোক,shakib,NEUTRAL
f7107df03f8e07b5,সাকিব না থাকলে। আআন্দোলন চলবে দেশে দেশে। তাই সাকিব কে আবার চাই।,shakib,NEUTRAL
19aa3b3537eb7e40,Sakib joto jay koruk se bangladesher best player virat kohli jerokom beyadop kinru icc kichuy kore nah karon he is the best one cricketer,shakib,FAVOR
60d8e72a456cc606,Sakib er rag er jonno papon er dosh. Toma BNP ra paro,shakib,NEUTRAL
35bdb60f785224dd,সাকিবের উপর নিসেতাজ্ঞা করা। আর মুল ছারা গাছ বাচঁঁান একি কথা। 🎄 আমার মতে এখন ভাবা উচিত।,shakib,NEUTRAL
06c7f140805fb09a,"আজ শুধু দেখতে পেলাম শাকিবের বাজে আচরণগুলো, কিন্তু ভুলে গেলে চলবে না বাংলাদেশের ক্রিকেটে যে বড় অবদান শাকিবের তার কোনো খবর তো দেখতে পেলামই না। খুবই দুঃখজনক ব্যাপার, গত আইসিসি বিশ্বকাপে বাংলাদেশের হয়ে সাকিব যে পারফরম্যান্স দেখিয়েছেন তাতে সারাবিশ্ব মুগ্ধ। তার সাথে আপনার ও অনেক প্রশংসা করেছিলেন কিন্তু আজ কেন সাকিবের এত বড় শাস্তি । আসল সমস্যা আমাদেরই কারন আমরা দাঁত থাকতে দাঁতের মর্ম বুঝিনা। Because I love shakib Al Hasan he is the best in the world.",shakib,NEUTRAL
cdeb6831a027b50a,সাকিবের চাইতে কি পাপন বড়? আমরা পাপনের পদত্যাগ করে হলেও সাকিবকে চাই। এক পাপন গেলে হাজার পাপন আসবে বাট সাকিব একটাই,shakib,NEUTRAL
850b55b657639658,"যারা মুখ খারাপ করে কথা বলে,, এদেরকে কি সাকিব মাসে মাসে বেতন দেয়??? যে,, সাকিবের হয়ে মুখ খারাপ করে কথা বলতে?",shakib,AGAINST
e89feb20512dbe94,বিশ্বের এমন কোন ক্রিকেটার এর নাম বলুন যে যাকে নিয়ে বিতর্ক নেই? সে অপেক্ষা সাকিব্ এর খুব কম ই বিতর্ক। আজ সাকিব এর পাশে থাকার কথা আপনাদের। আর এসব ফালতু নিউজ করেন। পারলে পজিটিভ কিছু প্রচার করেন।,shakib,NEUTRAL
c0b739365b36ef77,"পাপনপেন্ডেন্ট টিভি কি বলল,এগুলো কানে নেয়ার সময় নাই। সাকিব হীন বাংলাদেশ যে কত ভালো করে তা অনেক আগেই দেখা হয়ে গেছে। এখন আপনাদের পাপন কে ক্রিকেট বাদ দিয়া টিভি তে নিয়ে নেন।",shakib,FAVOR
ae3ad92455c9d8ae,"এটা ঠিক সাকিব বিশ্বসেরা তবে অনিয়মের অভিযোগ শুরু থেকেই। সাকিবকে পুরো বিশ্ব আইডল মানে,সুতরাং সাকিবের উচিত নিয়মের মধ্যে থাকা",shakib,FAVOR
74a278d439396f65,শাকিব ভাবছিল দেরি করে আসলে মানুষ থাকবে না তখন তার উদ্দেশ্য হাসিল করবে😅😅,shakib,NEUTRAL
5c865897b7a09bef,"পাগল নাকি, শাকিব থেকে এরকম কাম্য না হলে কার থেকে কাম্য হবে?",shakib,NEUTRAL
cf4b5f9a68f49623,৯০ দশকের ছবি গুলো অনেক বেশি ভালো ছিলো। আর এখনকার ছবি বিশেষ করে লেডিস শাকিবের ছবি ভারতের কয়েকটা ছবির কাহিনী নকল করে বানানো হচ্ছে।,shakib,FAVOR
482381be1a985c0a,এইখানে আপনারা যারা শাকিবের বিপরীতে কথা বলতেছেন আসলে তারা কারা খারাপ মানুষ তাই তাদের এত সমস্যা জ্বলে কেন অর্থ ফ্রি মাইন্ডে ধরেছে লোকজনের ধাক্কাধাক্কি তাই পিছে থেকে সাপোর্ট দিচ্ছিল সে এটা দোষের কি কিছু খারাপ মানুষ আছে যারা তার বিপরীতে কথা বলতেছে,shakib,AGAINST
c2f22d7c1e78c6a0,"শাকিব যেটা করেছে এটা সিনামা প্রমশন এর অশং...তারা দুজনই তার নায়িকা,এটা নায়িকাদের সাথে পজেটিব ক্যামিস্ট্রির একটা মোলিক অশং,যা বলিউডে অহরহ দেখি প্রেসমিট এ।যারা এটা নিয়ে কথা বলছে সব রামপাঠা।মিডিয়ার সামনে কেউ যৌন ফিল নেওয়ার জন্য,এটা করবে না।শাকিব উন্নত ইন্ডাস্ট্রি ফলো করছ,আমি এটাকে ১০০% ঠিক মনে করি👈",shakib,NEUTRAL
96d555f266418439,বাংগালি জি কি নিয়ে সমালোচনা করে নিজেরাও জানেনা শাকিব তার নাইকাদের প্রসংশা করে প্রটেক্ট করার জন্য এভাবে হয়তো তাদের ধরছে আর মফিজরা এটা নিয়েই ভাইরাল করার চেস্টা করতেছে,shakib,AGAINST
5e81c4b456050bb4,Luiccha shakib ke dekha matroi uttom moddhom.,shakib,NEUTRAL
f0884cdc5155fcb5,সব সময় যে ভালো হবে তা তো হয় না মানুষ মাত্রই ভুল হতে পারে এটা স্বাভাবিক তারপরও সাকিব আমাদের দেশের গর্ব,shakib,FAVOR
4b0347e697ea1949,অপুর সাথে বিশ্বাসঘাতকতা বুবলির সাথে লুচ্চামি আর এইসব নায়িকাদের সাথে অশালীন আচরণ সবকিছু মিলিয়ে মনে হয় শাকিবের পতন হতে যাচ্ছে।যার চরিত্র এক নাম্বার সেই নাম্বার ওয়ান।যার চরিত্র ভালো না সে জিরো।,shakib,FAVOR
6e8b1a9f5677ca86,আপনাদের কারণে শাকিব বাংলাদেশের ছবি করা বন্ধ করে দিলে বুঝবেন,shakib,NEUTRAL
2df4b0e0fa7938ef,আবার নাকি সালমান শাহ সাথে সাকিবের তুলনা করে,shakib,NEUTRAL
a8566012572d792a,ব্যক্তি শাকিব অনেক চরিত্রহীন এটা বলতেই হয়,shakib,NEUTRAL
dfc3fdcb572fa5d9,আমার তো মনে হয় না সাকিব শুধু একাই দোষি যে দুজন আছে কাজের জন্য নিজের দেহকে বিলিয়ে দিতে পারে,shakib,AGAINST
d6322f1f5609bb0f,🔥💥ভাইরে ভাই আমি ১০০% সিউর হয়ে বলতে পারি সাকিব দুইজনকেই খেলে দিয়েছে 😂,shakib,NEUTRAL
036f1903949f588a,সাকিব ভারত নির্ভর ছবি করে। ভারত ছাড়া শুধু সুন্দর গল্প আর অভিনয় দক্ষতায় ও নিজেকে ফুটিয়ে তুলুক,shakib,NEUTRAL
f268b632dc193006,"সাকিব কে নিয়ে জত ষড়যন্ত্র করেন কেনো কোনো লাব নাই,, সাকিব সাকিবই আমরা সবাই আছি তার সাথে",shakib,NEUTRAL
09d565f3789e4bd3,নেটিজেনদের এই সন্দেহ কি আসলেই সত্যি? শাকিব-অপু কি আবার এক ছাদের নিচে? আপনার মতামত ঝটপট কমেন্টে জানান! 👇,shakib,NEUTRAL
5963ffce824fbfb5,শাকিব ভাই কে কী বলে তোমার দেখার দরকার নেই।আমরা আছিত।,shakib,NEUTRAL
041738ce7752c25e,শাকিবের সাথে যে লাগতে যাবে সে শেষ হয়ে যাবে এবং গেছে। প্রমান আছে,shakib,NEUTRAL
67f89b155eae02af,সাকিব অপু বাংলাদেশের সেরা জুটি এই জুটিকে আবারও দেখতে চাই চাই চাই চাই ❤❤❤❤❤❤❤❤❤❤❤❤,shakib,FAVOR
0b43b0213fc2259a,"Always love to you, Sakib Al Hasan. Love you very much ❤❤❤",shakib,FAVOR
73eb1c2cbd044eee,সাকিব ভবিষ্যতের প্রধানমন্ত্রী ইনশাআল্লাহ!! সাকিবের মত প্রতিবাদী লোক অনেক দরকার।,shakib,AGAINST
0b640fab339aee74,বিএনপির অবস্থা দেখে সাকিবেরও আশা জাগিয়ে উঠেছে!,shakib,NEUTRAL
e4efcfcf3a6cd4be,"I think this is one of the best decisions of his life, one of the most important decisions, that's why Shakib Al Hasan is the best all-rounder in the world.",shakib,FAVOR
64c8a6028edbcc26,"Shakib jokhon rajnitite assilo, ami take oposnod korte suru kori. Kintu after 5th August I love him, because of his honesty.",shakib,FAVOR
5aa1d93e5a4dea38,সাকিব সবসময় সোজাসাপটা উত্তর দে। এইটা ভালো দিক।,shakib,FAVOR
e42f3c3cd5ae8c50,সাকিব কে দেখে জামাত-জুলাই'রা এখন কি করবে?? ওরা না পারবে দেখতে না পারবে কিছু বলতে,shakib,NEUTRAL
0797347c1657c4b0,ধন্যবাদ সাকিব কে দল জে পরিবর্তন করে তারা হলো আলু। জয় বাংলা,shakib,AGAINST
81ed3326aa9b1659,"Samne jatir Jonno Bhalo kichu obossoy ace.bongobondhu 75, sakib mistar 75.darun mejik,jati sakkhi thakbe.",shakib,FAVOR
19f57ed703b8183f,🤔 তাহলে নিশ্চয়ই আ.লীগের বিশেষ কিছু পরিকল্পনা আছে। তা না হলে সাকিব এসব কথা বলতোনা🤔🤔।।,shakib,NEUTRAL
5321342f8ac287f5,সত্যিকারের দেশ প্রেমিক কখনোই নীতিকে বিক্রি করে দেয় না আমার দেখা সাকিব আল হাসান একজন সত্যিকারের দেশ প্রেমিক আগামী দিনের আওয়ামী লীগের কর্ণধার ইনশাআল্লাহ এইরকম দেশপ্রেমিক বঙ্গবন্ধুর আদর্শকে ধারণ করে,shakib,NEUTRAL
0a4938ccb9aaaaba,যারা বলে-- খেলার মধ্যে রাজনীতি কেন ? তারা দেখুক-- সাকিব খেলাকে পাত্তাই দেয় না,shakib,NEUTRAL
61d9ef6f3e8321e1,❤❤❤❤ হেডম আছে…….. পুরুষ এমনই হওয়া উচিত……..👍💪💪💪💪💪💪 🦾🦾🦾🦾💪💪💪💪 সব পুরুষেরই উচিত এমন বুকের পাঠা নিয়ে পথ চলা…..❤❤। love you sakib al hasan,shakib,FAVOR
cda7549153f7a76f,"অসাধারন নাচ,,, অপুু শাকিব love u বাংলার জয় হক",shakib,FAVOR
64ed04a95572ebdb,শাকিব অপুকে আবার এক জুটিতে দেখতে চাই,shakib,NEUTRAL
b012c7a3ed350304,জে জাই বলুক অপু সাকিব এর জুটি সবার থেকে ভালো লাগে,shakib,FAVOR
d5a567dcdced17d9,শাকিব আর ভুল করোনা এখনো সময় আছে তুমি অপুকে মেনে নাও,shakib,AGAINST
413ebecc59fb8ab9,"আপু খুব খুব ভালো আর শাকিবের সাথে আপুকে মানায় বুবলিকে নয় , আমরা আপুর আর ছবি দেখেব",shakib,FAVOR
fe172f73fc4b5d55,sakib opu jodi superb. ...rajnity moveis superb posak ar dek deya and gan ar dek deya no 1.....family neyaa dhakta parbaa sobay. ...,shakib,NEUTRAL
7424a112905c1e54,"""শিকারী"" এর পর থেকে একদমই নতুন শাকিবকে দ্যাখা যাচ্ছে। তাই আগে যতই মজা নিয়ে থাকি, এখন মানতেই হচ্ছে "" Shakib is the best"". Hats off to you man. (Y)",shakib,FAVOR
5faea601807096c6,সাকিব অপু বলে কথা।পুরো ফাটিয়ে দিলো টিজারটাই,shakib,NEUTRAL
79b7d2a3a969ad70,sakib is number 1& most popular...go Ahead sakib...!!!,shakib,NEUTRAL
646e7dbacaae6a4f,Very nice muvi.my love apu and shakib,shakib,FAVOR
d623392568e922b5,o super.very nice.I like apu and sakib.,shakib,NEUTRAL
9970b5cf96de569f,Shikarir por amra vinno vnno shakib dekhte passi thet is verry gud,shakib,NEUTRAL
6d140d20d41aeefc,Shakib O Opu good couple.... go ahead...,shakib,NEUTRAL
8debfc9e7c2cb7fb,video ar thumble ta change koren..shakib ar pic den.. viewers barbe...,shakib,NEUTRAL
20824d7ead96b0c4,সাকিব আপুর জুটি দেখলে ভালো লাগে নাইছ,shakib,FAVOR
67bf0cba7933385c,"yes, me also always like sakib opu.",shakib,NEUTRAL
4ee5a3bd0f6ea412,অপু আপুকে দারুন লাগছে! শাকিব+অপু সেরা জুটি!,shakib,FAVOR
2d6726ebc2725185,সাকিব আল হাসানকে সর্বোচ্চ সম্মাননা দেয়া হোক সে দেশের জন্য যা দিয়েছে তা কোনদিন আমরা ভুলবো না সাকিব আল হাসান কে বাংলাদেশের মাটিতে দেখতে চাই,shakib,AGAINST
e9006bbf703986ce,সুন্দর কথা বলছে।।। সাকিব নিজে থেকে দেশ বাসীর কাছে একটা বার্তা দিলেই হবে❤❤।।।।তাহলে সব কিছু পরিষ্কার হয়ে যাবে।।। আমরা চাই সাকিব যেন বাংলাদেশে আসে,shakib,NEUTRAL
b89ece6f78b279f9,সাকিব ভাই দয়া করে অন্য দেশের হয়ে ক্রিকেট চালিয়ে যান,shakib,NEUTRAL
9ea8b75f5cc5bc5c,"একজন খেলোয়াড় হিসেবে নিরাপত্তা দিবে এটা তো ঠিক কথাই বলছে, যদি রাজনীতি সময় খারাপ কাজ করে থাকে তাহলে সাকিবের ব্যর্থতা, যদি সে কোন অপরাধ না করে থাকে তাহলে আবার দেশে আসতে ভয় কিসের,,😮😮😮😮😮",shakib,AGAINST
a97d14c645ac72c6,Alhamdulillah pura playlist ta dekhlam . Debate niye shob dhoroner prosner uttor peye gelaam . A lots of thanks to Sakib vaiya & 10 Minutes School .,shakib,NEUTRAL
26c052efa5c0fd57,সাকিব কে দলে ফেরানো উচিত দেশের ক্রিকেটের স্বার্থে।,shakib,NEUTRAL
8d5f0f7e15effac9,সাকিবের সাথে রাজনৈতির কিসের সম্পর্ক সাকিবকে দেখতে চাই,shakib,NEUTRAL
8f0f6bfc0679f723,"চাইলেই আবেগ দিয়ে সব কিছু হয়না,সাকিব ভাই বাংলাদেশর ক্রিকেটে আবার আসেন আমরা ক্রিকেট ভক্তরা চাই,কিন্তু কতটুকু আসার সুযোগ আছে সেটা একমাত্র বিসিবি বলতে পারবে।",shakib,NEUTRAL
913f664e563479a6,We want Shakib again.. Cricket and politics should be separated.,shakib,NEUTRAL
b70291aa16489e59,"সাকিবকে ভাই বলে সম্বোধন করায়, বিষয়টা আমার কাছে খুব ভালো লাগছে। 🥰",shakib,FAVOR
a3614db529ee96a2,"বাংলাদেশের যেকোনো আসনে, যদি সাকিব আর এই আসিফ প্রতিদ্বন্দ্বিতা করে। কেউ কি বাজি ধরতে পারে যে আসিফ জিততে পারবে? আমি নিশ্চিত নই যে আসিফ তার জামানত ফিরে পেতে পারবে।",shakib,NEUTRAL
7fcbec8ea292df20,তার পরেও বলেনি সাকিব খেলতে পারবে! আসিফ বলেছে! দৃষ্টান্ত হয়ে থাকবে ! ক্রিকেটে সাকিবের যে অবদান বাংলাদেশের আর কারো নেই,shakib,NEUTRAL
341a89b6255f92bd,2026 বিশ্বকাপে অবশ্যই সাকিব ভাইকে টিমে দেখতে চাই,shakib,NEUTRAL
26403a18cc7dedf6,আমাদের সাকিব কে আবার মাঠে দেখতে চাই ❤,shakib,NEUTRAL
ca716401cb7debe2,দলমত নির্বিশেষে সাকিব আল হাসানকে বাংলাদেশের জন্য এবং বাংলাদেশের ক্রিকেটের জন্য কে দেখতে চান??,shakib,NEUTRAL
3b29101e1b103600,আমরা তো চাচ্ছি আপনি সাকিব আল হাসানের পরিবর্তে দলে যোগ দেন। সাকিবের অভাবটা পূরণ করেন। কেন আপনি তো আর রাজনীতি করেন না দলে যোগ দিতেই পারেন 😂😂,shakib,NEUTRAL
7a4f072d13f91272,সাকিব বাংলাদেশের নক্ষত্র। জাতীয় দলে তারাতাড়ি দেখতে চাই। সাকিব ছাড়া বাংলাদেশ ৫০ বছরেও কোন সেমিফাইনালে যেতে পারবে না।,shakib,NEUTRAL
c20d3141f82713a5,সাকিব ভালো প্লেয়ার এটা আমি কিয়ামত পযন্ত বিশ্বাস করব না,shakib,FAVOR
a45f3c044f8fa76f,আমার একটা প্রশ্ন আবেগ দিয়ে নয় বিবেক দিয়ে উত্তর দিবেন সাকিব ক্রিকেট খেলে দেশের জন্য কি করেছে একটা প্রমান দেখান বাংলাদেশ ক্রিকেট টিমতো কোনো ফরম্যাটে ১ থেকে ৫ নাম্বারেও নিয়ে যেতে পারে নাই শুধু তার ক্যারিয়ার নিয়ে সে ব্যাস্ত ছিলো।,shakib,NEUTRAL
742954d9d997c08a,দেশের পরিস্থিতি সে অনুযায়ী শাকিব দেওয়া উচিত দেশের কথা চিন্তা করে ভুল তো মানুষই করে ভুল থেকে শিক্ষা নিয়ে সমাধান করা উচিত ❤❤❤🇧🇩🇧🇩🇧🇩🇧🇩,shakib,AGAINST
d0856430d902a889,কারেন্ট শাকিব ভাই একদম ঠিক কথা বলেছে,shakib,NEUTRAL
22c8afd0331d7210,সাকিব ভালো হয় তারেক রহমানের সাথে পাংগা নিয়ে নায়,shakib,FAVOR
d8fd0859fbc1881e,"সাকিব ভাই আমি মাগুরার শত্রুজিতপুর ইউনিয়ন ধর্মদাহ গ্রামের ছেলে, ভাই আপনার কাছে আমার একান্ত অনুরোধ ভাই আমার এলাকায় কিছু লোক ক্ষমতার প্রভাব দেখিয়ে ইচ্ছা মতো অমানবিক আচরন করছে আপনার কাছে আমার একান্ত অনুরোধ ভাইয়া আমাদেরকে জুলুমদের হাত থেকে রক্ষা করুন প্লিজ ভাইয়া আপনার একটা কথা আমাদের অনেক সহজ করে দিবে তাদের ক্ষমতার সঠিক ব্যাবহার করতে বলুন প্লিজ ভাইয়া আমরা বসবাস করতে চাই আমাদের মাতৃভূমিতে এসব জুলুমের দল আমার বাবা এবং আমাদের উপর অমানবিক অত্যাচার করছে। সাকিব ভাইয়া আশা করি যদি যেকোনো ভাবে আমার এই মন্তব্য টি দেখেন যথাযথ ব্যাবস্থা নিবেন। 😢😢",shakib,NEUTRAL
a0776f7fa1898d36,Sakib Al Hasan is proud of Bangladesh,shakib,FAVOR
1c3fd1f68c70e6fa,Any foreigners here?plz hit like there if you like shakib...,shakib,NEUTRAL
65328584ea32a1fd,What a Cricket king shakib all hasan what a cricket game love u boss 75❤❤❤,shakib,FAVOR
1e13ff3e16d5dbb5,"যখন চেয়ার নিয়ে আইকনরা ঠানাটানি করে তখন মুখ দিয়ে অগনিত ভাষা বাহির হবেই, মুখের মধ্যে টাকার চাপ দেখতে পাচ্ছি, মনে হয় সাকিব কথা বলার পর রাত্রে ,ঘুম হচ্ছে না, মনে হয় টাকার খনি চলে যাচ্ছে, দেশের সব ক্রিকেটারদের সাকিবের কথার সাথে একমত পোষণ করা উচিত।",shakib,NEUTRAL
42d357cd984d3edd,সাকিবের নিয়ে কোন কথা বললে আর ছাড় দেওয়া হবে না অনেক ছাড় দিয়েছে মানুষ বাংলাদেশের ক্রিকেটকে ধ্বংস করে দিয়েছে আবার বড় বড় কথা বলে,shakib,NEUTRAL
9a0572ca897778bc,Shakib is facing either Cricketer or politician Shakib,shakib,NEUTRAL
da9444b03bfd2d4d,"বেটা তুই নিজেই জানিস সাকিব একজন স্বৈরাচার হাসিনার দোসর ,সেখানে তুই কি করে সাকিবের জন্মদিন পালন করিস ?",shakib,NEUTRAL
af388c4dd1968af9,"খুব ভালো বিশ্লেষণ। শামীম ভাই, রকিবুল ভাই এরা অন্যায়ের সাথে আপোষ করে না। তারা আবেগ দিয়ে বিচার করে না। এরকম বিশেষজ্ঞ ক্রিকেটের জন্যই মঙ্গল। এই দিকটায় ভালো লাগে। বিশ্বকাপের পর সাকিবকে ব্যান করে দেওয়া উচিত।",shakib,FAVOR
3f894f4e132e77ac,"ভাই আমার মনে হয় সাকিবের সালামির টাকার এক ভাগ বিসিবির সভাপতি একাউন্টে যায়,,,,তাই তারা সব সময় সাকিব কান্ডে নিরব ভূমিকা পালন করে,,,,,?",shakib,NEUTRAL
441730e0cce06a23,Sakib e perfect..... Board ka manus karta ai sakib r o darkar.....,shakib,NEUTRAL
572a51000b2a9211,বাইরে খেলতে গেলে সাকিবদের এইরকম পরিস্থিতি মোকাবেলা করতে হয় কারণ তো বাংলাদেশে কোন পেজ বান্ধব উইকেট নেই যেহেতু বিশ্বকাপ বাংলাদেশের মিরপুর নয় স্টেডিয়াম গুলা,shakib,NEUTRAL
47cf6a0d6df09bac,আমি দেশ বাসি কে বলবো সাকিব আল্লাহ না করো সাকিব না থাকলে খেলা কি চলবে না আর সাকিব চাই না ও টাকা জন্য যেই কোন খাবার কাজ করতে পারে,shakib,NEUTRAL
1a57ac643cb9dc64,সাকিব যা করেছে বেশিরভাগই তার নিজের জন্য করেছে। দেশের জন্য কি এনে দিয়েছে সে?,shakib,NEUTRAL
4e812f16d05a6731,আমার মতে সাকিব কে আগে বাদ দেওয়া উচিত তাহলে টিম ঠিক হয়ে যাবে কারণ সাকিব টাকার জন্ন্যে খেলে ও দেশের জন্ন্যে খেলে না খুব কসটো পাই সাকিব কে বাদ দেওয়া উচিত,shakib,AGAINST
e6a7b434647ef9d2,পৃথিবীর সব চাইতে লোভী প্লেয়ার সাকিব । দুই টাকার লাভ ও সামলাইতে পারে না । ওর কতো টাকা দরকার আর????,shakib,NEUTRAL
d4bc2828e8a474f6,"তানজীম সাকিব এর ঐ পোষ্টের কথাগুলো আমি 100'/, সমর্থন করি।।",shakib,FAVOR
058c41e414d0efd7,"কালবেলার চুলকানি উঠছে মনে হয় সাকিবের পোস্ট নিয়ে,,,",shakib,NEUTRAL
93d15b06f842ef52,তানজিম সাকিব সত্য কথা বলেছে এবং ইসলামিক অনুশাসন মেনেই বলেছে। আমাদের উচিত উনার পাশে থাকা।।। ❤❤❤,shakib,NEUTRAL
1d5af59ea3fed1a3,For right shakib if bcb justic no problem and who have problem just wealcome both of theam fir justic,shakib,FAVOR
9a321727aa05deab,একটা টিভি চ্যানেলের টকশো দেখলাম টকশোর প্রসঙ্গে কথা না বলে তানজিম সাকিবের বিষয় নিয়ে কথা বলতেছে সাংবাদিকদের মনে হয় চুলকানি বেড়ে গেছে,shakib,AGAINST
7c37e90ffcad1f43,"ইউনুস আগেই বলে দিয়েছে, তার(সাকিবের) ভুল হয়েছে। এখন আর কি খতিয়ে দেখবে সে???",shakib,AGAINST
4555d62c0469c8f5,"এটা নিয়ে মিডিয়া বেশি বারাবাড়ি করছে সেতো অন্যায় কিছু বলেনি যার কাছে খারাপ লাগবে সে এড়িয়ে চলুক,শুধু শুধু কারো ক্যারিয়ার ধংস্য করে কি লাভ হবে বরং দেশের খতি হবে দেশ একটা নখএো হারাবে,আমি সাকিবের পাশে আছি আপনি আছেন তো?",shakib,AGAINST
fa971ac422f727ae,"সাকিবকে দ্রুত সঠিক শিক্ষা দেয়ার ব্যবস্থা করা হোক,না হলে সে নারীদের নিয়ে বাজে মন্তব্য বা ধারণা থেকে বের হতে পারবে না..",shakib,AGAINST
37daf5bf59cb7c0f,তানজিম সাকিবকে বের করে দিয়ে নিঝুম মজুমদার কে দলে ঢুকানো হোক।,shakib,NEUTRAL
4c25f244d9e2a303,তানজিম সাকিব সুন্দর কথা বলেছে। আল্লাহ তাকে আপনি ইসলামিক জ্ঞান পরিপূর্ণ করুন। আমিন।,shakib,NEUTRAL
6921adb11a9727dd,ঠিক বলেছেন তানজিম সাকিব এটা কি করে বিতর্কিত পোস্ট হয় আমি বুঝিনা । উনি তো কাউকে বাধ্য করে নাই এটা আবার বিতর্কিত পোস্ট হয় কি করে,shakib,FAVOR
95237745c61c8c91,২০২২ সালে নাস্তিকদের চোখে পড়ে নাই! আসলে তানজিম সাকিব বরাবরই সফল বলার যা আমরা যুব বিশ্বকাপ ও এশিয়া কাপে দেখেছি। তাই মনে হয় তার বিরুদ্ধে এতো সমালোচনা করছে।,shakib,AGAINST
fcee6ab8e5fe855a,সাকিব আল হাসান কে অধিনায়ক হিসেবে দেখতে চাই,shakib,FAVOR
8e9b680811d461e6,Sakib is the best captain Bangladesh cricket Team,shakib,NEUTRAL
58b31c1120f4b707,সাকিব কে ক্যাপ্টেন করা উচিত... বিসিবির মাথা ব্যথা হল সাকিব আল হাসান,shakib,NEUTRAL
8abc35fe509d374b,হারলে বাংলাদেশ আর জিতলেও বাংলাদেশ তেমনই সাকিব ভাই যাই করে না কেন আমরা তার অন্ধ বক্ত💝,shakib,NEUTRAL
8727b4fcd1c3602a,Sobar prio.kota ta bhul onk e ace sakib k akdom sojjo kore na jmn ami.,shakib,NEUTRAL
9b97b9a220d309ae,সাকিবকেই এশিয়া কাপে অধিনায়ক হিসেবে দেখতে চাই!,shakib,FAVOR
3083ab25c373c1d2,"শাকিব খেলোয়াড় হিসেবে যতই ভালো হোক না কেন, মানুষ হিসেবে সে খুবই বিবেকহীন!",shakib,FAVOR
6c49243c3325a8f6,সাকিব খবর দেখেনা খবর পড়েনা খবর তৈরি করে,shakib,NEUTRAL
5b7c4cccbb7422c6,টুয়েন্টিতে মেহেদী হাসান মিরাজকে ক্যাপ্টেনি দোয়া হোক আর সাকিবকে ক্যাপ্টেন হিসেবে না দেওয়া হোক কারণ ওর মতে ওসব করে,shakib,NEUTRAL
1c42ac28960a3e61,"Sakib er popularity onek kom e geca, r pilot temun game buja na, game planing buja na.",shakib,NEUTRAL
0c2b49fccf4ae09b,"আমরা বাংলাদেশীরা খুবই বোকা। শাকিব জেনেশুনেই এই কাজটা করেছে, আমার মনে হচ্ছে কোম্পানির সাথে চুক্তি তাই এরকম হয়েছে, আর কোম্পানির মার্কেটিং টা সেই লেভেলের করেছে শাকিব আল হাসান।",shakib,NEUTRAL
e6d2f88adf2559fb,সাকিব আল হাসান ভাই কে জাতীয় দলে চাই,shakib,NEUTRAL
f7bccb81c8415668,"সাকিব ঠিক কাজটাই করেছে কারণ সে তো বেতনের চুক্তিতে নেই, এর জন্য এটা ব্যাক্তিগত ব্যাপার। ❤",shakib,NEUTRAL
1e59be3453a0b5c1,সাকিব একদম ঠিক কাজ করেছে কারণ বাংলাদেশের কতিপয় কিছু লোক সাকিবকে দেশের হয়ে খেলতে দেবে না এবং তার এবং তার বেতন গুলো বিসিবি দেয় না এবং তার ব্যাংক একাউন্ট পর্যন্ত বন্ধ করে রেখেছে সো শাকিব খাইবে টা কি অ্যাড দেওয়া তো কোন খারাপ কাজ না ও বলছে ভুলে যে তোমাদের ওই ব্যাটিং লাইনে যাইয়ে জুয়া খেলা লাগবে এটা তো কোন কথা না ওটা একটা বিজ্ঞাপন মাত্র সো আমি সাকিবকে 100% সমর্থন করি,shakib,AGAINST
65ebd3b811adafc8,"শাকিব ঠিক কাজ করেছে শাকিবেরদরকার নেই এই টিমে খেলার,",shakib,NEUTRAL
135bdef4744b1184,সাকিব ভাই অন্তত এই কাজটা করা ঠিক করে নেই একদম। সকলে দোয়া করবেন ইনশাল্লাহ ভালো কিছু হবে আমি যেন সামনের ম্যাচগুলোতে অনেক ভালো ক্রিকেট খেলতে পারি ইনশাআল্লাহ। আশাকরি ভালো কিছু হবে ইনশাল্লাহ ❤❤❤🤲🤲🤲,shakib,FAVOR
aa6be064ffef2d86,"সাকিব আল হাসান দেশ নিয়ে আগে ভাবত, এখন আর ভাবে না। দেশের জন্য ভেবে কি হবে, দেশ তাকে কি দিলো? হয়তো রাগ বা অভিমান থেকেই ............",shakib,NEUTRAL
88c5091ef74340be,Ami ekjon Shakib fan hisabe bolb he is wrong,shakib,NEUTRAL
c3bdc0d5947d4e11,সাকিবের ব্যক্তিত্ব কখনোই ভালো ছিল না আর ভালো হবে না,shakib,FAVOR
61485d8627206819,আমি এতো দিন সাকিব ভক্ত ছিলাম কিন্তু সে এটা মটেও ভালো করেনি এটি সম্পূর্ন হারাম উপার্জ্ন এবং সমর্থনের অযোগ্য,shakib,FAVOR
ff17d442276c2364,"জোয়ার অ্যাড দিলেই দোষ, বাংলাদেশের প্রায় 90% মানুষের জোয়ার সাথে জড়িত, আমি জোয়ারের কিছু টাকা পাই তা আপনাদের সমস্যা কি, আমরা খেললে খেলবেন না খেললে নাই আমার বেনিফিট তো আমি ঠিকই পাচ্ছে, সাকিব ও তেমনি, টাকা জন্য সবাই সবকিছু করে,",shakib,AGAINST
4b9834b6fa13daf5,সিগারেট প্যাকেটের গায়ে একা ধূমপান মৃত্যু ঘটায় তাই বলে কি সিগারেট খাওয়া মানুষের ছেড়ে দিয়েছে না ছেড়ে দেয় নাই । সাকিব যখন জোয়ার বিজ্ঞাপন করেছে তাই তাই বলে কি আপনারা জোয়ারের যুক্ত হবেন?,shakib,NEUTRAL
30e93fe27937d8d3,"সাকিব কোনো একজন নয়, সাকিব হচ্ছে ব্রেন্ড,বাংলাদেশের প্রান, সাকিব আল হাসান ! ---",shakib,NEUTRAL
36da18e24605dc7a,Jibone o sofol hobe na. Amra test a j dol sakib ken dhoni keo anleo sofol hobo na 99% sure,shakib,NEUTRAL
187f783f8f004a13,"সাকিব কি নতুন অধিনায়ক হচ্ছে না কি। যে লাউ সে কদু, কয়দিনপর সাকিব ও খারাপ হয়ে যাবে। নতুন নতুন দুইদিন।",shakib,NEUTRAL
1cb8960a41bf9eb2,সাকিব যদি খুব ভালো ক্যাপ্টেন হয় তাহলে এর আগে দুই বার ক্যাপ্টেন থেকে বাদ গেল কেন,shakib,FAVOR
1d92c891ab0212db,সাকিব যদি খুব ভালো ক্যাপ্টেন হয় তাহলে এর আগে দুই বার ক্যাপ্টেন থেকে বাদ গেল কেন???,shakib,FAVOR
9c1459e8b7e005a9,পারফরম্যান্সের জন্য সাকিব কোন দিনই বাদ যায় নাই.! অতীত গিয়ে দেখে আয়.🖕,shakib,AGAINST
68eb05bc6b85e396,আইনের কোন শাসন নেই এই দেশে তাই সকল মানুষ যা ইচ্ছা তাই করছে। সাকিব কেন প্রায় ৯০% মানুষ দুর্নীতিবাজ এই দেশে।,shakib,AGAINST
91efae2516ba32b0,Sakib nijar muk dia bolsa ami world cup nita ashini opovog & enjoy korte ashisa..,shakib,NEUTRAL
b3c5a479e39050a0,"বিতর্ক থাকতেই পারে, সাকিব আল হাসান বাংলাদেশ ক্রিকেটের উজ্জ্বল নক্ষত্র, জীবন্ত কিংবদন্তি, শাকিবের অর্জন বাদ দিলে বাংলাদেশ ক্রিকেট শূন্য, আমাদের উচিত সাকিবকে মিরপুর থেকে সচিন তেন্ডুলকারের মতো মহা বিদায় দেয়া",shakib,AGAINST
5be57adc520981ea,"ব্যাক্তি সাকিবের অনেক বিতর্ক থাকলেও, খেলোয়াড় সাকিবের সমর্থক সবাই, তা-ই আমরা আবেগাপ্লুত! 😢😢",shakib,NEUTRAL
e1353aa33ffed8e6,সাকিব একজন কিংবদন্তি। তবে সাকিব যদি রাজনীতি না করে বাংলাদেশের খেলোয়াড় হিসাবে খেলত সে ডাবল কিংবদন্তি উপাধি পেত। তখন দেশের ১০০ ভাগ মানুষ সাকিবকে সমর্থন দিতো।,shakib,FAVOR
89d9cd1b3462089f,Shakib from a fircilo o khelle dekiye dito je chok prb niye fita muke niyew je better batting kra jay tar prove dekto world,shakib,NEUTRAL
38d3e7ad3f25c02e,"সাকিবের ক্ষেত্রে এই কাজটা খুবই স্বাভাবিক। কারণ, বিভিন্ন কাহিনী দেখতে দেখতে ওর ব্যাপারে অভ্যস্ত হয়ে গেছি আমরা...",shakib,NEUTRAL
3a62dc37d92a0e70,"Business and money is the last word. Villains always have some way to get out from troubles. Mr. Sakib may have some advisors who knows how to tackle such crime by using the only word""wrongly happened or wrongly done"".",shakib,NEUTRAL
7d5a3578a637c20a,"সাকিবের বাপকে বিসিবির সভাপতি করা হউক,উনার কথার সাথে পাপনের কথার সাদৃশ্য আছে",shakib,NEUTRAL
489d349ea44ac7c8,"ও আন্তর্জাতিক মানের জুয়া অ্যাম্বাসেডর সাকিব অনেক ভালো একজন খেলোয়ার যেটা আমাদের গর্ব, কিন্তু এখন আর দেশ প্রেম নাই ওর জুয়াড়ি হয়ে গেছে জুয়াড়িদের সাথে",shakib,FAVOR
6ac0227c34ae3b95,"হায় আল্লাহ! সাকিব তার বাবার ভালো নাম জানে না, তাহলে সাকিবের পাসপোর্ট, এন আই ডি, একাডেমিক সনদে বাপের নামের জায়গায় কি লেখা? কার নাম লেখা???",shakib,FAVOR
d9bba4b9b308a3c0,"সাকিব ভাই প্লেয়ার হিসেবে সেরা হলেউ আমার কাছে মনে হয় মানুষ হিসেব ততটা ভালো কি না সন্দিহান আছে কারণ তাকে আমি কোন দিন তার বাবার সাথে দেখি নাই অন্যদিকে মুশি ভাই এর বাবারে কে না চিনে আর সাকিব ভাই যাইহোক সেটা তাদের ব্যক্তিগত ব্যাপার, তবে এই ব্যাপারর সাকিব এর একজন fan হয়ে একদম হতাশ",shakib,FAVOR
e00315c3c38cba80,"সাকিবের হাগার রঙ কি,,,? ঐটা নিয়া একটা নিউজ করেন",shakib,NEUTRAL
bada62cf0c279e88,সাকিব আল হাসান আওয়ামী লীগের মনোনয়ন পাওয়ার জন্য সব রকমের যোগ্যতা অলরেডি অর্জন করে ফেলেছে তাই আগামী নির্বাচনে এমপি হিসেবে অটো নির্বাচিত হওয়ার জন্য সাকিব আল হাসানকে আগাম শুভেচ্ছা জানাচ্ছি,shakib,NEUTRAL
f45e6bf033c7c120,"সবই টাকার খেলা,টাকার জন্য মানুষ কত কিছু করে, আর এখানে বাবার নাম পরিবর্তন, অন্তত সাকিবের দ্বারা অসম্ভব কিছু না😆",shakib,NEUTRAL
0696a9afb48fbd1a,সাকিবের নামে আরো ঘটনা সামনে আসতে চলেছে। টার্গেট আগত t20 বিশ্বকাপ এবং ২০২৩ বিশ্বকাপ...,shakib,NEUTRAL
ee41291b8d79d2ae,Shakib Al Hasan Correct father name submit korece but RJSC mistake koreyse. Tin number deya ase.,shakib,NEUTRAL
800af00a88b52960,"জনাব, অর্থলোভী সাকিব 'যদি'র কারণে নিজের বাপের নাম বলাবেন (ইচ্ছা করে ভুল করে এখন বদলিয়ে সঠিক নাম বসাবেন) কিন্তু তিনি যপ কারসাজি করে শেয়ার বাজার থেকে ৪৬ কোটি টাকা লুটপাট করেছেন সেটা কি বদলাবেন (ফেরত দিবেন)?",shakib,AGAINST
6a62ecf98121998f,সাকিব অতিরিক্ত লোভ করছে..... ওকে এসব থেকে দূরে থাকাই ভাল,shakib,FAVOR
df6980e838e256d9,সাকিব ক্রিকেট না হয়ে অন্য খেলার প্লেয়ার হত এতদিনে কয়বার যে জেলে যেতে হত তার হিসাব নেই।,shakib,NEUTRAL
384f8a7adca7ce13,faltu news korar eto time koi pan apnara... ekta kaj koren sakib al hasan koto somoy dhore hisu kore oitar upor ekta news koren,shakib,AGAINST
dfb160ed561ef4b5,সাকিবের আসল বাবা কে? এটা নিয়ে তদন্ত করা উচিত,shakib,NEUTRAL
62a9c2bb6410eeed,খোঁজ নিয়ে দেখেন সাকিব আল হাসান এমন অনেক অনিয়ম করে বসে আছে আর ধরা পড়লে বলবে ভুল হয়েছে,shakib,AGAINST
c3174b267cd743fe,"সাকিব টাকা ইনকাম করে দেশ থেকে মাকিন যুক্তরাষ্ট্র যাবে, সাকিব কখনই একজন দেশপ্রেমিক না, এটা ১০০ শিয়র, টাকার জন্য সাকিব সব করতে পারে,",shakib,NEUTRAL
eebcbf96f6bfa78d,বাবার নাম ছেলে জানে না? সাকিব কি জীবনে ইস্কুলে যায় নি। সাকিবের ন্যাশনাল আইডি কার্ড নেই? পাসপোর্ট নেই?,shakib,NEUTRAL
9f05948f9bc9e508,আমার বাড়ি শাকিবের বাড়ির কাছে।আমি জানি সাকিব কেমন।ওর বাবা আরো ২ টা বিয়ে করেছে পরে।তাই সাকিব ওর বাপের পরিচয় দেয় না..!!😆,shakib,NEUTRAL
f26b922ed0300fe3,এইটা নিয়ে নিউজ করার তো কোন কারণ দেখি না।আর এটা করে সাকিব কে ছোট করলেন না boro করলেন নাকি আপনারা মজা নিলেন....very 😭😭😭,shakib,NEUTRAL
951d07032d8226bb,"সাকিব হয়তো ভাবছিলো, সব খাওয়া কি নিজের বাবাকে খাওয়াতে হবে, শ্বশুর বাড়ির লোকজন আছে না........?",shakib,NEUTRAL
c28b223618783459,হুদাই বিতর্ক বাড়ানোর জন্য একটা নিউজ করলো!! সাকিবের বাবা রাগ হওয়াটাই স্বাভাবিক।,shakib,NEUTRAL
1b0e90f2bc78ccee,এইটা ইচ্ছে করে করছে। সাকিব খারাপ কাজ করছে এটা মানতে হবে। ভালো খেলোয়াড় মানেই ভালো মানুষ না,shakib,FAVOR
f5a0c45671e31f04,আপনারা সাকিব কে নিয়ে পরে থাকেন। দেশে এর চেয়েও বড় সমস্যা আছে,shakib,NEUTRAL
c765f899241516c3,খাটাশের হুগায় তেল হইলে নাকি খাটাশ মাপ মাপ করে এমন অবস্থা হইছে সাকিবের .....,shakib,NEUTRAL
ce347a86eebcfc15,পৃথিবীর অলরাউন্ডার সাকিব যদি তার বাবার ভালো নাম না তাহলে তো আমাদের বাংলাদেশের প্রধান মন্ত্রী শেখ হাসিনা তার বাবার ভালো নাম জানে কি না সন্দেহ আছে 😜😜😜😜😜😜,shakib,FAVOR
bd1d00df4ec5afba,Keno sakib ki passport use kore na..passport er vitor ki onto karo nam ace...Ore batpar...chele Jane na babar nam....,shakib,NEUTRAL
e4178c5a8ef9b532,"কে বলেছে এটা ভুয়া বাপ, সাকিব এর বাপ সম্ভবত দুই থেকে তিন জন, ওর মা ভালো বলতে পারবেন, কিন্তু আমি এইটা ই বলতে পারি যে টাকা র জন্য সে বাপ বদলানো টাইপের ছেলে।",shakib,FAVOR
4beef60ec10d3e2e,Ai shakib napit all play joy na hoy taw kew kisu bolbey na but mushi kharab khelaise sobair chokey porse,shakib,NEUTRAL
b34fdf4113ed3086,কি???? নমিনেশন লাগবে না?? সাকিব তুমি কাদের সাথে মিশতে গেছিলে এবং কাদের সাথে ঝগড়ায় জড়ালে??,shakib,NEUTRAL
846ac1d854ce6235,পাপন সাহেব আগে বলে দিলেন সাকিব ইন্ডিয়া যাবেনা এর মানি উনি জানতেন এই পক্রিয়াতে সাকিবের যাওয়া হবেনা।,shakib,NEUTRAL
1fdf472866fcd71a,"সাকিবের জন্য মনটা খুব খারাপ লাগছে,, সাকিব ছাড়া বাংলাদেশ দল আর লবণ ছাড়া তরকারি একই কথা,",shakib,AGAINST
789c814a0be75f9f,আপনাদের কাছে আমাদের একটাই আশা যে সাকিবের এই বিষয় টা ভালো ভাবে ঘেটে দেখা।কারণ এর পিছনে অন্য কেউ দায়ী আছে।কারণ সাকিব ভালো করেই জানতো যে না বললে শাস্তি পেতে হবে তাহলে কেনো বললো না।এর পিছনে অন্য কেউ অবশ্যই আছে।সাকিব কে বলির পাঠা বানানো হয়েছে।এই রহস্য টা বের করতে পারলে আমরা সবাই মেনে নিবো আপনারা সত্যি কাজের & সত্য ঘটনা বের করতে পারেন।,shakib,FAVOR
1967a5d87f6c4b43,Sakib cricketer der jonno protibad kora chilo... Akhon Cricketer der dorkar sakib ar jonno protibad kora...,shakib,AGAINST
065e5c249c89d87c,"Whatever happens, we stand with Shakib Al Hasan. #BoycottBCB",shakib,AGAINST
0751463ba1a1014d,এরাতো সবাই পাগলের দল শাকিবতো ঠিক বলেছে এরা কয় এক বছরের মধ্য কোন ভাল মানের ছবি করেছে নাকি শাকিব না থাকলে বাংলাদেশর ছবি কেই দেখবে নাকি,shakib,FAVOR
20db8df3e04d9c0f,I hope the t20 world cup will not start till sakib is back.....,shakib,NEUTRAL
5a6e063b09f521ec,Shakib is a legendary cricketer in the world . love you shakib more than mine 💖💖💖💖💖💖💖💖,shakib,FAVOR
2df807e13b37919a,ICC: Banned Sakib Coronavirus: Wait.. Let me ban Cricket 😉,shakib,NEUTRAL
b2c1160bab6d0698,Shakib is the great player. I♥U shakib.,shakib,FAVOR
fa979bfd33793299,Asole shakib akhn cricket bisoy e kotha onk hisab kore bolte hobe... ta na hole 1 year bere jete pare,shakib,NEUTRAL
bf4fa7f0596c4cec,Tit for Tat... 🤣🤣..khel abr cricket shakib chara.. Beyadop ICC and juyakhor papon🤬🤬,shakib,NEUTRAL
c7a2431461004fb2,Tahole ki shakib October e khelte parbe?,shakib,NEUTRAL
4ec193686da0eab0,আইসিসি সাকিবকে ব্যান্ড করলো। আর করোনা ভাইরাস ক্রিকেটকে ব্যান্ড করে দিলো। ভালো মানুষের পাশে আল্লাহ সবসময় থাকে।,shakib,FAVOR
891abf67b6ea6f51,shakib sob kisute e par peye jay.,shakib,NEUTRAL
498501d67217c13d,করোনা এখন শুধু সাকিব না সবাই খেলোয়াড়দের খেলা লক করে দিল।,shakib,NEUTRAL
dbecf70de3b49ff9,দোষ করলে শাস্তিও ভোগ করতে হবে। সাকিবের ভাগ্য ভালো আইসিসি শাস্তি অনেক কমায়ে দিয়েছে।,shakib,FAVOR
7186cd0dd4fd2910,শাকিবের ভাগ্য ভালো যে অপরাধ করছে শাস্তি পাওয়া বেশি দরকার ভালো মানে পিলিয়ার দেখে শাস্তি কমিয়েছে,shakib,FAVOR
f685e8a3774b3c25,এখানে সাকিব ছিলো বলে শাস্তি ১৮ মাস হয়েছে। যদি এখানে অন্য কোনো বড় দেশের খেলোয়াড় হতো তাহলে এতো শাস্তি আর হতো নাহ।,shakib,NEUTRAL
a7e9a1f323714a2f,"সাকিবের বর্তমান বয়স যদি তেত্রিশ হয় আর যদি ১৯৯৭ সালে ম্যাচ খেলে, তাহলে সে কি ৯/১০ বছর বয়সে সেই ম্যাচ খেলেছিল???",shakib,NEUTRAL
2ab0be917e7c0084,সাকিব বলেছে আমি কোন ভুল করিনি কিন্তু আমি যে ভুল করেছি 5-10 বছর শাস্তি হতে পারত এইখানে বুঝতে হবে ইংঘেল টা,shakib,AGAINST
cf8172a74f407c06,শাকিব দেশের জন্য খেলে না সে টাকার জন্য খেলে,shakib,NEUTRAL
dcc17512da296567,সাকিব ভাইয়ের ফ্যান দের দেখতে চাই?? কে কে আছেন? 👍👍👍,shakib,NEUTRAL
af48ca5c21df6261,"নিশ্চিতভাবে সাকিববা ম্যাচ ফিক্সিং এর সাথে জড়িত, সঠিক তদন্ত করে কঠিন শাস্তি দাবি করছি আইসিসির কাছে!!!",shakib,NEUTRAL
2f003d97ce949f25,সাকিব আল হাসানের সাজা ২বছর থেকে ১০ বছর করা উচিত ICC কাছে দৃষ্টি আকর্ষণ করছি,shakib,NEUTRAL
97abec9cd44138e9,Guys . Very good reaction ❤. More react about Shakib Al Hasan and Bangladesh cricket ❤❤,shakib,NEUTRAL
c4dd3b50ae77af4d,Umpires Do not make right decesion thats why shakib become angry❤,shakib,FAVOR
6f7d2b5d92e93c5c,Mein apko shakib ki bohut achhi achhi reels bejtihu?,shakib,NEUTRAL
050e96f790c3f98e,এইসব নিউজ করে সাকিবের বাল ছিঁড়তে পারবো না ওরা 😂 যতদিন উনার সঙ্গে আছে ওনার কোটি কোটি শাকিবিয়ান বাহিনী ☝️🔥✊🫵,shakib,NEUTRAL
ea632a1a1790e6f5,জ্যোতির্ময়ের হাসিটা অনেক সুন্দর কলকাতা নায়িকা তো অনেক সুন্দর ভাই আপনি কি দেখেছেন সাকিব কি করেছে আমার কিছু মনে হয় না মানুষ যখন ছবি দেখতে পারে আর এটা একটা ছবির মত মনে হয় ওরা বিরক্ত মনে করে না ভাই একটু এরকমই ওরা একটু লাজুকই হয় কথা হলে এটা নিয়ে খারাপ মন্তব্য যে করবে ভাই আপনারা ছবি দেখার দরকার নাই কিন্তু আসল নায়িকা ২ জন সুন্দর সুন্দর জ্যোতির্মের হাসিটা অনেক ভালো লাগছেআমি যদি বলি ফারহিন এর হাতেও চোট লাগছে এটা একটা সুন্দর নাকি ভেরি গুড সাকিব তুমি একটু বুঝলেই ভাল হয় তাও খারাপ না ভালই,shakib,FAVOR
1e015a21094a776a,"সাকিব মানেই সো-অফ! ভারতে সব নায়ক করে বাংলাদেশে শুধু সাকিব করে আরকি, তবে এভাবে যে কট খাবে তা বুঝে উঠতে পারেনি সে।।",shakib,FAVOR
77c6c3e4a28af1e8,দোয়া করি শাকিব অপু আবার যেন নতুন করে জীবন শুরু করে আই লাভ মাই শাকিব অপু❤❤❤❤❤❤❤❤❤❤❤❤❤❤❤❤,shakib,NEUTRAL
a56dd5231971e236,কাউ সুন্দর নায় শাকিব আরক টা বিয়ে করলে ভালো হয়,shakib,FAVOR
f46f125466bf2cb4,সবাই সাকিব বুবলিকে নিয়ে এতো নাচানাচি করেন আপনাদেরকে একটা কথা বলি।অপু হিন্দু থেকে মুসলিম হয়েছে।সব চেয়ে বড় পরিচয় হলো ও একজন স্ত্রী একজন মা‌ এবং মানুষ।,shakib,NEUTRAL
10daf6efae17f92e,শাকিবের কি দোষ বলেন...? উনি কি প্র য়োযোগ,shakib,AGAINST
3bf57dd09815eae0,Shakib kichu bole na Tay Akon chamchikau lati mare.,shakib,NEUTRAL
603ad628efed3ec6,শাকিবকে নিয়ে যা বলেছে তা আলোচনায় আসার জন্যা বলেছে,shakib,NEUTRAL
1392029638605e0d,sonika keda vhai??? ami to ore aj deklaam shakib ke nia kotha bolle virel hovar dandha,shakib,NEUTRAL
bebf9212ddc7880d,এই খরাতি শাকিবের পায়ের সমানো হতেপারবে না !!!!!!!!!,shakib,NEUTRAL
371556be781ce511,ওর বাপের জিবনে শাকিবের মতো সুপারস্টারের সাথে কাজ করার শোজগ পাবেনা ! সনিকাকে করকাছে কেমন মনেহয় জানি না কিন্তু আমার এটা মনে হয় যে ওর কোনো জোগতা নেই সাকিবে সাথে কাজ করার । ওকে আরো এক বার জন্ম নিতে হবে !,shakib,NEUTRAL
e8d243c7ebce3eb0,সনিকা শাকিবের রক্ষিতা হবে পারে ।আর নষ্ট মাইয়া বলেছেন বলে কি,shakib,NEUTRAL
c994238a76482213,Litton x sakib deadly duo is coming 💥💥💥,shakib,NEUTRAL
760241d4f9a209ca,একটা বিশ্বকাপ চলাকালিন সুটিং করার সাহস পায় কিভাবে. সাকিবকে সাস্তির আওতায় আনা হয়না কেনো বুজি না.😡😡😡,shakib,NEUTRAL
2e4b8583d980903f,Shakib ponni r para ba ki .. Showroom Shakib 😅,shakib,NEUTRAL
9c21e88b7535c4ad,R tomar shakib abbar kono dosh nai. ekhane bublir ki dosh bol. ekjon arekjon ke valo lagtei pare.,shakib,FAVOR
817ffbbe42d4cc1c,অপু আগে কেমনে কথা বলতো এখন আর এক একরম ডং করে কথা বলে। নিজে টাকার লোবে বার বার ছেলে নিয়ে আসে শাকিবের কাছে আসছে বুবলি টাকার গরম দেখাতে,shakib,NEUTRAL
5e2e87db591b0565,অপু খারাপ বলেই সাকিব আবার বিয়ে করেছে,shakib,AGAINST
acc976f2396dc5a5,Soytani sakib tu tuke onek agei chere diyeche.sakib ke charle tu toi e charbi!,shakib,NEUTRAL
31002bb936902905,"Hai bhai Sakib er r kaaj ki?? Meyeder moto shaja, Lipstick deya, jhumka pora, acting kora. Ar nijer types er meyeder shathe fatrami kora. Kono bhalo meyer kace jawar shahosh ki ei sakib er ace?? Kono bhalo meye er mukhe thutu porjonto felbe naa. Bujlen bhai.",shakib,FAVOR
7fe24cd23f067767,শাকিব এখানে গর্দভের মতো কাজ করেছে। জনসম্মুখে অবলীলায় সবকিছু করা যায়না।,shakib,NEUTRAL
56acf1f5c5313132,দৃষ্টিকটু দেখালেও সাকিব খারাপ কোন উদ্দেশ্য নিয়ে শাবনূর কে ধরেনি।,shakib,AGAINST
fee9bc8b4a86bf42,শাকিব কে চলচ্চিত্র থেকে বাহির করলে অনেক ভালো হতো বুবলি আ র শাকিব ইন্ডাস্ট্রি নষ্ট করলো,shakib,FAVOR
d7da277155dc1139,"এটা সাকিব এর নোংরামি,, পাবলিক প্রসের সামনে শাবনূর কিছু বলার জন্য মোটেও প্রস্তুত ছিল না,, শাবনূর অনেক নম্র ভদ্র",shakib,NEUTRAL
159a69d8660bf9ad,"শুধু একটা সাকিব দিয়া কাজ হবে না,,, বাংলাদেশের আরো সাকিব চাই,,, তাইলে ট্রফি আইবো,,,",shakib,NEUTRAL
c3350405b2d89465,# লিজেন্ড ম্যান সাকিব আল হাসান। আশাকরি খুব দ্রুত বাংলাদেশ ভাল ক্যাপ্টেনসির দেখা পাবে। মাশরাফীর কোন তুলনা হয় না বাট এই বিশ্বকাপে মাশরাফীর ফারপরমেন্স যেমন তেমন হলেও আমাদের রেসফেক্ট মাশরাফীর জন্য সবসময় থাকবে।,shakib,FAVOR
6fa95063a27e8ef8,Carrier ses a Shakib e hbe sob cewe sera world cricket er.,shakib,FAVOR
c669bc4d611f86bb,সাকিব যে বাবে খেলছে বাকি গুলা যদি ৫০%দিত তাহলে সেমিফাইনালে যাওয়া সম্ভব ছিল,shakib,NEUTRAL
01aaf054d82fa86d,"ছোট বেলায় পড়া না পারলে আম্মা বলত ওই বাড়ির ওমক পোলা এত ভাল রেজাল্ট করে তুই করতে পারস না। আর আমাদের দলের অবস্থা ও তাই, সাকিব এত ভাল খেলল অন্যরা যদি সাকিব এর ১০% ও দিত তাহলে আরো ভাল কিছু হত।",shakib,FAVOR
8e2db7f7123aae64,সাকিব ভাই সব সময় সেরা ব্যাটসম্যান বোলিং 😊💪 শুভকামনা রইলো সামনের ম্যাচ গুলাতে ভালো কিছু আশাকরি প্রিয় সাকিব ভাই থেকে😊❤️❤️😍,shakib,FAVOR
b86466f5790d2cfd,বড় দলের সাথে ভালো করার আসা থাকলো সাকিব আল হাসান ❤️❤️❤️,shakib,FAVOR
6c61bf3e48bd9d58,সত্যি বলতে বাংলাদেশ টিমের একজন অন্যতম উজ্জ্বল নক্ষত্র সাকিব। ইনশা আল্লাহ ভালো খেলবে বাংলাদেশ টি-টোয়েন্টি টিম।,shakib,FAVOR
519a0e19e06037bd,"আমি একজন চীনা নাগরিক ভাই, বাংলা সংস্কৃতিকে ভালোবাসি তাই বাংলা শেখা হয়। সাকিব আজ মালিংগার রেকর্ড ভেংগে যে নতুন দিগন্তের সৃষ্টি করলেন সত্যি আমাকে অনেক আনন্দ দিয়েছেন। শুভ কামনা বাংলাদেশ টাইগার দলের জন্য, অনেক দূর এগিয়ে যাবে সাকিব একদম উন্নতির শিখরে",shakib,FAVOR
56ed416d5bdfed7f,"আশ করি সবাই অনেক ভাল খেলে বাংলাদেশকে ভালো কিছু উপহার দিতে পারবে। সাকিব আল হাসান, সাইফ উদ্দিন, আফিফ আমার কাছে সবচেয়ে প্রিয়।",shakib,FAVOR
a793aa5c0e2e3db7,Sakib is one of the most cricket in our bangladesh love you Sakib,shakib,FAVOR
573cf6dd41caa156,Shakib is hero of the Bangladesh & all cricket,shakib,FAVOR
716dd502544f88e3,Shakib al hasan is best king is always king,shakib,FAVOR
80306832b9124889,"সাকিব ভালো করুক এটাই কমনা,কিন্তু ছোট দলের সাথে ভালো করলেই কি হবে বড় বড় দলের সাথে ভালে করলেই না মনে শান্তি আসে",shakib,FAVOR
226b391a5be3feb7,সাকিব মানে একজন বিশ্বের প্রথম সারির একজন ব্যাটসম্যান... সাকিব মানে একজন বিশ্বের প্রথম সারির একজন বলার... সাকিব মানে একজন বিশ্বের প্রথম সারির একজন ফিল্ডার... সাকিব মানে একজন বিশ্বের প্রথম সারির একজন ক্রিকেটার..,shakib,NEUTRAL
e27c33c9bde5f05f,সাকিবের যত গুলা বিশ্ব রেকর্ড আছে মনে হয় না পৃথিবীতে অন্য কারো এত বিশ্ব রেকর্ড আছে!!!!! সাংবাদিক ভাইদের কাছে এইটা জানতে চাই সাকিব এখব পয়নত কত গুলা বিশ্ব রেকর্ড এর মালিক সাকিব ভাই বাংলার জান সাকিব আল হাসান 😌🥰🥀,shakib,AGAINST
80985b770fa1ef78,"যদিও সাকিবকে নিয়ে কিছুটা বিতর্ক আছে, তবুও সাকিব ছাড়া বাংলাদেশ ক্রিকেট অচল🤔🤔🤔🤔🤔🤔",shakib,NEUTRAL
617011378f121310,যে দলের সাথে কেউ খেলে না সেই দল গুলোর সাথে খেলে সব সাকিব রেকর্ড করুক আর সাংবাদিক নিউজ করুক। excellent,shakib,NEUTRAL
d76fc1b0b7fb3d17,"আমাদের সাকিব,,,একজন সাকিব 💜❤️💜❤️অবশ্য অনেকের কাছে 🙂বেয়াদব🙂আমি মনে করি যে বা যারা ওকে বেয়াদব বলে আসল বেয়াদব তাঁরা নিজেরাই🤣🤣",shakib,NEUTRAL
20556a0bf9322433,"সাংবাদিক সাহেব সাকিব ৩৯ উইকেট নিয়েছে বিশ্ব কাপ এ ,, এর মধ্যে বাছাই পর্বে মোট কয়টা উইকেট পেয়েছে । শহীদ আফ্রিদি তো আর বাছাই পর্ব না খেলে ৩৯ উইকেট পাইছে",shakib,AGAINST
8050a3edd5b06628,সাকিবের জরিমানা হলে বাংলাদেশের উচিত ইমিডিয়েটলি আইসিসি বয়কট করা,shakib,NEUTRAL
4e6bb0ae40bef7d1,সাকিব সত্য কথা বলেছে সত্য কাজ করেছে,shakib,NEUTRAL
ff5f7ea2d1461dc4,Sakib and Juary party r plan ei gula.. jate oke keu dhorte na pare ow je involved ei sob kaje.,shakib,NEUTRAL
fe35912544b80baa,সাকিবকে কেন জরিমানা আমি যদি সাকিবের জায়গায় থাকতাম তাহলে ব্যাট দিয়ে এই আম্পায়ের মাথায় মনের মত করে পেটাতাম।,shakib,NEUTRAL
6821a354d98d5fc6,"সাকিবের জায়গায় আমি হলে আম্পায়ার কে মাঠেই শায়েস্তা করতাম,,,,, ক্রিকেট খেলার দরকার নেই আর অনেক খেলছি",shakib,NEUTRAL
5c3626de57b6f1bd,সাকিবের উচিৎ ছিল আম্পায়ার কে বাটাম দেয়া,shakib,NEUTRAL
71c67810321e6984,সাকিব উচিত কথা বলে তো তাই সাকিব সবার কাছে খারাপ,shakib,AGAINST
bf06956be2d92457,"সাকিবের উচিত ছিল, আম্পায়ারের গালে সিসু করে দেওয়া",shakib,NEUTRAL
f210c2eabdbd96aa,"জরিমানা কেনো সাকিব কে দিতে হবে,,,বরং আম্পায়াররা জরিমানা দেওয়া উচিত,, ওদের ভূলের জন্য তো সাকিব রাগ করেছে,,, ওরা যদি ভূল সিদ্ধান্ত না দিতো তাহলে কি সাকিব রাগ করতো,,,",shakib,NEUTRAL
57271aba64838cd3,জরিমানা যদি করার দরকার হয় তাহলে আম্পায়ারের করার দরকার সাকিবের কেন জরিমানা হবে এটার উত্তর আমরা জানতে চাই,shakib,NEUTRAL
e17ad0934417d948,এমন ভাব যেন সাকিব আউট না হলে ১০০ করতো 😂 কবে ভালো ব্যাটিং করছে? নিজেদের ব্যার্থতা না খুঁজে অযুহাত খোঁজার জন্যই এই টীমের এই অবস্থা।,shakib,FAVOR
7900bc23c0bef9ce,সাকিবের জরিমানা হবে অন্যায়ের প্রতিবাদ করার কারণে।আম্পায়ারদের কি হবে...?,shakib,AGAINST
d29b0f98fd4a8466,Sakib akta muslim ar hindu ra muslim der pochondo kori na love from benapole amera chai Bangladesh hindu desh hok,shakib,FAVOR
52aa26b536cfd5c4,টেন্ডুলকার যত বার খারাপ আম্পায়ারিং এর কারণে আউট হয়েছেন যদি না হতেন তবে তার আরো ১৫ টা ১০০ হতো। যদিও সাকিবের আউট দেওয়া ভুল ছিল কিন্তু এ-ই বিশ্ব কাপে প্রমাণ হয়েছে বাংলাদেশ দলের কোন উন্নতই হয়নি। সারা জীবন জিতে যাওয়া ম্যাচ হারতে দেখলাম! কিন্তু হারতে যাওয়া ম্যাচ কে জিতিয়েছে?,shakib,AGAINST
1da3208bd15addf3,"এটা কেমন জরিমানা , এখানে ত কোনো সাকিবের অন্যায় মূল্যক কাজ হয় নাই,তাহলে জরিমানাটা কিসের বুঝলাম না এটা কেমন বিচার😡😡😡😡😡",shakib,NEUTRAL
79746f9d993bb13f,সাকিব আল হাসান পাকিস্তানের বিরুদ্ধে টি২০ ম্যাচে বেশি ভাল খেলে এজন্য ভূয়া আউট দিয়েছে আম্পায়ার আর আর আমরা জানি বাংলাদেশের একবার উইকেট পড়তে থাকলে খালি পড়ে এজন্য ওইসময় সাকিব আল হাসান কে ভূয়া আউট দেওয়ার কারনে ম্যাচের মাের ঘুরে গিয়েছে আর সাকিব আল হাসান এর ভূয়া আউট হওয়ার পর বুজতে পারছিলাম রান বেশি করতে পারবেনা আর পাকিস্তানের বােলার ও ভাল এজন্য সাকিব আল হাসান এর ভূয়া আউট আসল টার্নিং,shakib,FAVOR
fd737efdb2ad0271,সাকিব নাকি শেয়ার বাজারের টাকা লুটের সাথে জড়িত?? তারপর ও বাংলার মানুষ এতো ভালোবাসে তাকে? এই দেশ আসলে উন্নত না হওয়াই উচিত,shakib,FAVOR
922e28370e8b9cd7,সাকিবের জরিমানা হবে কেনো? আজব আজব শিরোনাম দেন কেনো?,shakib,NEUTRAL
d4eed3314a8d5ef6,সাকিবের কিসের জরিমানা।ফালতু আম্পায়েরে ব‍্যাট দিয়ে মাথায় বাড়ি দেওয়া উচিত ছিল,shakib,NEUTRAL
c20f85ab71c2664f,আরে ভাই বাংলাদেশ খারাপ খেলছে ঠিক আছে কিন্তুু সাকিব এর আউট টা হয় নাই এটা সত্যি।,shakib,AGAINST
9ccb5b47fb7d98ba,Shakib sore daray nai 🤦 o injury er karone chitke gese but doya koren jate Pakistan series khelte pare.,shakib,NEUTRAL
2c2d97b47e740e33,"@amirshuvo752 Boka naki apni? Shakib Bangladesh er omullo shompod, otiteo tar moto legend Amader desh e solona, future eo asba kina bola zina. Be careful before writing e comment.",shakib,FAVOR
bbcc2cf139ffdf99,সাকিব থাকুন বা না থাকুক আমাদের কপালে জয়ের সম্ভাবনা নেই ।,shakib,NEUTRAL
af67ef868f6f6815,"১০ বছরে 'আইপিএল' এ সাকিব কখনই ইনজুরিতে পড়ল না !! যাই হোক, এবার শান্তি মতো আয়নায় গিয়ে মুখ দেখুক !!",shakib,NEUTRAL
388b4f6a7572247b,যেমনে উপস্থাপন করতাছেন মনে হয় সাকিব থাকলে বাকি ২ ম্যাচ জিতত😂😂। বাংলাদেশের হার কেউ ঠেকাতে পারবে না,shakib,NEUTRAL
309a21f9a29d9f0f,ভাই হলেও হতে পারে কারণ সাকিব প্লেয়ার অফ দ্যা ম্যাচ হলেই বাংলাদেশ জিতে যায় তাই আমি দোয়া করি সে ভালো হয়ে খেলুক আগের সব কিছু ভুলে এই দুই ম্যাচে সব কিছু ভুলিয়ে টাইগার ফ্যান দের কষ্ট টা একটু কমিয়ে দিক 😔😔😔 বাংলাদেশ হারলে বুকে প্রচুর পরিমানে ব্যাথা অনুভব করি 😭😭,shakib,FAVOR
69050896c193f5ad,"@hasaratali6362 সাকিব প্লেয়ার অফ দ্যা ম্যাচ হলে বাংলাদেশ জিতে যায় যদি বিপক্ষ টিম হয় জিম্বাবুয়ে, ওমান আর নয়তো মিরপুরে মাঠ(টি-২০)কথা।",shakib,NEUTRAL
9719540feff9ba91,বিশ্বকাপ থেকে এমনেই বাদ তাই এখন সাকিব না খেললে কি আর হবে! বরং সামনে আরও যদি হেরে যায় তাই না খেলাই ভাল। এতে কিছুটা হলেও মান সম্মান বাঁচাবে।,shakib,NEUTRAL
05b24efa71b937e5,ভালো হইছে এমনে ও হারবো ওমনে ও হারবো সাকিব না থাকলেও সমস্যা নাই হার তো নিশ্চিত করাই আছে। দর্শকরাও আর ভালো কিছু আশা করে না,shakib,FAVOR
e24080c94bbbbb35,সাকিব থাকলেই মনে হয় বাংলাদেশ সেমিফাইনালে যাইত আযব🥴🥴🥴🤔,shakib,NEUTRAL
4d93c245fb86b2ed,Sakib r musi thaklei r na thaklei.,shakib,NEUTRAL
434783933609e3b5,But BANGLADESH HAVE already LOSE ALL THE MATCHES. SO SHAKIB DOES NOT MATRER NOW.😔😔,shakib,NEUTRAL
c900914f16fb2fdd,চিন্তা করার দরকার নেই শাকিবের বদল পাপন খেলবে,shakib,NEUTRAL
ce72c8f9c9e704cb,সাকিবের বিকল্প তো পাপন দা দুইদিনের মধ্যে বের করে ফেলে। পাপন দাকে সাকিবের বদলে নামিয়ে দেওয়া হোক।,shakib,NEUTRAL
fd5676785029716e,সাকিব ভাইয়ের জন্য অনেক দোয়া করি সে জেনো খুব তাড়াতাড়ি সুস্থ হয়ে যান,shakib,NEUTRAL
7296d5b1932b6d61,Amar mone hoy kono provab porbe na...karon sakib thaklew jamon na thaklew tamon .,shakib,NEUTRAL
85c7b52fa24633b1,"সাকিব ভাই এইটা করছে টানা 3ম্যাচ হারের লজ্জা কাটানোর জন্য।।।। তবে ওনার উচিত ছিল বাকি ম্যাচ দুইটা খেলে দেশকে ভালো কিছু উপহার দেওয়া।।।।শেষ পর্যন্ত লড়াই করা,,,",shakib,FAVOR
92e583dba6481e00,সাকিবের মতো টি টোয়ান্টি খেলোয়াড় কমই আছে,shakib,NEUTRAL
29843231a5a130ca,সাকিব সুস্থ হয়ে উঠুক এটাই আশা।তারপর আবার নিজের অবস্থানে ফিরে আসুক।মরুভুমিতে প্রান নিয়ে বেচে আছে মানুষ।এভাবে অন্য সব খেলোয়াররা খেলার প্রান ফিরে দিবে এটাই কামনা।আশা করি ভালো খেলার চেষ্টা করবে।,shakib,FAVOR
5e38564946f10a9b,@politics7428 সাকিবে কোন চুল ছঁড়ছে গত তিন ম্যাচে? আর সামনের দুই ম্যাচে কোন চুলের আঁটি বাঁধবো?,shakib,NEUTRAL
a6c0351304de51f5,সাকিবের শেষ তাইলে আর কার বাকি আছে বিশ্বকাপ,shakib,NEUTRAL
64580dfd4faba2ca,"সাকিব দলে থাকলেও কি,আর না থাকলে কি হবে।মোস্তাফিজ আর সাকিব ipl এ কি খেলছে আর কি খেলে।",shakib,NEUTRAL
43d011e9b1c58aac,কোন প্রবাভ পরবে না। কারণ সাকিব আহ মরি কোন কিছু করে নাই!,shakib,NEUTRAL
5f7b4ba065b48de1,Sakib was on top of his form in that WC. Great knock against a strong Eng attack.,shakib,FAVOR
f58cc73d2efbb2d4,Sakib er kothay bujajay team er proti tar confident onek . EBAr valo kisu hobey insha allah ♥,shakib,FAVOR
d42a4b970f551436,আমি চাই একটা মেজ ও না জিতুক শাকিব বের দল,shakib,NEUTRAL
b2eede4b4d7c099f,সব ম্যাচ হারবে বাট নেপালের ম্যাচটা বলতে পারি না তারপর বিশ্বকাপেও হারবে তারপর সাকিবের ক্যারিয়ারের ইতি হয়ে যাবে.. পুরাতনদের মত.. অপেক্ষায় আছি 😂😂😂😂😂😂,shakib,NEUTRAL
0e1cbd25d2bdfb23,We all Bengali should give money to Sakib Al hasan. Please I am requesting everyone because he needs money anyway.,shakib,NEUTRAL
fe61e3a968392358,সাকিব যদি জোয়ার সঙ্গে জড়িত হয়ে দলে না থাকে তাহলে পাপন সাহেব কেমনে আছে উনি এত জোয়ার সঙ্গে সম্পর্কিত,shakib,NEUTRAL
1bebc94d702164a9,Sakib Al hasan needs money because he is a poor man. He loves money. Give him some money please.,shakib,NEUTRAL
d1ccd31caa53d695,সাকিব আল হাসানকে সকল প্রকার খেলা থেকে বাদ দেওয়া উচিত। কারন ও একজন দেশদ্রোহী। ওর কারনে অন্যান্য প্লেয়াররা নস্ট হয়ে যাচ্ছে। অন্যান্য প্লেয়ারদের মাঝে দেশপ্রেম নষ্ট হচ্ছে। খামখেয়ালি ভাবে খেলাধুলা করায় অন্যান্য প্লেয়ারদের অধিকারকে খাটো করা হচ্ছে🥵🥵🥵,shakib,AGAINST
cf699bf373275f79,সাকিব আল হাসানকে সকল প্রকার খেলা থেকে বাদ দেওয়া উচিত। কারন ও একজন দেশদ্রোহী। ওর কারনে অন্যান্য প্লেয়াররা নস্ট হয়ে যাচ্ছে। অন্যান্য প্লেয়ারদের মাঝে দেশপ্রেম নষ্ট হচ্ছে। খামখেয়ালি ভাবে খেলাধুলা করায় অন্যান্য প্লেয়ারদের অধিকারকে খাটো করা হচ্ছে।🥵🥵🥵,shakib,AGAINST
c81b5535f2dd13b7,সাব্বির একজন হিটার ব্যাটার বাংলাদেশের জন্য। শুভকামনা সাকিব আল-হাসান অধিনায়ক T20.,shakib,FAVOR
5fa53342ed8e782e,আলহামদুলিল্লাহ সাকিব অধিনায়ক হিসেবে ভালো দায়িত্ব পালন করবে ইনশাআল্লাহ,shakib,FAVOR
6eebf4b7f9fd7b00,সবার আগে কৃতজ্ঞতা ও অভিনন্দন জানাতে চাই আমাদের পোস্টার বয় সাকিব আল হাসানকে ❤️।শুভকামনা বাংলাদেশ টিমের জন্য আশা করি তারা আমাদের ভালো কিছু উপহার দিতে পারবে।🥰❤️ আরো অভিনন্দন জানাতে চাই সাব্বির কে ❤️ এশিয়া দলে চান্স পাওয়ার জন্য। প্লিজ এবার এমন কিছু করো না যে তোমাকে জাতীয় দল থেকে বাদ দেওয়া হয়। অনেক ভালোবাসি তো তাই। তোমার প্রতি এত আবেগ ❤️🥰,shakib,FAVOR
60271abe5ccce04f,"I was expecting shommya inside the squad, he is natural. Sakib could take both shommya and sabbir. Sabbir is not technically Sharp.",shakib,NEUTRAL
5956378e51edb204,Bai sakib al hasan k bad dile.dol onek balo korbe.,shakib,AGAINST
1875049634761caa,"সাকিব কে না থাকলে বাংলাদেশ আরো ভালো খেলবে, ওর জন্য বাংলাদেশের খেলা দেখতেই মন চায় না",shakib,FAVOR
fda7ecd8789b349e,We already stop watching Bangladesh cricket matches so we don’t care sakib play or not,shakib,NEUTRAL
f31e1990f415c580,"মাঠের বাইরে কিসের বড় দায়িত্ব, সাকিবের বৃদ্ধ হলে খাওয়াবে কে ওর এখনই টাকা কামানের সময়, ও যা করছে ভালো করছে",shakib,FAVOR
8d516a402ac9c5c2,আমার মতে সাকিবুল হাসানকে বাংলাদেশ খেলার থেকে বাদ দিয়ে আনার দরকার এই সাকিবুল হাসানের কারণে বাংলাদেশের খেলা আজকে এই অধঃপতন হে নিজেরে নিজে অনেক কিছু মনে করে এটা কার পিছনে খালি ঘুরে কেমনে টাকা ইনকাম করব সাকিবুল হাসান রে বাদ দিয়ে দেওয়া দরকার,shakib,AGAINST
9f6379ba1cebbbfd,"সাকিব্বাই দেশে আসেন, খেলে যান। আপনার অপেক্ষায় পুরো দেশ, একবার শুধু আসেন",shakib,NEUTRAL
b7da6c84cbe425ab,"যদি বলা হয় দেশের সেরা ক্রিকেটার কে,সেখানে সাকিবের সাথে বাংলাদেশের কেন বিশ্বের কারোরই তুলনা করা কষ্টকর।সে সেরাদের সেরা। কিন্তু যদি বলা হয় বাংলাদেশের সবচেয়ে ক্রাইসেস মোমেন্টে এসে দেশকে জয়ের স্বাদ দেয়া শুরু কার হাত দরে সেখানে আপনাকে প্রথমেই রাখতে ম্যাশের নাম।যিনি ক্যাপ্টেনদের ক্যাপ্টেন,ক্রিকেটারদের আশ্রয়ের স্থল আর তিনিই দেশের হয়ে প্রথম ২৫০ উইকেট স্বীকারী প্রথম বোলার। এমনকি আজকে ১৪ বছর টেস্ট না খেলেও দেশের হয়ে টেষ্টে সর্বোচ্চ উইকেট স্বীকারী❤️❤️",shakib,NEUTRAL
cb3b45c91959b1a6,Undoubtedly Shakib Al hasan.... Ekhane j.cricketer der alocona kora hoece unara shakib theke onek dure onekkkk.. Pura world a shakib ek.o oditio r sekhane eder sathe tuluna.cole.nah...kono vabei nah,shakib,NEUTRAL
312c3e1bd8099d15,one and Only Sakib is best cricketer between Bangladeshi player,shakib,FAVOR
0e90685f35177b9a,সাকিব এর ভক্ত এর কথা ছাড়া কারোর কথা ভালো লাগলো না। সাকিব is best❤,shakib,FAVOR
4ddde76be17df641,Are sakib nijei to playboy se ki kore keoke samman dibe ar bublir joggoi noi,shakib,NEUTRAL
445c78b9238d1f72,"মিথ্যা নিউজ, সাকিব এখানে একবারও তার সন্তান বা পরিবারের কথা উল্লেখ করে নি, সব কথা সাকিবের কন্ঠে শুনাতেন,",shakib,NEUTRAL
81e0268f16127f4b,"আপনি এতো বানিয়ে কথা বলেন কেন, এখানে তো সাকিব এমন কিছুই বলে নাই নাম নিয়ে কিছু বলেনি",shakib,NEUTRAL
bc9d9c261b627ca1,শাকিব দুই দিন পরপর একটা করে বিয়ে করে সন্তান জন্ম দিবে আর অস্বীকার করবে এটা তো হতে দেয়া যাবে না। বুবলির ঐ কন্যা সন্তানের সাথে শাকিবের ডিএনএ টেস্ট করা হোক তারপরই বুঝা যাবে কার সন্তান।,shakib,NEUTRAL
4a9d75c2303b6015,শাকিব তো কিছুই বলে না সব বলছেন আপনি অপুর দালালা,shakib,NEUTRAL
59c8725a1e0e3d5b,পাগলের সুখ মনে মনে সাকিব দেখা শোনা করে 😅,shakib,NEUTRAL
64b9ec6045169e33,1:10 সেকেন্ডে সাকিব ভাই এর সুপার স্কুপ শর্টটা কার কার দেখে ভালো লাগলো ।,shakib,FAVOR
1cd4f98ad2e19073,Great Afford Shakib ul Hasan Great All rounder Love ❤️ you From 🇵🇰 🇵🇰 🇵🇰 Pakistan,shakib,FAVOR
6703d2e03393aa22,sakib al hasan আবার ফিরে আসুন.....😍😍😍😍😍😍😭😭😭😭😭😭😭😭😭 ভালবাসা অবিরাম কে কে চান?,shakib,FAVOR
16aaa44192e5b7ac,"""SHAKIB"" is Always Boss in Cricket _✌ Love you Boss_❤💙💚💜💛",shakib,FAVOR
9c582fa423c331aa,Ager bar o shakib er sathe kharap bebohar korchilo...tai ei over ta special.... Shakib to zim er sathe koure kharap kichu bole nai,shakib,AGAINST
43730dddcba11295,I think Shakib Al Hasan is the best player in history and the best player in Bangladesh...,shakib,FAVOR
e6ab95f049ef2ccb,Never seen a sakib Al Hasan in this Earth . We are very proud of you sakib 🥰🥰🥰🥰🥰,shakib,FAVOR
171c2e9a29cc85ef,"উত্তর বা দক্ষিন, শাকিব ভাই নাম্বার ১ east or west shakib is the best 💪",shakib,FAVOR
efec39e10ace40c9,Shakib Al Hasan... ❤️Apnr pashe silm... Asi... R thakbo.. ❤️😊,shakib,NEUTRAL
8f42fb9c80559c97,"We hope this type of performance in every matches from you Sakib, not just in one match...",shakib,NEUTRAL
23ec81340300bf99,thanks Sakib you are good playing cricket and you are best,shakib,FAVOR
7c95a3134fe5d534,একেই বলে নাম্বার ওয়ান সাকিব আল হাসান বাংলার গর্ব,shakib,FAVOR
0752cba4c85328c3,I like the world best worldrounder shakib Al hasan . He is a legend,shakib,FAVOR
bc3377f12f2af2c6,Shakib all sera love u boss tomake,shakib,FAVOR
95cf21c2074069be,Real hero of world Cricket is Shakib al Hassan,shakib,FAVOR
840ca56a52440674,Shakib Al Hasan is the best player of Bangladesh,shakib,FAVOR
0e46c9e29cb1caa5,Sakib is the best he is the greatest,shakib,FAVOR
bc3aa85c55cbbf54,best off luck shakib vai.... love you,shakib,FAVOR
68d9a53dfdf589fb,ভালোবাসার আরেক নাম : ক্রিকেটার বাংলাদেশ সাকিব আল হাসান>>{৭৫>>...!,shakib,FAVOR
282406c91ffb8452,"সন্মান পুরোটাই আল্লাহর তরফ থেকে আসে। কিছুদিন আগেও সাকিব ছিলো বাংলাদেশের প্রাণ, জান সাকিব আল হাসান। ভালো কাজে মানুষ পাশে থাকে এটাই তার প্রমাণ।",shakib,FAVOR
b54055e371742c8c,শুধু সাকিবকে না বিসিবি প্রধান নাজমুল হোসেন পাপন কে এবং টিন ম্যানেজমেন্ট সবাইকে গৌণ দোলায় দিতে হবে বিশ্বকাপের পরে সবাই প্রস্তুত থাকো কারণ এরা আমাদের ওয়ার্ল্ড কাপ স্বপ্ন ভঙ্গ করে দিয়েছে এবার আমাদের ভালো করার একটা চান্স ছিল সেইটাও শেষ করে দিয়েছে এরা😢😢😢,shakib,FAVOR
a7214407db874d89,East and West Shakib is always best❤❤❤❤,shakib,FAVOR
d3465edda0790c68,এই ফাহিম ছাড়ি সাকিবকে খেলা শিখিয়েছেন শাকিবকে কিভাবে খেলতে হবে আশা করি ভালই কিছু শিখেছেন করবে ভালো কিছু করবে এটা আমার প্রত্যাশা বিশ্বাস,shakib,FAVOR
cf5efe797581916c,সাকিব বাটপার একা না আসে টিমের সবাই আসলে ভালো হতো না খরচ তো ওদের পকেটের টাকা হয় না,shakib,FAVOR
39e9f621d7bb6982,"দল জিতুক বা হারুক, অধিনায়ক সবাইকে আগলে রাখবে, মন ভাল করার চেস্টা করবে। অথচ সাকিব!!!",shakib,FAVOR
75135b391f7bd628,Do BCB has disciplinary procedure? Or Shakib set it out? He set a very bad example in Bangladesh Cricket History.,shakib,AGAINST
a2ac50e94daaf638,What is the contribution of world class player Shakib for his team ? Shakib is totally failure as captain of the team Bangladesh ! He should reign immediately if he has shame !,shakib,AGAINST
4f849361b0a798db,"Sakib is not a name of mysterious. He is just a arrogant, selfish and greedy person.",shakib,AGAINST
ae2725fe3c360166,"I think, Shakib Al Hasan was a boastful & hypocrite player of Bangladesh cricket team. He almost performed only for himself. He never wanted the best new players to come up for the Bangladesh cricket team.",shakib,FAVOR
c71442c40eba9142,Shakib Al Hasan is a selfish player 👎,shakib,AGAINST
821b8982ee23b1fb,রাজনীতি ভাই রাজনীতি সাকিব ভালো বুঝে রাজনীতি এই জন্য প্রাকটিস করছে সামনে এমপি হবে তো😅😅😅😅😅😅,shakib,FAVOR
ae07ba7093763b1a,সাকিবের দাড়ি নাই দেখতেই ভালো লাগে ❤❤ যাদের দাড়ি আছো তাদের দেখতে ছাগলের মত😂😂,shakib,FAVOR
98df7dfd53a5013a,Shakib is legend. Sotto jene manuske bichar korun😊😊😊😊,shakib,FAVOR
201fb1c4ce757002,দোষ নেই সাকিবের দোষ নেই সাকিবের। আসল দোষ আম্প্যায়ারের,shakib,AGAINST
73dd3fcd7d558150,Best player sakib. But angry man...because it's mony..,shakib,FAVOR
e745a6c76e480111,"Yes,this is how Shakib reacts against corruption 💜",shakib,AGAINST
167cd1a762b39bb4,"আফসোস, চোখে আঙ্গুল দিয়ে প্রতিবাদ করার মতো সাকিব শুধু একজনই..!! 💔",shakib,AGAINST
b6869fe9003f87b4,কাজ টা ভালো হল না!! সাকিব আল হাসান তো বাচ্চা না যে আউট না দেওয়ার কারণে স্টাম্প ভাঙ্গবে!! এটা তো ছোট বেলায় আমরা করতাম।,shakib,FAVOR
a76a8fc3540431f8,"তোরা ভারতের খেলোয়াড়দের ক্রিকেটীয় আচরণ বিষয়ে প্রশ্ন তুলিস ,কোনদিন কি দেখেছিস ভারতের ক্রিকেটারদের একরকম জঘন্য আচরণ... যদি শাকিব ভারতের খেলোয়ার হত এতক্ষণে টিম থেকে বাদ পড়ে যেতো.... এটাই ভারতের শক্তিশালী ক্রিকেট বোর্ডের উদাহরণ",shakib,AGAINST
f647d81cdd932120,@onlineearth7161 podibad kore sodu Shakib Are ora sobai deke. Understand???,shakib,AGAINST
ec1711867bfa5763,Shakib done great job! Glad he didn’t throw the umpire 😂😂 otherwise another historical could happen!,shakib,FAVOR
e6872dc1a719b3ec,Thik korese Sakib Vai love you vai,shakib,FAVOR
729150c8d6b9c5db,"এই ভাবে অন্যায়ের প্রতিবাদ করার নিয়ম থাকলে আম্পায়ারের প্রয়োজন হতো না, খেলার প্রতিবাদের নিয়ম এই আচরণ বা এই অভদ্র ভাবে?? সাকিব ""সা রে গা মা পা"" খ্যাত সংগীত শিল্পী নোবেলের মতো হয়ে গেছে। সাকিবের আচরণ দিন দিন অভদ্রতার চরম পর্যায় চলে যাচ্ছে।",shakib,AGAINST
8ab955649d7810df,"ভিডিওটা দেখেন,অফস্টাম্পের বহু বাইরে বল পিচ করেছে। তাই LBW এর প্রশ্নই আসে না। আম্পায়ার ফেয়ার ছিলেন।কিন্তু সাকিব তার অহংকার,আর বিশ্বসেরার সুবিধা নিয়েছে। অন্য কেউ হলে নিশ্চিত তাকে মাঠ থেকে বের করে দেয়া হতো।",shakib,FAVOR
751621310af0f356,তারপর কি হলো।????।।সে কথা কে বলবে? শুধু সাকিবের দোষ প্রচার করা হলো।,shakib,AGAINST
f07a85ee1cbf24d6,পাতানো খেলা এভাবে প্রতিবাদ করতে হয়. প্রতিবাদী সাকিব ভাইকে ধন্যবাদ ❤️🥰,shakib,AGAINST
3029e4c4ec622535,বাংলাদেশের আম্পায়ারিংগুলো এতটাই খারাপ তা খেলা দেখলেই বুজা যায়। সাকিবের প্রতিবাদগুলো ঠিক আছে। বাট তার আরো ধৈর্য্য ধরার প্রয়োজন।,shakib,AGAINST
696ceae5da7ec549,"Shakib Al Hasan is right, Umpire fixed the match",shakib,FAVOR
048db59dfef82d95,ভাল লাগলো। এরাই তো দেশের লিজেন্ড। তই স্টাম এ লাথি দেওয়া আর আম্পায়ার এর গায়ে লাথি দেওয়া সমান কথা। স্যালুট ভাই। বাইরের প্লেয়ার দের আমাদের এক সাকিবের কাছ থেকে প্রতিবাদ শেখা উচিত। সবাই যদি এভাবে লাথি দিয়ে স্টাম ভাংগে তাইলে হয়তো ফিক্সিং আর হবে না।,shakib,FAVOR
f354e22115309af8,"সাকিবিরের আচরণ মাঝে মাঝে এমন হয়, এটা একটা ভালো প্লেয়ার এর আচরণ হতে পারেনা।",shakib,FAVOR
f8cc6afd3c335795,খুব ভালো লাগছে শাকিব ভাই আছি তোমার সাথে,shakib,FAVOR
fc88a57b21ce7733,"ধন্যবাদ সাকিবকে! সাকিব স্ট্যম্প ভাঙ্গেন্নি,, সাকিব অন্যায়ের প্রতি বাদ করেছেন।",shakib,AGAINST
6ee74690a2c3e9d7,যারা সাকিবের এমন আচরন মানতে পারছেন না তারাই কিভাবে প্রতিনিয়ত দেশের দুর্নীতিগুলো মাথা পেতে নিচ্ছেন সেটা ভাবতে অবাক লাগে!,shakib,AGAINST
34a8e543d9207cf6,দুর্নীতি যেখানে শাকিবের লাথি সেখানে love u Boss❤️💯,shakib,FAVOR
2c60e63a86a21311,"সাকিবের এই ধরনের আচরণ-মানতে পারছি না,ফর্মে নই বা ভালো কিছু না করতে পারলেই এমন দৃশ্য মাঝে-মাঝে দেখি! নিন্দা জানাই ঘৃণা জানাই সাকিবের প্রতি। ব্যাপারটা মনে ব্যাথা দিল- এরকম একবার হয়নি,যত দ্রুত সম্ভব এমন বেয়াদবকে দলথেকে ও ক্রিকেট অঙ্গন থেকে বিদায় জানাবার ও উচিত শাস্তির দাবি জানাচ্ছি..!",shakib,FAVOR
3b1214a12a7b23bb,verry good dicition. Boss is back ❤❤ love sakib al hasan..❤,shakib,FAVOR
45ccd14d6e982344,"বাংলাদেশ মনে হয় আইসিসি থেকে বাদ পড়তে পারে, এজন্য সাকিবকে নিতে চাচ্ছে।",shakib,AGAINST
290052797dc316b8,যখন এভেলেবেল খেলা ছিল তখন সাকিবুল হাসানকে দলে নেয়নি তারা আর এখন কোন খেলার কোন খবর নাই এখন সমালোচনা থেকে বাঁচার জন্য তাকে দলে নিয়েছে 😅 0:36 😅😅😅😅,shakib,AGAINST
51e8425c5f4966f4,"বিশ্বকাপ থেকে বাংলাদেশ দল বাদ পড়ায় দেশের মানুষকে সান্তনা দিতে ভুলভাল আলোচনা শাকিব আল হাসানকে নিয়ে, এতদিন এসব আলোচনা কোথায় ছিল, শাক দিয়ে মাছ ঢাকার চেষ্টা",shakib,AGAINST
7452cd717ff706f2,আমাদের প্রিয় বিশ্বসেরা অলরাউন্ডার সাকিব আল হাসান।তার কথা শুনে অনেক ভালো লাগলো।সাকিব আল হাসান থাকলে বাংলাদেশ এই ম্যাচ জিতে যেতো।আমাদের সাকিব আল হাসান তো ফিরবেই একদিন।দোয়া রইল পরের প্রস্তুতি নিয়েই জিতবে বাংলাদেশ ইনশাআল্লাহ❤️❤️❤️,shakib,FAVOR
63f3082387e9f5b4,Shakib is right. You media never tell real thing. Go with a flow is not a solution.,shakib,FAVOR
cc7b3576aa59d68b,সাকিব নিজে বলে টেস্ট ভালো লাগে তার। রেকর্ডও ভাল তার। পাপনের মতো বলদের কথায় কি আসে যায়?,shakib,FAVOR
178f0b6e1dccc052,Shakib will come back strongly in sha allah. Love u Shakib❤,shakib,FAVOR
25606c3eb391f9bd,Very sad news...sakib al Hasan is good player love u ❤😥 from India 🇮🇳,shakib,FAVOR
20c4f46aa9959244,Mja bht Dhuk h2a yr m Br br Apna Czn ko Bta Rha hn Love From Pakistan 🇵🇰🇵🇰 Miss U Shakib uL Hassan,shakib,FAVOR
5388e2eed53b96b0,Keu vai sakib fixing kiya?? Nehi usne refused kiya 😍 iss liye respect our bhi bar gaya ❤,shakib,FAVOR
ca537a4a87b92572,Very sad for shakib but bcz of his match fixing it is right that he is banned grt anaylise ramiz sir love from Pakistan😘😘😘 miss u shakib and ur cricket,shakib,FAVOR
cc5c07090b561ff1,Shakib Always remain in Our heart... We always stand with him. Love you man. He is our pride.,shakib,FAVOR
1250757cd2d3cddd,We will miss shakib in cricket ground. Love from India.,shakib,FAVOR
ee13aa19f567cbc2,Papon has doing skillful Against Shakib. Great drama seen BCB president. We sorry to say Shakib as a Bangladeshi fan. We know all about behind the sinereos,shakib,FAVOR
2599a651447b40be,Sakib ne Strike kiya tha board ki khilaf... Papon sab ha board ka Chairman... Onhone chal chali.. Ow yea bat jante te the sakib ko fixing ki liye propose kiya tha lekin sakib ne mana kar diya tha.. Sakib ka galati yea he sakib ne kisiko bataya nehi For safty reason... Sakib board corruption ki opore awaj diya Or board president icc ko bata diya Hamari player ne Fixing Propose acc o nehi bataya,shakib,AGAINST
fca0213c06547fa8,"Stupid people, if you guys see bad for people then happy. Awesome Shakib",shakib,AGAINST
90be2f1d3671c355,ICC number 1 all-rounder living legend Shakib All Hasan we will Miss u! We love so much! 😍😍😍😍,shakib,FAVOR
5b66c3183e47e965,"Shakib will come back strongly,he is great allrounder,love from india😊🙏",shakib,FAVOR
9f8aa699a0f06290,We miss you shakib Bhai aap ka khel best hai. World Kay best all-rounder Mr Hassan Saab. Love you sir from INDIA Agar aap ko comment Achcha Laga Ho To please Mere channel ko subscribe karo,shakib,FAVOR
486960af175c93f3,Shakib al Hassan is the greatest living legend Believe that !!!,shakib,FAVOR
1a19d5591837b79a,Shakib is not chor.... Usko fasaya gaya hae bhai. Bcb chairman ne ektara ka badla liya hae iske jariye,shakib,AGAINST
b9c9eb7b092e2f6e,I really sorry for sakib al Hasan....love from india...,shakib,FAVOR
249db35619ece39a,Shakib zaat ze barbar lag raha ha... Lag gayi bad dua president of BCB ki....😂😂,shakib,AGAINST
e6f08bf0aa730235,I support shakib UL hassan...... Kashmir bnay Ga pakistan....🇵🇰🇵🇰,shakib,FAVOR
91fc26f431ec6283,It is good decision by ICC but the most good thing is that shakib agreed it. This is why Shaki is great.,shakib,FAVOR
12280eb540a074ed,I am from india but i must say shakib is one of the match winner player...... Fans will miss him,shakib,FAVOR
420654f5cca19615,"Shakib is the most underrated player of the generation, he is without a doubt the greatest Bangladeshi player of all time",shakib,FAVOR
71624dc17dc36b69,Absolute Class of shakib! Love from India! Support world class cricket!,shakib,FAVOR
6761f2a4de3fdd0c,Always knew shakib will be the one for Bangladesh. Love from India! 😘😘,shakib,FAVOR
1fffb29c4b535f36,Shakib is my favourite all rounder. Love from India🇮🇳🇮🇳,shakib,FAVOR
483d67116799a835,Well played shakib 👌🏼👌🏻👌🏻 Brilliant innings ✔ 🇮🇳LOVE FROM INDIA 🇮🇳,shakib,FAVOR
4b0e21ee5707080e,Shakib is my favorite player respect from Pakistan shakib gerat work 👌🏽🇵🇰❤🇧🇩,shakib,FAVOR
dded6c62a06d7fbd,WELL PLAYED MR. ALLROUNDER SAKIB SIR BEST OF LUCK 👍 LOVE FROM INDIA 🇮🇳,shakib,FAVOR
c44333e2d4ab381a,I love you Bangladesh shakib Al Hasan liton das 🇧🇩🇧🇩🇧🇩,shakib,FAVOR
8f4440147997f0a3,World class performance by legendary super shakib the no. 1 all rounder for the longest time in all formats of cricket. Back to back centuries in WC matchs.,shakib,FAVOR
0a7f0bda8aa339da,Biggest alrounder in asian team ever🇮🇳 respect from india even just like kapil paji n sir imraan khan bcz those tym they had a big name as well as but when we see bangladesh team there's no big name player's its all around shakib Respect from india🇮🇳🇮🇳💕,shakib,FAVOR
71888820c9e68202,Shakib best all-rounder in the world .. Respect from India,shakib,FAVOR
05432d4f69158f7a,With the ball With the bat Bangladesh is so blessed to have shakib al hasan Also superb knock by litton das Thats called fighting spirit. Very well played bangladesh. Support frm us indians.,shakib,FAVOR
7eff5d9d734de815,@yashpatel8366 hardik🇮🇳 is best at big hitting n Fielding but bro shakib bat on no.3 in this wc n as good as well in bowling that's why he's no.1 all rounder,shakib,FAVOR
27300016dcb79ccc,"@yashpatel8366 guys, are you kidding me? hardik, jadeja being better allrounders? and shakib being the best only in asia? no!! shakib is the no.1 in the world and he had retained this place for a long time",shakib,FAVOR
4b98df2b22496044,Shakib one of the best player in the entire world..😍😍. But always underrated.. 😔😞,shakib,FAVOR
bc83779acb53bb38,Tremendous batting from bang... Shakib u r champ respect from pakistan,shakib,FAVOR
2575e347d403ea61,Hamza Kamal well now he is know but when Bangladesh were a bad team I understand he didn’t get that much fame. But now Bangladesh is a good team and shakib is known,shakib,AGAINST
2938cb19756e44ac,Well played by shakib and Liton grt. Win love from pak,shakib,FAVOR
f4a316197ca6ab0c,World best all-rounder... Shakib Love from India.... Best of luck for next matches...,shakib,FAVOR
329ddfaf3ce3fb8c,My fav Shakib al hasan best all rounder. Love from India🇳🇪🇳🇪🇳🇪🇧🇩🇧🇩🇧🇩,shakib,FAVOR
9c1db24feb1d7d92,Shakib and Liton ....very well played yaar.....BD is for sure among top five - six teams of the world. Hats off to Shakib ...showing great to his juniors....leading the pack...Great....very impressive !!! Good to see quality cricket.....respect from India.,shakib,FAVOR
1d5da609db947e3a,Great playing shakib and he is really good player love this......,shakib,FAVOR
a33d0fc96dbcffad,"i love shakib, this is my icon",shakib,FAVOR
ef602f2be6de3420,সাকিবকে যারা খারাপ বলে তাদের বিবেক নেই।,shakib,AGAINST
d641ac8f08438b16,পাপন স্কোয়াড যতদিন থাকবে ততদিন এসব ঘটবেই। sakib is right,shakib,FAVOR
5d37d26964a1178b,এদেশে অন্যায়ের প্রতিবাদ করতে গেলেই শাস্তির সম্মুখীন হতে হয়। সাকিবের সাথেও ঠিক সেটাই হয়েছে।,shakib,AGAINST
24a0700c89debc8d,দুর্নীতি যারা করে তাদের কথা না বলে সাকিব না,shakib,AGAINST
486116b6e7a643ba,শাকিবের চেয়ে নাসির একটু বেশি ভালো আছে।,shakib,FAVOR
6853c6a17564a36b,Sakib to onnay er potibad korese keno tar sasthi hosse ...,shakib,AGAINST
78e08fd1d593bd4e,শাকিব কে আমি সমর্থন করি.... কেননা ক্রিকেট দুর্নীতি আর অনিয়মের বিরুদ্ধে সে প্রতিবাদী খেলোয়াড়....,shakib,AGAINST
8c03beef1f6e4fbd,"যদিও সাকিবের উপর অনেক রাগ ছিলো।কিন্তু , ভিডিওটা দেখে বুকে চাপা কষ্ট থাকলেও বাংলাদেশ যেন বিশ্বকাপে নিজে ভালো অবস্থানে নিয়ে বিশ্বকাপের ট্রফি🥇🏆জয় করতে পারে 🏏🏏🏏",shakib,FAVOR
414731dfadc2a1f4,I love Shakib Al Hasan cricket the boss Shakib Al Hasan number one boss Shakib Al Hasan❤❤❤❤,shakib,FAVOR
c9e2f8605112f862,"Shakib the king of back, this is the first cricketer in the world, 15000 Run + 700 + wicket",shakib,FAVOR
54e5771d322af671,"MY REQUEST TO SAKIB : DON'T GO TO BANGLADESH. NO NEED TO PLAY ANY MATCH IN THAT COUNTRY. AFTER KANPUR TEST, TAKE RETIREMENT FROM CRICKET AND STAY IN INDIA FOR FEW DAYS. MEET YOUR LEADER SHEIKH HASINA WHO IS ALSO STAYING IN INDIA AND DISCUSSING WITH HER CHALK OUT YOUR NEXT STRATEGY. LISTEN HASINA'S ADVICE BECAUSE SHE IS YOUR LEADER AND I AM SURE SHE WILL GET BACK POWER IN BANGLADESH. ONLY THEN YOU SHOULD GO TO BANGLADESH AND DO WHATEVER YOU WANT TO DO.",shakib,AGAINST
ce09cadf3b30c079,In bangladesh now sakib al hasan has more haters than fans. We hate sakib .,shakib,AGAINST
63a803ab9a53e2de,"Yeah, just 3 days after the player strike Sakib got banned. Well played.",shakib,FAVOR
ca336a2ef1f37bce,আসলেই আমি ছোটোবেলাতে খেলা দেখতাম প্রচুর ভালোবাসা খেলাধুলা দেখাকে সাকিবের ফ্যান ছিলাম!!! কিন্তু ২০২২ সালের পর থেকে এসব রঙ্গলিলা খেলোয়াড় আর এই খেলার জগৎ ত্যাগ করলাম!!!,shakib,FAVOR
4f030276ea649ae5,"সাকিব খেলোয়াড় হিসেবে ভালো হলেও মানুষ হিসেব,লোভী ও ছোটলোক।",shakib,FAVOR
7adc0710239b53b6,এই ভালোবাসার নাম হয়েছে নোংরা ভালোবাসা এই ভালোবাসার কোন মূল্য নাই সাকিব একজন ভালো মানের খেলোয়ার তাতে কোন সন্দেহ নাই,shakib,FAVOR
8fe08df4de02923b,মাঠে সে তার কেপ সবাইকে দিয়ে দেয় সব সময় সবার মন খারাপ হতেই পারে তাই বলে সাকিব ভাই কে কেউ খারাপ বলা যাবে না,shakib,AGAINST
f7bfb4d564f3e5c2,Valo korche sakib cap niya dor daowa mane cori kora...,shakib,FAVOR
a7b3a003f7b52108,শাকিব ভালো কাজ করেছে আমি হলে আরো ভালো করে দিতাম,shakib,FAVOR
7b2f4957f17d15b8,সাকিবের ব্যবহার তো অনেক আগে থেকেই খারাপ এটা আবার নতুন কি। সাকিব একজন ব্যাবসায়ী,shakib,AGAINST
286875e7da1ef0d4,খেলোয়াড় হিসেবে ভালো কিন্তু মানুষ হিসেবে ভালো না সাকিব,shakib,FAVOR
39a05288cb97fac5,শাকিব আল হাসান অলরাউন্ডার সে খেলা ভালো পারে সেজন্য আমি তাকে পছন্দ করি কিন্তু মানুষ হিসেবে নয়,shakib,FAVOR
dfe7421c766fbc05,Sakib mathei sera r baki life ta sobar e to jana eta niye news korar ki ace??,shakib,FAVOR
60633da176ece3f6,Shakib er jaigai ami hole 2ta lathi ditam oi fan k.....shakib is right,shakib,FAVOR
7fe5e2884d98e413,"আমি মনে করি সাকিব ভাল কাজ করেছে,মাঝে মাঝে ভক্তরা এমন কিছু করে বসে যেটা মেনে নেয়া যায় না।।।",shakib,FAVOR
2de278502499a1db,সবারই ব্যক্তিগতভাবে স্বাধীনতা আছে । সাকিব সঠিক কাজ করেছে। Love you Sh75💙❤️‍🩹,shakib,FAVOR
03f7fbfe29cf01e4,ভালো করেছে সাকিব বাংলাদেশের ভক্ত এরা একটু বেশি লাফালাফি করে,shakib,FAVOR
abf0120c62d43cb0,"সাকিব ভাই আপনার বোঝা উচিৎ ছিল, আপনার ক্যাপ বা অন্য কিছু প্রকাশ্যে কেউ জোর করে নিতে চাইলে সেটা আপনার জন্য গৌরবের। পঞ্চাশ একশ টাকায় ভাল একটা ক্যাপ পাওয়া যায় কিন্তূ আপনার টা সেলিব্রিটি। বুঝলেন না। ভক্তদের মনটা ভেঙ্গে দিলেন।",shakib,FAVOR
dce5961dfd557582,Shakib is Shakib. Only one Bangladeshi great player in history.,shakib,FAVOR
ac89f87a3c9b694c,শাকিবের কোন দোষ নাই দোষ নাই আমাদেরই দোষ আমরা কেন যায় কেন ওদের খেলা দেখি আমার ঘরের পাশেও যদি ওরা এসে নাচানাচি করে এত নাচানাচি কি আছে ওদের নিয়ে করার। কোনদিন খেলা দেখতে যাব না,shakib,AGAINST
1e6fb7692a1ad0af,"শাকিব, এর আগেও ভক্ত কে পিটিয়েছে,তারপরও একদল বলবে শাকিব ভালো মানুষ",shakib,FAVOR
d4f14d8537d87e95,"সাকিব প্রমাণ করে দিল সে একজন খারাপ লোক, একে দেখতে যারা ভিড় জমায় তারা এখন দশবার ভাববে।",shakib,AGAINST
af3ca67528475ae7,আমার মতে সাকিব অনেক ভালো কাজ করেছে,shakib,FAVOR
343015b2c5deaae5,আমি সাকিব ভাইকে অনেক ভালো মানুষ মনে করতাম আসলে তিনি একজন ছোট মনের মানুষ,shakib,FAVOR
b96d908627ccfb61,"asecen amar thik bethik dekhate,,,sakib er 2nd stri hoben naki??.",shakib,AGAINST
2a2eea0c8102acac,Matha kharap naki.... Shakib er Cap curi korle rag dhprbe na naki?.,shakib,AGAINST
54b19e8d473e18a5,@Biologyhaters-k2t সাকিবের প্যন্টের দাম ও তো খুব বেশি না।এই রকম প্যান্ট সাকিব লাখ লাখ কিনার সামর্থ্য রাখে তার মানে কি আপনি এখন সাকিবের প্যান্ট টা নিয়া দৌড় দিবেন আর ও দাড়ায়ে দেখবে..? পছন্দের জিনিস বা পার্সোনাল জিনিস বলতেও তো একটা জিনিস আছে।,shakib,AGAINST
b5444f2e1f12008d,"আজকে আমি সাকিব ভাইকে সমর্থন করবো। তুমি তার সাথে ছবি তুলতে পারো,দূর থেকে দেখতে পারো,তাই বলে তার মাথা থেকে ক্যাপ টেনে খুলতে পারো না। আর এত ভীড়ের মাঝে মেজাজ হারানো আহামরি কিছু না,কারণ সে একজন মানুষ।।।।।।",shakib,FAVOR
9a78e27a57cf2a79,ভাই আপনারা কে কি বলবেন জানিনা সাকিবের আচরন ভালো না।,shakib,FAVOR
40319006deed6692,সাকিব কে ভালবেসে তোমাদের লাভ টা কি ভাই বলেন।সাকিব তোমাদের কি লাভ টা করে।ক্রিকেট খেলে দেশের কি লাভ হয়।,shakib,FAVOR
caccba85ec0b9a2c,"জুয়ারী কখনো ভালো মনের মানুষ হতে পারে না, আয়রে সাকিব, কল খারা সাকিব",shakib,FAVOR
b05c0ad3104a6f11,সাকিব এর অহংকার বেসি। আর কোনো দিন ভালো খেলতে পারবেনা। মানুষ এর মনে কষ্ট দিচে।,shakib,FAVOR
d65bb11c830d7437,শাকিব একদম সঠিক কাজ করেছে নেকামি ভালো এত বেশি ভালো না,shakib,FAVOR
cbcca18e05194652,"সাকিব্বেৱ চেয়ে ভারতীয় ক্রিকেটারৱা অনেক ভালো। অহংকারী মানুষ,,,",shakib,FAVOR
b8b36431179432c2,"To comment a jara kheptesen tars churi support koren,🙃 sakib overreact hoito korsen but spineless der moto kisu na bole aisa to porbe na…",shakib,FAVOR
b6fa01d4cd405b10,Really !! it's a bad news for shakib and his fans as well ....,shakib,AGAINST
d6b9c786d5db2455,I all so love sakib al hasan,shakib,FAVOR
1fad6c5932ae3d16,You just saw a face off between two great cricketers. Shakib - The best cricketer from Bangladesh and the best all-rounder of modern cricket. Gayle - The most devastating t20 cricketer ever.,shakib,FAVOR
e818290ee88f1f47,Shakib al hasan is a one of the greatest all-rounder of world cricket history. And Cris Gayle is one of the best runner as a opener in the world Cricket. 2 is Legend of cricket. By the im from Bangladesh 🇧🇩,shakib,FAVOR
d6ea0d52aeeb69ce,Shakib All Hassan is the best player ❤️🇧🇩,shakib,FAVOR
326547367d6b4db9,Shakib is the world's best all rounder and C. G. is the world's best hard hitter.,shakib,FAVOR
0b511c3862aa3292,Best all rounder is the world Shakib Al Hasan,shakib,FAVOR
113493ec093f7785,Shakib is the best alrounder of the world,shakib,FAVOR
6c9b75fac3aafd89,Shakib al hasan is the best All Rounder in the World.,shakib,FAVOR
ce420516889fc48b,Saying Bangladesh is the 2nd best in Asia is laughable. They have a long way to go to even come close to Pakistan and Sri Lanka . But have to admit that Shakib is one of the best all rounders in the world nonetheless.,shakib,FAVOR
b5b0057f68395732,"Shakib is the best allrounder of this generation. The Bangladesh team is strong only because of him. Without Shakib, Bangladesh will just be another Sri Lanka.",shakib,FAVOR
d36ac477b1cbde96,শাকিবকে বোয়া আউট না দিলে বাংলাদেশ আজকের ম্যাচে জিততে পারত। শাকিব থাকলে ১৫০ রান হতো। Shakib Al Hassan is the best cricketer in the World. ❤️❤️❤️❤️❤️❤️🧡🧡💚💚💚💚💚💚❤️❤️❤️❤️❤️❤️❤️,shakib,FAVOR
855d182fcad39e2e,সাকিবকে বাদ দেওয়া উচিত টি ২০ থেকে।তার কোনো পারফর্ম নেই।,shakib,AGAINST
97852e144539ce13,২০১২সালে ও কিন্তু পাকিস্তান ২রানে জিতেছিল এশিয়া কাপে ফাইনালে পাকিস্তানের বিপক্ষে দুর্দান্ত শটে২ রান নিতে গিয়ে মাহমুদুল্লাকে বোলিং বাদা দিয়ে ছিল কিন্তু তখন এতো আবেদন হয়নি আজ যেমন সাকিবের আউট দেয় এলবিডব্লুর ফাঁদে পড়ে কিন্তু বেঁটে বল লাগলেও এটা বলে মাটিতে আজ ভারতের বিপক্ষে এমন হলে কত আন্দোলন তবে বাংলাদেশ কে আমি মনে করি ক্রিকেট থেকে বহিষ্কার করা দরকার,shakib,AGAINST
3ded418573a041b8,This is call Bangla tiger influence. Despite all of this we love Sakib Al Hasan.,shakib,FAVOR
92568475af8613d5,He is The King of Bangladesh Cricket Sakib Al Hasan 😁😁😁😁👑👑👑,shakib,FAVOR
e98fbff309ec3d7e,my favourite cricket Shakib Al Hasan she is best Bangladesh cricket world number one all rounder we'll legend cricket world 75 🇧🇩🇧🇩🇧🇩🇧🇩🇧🇩🇧🇩🇧🇩🇧🇩,shakib,FAVOR
44ee254b07bb258b,Shakib al Hassan is best all rounder of Bangladesh in every time,shakib,FAVOR
4aecf95ebddba99b,"Greatest🥶 All-rounder #SH75 🔝 World Cricket Tests, T20, ODI 3 Formats 10 Years Only One Players No-1 All-rounder And International Run 14700+ & Wickets 710+ International He has won 41 man-of-the-match awards Daddy Of All All-rounder Shakib Al Hasan King always King Legendary ☠️👑💎🐐🗿 😗 T20 Cricket League -7500+ Run And 500+ Wickets T20 Man Of The March 45+ Same Only One All-rounder Shakib Al Hasan What A Legendary 🥶📸 SHAKIB _Champions _ Tittle 9 Winner 🏆🏅 IPL- 2 Time Win, BPL 3 Time Win, CPL 2 Time Win, PSL- 2 Time Win ✨",shakib,FAVOR
8fb41fae26e9d676,"Love him,you had me in tears🥹❤️❤️those was the days when Shakib vai used to play for us🇧🇩",shakib,FAVOR
301da7be3db665b5,Indeed sakib was a great player But not so good human,shakib,FAVOR
a505d90b1da1b7a7,I Heard there is so much fixing going on in domestic matches and Shakib is against them. That's why he is reacting like that I think. He is also very blunt about corruption in Bangladesh Board.,shakib,AGAINST
ae6e437f483612e1,"​ @sks7205 Excellent...Vai, apni ki Shakib er bashar kajer lok naki?...Eto dorod utle othe apnar or jonno?...",shakib,FAVOR
e35652217dc73cb0,@sks7205 I think you are right brother that's very sad they making shakib a scape goat,shakib,FAVOR
4ff252fdc976f2b1,"In IPL, umpires are not corrupt. There is a distinct difference between a genuine umpiring mistake (can also be called a human error) and an intentional umpiring mistake (due to corruption). Shakib protested against a corrupt umpiring decision. In IPL, even if a umpire makes a mistake, it can be corrected through drs. But in DPL, there's no third umpire! Let alone drs! So, even if a umpire makes a mistake intentionally or unintentionally (here intentionally), you have no choice but to admit that!",shakib,AGAINST
7903319cb1f00b68,Shakib al hasan is the best player and captain of the world,shakib,FAVOR
4fb00ed94f7d2a46,"আমি মনে করি ঠিকই বলেছে সাকিব, সাংগাতিকরাতো প্রশ্নও করতে পারেনা। সেতো বিদেশি সাংবাদিক কে ঠিকঠাক ভাবেই উত্তর দিছে।",shakib,AGAINST
4894786315cd29b8,সাকিব যা করছে ভালো করছে।এইখানে খারাপের কি আছে?,shakib,FAVOR
cc6769b51da06cf8,"আমি সাকিবকে মোটেও পছন্দ করি না। লোকটা দাম্ভিক প্রকৃতির। তবে সেটা তার ব্যাক্তিগত ব্যাপার। তার সাথে কেবল খেলা দেকজা ছাড়া আমার আর কোন কাজ নেই। সাকিব মিডিয়ার সামনে যেভাবে কথা বলছে, এর চাইতেও জঘন্য ভাবে কথা বলা উচিৎ। শুধু মাত্র নিউজ তৈরি করার জন্য ওরা সব কথাই বিকৃত ভাবে উপস্থাপন করে। দেশের ক্রিকেটের এই অবস্থার জন্য মিডিয়াই দায়ী। বাংলাদেশের মানুষের কাছে অনুরুধ। সাংবাদিকদের তালে নাচবেন না। আপনারা কল্পনাও করতে পারবেন না ওরা কতটা জঘন্য হতে পারে। শত্রুকে বীশ্বাস করলেও সাংবাদিকদের বীশ্বাস করবেন না।",shakib,AGAINST
106d359c8528cc08,সাকিব ম্যানেজমেনট অংশ দল খারাপ করলে তার দায় বেশি।ভুল সিলেকশন করে শাকিব সহ পুরা দল খারাপ খেলে,shakib,AGAINST
563913f1e4e5dad3,Shakib is best love from west Pakistan🇵🇰💚🇧🇩,shakib,FAVOR
33f80dfca311db36,"The way shakib dealt with that idiot journalist who was disrespectful, he got my respect for that, 🇮🇳🇮🇳🇮🇳🇮🇳🇮🇳",shakib,FAVOR
ef314107b9f4bdd3,"I am from India, but Shakib is the one of the BEST CAPTAIN. He got a lot of Fans in India.",shakib,FAVOR
ed84feed3432d5e0,Bangladesh is in great hands! Sakib has the right attitude and he acknowledges what went wrong! If someone has the maturity to accept their fault then they will improve for sure Very matured response from Sakib! Best of luck,shakib,FAVOR
9264e5d146d02035,High class maturity from shakib while handling the press.,shakib,FAVOR
85a149cbb7df2ee6,Love from India Shakib.. big fan of urs. U r a nice person also apart from being a class cricketer ❤️,shakib,FAVOR
795d130183e17efe,Respect man! Great reply to all the reporters Shakib.,shakib,FAVOR
cf1ca13bcbab2156,The first gentleman asking the question was very rude. Shakib answered very respectfully,shakib,FAVOR
bc25fea1d69795af,Lot of respect for Shakib ! What a statesman . His folks must learn and follow his thought process . BD team will go long way with his kind of attitude.,shakib,FAVOR
78de4f5ca698069e,Shaking is such a gentleman and so likeable. Sharp contrast from Pak players and media after they lose to india. Big fan of Shakib after this,shakib,FAVOR
ab5869e52a9abc22,Your answers were good..shakib.. you r +ve.. Well played ..one day you will a major tournament,shakib,FAVOR
cd3a8ad2ce3e0415,Shakib changed a lot ... And i hope in future of Bangladesh will be great under his captaincy,shakib,FAVOR
9d162e085e8e8fd6,He earned my respect here 13:24 ❤ true sportsmanship spirit by not exposing their private conversations in front of everyone 😊 We all understand what might be that conversation between Virat and Shakib but he didn’t disclose 💞,shakib,FAVOR
9f79dc817c29141d,Shakib... A gem of a person... Great responses to these irrelevant journalists.,shakib,FAVOR
1c5b484d734615ae,All are just trying to cry and wanted Shakib to play victim card .. but being a champion player he gave great replies,shakib,FAVOR
0fa0c310ec57b549,"Kya baat hai! India has now started pressurising icc, to win. Excellent! It's graceful of Shakib, not to cite that the conditions weren't acceptable to play. India owes his largeness",shakib,FAVOR
addb655f568c8297,Pakistani should learn something from such great player lots of respect to shakib from 🇮🇳😊,shakib,FAVOR
cf8aa65cfdd7b04c,These type of journalists should ban from pc😡😡 I am talking about that first question.. Actually he was so lucky that Shakib didn't react that moment,shakib,FAVOR
e1e543ef44d633b3,Polapain valoi khello Shakib vai. Oder opor rag ber koiren na,shakib,FAVOR
653243859449375f,Shocked at the bizarre line of questioning by a Senior Journalist like Mr. Dutta. Post match conferences are not a platform for Journalists to post sarcastic comments at the players (that too without any humour). Shakib handled it with great maturity. He would have surely received a mouthful if Kolhi would have been there. Pathetic.,shakib,FAVOR
bb4de84cb27a2b5e,Shakib is the same same guy who went to hit a standing umpire with stumps and was fighting aggressively on a cricket ground.... Baashhha boooshhhuu ....... He is improving though...allnthe best for next match....,shakib,FAVOR
919b40c03240e0aa,The first journalist is pathetic. Trying to taunt Shakib by asking about rivers,shakib,FAVOR
cc3146a626484b0f,What kind of idiotic question first journalist tried to ask? not to play as they were winning at that time...Great response from Shakib..its a game let it remain a game.,shakib,FAVOR
7f77bc0a357b6a28,"Journalist should understand that if Shakib doesnt agree with umpire's decison , then it will b walk over and india will be awarded a win.....someting like India vs Srilanka semifinal 1996 WC in eden gardens ..why these half knowledge journalists come and ask useless questions",shakib,AGAINST
4885afb71bd533b6,The way Shakib ul Hassan talking in press conference he seems like confused also when the question has been asked him about discussion he had with umpires and rohit during the rain he’s answer was unbelievable..personally I think this match was fixed umpires and icc Are big time match fixers they don’t let beat India because India gave them massive business icc in ipl so Indians are fixers as well.,shakib,FAVOR
d0cb1330fa1ae1ef,Shakib is thinking that if he will say anything against India then he will not able to play IPL,shakib,FAVOR
992932237858f338,"Shakib was one of the best alrounders to play for KKR and International cricket. I know later on there was some behavior issues. But, still, those time, we had Kallis and Shakib.. It was a nice team.",shakib,FAVOR
26c67f68e2c64393,"GG, J.Kalis, E.Morgan, R.Uthappa, M.Panday, Yusuf Pathan, Sakib, Narine, Russel these are golden players of kkr. Who love kkr can't forget them",shakib,FAVOR
588104c9d4499517,Sometimes I think Sakib anger on umpires was not a bad thing.,shakib,AGAINST
f177b16a9351df1d,Ai gan sodio Sakib all hasan are Jonno niyec sakib is the best ❤️💕🥰,shakib,FAVOR
baccb960069a4f07,Shakib Al Hassan is the king in the world 👑👑👑👑👑👑❤️❤️❤️❤️❤️👑,shakib,FAVOR
0fe78b81a4d84589,Aijnnoi to ato Love kori boss.. Love u Sakib al Hasan,shakib,FAVOR
4cf0780cd5a69584,I love you shakib al hasan vai,shakib,FAVOR
90d7753143fd550c,Shakib Al Hasan is legend. Love from west Bengal India.,shakib,FAVOR
bd503bb9cb2b8e73,Dorkarmoto protibad nai aj koi sei sakib?,shakib,AGAINST
8f5a8748c056d035,সেই সময়ের সাকিব আর বর্তমানের সাকিবের মধ্যে কত পার্থক্য..... ভাবতেই খারাপ লাগে।,shakib,AGAINST
e47b7d2eb4dbe866,Maturity is when you admit that Shakib is Right. it was a fixed match and Sakib can argue this without getting banned he is Right and some sh!!ts are talking about education,shakib,FAVOR
1ca4d758878a8ab1,Shakib BAL hasan.... He disrespect cricket..... N now hole cricket Univers disrespect him,shakib,FAVOR
652d92cede1bc092,I love Shakib I love Bangladesh 🇧🇩🇧🇩🇧🇩🇧🇩 From Lebanon 🇱🇧🇱🇧🇱🇧🇱🇧,shakib,FAVOR
de36381f9a74262a,Sakib is something else ... Bangladesh 🇧🇩 is lucky to have him . Love from India 🇮🇳,shakib,FAVOR
fcb8212b45024f3f,He is a living legend . He is a super all-rounder in all over the world . Bangladesh should be proud that they have a cricketer like shakib Al Hasan. #Lots of love and respect from cricket kingdom,shakib,FAVOR
1d82bfb0bb9dd934,"Big support for you my brother shakib,, from Pakistan🇵🇰🇵🇰🇵🇰 i love to watch your batting,, superman",shakib,FAVOR
163a97ab378cfab3,lol..Shakib is best..and where is holder? Shakib is 99% better than holder,shakib,FAVOR
bcca655bed5db9aa,"@rapistgodsrikrishna6640 Bro,i've just used a metaphor here.. I am not talking about science .... It’s just a feeling that i feel about shakib...",shakib,FAVOR
3930108b742a47bb,Shakib is Superman of Cricket and All time best all rounder... And a great legend,shakib,FAVOR
3f5560e0c91065be,Shakib is my all time favourite player. When my friends asked me being an Indian why I'm fond of shakib then I just smile and tell them love and respect don't show nation..Love from India... Shakib you're my superstar,shakib,FAVOR
566481d595160d75,Sakib is a legendary player. We proud of him.,shakib,FAVOR
d753cafdc083930c,সাকিব ভুল কি বলেছে? ভারত বাংলাদেশের চেয়ে যোজন যোজন এগিয়ে। সত্য তেতো হলেও সত্য তো সত্যই।,shakib,AGAINST
16575e0463bf346a,Vai....sonen...banlar tim kintu moteu kharap na..r sakib se to agei jane..ai khela amra jitbo na.... ba jeta jabe na....unar kono dos nai...,shakib,AGAINST
11286239420dbc49,সঠিক বলছে সাকিব। ভুল কিছু তো বলে নাই,shakib,AGAINST
f467ad3fc841b0de,যারা সাকিবের মন্তব্য নিয়ে বাজে কমেন্টস করতেছে....তাদেরকে বলতে চাই.... যেখানে bcb এর সভাপতি পাপন নিজেই বলে আমরা এ বিশ্বকাপ জেতার জন্য খেলবো না.... সেখানে সাকিবের বলাটা দোষের কি.....,shakib,AGAINST
56a30c3a11099a6d,আরে ভাই শাকিব কিন্তু ভুল কিছু বলে নাই। আমাদের বোর্ড প্রেসিডেন্ট বলছেন যে এই বিশ্বকাপ আমাদের টার্গেট না আমরা নেক্সট বিশ্বকাপের জন্য প্ল্যান করতেছি। তাহলে শাকিব ভুল কি বলল আমারে একটু বোঝান তো।,shakib,AGAINST
ffb230795948802d,"ভাই যে খানে টিম ম্যানেজমেন্ট বলেছে এবার এর বিশ্বকাপ জিততে পাঠায় নাই, পরবর্তী বিশ্বকাপ এর প্রস্তুতি নিতেছে সে খানে সাকিব কে দোষ দিয়া লাভ কি",shakib,AGAINST
a94f592e5786412c,কল সালা সমালোচনা করে যা বাস্তবতা সাকিব তাইতো তুলে ধরেছে🤬,shakib,AGAINST
06f3e5c42c3e795a,"আমার যতটুকু মনে হয়, আমরা সবাই সাকিবের কথাটা ভুল ভাবে নিচ্ছি! আমার বোধ হয়, সাকিব ক্ষিপ্ত হয়ে এমন কথা বলেছেন। 💖 ভারত সবার ফেভারিট দল ---- ---? ☹️",shakib,AGAINST
0eec2c6699198c27,Shame on shakib. Should punish him from icc,shakib,AGAINST
49af0298db54608f,সাকিবের সরম লজ্জা বলতে কিছু নাই সে শুধু টাকার জন্য খেলে,shakib,AGAINST
11f72872e23c358b,সাকিবে উত্তর গুলো সেই লাগছে। ধন্যবাদ সাকিব ভাইকে। সাংবাদিকদের এভাবেই সাইজ করতে হয়,shakib,AGAINST
2f0fe0f9d054a39d,"সাকিবের কথাবার্তা খুব একটা সাবলীল না, সাংবাদিকরা অনেক ভয়ে ভয়ে প্রশ্ন করেছে,।",shakib,AGAINST
27e38a47c1f89106,আমার মনে হয় সব দায় সাকিবের বাংলাদেশের কেপ্টেন সাংবাদিকদের দেওয়া উচিত,shakib,AGAINST
503a0b6e751f22a3,সাকিবকে নিয়ে প্রশংসা করতে কি একটুও লজ্জা করে না,shakib,AGAINST
64a81759f7ed3578,"সাকিবের কথা হলো আসলাম, খেললাম, হারলাম, মাস শেষে টাকা নিলাম। বাংলাদেশের প্লেয়ারদের মান, সম্মান, ইজ্জত বলতে কিছু নাই 😢😢 সাংবাদিক ভাইদের সাথে মজা করে দাঁত কেলিয়ে হাসতেছে 😊 লজ্জা হওয়া উচিত",shakib,AGAINST
7b8c2086e140de7e,সাকিব কবে দায়িত্ব নিয়ে খেলছে? যখনই বাংলাদেশ টীমের সাকিবের প্রয়োজন পড়েছে ততবারই এই ব্যক্তি ব্যর্থ ছিলো,shakib,AGAINST
4d8e79a616537ed9,এসব কি প্রশ্ন করেন সাংবাদিক? যেমন প্রশ্ন তেমন উত্তর। ধন্যবাদ সাকিব।,shakib,AGAINST
c053e2c9fc65f8c6,অনেক সুন্দর প্রশ্নের উত্তর দিয়েছেন সাংবাদিকদের এভাবেই উত্তরটা দেওয়া উচিত কারণ এরাই প্লেয়ারদের মাথাটা ওলট পালট করে দেয় প্রথম আমি কমেন্ট করলাম ধন্যবাদ সাকিব ভাই,shakib,AGAINST
99a194efbfaa3cc2,সাকিব এর রিপ্লাই গুলো দারুণ ছিল ❤কিন্তু সাংবাদিক দের প্রস্ন গুলো আহাম্মক এর মতো ছিল,shakib,AGAINST
fecfd2a40682d409,সাকিব ভুল করে ক্ষমা চাইলে ক্ষমা পাওয়া যায় সাকিবের বিরুদ্ধে যে কথা বলেছে সে তো ক্ষমা চাইছে তাকে কি ক্ষমা করা যায় না,shakib,AGAINST
dc418738fc28f524,সাকিব আল হাসান আমাদের অহংকার সাকিব আছে বলেই বাংলা দেশ কে অনেক রাষ্ট্র চেনে ধন্যবাদ সাকিব,shakib,AGAINST
1fcac930e040dce3,সাকিব যা করেছেন সব ঠিকিই করেছে. আমাদের সাকিব একজন প্রতিবাদি সাকিব।,shakib,AGAINST
c3bb69384a611a8b,আমার মনে হয় সাকিব অন্যায়ের বিরুদ্ধে প্রতিবাদ যানিয়েছেন,shakib,AGAINST
35a04ecd80d76fef,আমি সাকিবের একজন বড় ফেন আর আমি জানি সাকিব কোনোদিন খারাপ কাজ করতে পারে না।,shakib,AGAINST
bf446efebf29257e,যে অন্যয়কে প্রর্সয় দেয়না তাকে বেয়াদবী বলেনা তাকে প্রতিবাদি বলা হয়। যেমনটা আমাদের সবার প্রিয় সাকিব আল হাসান,shakib,AGAINST
9e88e3aeee8a0d71,"বাংলাদেশের ক্রিকেটকে অনেকবার আমপায়ারের ভুল সিদ্ধান্তের শিকার হতে হয়েছে প্রায় সবাই প্রতিবাদি নয়, কিন্তু সাকিব ভিন্ন, সে আমপায়ারের ভুল সিদ্ধান্তের প্রতিবাদ করে, এজন্য যদি তাকে বেয়াদব বলা হয় তো সেটা ভুল।",shakib,AGAINST
acd5004b7cc385a2,সারা পৃথিবীর মানুষ যদি সাকিবকে বেয়াদব বলে 😢তারপরও আমি সাকিবকে বলবো ❤😢প্রতিবাদে 😢❤,shakib,AGAINST
fc849874119eb715,সাকিব আল হাসান আমাদের অহংকার সাকিব আছে বলেই বাংলা দেশ কে অনেক রাষ্ট্র চেনে ধন্যবাদ সাকিব।,shakib,AGAINST
f03269b9723f5e59,সমুদ্রের সৌন্দর্য খুজতে গিয়ে আমরা প্রায় ই ভুলে যায় 😌 আমাদের‌ পৃথিবীর দীর্ঘতম সমুদ্রসৈকত কক্সবাজার আছে 🥰 আর তারকা খুজতে গিয়ে আমরা ভুলে যায় 😅 আমাদের সাকিব আল হাসান আছে 🥰,shakib,AGAINST
633d8b588691b883,"সাকিবকে নিয়ে সমালোচনা করতে হলে সাকিব এর চেয়েও অনেক অভিজ্ঞ সমালোচক লাগবে, কিন্তু এরা কারা যারা নাকি সাকিবকে নিয়ে সমালোচনা করে এবং সাকিবের ভবিষ্যত ঠিক করে দেয়!!!",shakib,AGAINST
7120a2dec6733ba0,ড. ইমতিয়াজ আহমেদের কথাটা বেশ তাৎপর্যপূর্ণ। বিবিসি সেটা বুঝতে পারলেই হয়। সাকিবের ক্ষমা চাওয়ায় কোন ভুল নেই।,shakib,AGAINST
6102e731df3b75f2,ড.ইমতিয়াজ আহমেদ উচিত কথা বলেছেন।যে দেশ এর নিজেদের এই নেতারা প্রকাশ্যে এসব করে তারা আবার সাকিব এর ভুল ধরে।,shakib,AGAINST
61f319bbb80a9bbc,সাকিবের ব্যাপারে সাংবাদিকদের অতিউৎসাহী না হয়ে আরো যত্নবান হওয়ার প্রয়োজন।,shakib,AGAINST
6cde2085074859ad,সাকিব নিজের ভুল বুঝতে পেরে ক্ষমা চেয়েছে। তাতে (বিবিসি) আপনাদের সমস্যা কোথায়। আপনারা সব সময় ইসলামের বিরদ্ধে নিউজ করেন। তবে যে সাকিব কে হত্তার হুমকি দিয়েছে। সে অপরাধ করেছে। তার শাস্তি হওয়া উচিত।,shakib,AGAINST
8f2709d6b5056f18,"শুধু মুসলিম ধর্মের নয় সব ধর্মে মূর্তি পূজা নিষিদ্ধ, সাকিব আল হাসান ভুল করেছে ক্ষমা চেয়েছে শেষ।",shakib,AGAINST
0e0bda33547f2d23,সাকিব বুজতে পারছে না যে সে কত বড় ভুল করে ফেলেছে। আল্লাহ তাকে হেদায়েত করুন ও ক্ষমা করুন !!,shakib,AGAINST
9d749e0106cf0ab2,ইসলাম বাদে যত ধর্ম আছে সব ফেক এই ব্যাপারটা যখন সাকিব বুঝতে পেরেছে তখনই জাতির কাছে ক্ষমা চেয়েছে ।,shakib,AGAINST
622a5a075040e4d5,"বলিউড সুপারস্টার আমির খান তুরস্কে শুটিং করতে গিয়ে সেখানকার প্রেসিডেন্ট এর স্ত্রীর সাথে দেখা করার কারণে তার বিরুদ্ধে হিন্দুরা যদি বয়কটের ডাক দিতে পারে, তাকে নিয়ে সমালোচনার ঝড় তুলতে পারে,তাহলে সাকিবকে নিয়ে মুসলমানেরা কেন সমালোচনা করতে পারবে না ?",shakib,AGAINST
d22ae7461c82e085,"একজন হিন্দু বা মুসলিম যদি অন্য ধর্ম আচরণ করেন,তবে তার ধর্মের মানুষের খারাপ লাগা স্বাভাবিক। কারণ,অন্য ধর্ম আচরণে সে নিজ ধর্মের মানুষ জনকে কষ্ট দেয়। নিজস্ব ব্যাক্তিগত পরিসরে কে কি করছেন সেটা কেউই দেখতে যায় না। সাকিব ভাই ১০০% ভুল করেছেন ও তার জন্য ক্ষমা চেয়েছেন।",shakib,AGAINST
7c3947a320428086,ক্রিকেটার সাকিব আল হাসান সে আমাদের মুসলিম ভাই আমাদের ভাইকে কেন খারাপ কাজ করতে দেব এতে হিন্দুদের এত চুলকানি কিসের তারা এটা নিয়ে মাথা ঘামায় কেন,shakib,AGAINST
9229cf8cb2bd2abd,"সকল ধর্মের প্রতি শ্রদ্ধা রেখে বলছি, শুধু মুসলিম ধর্মের নয়, সব ধর্মে মূর্তি পূজা নিষিদ্ধ, হিন্দুরা সেটা মানে না, মুসলিমরা মানে, সাকিব ভুল করেছে ক্ষমা চেয়েছে শেষ।",shakib,AGAINST
2234c4b5afb6e3dc,সাকিব এর মন্তব্যে আমরা তো খারাপ কিছু দেখি না।যদি কথা গুলো ঠিক হয়ে থাকে...তাহলে সেগুলো অনুসন্ধান করে আমাদের সামনে আনুন প্লিজ।,shakib,AGAINST
c9f2ae78d80777a0,@bonyhossin6313 বাংলাদেশ টিমটা তো আপনার বাবার তাই আপনার কথামতো সাকিবকে বাদ দেওয়া লাগবে তাই না ???,shakib,AGAINST
9a896bf0c1c8a07f,"সাকিব তো খারাপ কিছু বলে নাই, সে তার অসাধারণ জ্ঞানের পরিচয় দিয়েছে, বাংলাদেশের ক্রিকেট নিয়ে সে যে অনেক এডবাস্ন ভাবে সে জন্য সাকিব আমাদের কাছে ধন্যবাদ প্রাপ্য, ধন্যবাদ সাকিব, এগিয়ে যাক বাংলাদেশে,",shakib,AGAINST
d71e49de2ecb7962,"সাকিব যা বলেছেন সত্যি বলেছে , সত্যি অনেক তিতে । সাকিব সাকিবই সত্যবাদী",shakib,AGAINST
a64264383acac768,সাকিব ভাই যে কথা গুলো বলেছে অবশ্যই যুক্তিসঙ্গত। হলুদ সাংবাদিকতা করে দেশের ক্রিকেট অঙ্গনে সাকিবের মত একজন ক্রিকেটার কে আগামী একশো বছরে একজন ক্রিকেটার বের করে নিয়ে আসতে পারবে কিনা সন্দেহ আছে।,shakib,AGAINST
3a1b3e89acb3c3c3,"True is always test bitter, i hate the person sakib but he has said the truth of bangladesh cricket culture.",shakib,AGAINST
db193a092bc8b3ff,উল্টো পাল্টা হেড লাইন। বিশ্ব কাপ বিতর্ক। কিছু ই তো দেখলাম না। শুধু সাকিব কেমন আছে শুনলাম। আসলে ক্রিকেট বিশ্বকাপ নিয়ে কারো মাথা ব্যাথা নেই 😅😅। সাংবাদিক মহিউদ্দীন এর কাছে এমন আশা করিনি।,shakib,AGAINST
b66f0d335e245dd5,আমরা বিস্মিত নই। আমরা ক্ষিপ্ত এদেশের আম্পায়ারদের দুর্নীতির উপর। সাকিব ঠিক কাজই করেছে,shakib,AGAINST
360da48379ede331,সাকিবের দোষ খুঁজেন কেন? সাংবাদিকতা করেন ঠিকমতো করেন। সবকিছু না জেনে বালের রিপোর্ট করে।,shakib,AGAINST
eb11d3f7edc0eb8d,বাংলাদেশে ক্রিকেট খেলা একটা মারাক্তক জুয়ার খেলায় পরিনত হয়েছে..আর এখানে কোন প্রতিবাদ করলেই দোষ হোয়ে যায়!!!!! সাকিব ভাই সাবাস.....প্রতিবাদ করার জন্য আপনাকে অসংক্ষ ধন্যবাদ।,shakib,AGAINST
fb6dcf987db06e87,"সাকিব ঠিক করেছে,, প্রতিটা খেলায় দুর্নীতি হচ্ছে,, যেখানে দুর্নীতি সেখানেই সাকিবের প্রতিবাদ,,",shakib,AGAINST
9eb7efc769a1e00a,সাংবাদিক কে বলতে ছায় সাকিবের পিছনে না তাকাইয়া আম্পায়ার দের পিছনে তাকান তাহলে বুজবেন দুস কার আর যদি এভাবে সাকিবের পিছনেই তাকান তাহলে আমরা নেমে যাবো সে জন্য এখন সময় আছে ঠিক মত রিপোর্ট করেন সবার কাছে দোয়া ছায় সাকিবের জন্য,shakib,AGAINST
b9cd9703d1b2f024,"ধন্যবাদ সাকিবকে! সাকিব স্ট্যম্প ভাঙ্গেন্নি,, সাকিব অন্যায়ের প্রতি বাদ করেছেন। নতুন আপডেট পেতে VP NUR OFFICIAL সাবস্ক্রাইব,লাইক কমেন্ট দিয়ে পাশে থাকুন।",shakib,AGAINST
ec957855e34d9365,সাকিবের দোষ করার আগে আমপায়ার এই সিদ্ধান্ত একতরফা হচ্ছে ?সেটাকে মেনে নিবে কে? & gentlemen game বলতেছে নির্বাচক রা? তো আগে cricket match কে সমান decision করুন ????,shakib,AGAINST
ebfc220eeb6592f9,রিপর্টটা কেমন জানি হয়ে গেলো না। আরে মিয়া বৃষ্টির সম্ভাবনার জন্য ৫ ওভার ৫ বলে কেন খেলা বন্ধ করা হলো বৃষ্টি তো তখনো আসেনাই।যদি ৬ ওভার খেলা হত তাহলে ম্যাচ বৃষ্টি আইনে গড়াতো এজন্য ১ বল আগে খেলা বন্ধ করছে। ম্যাচ ফিক্সিং করবা আর প্রতিবাদ করলে সাকিবের দোষ।,shakib,AGAINST
081b3da5c9d3644b,আর এই আপু আপনি কিসের সাংবাদিক আপনি কি আবাহনি থেকে কি টাকা খাইছেন।সাকিব কে আর একটি কথা বললে খারাপ হবে।এখানে দোষ সুজন আর আমপেয়ারের,shakib,AGAINST
098aeda31cdfffe1,সত্য খবর পাওয়া যাবে না। তোদের মত সাংবাদিক যত দিন থাকবে। সব দোষ সাকিবের।সুজনের কোন দোষ নায়।জনগণ সবাই বুঝে।পাতানো ম্যাচ। সাকিবের প্বার্শে আছি!!!!,shakib,AGAINST
109b92514d54d6b9,"এই জন্য সাকিব সবার থেকে আলাদা..শাকিব অন্যায় দেখলে সবার মতো বসে থাকে না,তার জায়গা থেকে সেই প্রতিবাদ করে... বসে থাকে না.. অনেকে এই জন্য সাকিবকে বেয়াদব বলে।",shakib,AGAINST
bda18daecc47b99a,সাকিবের কোন দোষ নাই সব সমস্যার কারণ বিসিবি । সবার আগে মামা খালুর বিষয়টা বিসিবির দেখা উচিত ছিল.....4?,shakib,AGAINST
6bd705ed61ca18f7,@kibriaahmed3412 ক্ষতিগ্রস্ত হবে সাকিবই।এইটা কোন রাজনৈতিক আন্দলোন নয় যে গাড়ি ঘোড়া ভেংগে দিলাম আন্দলোন জমে গেল।প্রতিবাদ সঠিক পন্তা অবলম্বন করেও করতে পারতো। এর আগে ও খেলোয়াড়েরা প্রতিবাদ করে ছিল তবে স্টাম ভেংগে নয় সংবাদ সম্মেলন করে।,shakib,AGAINST
1be2a1d742073753,আগামীকাল বিসিবির বোর্ড সভা আছে হয়তো বা তার পরে সাকিব আল হাসান সংবাদ সম্মেলন করবেন,shakib,AGAINST
3ad21ecdc6ec6b3e,সাকিব আল হাসানের সংবাদসম্মেলন করলে বিসিবির কুকর্ম ফাঁস হয়ে যাবে বলে সংবাদ সম্মেলন স্থগিত করেছে!,shakib,AGAINST
66b25037c12b4b4d,আহহহহ সাংবাদিক গুলোর আগামী এক মাসের রুটি রোজগারের সুযোগ করে দিলেন সাকিব😁,shakib,AGAINST
99802efe0814ab60,সাকিবের আচারণে ভুল বার্তা নয় বরং নতুন প্রজন্ম প্রতিবাদি হয়ে উঠবে । সাকিব অন্যায়ের প্রতিবাদ করেছে । এইরকম প্রতিবাদ সবার করা উচিত......?,shakib,AGAINST
fb66819e1faf8d79,সাকিবের উত্তর দিলে অসাধারণ ছিল। খুব মজা পাইছি উত্তর শুনে । আরে এগুলো কি সাংবাদিক কি আজেবাজে প্রশ্ন করে😂😂😂😂,shakib,AGAINST
96daaf1fd61a4db9,অন্যসময়ের সাংবাদিকদের প্রশ্নগুলো উল্টাপাল্টা হলেও আজকে সাংবাদিক এর প্রশ্নগুলো খারাপ ছিলো নাহ। সাকিব ই আজকে উল্টাপাল্টা উত্তর দিছে।,shakib,AGAINST
7cf23b73c6537fc3,"সাকিব রাগে নি, সাংবাদিকদের স্কিল নিয়ে আমার প্রশ্ন আছে? গুরুত্বহীন এবং অপ্রয়োজনীয় প্রশ্ন তাই সাকিব ত্যাড়া করে উপর দিয়েছে।",shakib,AGAINST
bd98234583bffae4,কিছু সাংবাদিক আছে নিজেকে অধিক চালাক মনে করে উলটা বিরক্তিকর প্রশ্ন করে সাকিব তো খারাপ কিছু বলেননি,shakib,AGAINST
efa8eaa9f7582b16,সাকিবের মাথা খারাপ কারণ খেলার কারণে শো রুম উদ্বোধন করতে পারছে না।,shakib,AGAINST
36489ee013abb33b,কার ওপর রাগ ঝাড়লেন সাকিব আল হাসান?🤣🤣🤣🤣🤣🤣🤣 Misleading title. Ei apnader sangbadikota UNSUBSCRIBE korlam.,shakib,AGAINST
73cb2c758d828396,Sakib vi k cai. Khub kharap obosta cricket team er.plzz takey doley nen.,shakib,AGAINST
8929a6541d00cf15,"আচ্ছা একটা জিনিস বুঝতে পারতেছি না শাকিব যদি এখন বিএনপিতে যোগ দেয় হাজার হাজার লক্ষ লক্ষ ভক্ত শ্রোতা থাকবে,আসিফ মাহমুদ কোথায় যাবে ,, একটাবার অনুমান করেন তো,, সাকিব বিশ্বের যে কোন প্রান্তে সিটিজেনশিপ হতে পারবে,,আসিফ মাহমুদ তো তার গ্রামের বাড়ি কুমিল্লাতেই যাইতে পারে না,, কুমিল্লার মানুষ তাকে ঘৃণা করে ,,,,",shakib,AGAINST
046375119eafd2b9,"বাংলাদেশের জাতীয় দলে থেকে দেশের সর্বোচ্চ সুযোগ-সুবিধা নিয়ে বিগত সতের বছর আওয়ামী লীগকে দুর্নীতিবাজ চোর সন্ত্রাস , ধর্ষণ এবং টাকা পাচারে যারা হাসিনাকে দানব বানাতে সহযোগিতা করেছেয শাকিবর অবশ্যই বিচার মতো লোকদেরকে অবশ্যই বিচার করতে হবে এবং এদের সকল সম্পত্তি জব্দ করে বাংলাদেশে ক্ষতিপূর্ন আদায় করতে হবে",shakib,AGAINST
63c06d8aa5cb0e65,সব খারাপ খারাপ নয়।শিক্ষা নিক ক্রিকেট বোর্ড।সাকিবের একশনটা সুপার।,shakib,AGAINST
f99cec0fd5eafea1,এদেশে অন্যায়ের প্রতিবাদ করতে গেলে তাকে অপরাধী হতে যেমনটা সাকিবের জন্য হয়েছে..!!,shakib,AGAINST
35d5419cac414c53,"সুজন মারামারি করতে এভাবে কোন যুক্তি তে আসে,,? সাকিব সঠিক প্রতিবাদ করছে আর সেটা দেখে কিছু বাচালের চুলকানি জাগছে",shakib,AGAINST
7bf57f7bd4c61ded,"Poor Shakib, it seems that some Mafia set Shakib to ruin Bangladesh Cricket too bad. Everyone knows who's behind this game plan.",shakib,AGAINST
73a0c31e63ee8e85,"These all people are bullshit, ICC is the biggest corrupted association, Ye sari leagues me fixing hota hai salo ne sakib ko phasa dia, when he first approcahed then why ICC didn't told him 😡",shakib,AGAINST
5147fa3ad7065b12,সাকিব আল হাসানের কে আরো দশ বছর আগের দল থেকে বাদ দেওয়া উচিত ছিল।,shakib,AGAINST
1b28e1ef20f6579d,"কেউ সাকিব এর সমালোচনা করতেছে না , সাকিব আল হাসান ক্রিকেট খেলেছেন , ভালো খেলেছেন বিশ্বের দরবারে বাংলাদেশ কে তুলে ধরছেন I উনি যখন রাজনীতি করেছেন , ভুল রাজনীতি করেছেন , ভুল রাজনীতির মাশুল যেমন অন্য ব্যাক্তি দিচ্ছে তাকে ও দিতে হবে I উনি ভালো আর মন্দের জ্ঞান যেমন রাখেন , নিঃসন্দেহে যারা রাষ্ট্র সংস্কার করছেন তারা ও জানেন I ক্রিকেটার সাকিব নয় রাজনীতিবিদ সাকিব কে বিচার এর সম্মুখীন হতেই হবে , যদি কোনো ইমোশনাল মার-প্যাচ এ সাকিব কে ডিফেন্ড করা যায় আরো অনেক কেই করা যায় , বৈষম্য করা যাবে না , যদি আওয়ামী দুস্শাসন এর প্রতিবাদ যৌক্তিক হয়ে থাকে , সাকিব এর বিরুদ্ধে আইনী প্রক্রিয়া ও যৌক্তিক I হুকুমদাতা হিসাবে শেখ হাসিনা ও যেমন অভিযুক্ত হয়েছেন তেমন তার আওয়ামী লীগ এর রাজনীতি এর সাথে জড়িত প্রায় সবাই কেই আইন এর আওতায় আনার প্রতিজ্ঞা করেছে অন্তর্বর্তীকালীন সরকার I সাকিব ভুল রাজনীতি করেছেন , তাকে মাশুল দিতেই হবে I খেলা শেষ করেই মাঠ ছাড়তে হয় , ভুল রাজনীতির মাঠে যখন খেলতে নেমেছেন ব্যাটিং আর ফিল্ডিং দুইটাই শেষ করে যেতে হবে , নাহলে "" চোরের দান "" দিতে হবে , কার্যত উনাকে ও দিতে হচ্ছে I",shakib,AGAINST
2ec54c77a2f30457,"সম্পুর্ন লাইভ টা ৩-৪ বার দেখলাম কিন্তু সাকিব ভুল টা কোথায় বলেছে খুজেই পেলাম না,,,দেশের ক্রিকেটের উন্নতি করতে হলে তার কথাগুলোর বাস্তবায়ন দরকার",shakib,AGAINST
0119a2b66b93d67f,@mhmintusomrat1510 কোন চোরের বাচ্চা গাঞ্জাখোরে আপনাকে বলেছে এই ২সিরিজ হারলে বাংলাদেশ নিশিদ্ব হবে ২০১০সালে কাউন্টি খেলার সুবাদে সাকিব ইংল্যান্ড জাতীয় দলের হয়ে খেলার ডাক পেলেও সে তা প্রত্যাখ্যান করে সে তখন বলেছিল আমি সুধু মাত্র আমার দেশের হয়ে খেলতে চাই।তখনত সাকিব টাকার পাগল ছিল না এখন হয়ে গেছে তাই না ভায়া সাকিব Ipl এর জন্য শ্রী লংকার সাথে টেষ্ট খেলবে না এটা আমিও চাই না কিন্তু সে যে কারনে টেষ্ট খেলবে না এটাতো সে চিঠিতে লিখেছে সে যে ভাবে লিখেছে বিসিবির কি উচিত ছিলনা সে ভাবেই মিডিয়াকে বলা আর তাছারা সাকিব কে বিসিবির কেউ পছন্দ করে না কারন সে কাউ কে ভয় পায় না বিসিবির অনিয়মের বিরোধ্যে যখন সাকিবের নেতৃত্বে সব ক্রিকেটাররা আন্দোলন করেছিল তখন কিন্তু বিসিবির চোখে বিষ ছিল সুধু মাত্র সাকিব যার কারনে ১বছর ক্রিকেট থেকে নিষিদ্ধ হলেন অন্য কেও কিন্তু এ সাজা পায় নি শুধুমাত্র সাকিব পেয়েছে কেন পেয়েছে বলতে পারেন সাক্ষাৎকারে খেলার বাহিরেও আরো কিছু কথা বলেছে সাকিব যে কথাগুলি বোর্ডের কারোরই পছন্দ হয় নি আর এ রকম কথা বলার সাহস শুধুমাত্র সাকিবেরই আছে,shakib,AGAINST
bcfaa2f74a33fe71,সাকিব যে কথাটা বলছে সেটা বলা উচিত ছিলো আপনাদের আর আপনারা তা না করে বিসিবির পা চাটতে ব্যস্ত আছেন। হায়রে সাংবাদিক ভায়েরা আপনাদের লজ্জা থাকা উচিত।,shakib,AGAINST
f55bc9571861299a,"গনতান্ত্রিক দেশে ক্রিকেট বোর্ডে ও গনতান্ত্রিক পথ খোলা থাকা উচিত।।বোর্ড ভুল করলো বোর্ডকে ছাড় দেয়ার মানে হয় না।। নামুর রহমান দূর্জয় ডজন ডজন গলিতে চিপায় পড়ে থাকে,,,সাকিব এক পিস কয়েক দশকে এক পিসস জন্মায়😊",shakib,AGAINST
f280e9b4ccd95a00,"সাকিবের বিষয় টা হালকা করে দেখা উচিত, সাথে সাথে বিসিবির উচিত খেলোয়াড়দের জন্য আইন করা রাজনীতি মুক্ত থাকা, আর রাজনীতি করতে চাওয়া খেলোয়াড় স্ব ইচ্ছায় অবসর নিয়ে রাজনীতি করবে।",shakib,AGAINST
048b150f092ac875,এই খেলা থেকেই সাকিবের খেলা থেকে অবসর নেওয়া উচিত,shakib,AGAINST
6464acc9022ada31,হায়রে বাংলাদেশের মানুষ....। যে মানুষটা দেশে না থেকে মামলা খেয়েছে সেটা বিরুদ্ধে বিসিবি সাকিবের পক্ষে নাই। যে সাকিব দেশকে বিশ্বের কাছে বাংলাদেশের ক্রিকেট কে চিনিয়েছে আজ তাকে এই অপমান। সে ছাত্র পক্ষে চিলো না তাই বলে একটা ছোট ভুল তারা ২০ বছরের ক্যারিয়ারকে আপনারা ভুলে কেন.?? আসলে আমারা জাতি হিসাবে এখনো সভ্য হয়নি।,shakib,AGAINST
d3e16202e2008cc3,আমি সরাসরি এই ছাত্র আন্দোলনের সাথে ছিলাম। এটা একটা মিথ্যা মামলা এটার তীব্র নিন্দা জানাই তবে হ্যাঁ সাকিব আমাদের সাথে ছিল না সেজন্য আমাদের মন খারাপ হয়েছে তাই বলে তাকে মিথ্যা মামলা দিয়ে হয়রানি করব।,shakib,AGAINST
b3b6c136e856f9f8,Sakib 100 bah wicket besi pele ai mamla amni nei hoa jabe.. R kharap khelle bas khabe nischit,shakib,AGAINST
c87b2fd0e60bb37b,At last juyaru and corrupted Sakib has caught,shakib,AGAINST
27c0ae8e353544a4,"সাকিবের উচিত ক্রিকেট এর গুস্টি,,, খেলে দেওয়া খেলা বাদ দিয়ে বিসিবি নিরবাচন করা তারপর সব সালা রর দেখে নেওয়া যাবে।",shakib,AGAINST
7eab4f3b75bf5de4,Corruption to kick everyone else ... We come Shakib.,shakib,AGAINST
b85ae4183b84a879,"শাকিব সঠিক কাজটাই করেছে আর দুর্নীতিবাজদের চাদর দিয়ে মুড়িয়ে দিচ্ছে সাংবাদিক ভাইয়েরা আর মটু পাতলু সুজনকে নিয়েতো সাংবাদিক ভাইয়েরা কোন কথাই বলছেন না ভাবি সঠিক কথাটাই বলেছে ধন্যবাদ ভাবি,,,,",shakib,AGAINST
458eda2d35295ba2,গিনা আর গিনা এই বিসিবির উপর আর এই দেশের সাম্বাদিক দের উপর দেশের সম্মান ইজ্জত সব নিয়া তুমরা পুতুল খেলা খেলো অন্নানো দেশে দিগে থাকান আর মানুষ হন পাপনে কি বাল ফালায় এই সব টাইট দিতে পারেনা গুপন কিছু রাখার চেষ্টা ও করে না সাকিব যদি এই দেশে না হয়ে অন্য দেশে হতো তাহলে টিকই সম্মান ইজ্জত সব পেতো আর আমাদের দেশের কিছু সাম্বাদিক রা গরু মতো দেশের ইজ্জত নিয়া খেলে,shakib,AGAINST
9b3fdf9e5f106448,@ayubhossain3599 আরে বোকা আমি কি বলছি ওরা ম্যাচ পাতায় না।গাধার মতো কমেন্ট করিস কেন।আর আচ্ছা একটা কথা বলতো ম্যাচ পাতালো আবহনী আর তার টিম ম্যানেজমেন্ট আর সাকিব গালি দিলো আর খারাপ ইঙ্গিত দেখালো সমর্থকদের।কিন্তু না তোর মতো গাধারা তো অন্ধ।তোর মতো দেখসি অনেক যারা ক্রিকেট বা একজন খেলওয়ারের স্পোর্টসম্যান স্পিরিট সম্পর্কে কোনো ধারণা রাখিস না বাট মূর্খ ও অন্ধভক্তের মতো কমেন্ট করিস।কথা বুঝে কমেন্ট করবি।আর হ্যা আরেকটা কথা মনে রাখ তোর সাকিবও ম্যাচ পাতানোর সাথে জড়িত ছিল।,shakib,AGAINST
c903bf99ead80ba1,বাংলাদেশের সাংঘাতিকগুলো বেশি খারাপ। সাকিবকে এশিয়া কাপে ক্যাপ্টেন হিসাবে চাই,shakib,AGAINST
6df5e2cec2599c50,সাকিব ও ডিরেক্ট বলে দিয়েছে চুক্তি থেকে সরবে না জোর করলে টি-২০ থেকে অবসর নিবে,shakib,AGAINST
00d2bf15d8507591,sakib chara t20 captain apni ka k diben? emnitai bangladesh er cricket obostha kharap,shakib,AGAINST
41bbb17b1b51c787,"সন্তান খারাপ হলে কি মা বাবা ভাই-বোন সবাই দোষী হয়,শুধুমাত্র শাকিব আওয়ামীলীগ করে বলে তাকে এভাবে সন্ত্রাসী আখ্যা দেয়া ঠিক না।🤔🤔🤔🤔🤔",shakib,AGAINST
6ffc0615b7a70301,আচ্ছা সাকিবকে নিয়ে সাংবাদিক এবং বোর্ডের এতটা মাথা ব্যথা কেন?,shakib,AGAINST
b30240f7ba32c157,"সাকিবের ভক্ত থাকবে এটাই স্বাভাবিক কিন্তু অতিরঞ্জিত ও অতিরিক্ত বাড়াবাড়ি ভক্তদের এবং কিছু আসমাকা নিয়ে নেওয়া এটা সবার জন্যই বিব্রতকর আর সাকিব যা করেছে সঠিক কাজই করেছে । এতে অনেক সাংবাদিকদের চুলকানি আছে অনেক সমালোচনা তৈরি করা হয়েছে, অনেক মানুষদেরও চুলকানি আছে আর চুলকানির কিছু নাই যা করেছে উত্তম করেছে",shakib,AGAINST
7e73cbb83857477d,"ভক্তদের কারণে সাকিব আল হাসান হয় নাই,সাকিব আল হাসানের কারণেই তার বক্ত হয়েছে। সাকিব-আল-হাসান পারফর্ম করে বলে তার আজ এত ভক্ত, আর পারফর্ম না করলেই সেই লোক গুলো তাকে আজেবাজে কথা বলতো পিছনে বাঁশ দিতেও দ্বিধা করত না। অতএব যারা ভক্ত হবে তাদের লিমিট থাকা দরকার সব কিছুতে",shakib,AGAINST
f0599614edce76bf,"এরূপ অবস্থায় নিজেকে সামলাতে পারলে ওইটা হতো অতি উন্নত চরিত্র, এটাকে আপনি ""মানুষ"" হবার জন্য আবশ্যক বানিয়ে দিতে পারেন না। সাকিব যা করেছে, এটাকে দোষ দিতে পারছি না।",shakib,AGAINST
71fac9265350f698,"সাকিব ভাই যা করছে, যা করবে..... সব ঠিক। সাকিব ভাইয়ের কোন ভুল নাই।",shakib,AGAINST
38eb08a7c9cadfd0,এমনও তো হতে পারে যে ক্যাপটা যে টান দিয়েছে ওই টান দিয়া তে সাকিবের মাথায় ব্যথা পেয়েছে এজন্যই তো মেজাজটা খারাপ হয়েছে এবং মেরেছে,shakib,AGAINST
4ec991dceaaba10a,"Sakib is available for money,where money given he agree for anything,even a single moment of time he didn't found to skip commercial activities,that's why it's simple to get sometimes imbalances yourself when you badly search for earning source .",shakib,AGAINST
5fd93067bf397172,"ক্রিকেট বোড কাউকে এমনি ১০ কোটি দেবে কি? সাকিব অর্জন করেছে,, একটু দোষ করলে বোড শাস্তি দেয়,,আই সি সি কিনতু দেয়না,,, আমি মনে করি সাকিব ঠিক করেছে",shakib,AGAINST
4a4be7c2d99481fc,বিসিবির এতো ইগো কেন?৷ আইনগত সমস্যা না থাকলে সাকিব এর দোষ কি?,shakib,AGAINST
e1e391de92960b4e,সাকিবের যা ক্ষ্যাতি তার সব পাওয়া হয়ে গেছে... দিন শেষে অই টাকাই আসল। সাকিব এর উচিৎ অবসর নেয়া তাহলে বোর্ডের আক্কেল টা হবে।,shakib,AGAINST
93158bc5580894eb,সাকিব আল হাসান কে ক্রিকেট থেকে বাদ দেয়া হোক কারণ ও তার ইচ্ছামত ক্রিকেট খেলে,shakib,AGAINST
09b032ba0f2289aa,অর কথা বাদ দেন তো... বাংলাদেশে না খেললেও সাকিবের চলবে। অনেক কোনো কিছুরই অভাব নাই... টাকা...ফেন ফলোয়ার... টিম... কিসের অভাব...?,shakib,AGAINST
a3811230f5cc8f04,সাকিব কে বাদ দিয়ে ইমরুল কায়েস কে নেওয়া হোক। সাকিব নিজের জন্য খেলে সে দেশের জন্য খেলে না।,shakib,AGAINST
8ba1b5e57589092c,বেকিং নিউজঃ... সাকিব অবশেষে t20 থেকে অবসর নিয়ে নিলেন। সোর্স ঃ- The Daily Star 😭😭😭,shakib,AGAINST
66cd4f50f12bdda3,সাকিবকে সব ধরনের এিরকেট থেকে বাদ দেওয়া উচিত আর এই বো্ডকে সরে যাওয়া উচিত তারা কিকেট বুজেনা,shakib,AGAINST
1012f40a967f06b4,আমি মনে করি সাকিবকে বাদ দিয়ে এশিয়া কাপ টিম ঘোষণা দেওয়া উচিত,shakib,AGAINST
905a5c3f3ab399a9,এত দেশ প্রেম দিয়া কি হবে জা করে সাকিব ঠিক করছে বাংলাদেশ ক্রিকেট বোর্ডে কই টা মানুষে দেশ প্রেম আছে তারা চুরি করলে দোষ নাই আর সাকিব এই সব কথা করলে দোষ দেশ প্রেম নাই,shakib,AGAINST
fc79175dfb17305d,শাকিব মানুষ খারাপ নয়। সে প্রতিবাদী দেশের ক্রিকেটের জন্য তার অবদান অনেক বেশি।,shakib,AGAINST
84088ff7a53c698a,বাংলাদেশে এক জন প্রথিবাদি দরকার ছিল এমন এক জন সাকিব ভাই কে পেয়েছি.. লাভ ইউ প্রিয়..তুমি হাজার বছর বেছে তাক তোমার জন্য দোয়া ও শুভকামনা রইল,shakib,AGAINST
c2ce2e5202c5819a,সাকিবকে আপনি কিভাবে বেয়াদব বললেন বলেন একজন প্রতিবাদী ক্রিকেটার সব বিষয়ে প্রতিবাদ করে এ জন্য কি সে বেয়াদব।।।আপনি আমার প্রশ্নের উত্তর দিয়ে যাবেন,shakib,AGAINST
04368898f7fdcac1,@tafehosain495 সাকিবকে নিয়ে যারা সমালোচনা করে তারা বোকা,shakib,AGAINST
bbf3aa0c520eb466,"দোষটা তু আপনাদের মতো চ্যানেলের। কারন আপনারা সাকিব কে,কিছু সময় তুলতে তুলতে আকাশে তুলেন।আবার নিচে নাতে থাকেন।কেন এমন করেন আপনারা",shakib,AGAINST
1ba9b493d683ceea,Sakib takar lovi. Jatiyo doler khela bad diye IPL khelte jay.,shakib,AGAINST
81f31e05728c7f45,"বেয়াদোব সাকিব, এমন যদি হয় সময় টিভির সংবাদের শিরোনাম। বিষয় টা আসলেই অপমানের।",shakib,AGAINST
04f291e650811ec7,অাপনারা কেমন সাংবাদিক? এগুলা কোন ধরণের শিরোনাম ভাই?সাকিবকে বিসিবি কখনও বেয়াদব সম্বোধন করে নাই। অাপনারা সাহস কেমনে পান? সময় থাকতে সরিয়ে নিন।অাদাওয়াইজ সবাই অামরা রিপোর্ট মারব।,shakib,AGAINST
5d365923eed5d230,"সাকিব কে যে পরিমান অপমান এদেশে করা হয়,হয়েছে আর কোন লিজেন্ড কে করা হয়নি,সাংবাদিক,দেশের মানুষ,খেলোয়ার বোর্ড সবাই যাচ্ছে তাই অপমান করা হয় সাকিব কে। তারপরেও সাকিব খেলে যাচ্ছে,খেলে এসেছে,এদেশের নাম ক্রিকেট দুনিয়ায় সাকিবের জন্য সবাই জানে। কিন্তু আনগ্রেটফুল এই দেশে মূহুর্তে তা ভুলে যায়।",shakib,AGAINST
1bbbd5031cf288f4,"সাংবাদিক ভাইরা এমন ভাবে ঘিরে ধরেছে মনে হয় সাকিব দেশের প্রধানমন্রী,",shakib,AGAINST
61f6a65f5fa91939,"খুশি হলাম ধন্যবাদ সাকিব আল হাসান,কে ধন্যবাদ বিসিবি,কে আরো বেশি খুশি হতে পারতাম যদি 'ইমরুল কায়েস কেও দলে সুযোগ দেওয়া হতো.... ❤️🇧🇩🏏",shakib,AGAINST
95e32ab84249224f,"শাকিব কি করছে সেটা দেখালেন, পুরো ক্রিকেট বোর্ডের যে দুর্নীতিতে ভরপুর সেটাকে দেখাবে?",shakib,AGAINST
6a36116673613091,ধন্যবাদ সাকিব। সম্মান নিয়ে চলে গেছেন।বাংলাদেশ কে বিস্বকাপের মধ্যে দিয়ে পরিচিত করেন সাকিব।,shakib,AGAINST
f5a323ec6e451abb,মন টা খুবই খারাপ বিদায় কিংবদন্তি সাকিব আল হাসান,shakib,AGAINST
6be0be0297ba1a0e,"As an Indian, sehwag is totally wrong, insulting a senior experienced player like shakib with the tag of Bangladeshdesi so bad",shakib,AGAINST
20f2d7b32cf00d06,Itnedin bad shakib al hasan kaliye thora izzat bada .,shakib,AGAINST
3d953e4e6b7aaf7f,Now let me tell to all fools in the comments that Sehwag used word BANGLADESHI to tell idea about Asia and Asian cricketing conditions Not to shame any bangladeshi He said not to play australian cricketing shots ( Hooks and Pull) which are useful in those conditions. Rather shakib should take his time show his experience to play cricket. Simple! 😊,shakib,AGAINST
8f1a4e75fa406d47,Shakib Al Hasan pagal hai usko yah bhi nahin pata ki Virendra Sehwag ki Kaun Hai Itna Achcha player hai usse to 100% Achcha player hai aur vah jo bhi Kaha Tha ekadam Sahi Kaha Tha usko pata hai ki vah galat hai Fir Bhi vah Aisa Kar Raha Hai Shakib Al Hasan is a bad player,shakib,AGAINST
c68582579f292e78,"Most players would not have appealed for a time out dismissal. Shakib chose to stick with the rules instead. We can’t crucify him for that. If I hold the door for a lady I may be called chivalrous. However if I don’t I am not a bad human being. I am driving on a highway and another driver in the adjacent lane tries to merge in my lane. I can choose to slow down, let him merge in front of him, or just keep going. Again I may be courteous if I let him way but not the opposite if I don’t - since there is no law that I should. If I like service at a restaurant I may choose to offer a tip, but I may just choose to say Thank you and leave. Long story short, we have the opportunity to earn few brownie points sometimes, usually they come at a price. We either pay that price and earn those brownie points or not pay and move on. Withdrawing the appeal and spirit of cricket would fall in the bracket of earning those brownie points. Shakib would have been praised by everyone as a true ambassador of the game and a nice guy, probably won some award. Shakib chose to do the opposite, it’s fine too. Can’t crucify him for this.",shakib,AGAINST
ea3156ba3026896f,"@PosidonOK wrong comparison here, comparing apple n oranges🤣 bro,shakib went to follow this rule coz he wanted immoral advantage ,and he has accepted by himself in press conference that one player came n said if we appeal,he will be out and it was a war and so I wanted to win,and so went for it ,and u guys trynna prove like no,he did it coz it is a rule n he follows rule. Where was this spirit when in various occasions he has broken rules,arguing with umpires other players,Eve slapped some poor Bangladeshi player too. 🤣 So ,he is just another cheater",shakib,AGAINST
808a5d8f92d4a5fa,@mijanurrahman6013 shakib has some mentally problems ..he is black mark players in this game....poor man 🤢,shakib,AGAINST
a7f771155a999616,"@stelrex7293 he would be remembered as a victim of bad sportsman spirit.N shakib would be remembered as someone who,out of desperation of winning,chose the cheater coward's way",shakib,AGAINST
7b253b1847613469,"Cricket called as gentlemen game, if you want win game somehow it's not good for game, I think Shakib become most hated one in the cricket with that.",shakib,AGAINST
f07f7b314c521d10,Umpire might have given out but because shakib appealed Cricketers with a true heart will call the batsman in even if he has a high score Poor sportsmanship 😢,shakib,AGAINST
e99b777afd94c764,কেবল হইলো ✊ আওয়াজ উঠাও সাকিবিয়ানরা সাকিব যদি সত্যিই দোষী হয়ে থাকে আর তা যদি প্রমাণিত হয় তার ব্যবস্থা আইন নিবে!,shakib,AGAINST
42952967eb420cc4,Bangladesh.. nam.crickets e shakib...boro bomika rekhecen... shakib tomi agiye jaw amra aci tomar shate,shakib,AGAINST
597c94bd8656f128,"সাকিব সবারই পছন্দের খেলোয়াড়, কিন্তু দেশ সবার উর্ধ্বে। অন্তত সে দোষী কি না সেটা প্রমাণ করার সুযোগ দেয়া উচিত।",shakib,AGAINST
f8d08bc8c8bc4231,শাকিব যদি না খেলতে পারে তাহলে আমাদের লাশেরও বাদ অতিক্রম করে যাইতে হবে বাংলাদেশের অন্যান্য প্লেয়ারের বা সাউথ আফ্রিকার প্লেয়ার,shakib,AGAINST
761e4e2209c759df,নিজে ভাব দেখিয়ে সময় শেষ করে এখন সাকিবের দোষ। এমন নিয়ম যদি না থাকতো তাহলে সাকিব কি আউটের জন্য আবেদন করত। আউট কি সাকিব দিয়েছে আউট দিয়েছে আম্পায়ার। আম্পায়ার কাছে আউট মনে হয়েছে বিধায় তো দিয়েছি এখন সাকিবকে কেন দোষারোপিত করা হয়???,shakib,AGAINST
41cb624bd71f4007,"Time Out 3rd আম্পায়ার নিজেই ২ মিনিট সময় কাউন্ট করেন কিন্তু ICC নিয়ম অনুযায়ী ওনফিল্ড মেন আম্পায়ার কাছে কাপটেন আবেদন না করলে। তিনি এই আউট এর সিদ্ধান্ত নিতে পারেন না। যার কারনে আজ পযন্ত ক্রিকেটে টাইম আউট দেখা যায় নি। উইকেট নেওয়ার পর কেউ এই দিকে মনোযগ দেয় না। ফিল্ড আম্পায়ার সাকিব এর আপিল এর পর 3rd আম্পায়ার এর সাথে কথা বলে, ২ মিনিট ওভার হয়েছে এটা নিশ্চিত হয়ে মেথিউজ কে Out দিয়েছে। এখন শ্রীলঙ্কান পেলেয়ার ICC নিয়ম না জেনে মাঠে আসলে এটা তাদের দোষ। OUT আম্পায়ার দিয়েছে সাকিব না। সামাজিক মধ্যমে টাইমের যে ভিডিও দেখানো হচ্চে তা নকল। আম্পায়ারের ঘুষ দেওয়ার মতো টাকা আর লিংক বিসিবির নেই। 😅",shakib,AGAINST
a42598c7fdcb22c5,সমালোচনা যদি করতে হয় তবে সাকিবকে নিয়ে নয়।। যারা এই আইন আবিষ্কার করেছে তাদেরকে নিয়ে।।,shakib,AGAINST
a36e865e0b141234,"সাকিব কোন ভুল করেনি , যদি সমালোচনা করতে হয় যারা এই নিয়ম বানিয়েছে তাদের সমালোচনা করা উচিত,, অসংখ্য ধন্যবাদ, প্রিয় সাকিব কে🌹",shakib,AGAINST
d2b2ca51624f4e60,"এটাও খেলার অংশ, সাকিব তো ভুল কিছু করে নাই,,,,,",shakib,AGAINST
41dfc5715d39f592,সাকিব কে বাদ দিয়ে পাপন কে নেয়া উচিত আমার মনে হয়ে,shakib,AGAINST
8307ea744248db28,"জুয়ারি কম্পানির এড দেওয়ার জন্য জদি সাকিবকে দলথেকে বাদ দেওয়া হয়, তাহলে জারা রাতের আধারে কেসিনো খেলে তাদের কে কি করা উতিত...????",shakib,AGAINST
4cc2437f2609bf63,"সাকিবের টাকা কম অাছে,, তো বাংলাদেশ কে অারো অনেক কিছু দেওয়ার অাছে,,, কয় দিন পর পর সাকিব কি যে করে,, শুধু অালোচনায় অাসে,, একবছর নিষিদ্ধ ও ছিলো তবুও সাকিব এমন করে অাসলে তার ভক্ত ছিলাম,, এসব বাজে বিষয় গুলো শুনলে মনই খারাপ হয়ে যায়,, 🤒🤒🤒",shakib,AGAINST
81cfef6cd28d04c6,"জুয়া কোম্পানির সাথে চুক্তির জন‍্য সাকিবকে বাদ দেওেয়া উচিত। কিন্তু যারা সরাসরি ক‍্যাসিনো খেলে, ক‍্যাসিনো খেলার ভিডিও প্রকাশ পায় তাদের কি শাস্তি হওয়া উচিত???",shakib,AGAINST
d44113d19f822acd,সাকিবকে বাদ দিয়ে দেওয়া কে কোন বেয়াদবকে দরকার নেই বাংলাদেশ দলে,shakib,AGAINST
719691baa871b68b,সাকিবের লোভ বাড়তে বাড়তে অনেক লোভী হয়ে উঠেছে ৷ ওকে যেন পুরোপুরি বাদ দিয়ে দেয়,shakib,AGAINST
9ab633c1cdcbdb95,"If Shakib is granted as useless, MS Dhoni does not worth a penny!",shakib,AGAINST
b0c5d765b51192b7,Bad boy bangali shakib was consistent unlike rohits 1 and 15,shakib,AGAINST
450cc7000b6be15d,@Isa1370-v9q sakib accha player hai but I hate Bangladesh,shakib,AGAINST
1f0384fa32a0eb85,"হাতুরু, সাকিব, পাপন, নান্নু কে বহিষ্কার করতে হবে। তাদের সম্পত্তি বাজেয়াপ্ত করা উচিত",shakib,AGAINST
5b251bd7f7439ab7,লোভ মানুষকে খারাপ পথে নিয়ে যায়।সাকিব সেইই লোভি মানুষের এক জন,shakib,AGAINST
a11a4c906735f5b4,'আমি সাকিব ভাই কে অনেক পছন্দ করি তাদের কথা গুলি খুবই মারাত্নক খারাপ লাগে এমন ভাবে বল্লে,shakib,AGAINST
921f82abb2e6f7ac,সাকিবকে দল থেকে বাদ দেন।।। শক্ত ক্রিকেট কাঠাম তৈরি করেন।।। এটা কথা একরা প্লেয়ার কি দল বা দেশ থেকে বড়।।।,shakib,AGAINST
c7486ea79459bef5,সাকিব একজন স্বার্থপর প্লেয়ার ও দেশের জন্য কিছু করে না সবকিছু করে নিজের জন্য,shakib,AGAINST
e5d9bd25dce34b3b,সাকিবের উচিত ক্রিকেটকে না বলা।দরকার নাই ক্রিকেট।সবাই দুর্নীতি করে দেশের বারটা বাজাই দিছে তাতে সমস্যা নাই সমস্যা এখন সাকিবকে নিয়ে,shakib,AGAINST
42157be1dd087339,সাকিব আছে বলের আজ ক্রিয়া সাংবাদিকরা ডাল ভাতের সাথে মাছ মাংস খাই। আর সাকিব এর বদনাম করে 🤣🤣,shakib,AGAINST
774dfd04c974ceaa,সাকিবের উচিত ডিফেমেশনের মামলা করা এই সাংবাদিকের বিরুদ্ধে,shakib,AGAINST
0a345c36803b4862,কোন প্রমাণ ছাড়া এইসব যাচ্ছে তাই রিপোর্ট দেয়ার মানে কি? এই রিয়াসাত আজিম সাকিবকে নিয়ে বরাবর বাজে মনোভাব নিয়ে প্রশ্ন করে এবং রিপোর্ট করে। একাত্তরের টিভি চ্যানেলে এই মানহীন জারবালিস্টকে ব্যান্ড করা উচিত আর এইসব তথ্যের যদি কোন প্রমাণ থাকে তাহলে এই রিপোর্ট ডিলেট দেয়া হোক অথবা সাকিবের এই ভুয়া রিপোর্ট বিরুদ্ধে একশন নেয়া উচিত,shakib,AGAINST
8287196f923fb3dc,"সাকিব আল হাসানকে নিয়ে এমন উদ্দেশ্যমূলক রিপোর্ট রিয়াসাদ আজিম নিয়মিত করছে। এমন মনগড়া, ভিত্তিহীন রিপোর্ট করা সাংবাদিককে একাত্তর কোনো জবাবদিহিতার আওতায় আনে না কেন? নাকি সব একই লাইনের লোক?",shakib,AGAINST
dcbd88762f419b38,What kind of report this is Mr Riyasad Azim?? Intentionally you give all blame on Shakib. But you never told about the umpair fixing. Such kind of shitty report. Is there any personal controversy between you & shakib?? You always try to make shakib as villain to the audience. But you never told or make any report about the continuous corruption in our cricket. Shame on you.,shakib,AGAINST
32d2f57d738f94b3,"এখান আসল কথা হলো, সাকিব তো অ্যাম্পেয়ার না, আউট দেওয়ার জন্য তো তিন তিনজন অ্যাম্পেয়ার আছে, তিনি আবেদন করেছন আইসিসি নিয়ম অনুযায়ী আউট হয়েছে। এখানে দোষের কিছু তো নেই। সাকিব তো আর নিজেই অ্যাম্পেয়ার হয়ে আউট দেয়নি।",shakib,AGAINST
7852a18b77f91456,নিয়ম যেটা আছে সেটা করেছে সাকিব যে মেনে নিতে পারছে না সেটা তার ব্যর্থতা 😅😅😂,shakib,AGAINST
aa4cfbb99005845a,"সবাই সাকিব কে নিয়ে ট্রোল করছে অথচো, এটা কোন ভুল নয় সাকিবের, দোষ যদি ধরতেই হয় তবে ICC কে দোষ দিক, নাকি বাংলাদেশ জিতাতে ওদের বদ হজম হচ্ছে 😂😂😂😂",shakib,AGAINST
de8eba81901c6821,I'm from India tbh Sakib wasn't Out! It was Umpire's Fault Worst Umpiring in this tournament so far. Congratulations to the Pakistani Team,shakib,AGAINST
4f0eb0d0829c0274,i am from Pakistan and i will definitely say Shakib was not out. it's a lake of umpiring truth is truth dear it is failure of umpiring in t20 wc.,shakib,AGAINST
57fc91282afce307,"Shakib was not out ,poor umpiring in this tournament so far which doubt the results n ofcourse unfair to both teams , wether it favour Pakistan still we dont agree to it,but atleast a review was taken , good luck to Bangla in future",shakib,AGAINST
65d1bb5304dc2445,"Pakistan purchased third umpire, shame shame........... Pakistan team should have shown some sporting spirit, shakib should have been called back",shakib,AGAINST
243f7215bdf6bd95,সত্যি কথা বলছেন ধন্যবাদ সাকিব বিচার চাই,shakib,AGAINST
e734672501246c69,আমি রাতির বিচার চাই এতো বড় দোষ দিচ্ছে সাকিবের ভায়ের উপরে অপুর সাথেই সাকিবকে খুব খুব খুব সুন্দর লাগে,shakib,AGAINST
de6952253d5115e9,অবসর নেওয়ার পর সাকিবকে বিসিবির সভাপতি চাই,shakib,AGAINST
765e552ae5ac21a9,সম্পূর্ণ ভুয়া নিউজ কোনভাবে সাকিবকে দেশে ফিরানো হবে না বাংলাদেশের মানুষ খুবই বিখ্যাত হয়ে আছে ক্রিকেট বোর্ড সবগুলা আওয়ামী লীগ এগুলাকে খুব শীঘ্রই ভেঙ্গে দেয়া হবে সাংবাদিক ও দালাল মিডিয়া কিছু টাকার জন্য এগুলা করছে।,shakib,AGAINST
7191b35c624c7a0f,সাংবাদিকেরাও এর সাকিবের বিপক্ষে কাজ করে শাকিব কাতারে আসতে পারবা,shakib,AGAINST
6cf311a7e187ae35,সাকিব আল হাসান কে ঘৃণা করি আজীবন নিষিদ্ধ চাই,shakib,AGAINST
3816e0a640acfaaa,যেমন জামাই তেমন বউ। সাকিব ছাড়া কি বাংলাদেশ কখনো জিতেনি?? সাকিব ছাড়াই আমরা জিততে পারি তা এর আগে অনেক বার দেখেছি। বাদ দেওয়া হোক সাকিবকে,shakib,AGAINST
75586c5203986a6c,Shakib jokhon na thakba Bangladesh ar to khalta hoba tai na. Or vav bara gasa.dol thaka bad dia jawa utchit.,shakib,AGAINST
ac029aee377e280f,যারা সবসময় ক্যাসেনো বা অন্য জুয়া খেলায় মেতে উঠে তারা আবার সাকিবকে নিষেধ করে জুয়াড়ি কোম্পানির সাথে বিজ্ঞাপনের চুক্তি করলো কেন। এজন্যই শশির 😄হা হা পোস্ট দিয়েছে।ধন্যবাদ শিশির,shakib,AGAINST
cbeed499548882a0,"সাকিব বিশ্বের এক নাম্বার অলরাউন্ডার সেটা নিজের ব্যক্তিগত সাফল্য কিন্তু দেশের জন্য তেমন কিছু সে করে দেখাতে পারেনি,স্বার্থপর ক্রিকেটার😡😡",shakib,AGAINST
cd4df87beb3b5d77,"এই রকিবুল হাসান বরাবরই সাকিব বিরোধী। ১. সাকিব কি নির্বাচক, যে তাকে দল নির্বাচনের সময় থাকতে হবে? ২. আর বিসিবি সাকিবকে NOC দিয়েছে বিদেশি লিগে খেলতে। রকিবুল বিসিবির সমালোচনা করে না। কারণ, সে বিসিবির সুবিধাভোগী।",shakib,AGAINST
cd9fa0d005b77fbe,"এদের লজ্জা শরম আছে বলে মনে হয় না, সাকিব সাকিব বলে মাথায় তুলে নাচো, ওতো বাংলাদেশের খেলোয়াড় বলে মনে হয় না।",shakib,AGAINST
372143f4ebce7d80,"Hassokor. Sakib 1ta faltu player, varot goli golitya sakib achya. Match suru holyai bangladesi sunni muslim ra onno kotha bolbya",shakib,AGAINST
437499fc6e46a0e1,na r karo nai..ki j ajob ajob kotha boln..ajke shakibke bad dea mirajke paradhanno dea khelan all formate number one miraj hobe..shakib to t 20 er sathe jaio na..,shakib,AGAINST
c65da4b08a2211a0,সাকিব কি খারাপ কিছু বলছে নাকি।সে তো উচিত কথাই বলছে।,shakib,AGAINST
a680c9e858e2ec5e,এই সাংবাদিক নামের সাংঘাতিক রা কারণে দেশে মানুষ মত পকাশ করতে পারে না তানজিম সাকিব যাহা বলছে সটিক বলেছে।,shakib,AGAINST
baf4009fefea490e,সারাদেশে এক কোটিরও বেশি মানুষ এই অনলাইন জুয়া খেলে....তখন কারও দোষ নাই..... সাকিব করলে দোষ....😃😄,shakib,AGAINST
90b0947ccd2d3d7f,"সাকিবের টোকাই ফ্যানরা দল থেকে বাদ দেওয়ার পর বাংলাদেশ দলের খেলা বয়কট করেছিল!! বলেছিল, “যে দলে সাকিব খেলবে না, সেই দল আমরা cdi na!!” কিন্তু কিন্তু কিন্তু — জুয়ারির ফ্যানরা আবার খেলাটা দেখার জন্য এত উদ্‌গ্রীব কেন??",shakib,AGAINST
b8921f3653cf8f01,অই ১০ কোটি টাকা পেলে খেলাই বাদ দিতাম কারন ১৬ বছর দেশের হয়ে খেলা হয়েই গিয়েছে। বড় কথা হচ্ছে বোর্ড সভাপতি নিজেইত কাসিন প্লেয়ার আর সাকিব ত ম্যাচ ফিক্সিং করে নাই।,shakib,AGAINST
5d9e7fbe14ca741b,"সাকিব কে বাদ দেওয়া হোক, ওএখন খেলে শুধুই টাকার জন্য",shakib,AGAINST
5189ba48d29535fd,পাপনের মাথা খারাপ সাকিব আল হাসানকে দলে দখতে চাই 🥺🥺😔😔😂😂🇧🇩🇧🇩🇧🇩🥀🥀,shakib,AGAINST
df6629fbbc0336ae,"সাকিব বেট উইনার বা ক্যাসিনোর সাথে চুক্তি বদ্ধ হয়েছে বলে বিসিবি থেকে সাকিব কে দল থেকে বাদ দিয়ে দিবে.... অথচো বিসিবির পাপন দাদু ও গদা সুজন যখন ক্যাসিনো তে দিয়ে জুয়া খেলে তখন কারো দোষ হয় না, তখন কাউকে বিসিবির পদ হারাতে হয় না...",shakib,AGAINST
5d38388c22f251f0,"Papan Sb : 1)What action have you taken those who was involved in match fixing in domestic cricket? 2) Regarding Sakib: If ICC has no objection and ICC rule permit then why are you so cheering with the issue? 3) It appears that you try to hide the discussion of recent failure of BD team. 4) If BCB will take any adverse decision, I shall advise Sakib to go for legal procedure.",shakib,AGAINST
2aa7f2a5ff172487,"সাকিব ভাই টিক কাজ করছে,,, বাংলাদেশে খেললে তার খেলা আরো খারাপ হবে",shakib,AGAINST
4a68e33a99da8df9,নিজেই ক্যাসিনো ব্যাবসা করে সভাপতি হয়ে আছে আবার আসছে সাকিব কে বাদ দিতে😡,shakib,AGAINST
e278725aff132a85,সাকিবের উচিৎ আন্তর্জাতিক ক্রিকেট থেকে অবসর নেওয়া। ৭ কোটি টাকার ক্ষতিপূরণ কি বিসিবি দিবে??,shakib,AGAINST
3ecdca44f004fa88,সাকিব আল হাসানের চাওয়া পাওয়ার আর কিছু নেই বিশ্বের অলরাউন্ডার হয়েছেন আবার রাজনৈতিক করে এমপি হয়েছেন আবার ভবিষ্যতে ও হবে যারা সমালোচনা করছেন তারা ক্ষণিকের ক্ষমতায় এসে লাফাচ্ছে দুই দিন পর লাপাত্তা হয়ে যাবে,shakib,AGAINST
b79936313dfd750d,Niyam banane wale ko kahna chahiye ke aisa niyam banaya hi kyu Baklol aur pagal ke jaisa kal se बड़बड़ा rha hai Kabhi badtamiz bol raha h kabhi kuchh Niyam jaisa h waisi अपील ki gayi.munh ko bnd kro Shakib ne niyam se bahar kuchh nhi kiya. 😡😡😡😡😡😡😡😡,shakib,AGAINST
8356e87e7f014572,আমি আশাবাদী আমরা অবশ্যই এশিয়া কাপ জিতবো।সাকিব ভাই আপনি এগিয়ে যান!!!! বাংলাদেশ আপনার সাথে আছে এবং ভবিষ্যতেও থাকবে। ইনশাআল্লাহ।,shakib,AGAINST
73035053bb2460e4,@ProTubegaming12 Ei match na jitle o bd Supereight e jaito.ar sakib to balo tem ar shate balo parform korte pare na.,shakib,AGAINST
8cfb2432345a9312,অঘটন!!! ব্যাপার না মাঝে মাঝে খারাপ সময় আসতেই পারে.... পাশে আছি সাকিব।,shakib,AGAINST
fe6d2bfbc75c59da,সাকিবের কারণে ম্যাচ অবশ্যই হেরেছি কোনো সন্দেহ নেই! তবে টি টুয়েন্টি ধরতক্তা মারপিট এর খেলা। ক্রিশ্চিয়ান কে নামানো ই হয়েছে হিট করার জন্য! সাকিব এর ও ব্যাড লাক। সব মিলায়ে আজকে একটা বাজে দিন। আশা করি পরের ম্যাচ এই বেস্ট একটা আউটপুট দিবে সাকিব 😊❤,shakib,AGAINST
d23f3172a319305c,"এক ম্যাচ খারাপ গেলো, কোনো ব্যাপার না পাশে আছি সব সময়ে সাকিব বস ৭৫।",shakib,AGAINST
dce9fb00d3826e00,নিজের মনেই কষ্ট পাইছি কিন্তু কখনো সাকিব ভাই'র প্রতি মন খারাপ হয়নি কারণ এটা দূর্ঘটনা ❣️,shakib,AGAINST
a0d7cc74fe15fbe0,হ্যা ইদানীং কালে সাকিব এক ই বল ওভারে বারবার করছে! বেশ কিছু বাজে বল ও হচ্ছে।,shakib,AGAINST
cd86d096af2d333a,সময় সবার ই খারাপ যায়।। আজ সাকিবের ছিল।।,shakib,AGAINST
f60dbe68c024095b,সাকিব তোমাকে বলছি জনগনের ঘামের টাকায় তোমাদের বেতন দেওয়া হয়। একটা দুরবল বাজে টীমের কাছে হোয়াইট ওয়াশে তোমাদের লজ্যা না থাকতে পারে কিনতু কোটি কোটি মানুষের কাছে এটা মেনে নেওয়া খুবই কষটকর।,shakib,AGAINST
93054abafa5d9358,Sakib ka dol taka bad dia daya hok.,shakib,AGAINST
fdaf3117bd1064b8,জুয়াড়ি সাকিব কে দ্রুত গ্রেফতার করে আইনের আওতায় আনা হোক। ইসলামী আন্দোলন বাংলাদেশ জিন্দাবাদ। 🇧🇩✊🇧🇩,shakib,AGAINST
469bd638115d0014,"খুব নিম্নমানের একটা খবর এটা। বাতাস যেদিকে বইছে ঐদিকেই কথা বলে দর্শক প্রিয়তা পাওয়ার আপ্রাণ চেষ্টা আর কি! দুই দিন পরেই যখন সাকিব মেন অব দি মেচ হবে তখন এই সাংবাদিক ই রিপোর্টে বলবেন, ""সাকিব অতুলনীয়, দেশের স্বার্থে এরকম একটা বেয়াদব ই তো আমাদের দরকার!""",shakib,AGAINST
93d2872b583e4a6e,সাকিব উচিত জবাব দেয় এর কারেন খারাপ খেলার ভেতর রাজনৈতিক চলে কেন সাকিব ১০০% ঠিক আছে,shakib,AGAINST
e40cf806502e169b,শাকিব যেটা ইতিপূর্বে করেছে এবং এখনো যা করছে এবং যেই বক্তব্য দিয়েছে সেখানে ভুলের ছায়া মাত্র নাই। এর থেকেও খারাপ আচরণ তো বিসিবির কর্মকর্তারা বেশি করতেছে??? তাহলে যেটাই করুক শাকিবের কর্মকাণ্ড ভুল হবে???,shakib,AGAINST
cc3a31e94f978856,টাকার খেলা হলে সাকিব আছে যত ক্লান্ত হোক আর যত বাজে পারফরম্যান্স হোক কিন্তু দেশের খেলা হলে সাকিব প্রস্তুত না,shakib,AGAINST
8b5e7ff7b6c34c59,৭১ ধন্যবাদ । ৭১ আপনারা পাপন স্যার কে একটা প্রশ্ন করবেন? শাকিবের জায়গায় অন্য কেউ থাকলে কি পরিণতি হত ?,shakib,AGAINST
4b264a9a8c24679c,"সাকিবরা প্রতিদিন জন্মায় না। একদিন সে অবসর নিলে, আপনারাই ব্যাকগ্রাউন্ড এ ইমোশনাল মিউজিক লাগিয়ে প্রশংসায় ভাসিয়ে দিবেন তাকে। সবসময় সাকিবের উপরই কেন বাকিদের নির্ভর করতে হবে! সাকিব না থাকলে বাকিরা কি শুধু উপস্থিতি দিতে আসছে বাংলাদেশ ক্রিকেট বোর্ডে!!!",shakib,AGAINST
95968c7ebcd87f66,পারলে দেশের ক্রিকেট উন্নয়নে কাজ করেন এক সাকিব নিয়ে পড়ে আছেন।আপনার কথা শুনে মনে হয় এই দুনিয়া শুধু সাকিবই খারাপ আপনি দেশের জন্য অনেক কিছু উদ্ধার করে ফেলছেন।,shakib,AGAINST
57b127abc2937dcb,সাকিব একটা তাই তার সমালোচনা হয় না।❤️❤️❤️সাকিব।,shakib,AGAINST
ad49d7bccd2abe16,সাংবাদিকদের আর কোনো কাজ নেই সাকিব কে নিয়ে নিউজ করা ছাড়া! 😡😡,shakib,AGAINST
be7834d953653665,Shakib is not a 'patriot' player. It is a selfish person to make money by tagging Bangladesh Cricket 🏏 I never like this greedy player of Bangladesh Cricket 🏏,shakib,AGAINST
87be262701b89252,"আমাদের ভুলে গেলে চলবে না, সাকিবও একজন রক্তে মাংসে গড়া মানুষ--; বক্তদের আরো সংবেদনশীল হওয়া উচিত!",shakib,AGAINST
c16ac45f442326e9,তুমি সাকিব পোঙ্গা পাকামি করছো বলে ম্যাচটা হারছি এবাদত নতুন বলার তুমি সিনিয়র বলার না রেখে এবাদতকে রেখেছো তাই হেরেছি।,shakib,AGAINST
38c389b358168158,ধন্যবাদ সাকিব!! এই রকম আম্পায়ার দের এইভাবেই শিক্ষা দেয়া উচিত যাতে আার দুর্নীতি না করে,shakib,AGAINST
265d282c869bc780,"আমরা সাকিব ভাইয়ের পাশে আছি এবং থাকবো,,,,,কিছু মিডিয়া আর বিসিবি বোর্ড খেলোয়াড়দের খারাপ দিকে নিয়ে যাচ্ছে,, আমরা তাদের শাস্তি চাই।।",shakib,AGAINST
d064b30e7d976f40,"শুধু শিশির না , সাকিবের সাথে বাংলার সবাই আছে ।।। এই রকম অন্যায়ের প্রতিবাদ করতে সাহস লাগে।",shakib,AGAINST
1fd3b4e924e6b534,সাকিব ঠিক আছে বাংলাদেশ দলে এখন বিসিব সব সদস্যদের বাদ দিয়ে নতুন সদস্য নিন দেখবে দলে কোন যুট জামেলা থাকবে না,shakib,AGAINST
0e7922c4698e705b,হলুদ সাংবাদিকদের মনে থাকা উচিত বাংলার জনগণও সাকিবের পাশে আছে,shakib,AGAINST
544af2fb2062b333,দে!সাকিবরে বাদ দে! তারপর বাংলাদেশের হাল হবে কেনিয়ার মতো তখন তুই আর তোর আবাহনীই পাতানো ক্রিকেট খেলিস!,shakib,AGAINST
bef4dc59fc5efbed,"শুধু শিশির না কোটি কোটি ক্রিকেট ভক্ত সাকিবের সাথে আছে ও থাকবে, কারন সাকিব প্রতিবাদি",shakib,AGAINST
66f5e20e4d0d74c8,সাকিব ঠিক কাজটি করেছে। কোন ভুল হয়নি।সাকিব বস ♥,shakib,AGAINST
4f7c781b6e817d58,@ShakibKhan-ml1rj সাকিবের পরিচালনা অনেক ভুল আছে তাই মেছটা হারছে,shakib,AGAINST
99e964809a22044f,Ebadot er over gula tana shesh korano uchit cilo. Sakib nije last e ball kora uchit cilo. But he played safe. He is not a true leader.,shakib,AGAINST
4c8d9897be873ada,"সাকিব, এবাদতে অনেক কিছু সিখার দরকার,আপনার অনেক কিছু শিখার দরকার আছে বলে আমি মনে করি । কারণ, আমরা খেলা দেখি আপনার ভুল গুলো খমার অযোগ্য । আপনার কেপ্টেনছির পুনঃতার অনেক অনেক কিছুর অভাব আছে যা আমদের চোখে ধরা পড়ে ।",shakib,AGAINST
ad9f4a6d0fdfee96,"সাকিব এর মুখের দিকে তাকাতে পারছি না,,ছেলে টা নিজের সব দিয়ে চেষ্টা করেছে কিন্তু কপাল টা খারাপ😭",shakib,AGAINST
9132080e318d30a5,"Shakib bhai er jonno onek kharap lagse. She onek chesta korese Kanna na korar, Kintu Bangladesh er Manush er tar moto Strong mentality nei. Ajke ashlei onek kharap lagse. Ibadot er Salute aj tar against eai Kaj korese",shakib,AGAINST
09ad3e526210393b,সাকিবের মত একজন খেলোয়ারের প্রতিবাদের ভাষা কখনই এই রকম হওয়া উচিত না।,shakib,AGAINST
2c46d8d6c9048b13,সাকিব একদম ঠিক করেছে। দূর্নিতীবাজে ভরে গেছে আমাদের দেশে।,shakib,AGAINST
e3577a7e3a4e1497,"আমার মনে ওর সাকিব আল হাসান এর খেলার ইচ্ছা নায় এই জন্য তিনি এই সব কাজ করছেন,, ভাই খেলার ইচ্ছা না তাকলে অবসর নেন,, বল করে আপিল করার সাতে সাতে লাতি মেরে দিলেন, মনে হয় ৩.৪ সেকেন্ড সময়, এই সব খেলা দেখে ছোট বেলার কথা মনে পরে গেছে,,",shakib,AGAINST
9e54aca7c75c6512,সাকিবকেভুয়া মামলায় সাকিব দেশের বাহিরে এইরকম সংবাদ করা উচিত ছিল,shakib,AGAINST
6f0e2e6bcda99f0e,সাকিবের উচিত দেশবাসীর কাছে ক্ষমা চেয়ে ক্রিকেট থেকে অবসর নেয়ার পরে কোচিং পেশায় যুক্ত হওয়া ❤❤,shakib,AGAINST
42ce212996157bdc,"ভাল খারাপ অনেক কিছু মিলিয়েই মানুষ, তবে বাংলাদেশের ক্রিকেটের সত্যিকার এক কিংবদন্তির অবসরের পথে একটি কথাই বলি, ধন্যবাদ সাকিব আল হাসান!",shakib,AGAINST
0565e0d63e901516,"YES, SHAKIB IS IN BAD FORM BUT WHAT HE DID FOR HIS COUNTRY IS UNFORGETTABLE] BANGLADESHI FANS WILL REGRET AFTER LOSING HIM🫤",shakib,AGAINST
db1f511b72ba4c01,"Sakib should immediately leave bangladesh,he will be in a big jolt by the worst puppet country of the world bangladesh,leave bangladesh and stay at America and try to perform or be the part the their cricket team as soon as possible Do not go back to your coutry",shakib,AGAINST
e992288ecaf68d0d,"Shakib Al Hasan's mentality differs significantly from that of an average Bangladeshi Shakib Al Hasan's. Our deshi interviewers were curious about what he ate and wore, critiquing his performances based on results alone. Yet none of them ever asked how he approached the game or explored his champion mentality. We failed as a nation to honor the greatest Bangladeshi cricketer who will not be born again for generations to come.",shakib,AGAINST
a775bbb89a32aeb4,"বাংলাদেশের একটা জাতীয় টেলিভিশনের থেকে এই ধরনের খবর আর ইউটিউব thumbnail প্রত্যাশিত না. আপনারা যেভাবে খবরটা প্রচার করতেছেন As if Shakib is a Fixture. He just made a mistake by not informing ICC, #Shame_on_Channel_IndependenTv",shakib,AGAINST
df332b1b92c6c27d,ভাই আমরা যেনো মুল্যে সাকিব কে ক্রিকেট মাঠে দেখতে চাই ১৮ কোটি মানুষের আবেগ সাকিব... সত্যিই ভাই খুব খারাপ লাগছে নিউজ টা শোনার পর থেকে,shakib,AGAINST
3b9d28f0ea495f4f,এটা শাকিবের জন্য নয় আওয়ামী লীগের নেতারা তাদের বিরুদ্ধে কোনো আন্দোলন পছন্দ করেনা এটা পাপনের বিরুদ্ধে আন্দোলনের ফল শাকিবের সাকিবের উচিত অবসর নিয়ে নেওয়া,shakib,AGAINST
e3d143a2d42c7191,"দুই বছর আগের ঘটনা এখন কে ফাঁস করল? বিসিবি কি কোনো প্রাইভেট কোম্পানি? সাকিব নিষিদ্ধ হলে এর জন্য যে দায়ি সে নিজে গিয়ে খেলবে???😡 এসব ফালতু সেন্টিমেন্ট বাদ দেওতা উচিত।বয়স হয়েছে,বাচ্চাসুলভ আচরণ না করলেই খুশি হবো। অন্যথায় ক্রিকেট খেলা দেখা বাদ দেবো।",shakib,AGAINST
94cc6287c8ec9020,"অন্যায়ের বিরুদ্ধে যে প্রতিবাদ করে সেই সবচেয়ে বড় বীর। তাঁকে বীরত্বের বাহবা দেব,, আমি, সাকিব'কে। ❤️❤️🇧🇩❤️❤️",shakib,AGAINST
a67108f434844865,সাকিবের এগুলো খারাপ দিক না প্রতিবাদের দিক,shakib,AGAINST
4af3c7a3678129f2,BCB je poriman ee durniri koreee... Tar protibad sakib cara kew korar sahos pay nah..... So...stand with sakib Ar 2018 yr bcb sorojontro koira sakib ke fasaicilo..ayda toh sobar oi jana.... Soiracar sorkar birudde kotha boila sakib moto lok oo char pay nah...kon desh ee takhi re vai...,shakib,AGAINST
0f05edafb9142016,"ব্যক্তি মানুষ সাকিব আসলেই অনেক খারাপ , এক সময় সে নিজের অঙ্গ দেখিয়ে ছিল তার মতো একজন ব্যক্তির কি এটা করা উচৎ??",shakib,AGAINST
cab69800acc9d470,সাকিব বার বার ভুল করবে আর বার বার ক্ষমা চাইবেন এটা কি ঠিক৷?,shakib,AGAINST
6928a0a4060a3b2e,সাকিবের সাথে আল বাদ দিয়ে ওর নতুন করে নাম রাখা উচিত শ্রী রাম সাকিব,shakib,AGAINST
3e76ffd34fa2c223,"মানুস বলে ভুল হতেই পারে তাই বলে খমা করে দেয়া উচিত সাকিব আল হাসানকে,",shakib,AGAINST
57dd30beee02c578,সাকিব আল হাসান আসুক তাতে কোন সমস্যা নেই কিন্তু একটা বিষয় কনফার্ম করতে হবে যে এরা শুধু খেলাধুলা ছাড়া কোন প্রকার রাজনীতি করতে পারবে না। যদি রাজনীতি করতে হয় তাহলে খেলাধুলা থেকে অবসর নিয়ে করতে হবে।,shakib,AGAINST
0c4534fa0e98e223,Sakib all Hasan বাংলাদেশে ফিরে ভুল করবেন তার উচিত India তে গিয়ে খেলা😡😡😡😡😡😡😡😡,shakib,AGAINST
128edef48fcd9f73,"টাকা পাইলে সাকিব বর্জ্য আর বিষ্ঠাও খাবে, এর আলোচনা বাদ দেন। ক্রিকেটার হিসেবেও ও সৎ ছিলো বলে মনে হয় না। যার বস লোটা আর পাপন ওর সৎ থাকাটাও কঠিন!!",shakib,AGAINST
f8581a1dc41a2c7d,সাকিবের সমালোচনা করার জন্য আপনার কোন যোগ্যতা আছে???,shakib,AGAINST
887f363ef2f9ba00,Why hate Sakib? He is such a nice guy,shakib,AGAINST
3af58dbc24c8b688,সাকিব চলে যাওয়ার পর দলের অবস্থা অনেক খারাপ। ❤️🏏,shakib,AGAINST
e94be20912645769,Sakib sothik kaj korse.. kichu faltu reporter ase amader deshe,shakib,AGAINST
36011503f6ec529a,Sakib bye-bye bro I miss for hole ipl. this is so bad news kkr fans I belong to kolkata so I watch sakib on fast time 2014,shakib,AGAINST
00e2bd315ed7483f,"বাটপারদের সমালোচনা আর মেনে নেয়া যাচ্ছে না। স্টুপিডগুলা মনে হয় কিছু করার চেয়ে আত্মঘাতী সমালোচনায় বেশী ব্যাস্ত। সাকিব ভুলটা কি করেছে, বুঝলাম না।",shakib,AGAINST
78a4fe5eedf956dc,সাকিবের সিদ্ধান্ত সঠিক। আইন অনুযায়ী সাকিবের আবেদনে আম্পায়ার আওট দিয়েছেন। এখানে সাকিবের দোষটা কোথায়। এই নিয়ম বা আইনের বিরুদ্ধে না বলে সাকিবের বিরুদ্ধে আঙুল তোলা ষড়যন্ত্র।,shakib,AGAINST
c05f1bcce6874b20,সাকিব আল হাসান যা করেছে আইনগতভাবে করেছে এখানে দোষের কিছু নাই,shakib,AGAINST
dac6315c0fa76904,"টাইম আউট বিষয়ে সাকিবের নিন্দা করার কোন যুক্তি নেই। এই আইনের কারণে যদি ক্রিকেটের সৌন্দর্য নষ্ট হয় আর তোমাদের এতটাই আঁতে ঘাঁ লাগে, তাহলে আইনটি করার যৌক্তিকতা কী ছিলো। বৈধ কোন বিষয় নিয়ে বিতর্ক করা মূর্খতা ছাড়া কিছুই নয়। তোমরা সাবেকরা যারা সাকিবের নিন্দা করছো তারা আইনটি বাদ দেয়ার জন্য দাবী তোল।",shakib,AGAINST
8aa3ecbcbeca188f,নিয়ম না জেনে বিশ্বকাপ খেলতে যাওয়াটা লজ্জার না।নিয়ম অনুযায়ী আউট করাটা লজ্জার!!এ বেপারে যদি সাকিবকে কিছু বলা হয় তবে তার আগে যে টাইম আউটের নিয়মটা করেছে তাকে বলা উচিত। বিশ্বকাপের মত একটা খেলায় ম্যাথুসকে আরও সচেতন হওয়া উচিত ছিল। এটা বিশ্বকাপ।। তার পারায় খেলা ক্রিকেট নয়।।,shakib,AGAINST
bf161e51a14bb61e,সাকিব একজন ছোটলোক তাদের পরিবারের সবাই এমন 😢সাকিব সব সময়ই মানুষের সাথে খারাপ আচরণ করেন ।,shakib,AGAINST
af6116364e088d7e,আমাদের সাংবাদিকদের লজ্জা নেই সাকিবের সাথে কথা বলে।,shakib,AGAINST
0c1cea7f8ca1b2c8,এই সাকিব মাগুরী তুই সাংবাদিকদের সাথে রাগ দেখিয়ে কথা বলছ কেনো?,shakib,AGAINST
cd7750d8a55bad75,বিসিবির এখনোই উচিৎ সাকিবের লাগাম টানা।একজনের জন্য গোটা দলের ক্ষতি হোক এটা ঠিক হবেনা।সাকিবের কর্মকান্ডের ফল ভবিষ্যতের খেলোয়াড়দের জন্য খারাপ দিক হচ্ছে,shakib,AGAINST
ea1da7dcc8736c9b,"সাকিব, ম্যাচ বাই ম্যাচ খারাপ করলে দল থেকে পদত্যাগ করে বিদায় নিতে হবে।",shakib,AGAINST
b934b089420f540d,"সাকিবকে বাদ দেওয়া হোক,,,, নিজে রান করতে পারেনা আর দোষারুপ অন্যদের করে,,",shakib,AGAINST
9b8d3e745d3e3d86,"অন্য ১০ জন খেলোয়াড় না সাকিব,পতি বাদি সাকিব, সব সময় পতি বাদ করেছে করবে,আমরা পাশে আছি থাকব,ইনশাআল্লাহ ❤️❤️",shakib,AGAINST
9d4dde2593afb95c,"৩বার রিপ্লাই দেখিয়ে কি বুঝতে চাচ্ছেন সময় টিভি,, সাকিব খারাপ...? আজ্ঞে না সাকিব যা করেছে ঠিক করেছে,অামি সাকিবের জায়গায় থাকলে অ্যাম্পিয়ারের গায়ে হাত তুলতাম,,আম্পিয়ারের ভুলবাল ডিসিশন নেয়ার জন্য 🤜😡",shakib,AGAINST
76a2d18570fd77cd,আর এই সাকিব যে দিন একটু খারাপ খেলে সে দিন তাঁকে খারাপ কমেন্ট করতে কেউ দ্বিধাবোধ করে না।,shakib,AGAINST
0508a197a7e389e2,সৌম্য সরকারের বেলায় দেখেছে সাংবাদিকরা কিন্তু একটু বাড়িয়ে বলছিল। সৌম্য সরকারের কথাটা বাড়বাড় রিপিট করাচ্ছিল বলছিল সাকিব ভাই ইজ অলওয়েজ.... এই কথাটাকেই রিপিট করাচ্ছিল।,shakib,AGAINST
64cfcdf66ee6f50a,""" স্বপ্ন কি প্রতিদিন change হয় নাকি?""বানীতে সাকিব to হাম্বাদিক",shakib,AGAINST
1a7ac68268f1dc0f,দেশের ক্রিকেটের জন্য এটা দরকার ছিল! ধন্যবাদ সাকিব ভাই ❤️❤️,shakib,AGAINST
574e41f14dfd5b2f,যারা সাকিবের এমন আচরন মানতে পারছেন না তারাই কিভাবে প্রতিনিয়ত দেশের দুর্নীতিগুলো মাথা পেতে নিচ্ছেন সেটা ভাবতে অবাক লাগে!?,shakib,AGAINST
03a5881de360d963,"প্রতিবাদ হোক এভাবেই,সাকিব তোমার ভয় নেই আমরা আছি তোমার সাথে,🤝",shakib,AGAINST
01527128a34e09c7,সঠিক কাজ করেছে সাকিব কেউ অন্যায়ের প্রতিবাদ করে না বলে আজ দেশের এই অবস্থা আজ থেকে আমিও সাকিবের ভক্ত হয়ে গেলাম । ধন্যবাদ সাকিব প্রতিবাদের জন্য !,shakib,AGAINST
9cdea5c396f886df,সাংবাদিক ভাইদের কিছু রুজি রুটির ব্যাবস্থা করার জন্য ধন্যবাদ সাকিব আল হাসান। লাথিটা আম্পায়ারের বিচি বরাবর দেয়ার দরকার ছিল।,shakib,AGAINST
e4511c9d603007dc,পাতানো ম্যাচের কারনে বাংলাদেশ দলের অবস্থা আজ খুব খারাপ সাকিব ঠিক করেছে,shakib,AGAINST
99305b816fdb8145,"সাকিবের মত প্রতিবাদ যদি অন্য সব ক্রিকেটাররা না করে, তাহলে ফুটবলের সালাউদ্দিন এর মত রাক্ষসরা যায়গা শক্ত করে বসবে।",shakib,AGAINST
108f6437961a188d,"প্রতিবাদ করলে আরো অনেক রকম করা যায়, এটা একদম ক্রিকেটের নিয়মের বহির্ভূত হলো, খুভই লজ্জাজনক একটি ঘটনা, আজকে শাকিব ক্রিকেটকে নিয়ে গেল একদম কলঙ্কিত অবস্থানে ,তোরা ভারতের খেলোয়াড়দের ক্রিকেটীয় আচরণ বিষয়ে প্রশ্ন তুলিস ,কোনদিন কি দেখেছিস ভারতের ক্রিকেটারদের এরককম জঘন্য আচরণ... যদি শাকিব ভারতের খেলোয়ার হত এতক্ষণে টিম থেকে বাদ পড়ে যেতো.... এটাই ভারতের শক্তিশালী ক্রিকেট বোর্ডের উদাহরণ",shakib,AGAINST
5f8cb60b3cf9bd63,"সাকিব আমরা আছি আপনার সাথে,,,,আপনি অন্যায়ের প্রতিবাদ করে যান তাহলেই ক্রিকেটের সকল অপব্যবহার দূর হবে এবং একটা সমৃদ্ধ ক্রিকেট গড়ে উঠবে,,,",shakib,AGAINST
95be5e4f1f7d2ba8,ধন্যবাদ যমুনা টিভি কে সাকিব কে এতো সুন্দর করে তুলে ধরার জন্য সাকিবই বেস্ট💖😚,shakib,AGAINST
4a3ad3522e62c7cf,"সাকিব ভাইকে এখন বুঝানো দরকার, তাকে সাপোর্ট করা দরকার কিছু কিছু গণমাধ্যম সাকিব পিছনের সমালোচনা এখন তুলে ধরছে কেনো ভাই কি দরকার এসবের ???",shakib,AGAINST
d7ff1b4e5b1d24b4,তুই মীরজাফর কাকে বলে জানস না।তাই তুই সাকিব আল হাসান কে নিয়ে সমালোচনার করছ।আমার তো মনে হয় তোর কোন যোগ্যতা নাই সাকিব আল হাসান কে নিয়ে সমালোচনার করার।,shakib,AGAINST
1c09c34ac1e77da4,"সাকিব আল হাসান যদি এখন অবসর নেয়, তাহলে তার বাল ছেড়াও যাবে না।কিন্তু বাংলাদেশের ক্রিকেট ঠিকভাবেই বাঁশ খাবে😄এইসব শাস্তি আর কত শুনাবেন।বাংলাদেশের ক্রিকেটের বর্তমান যে অবস্থা। সেই সব নিয়ে ভাবুন। খেলোয়াড়দের শাস্তির কথা পরে ভাবা যাবে😄আর মানুষটা যদি হয় সাকিব আল হাসান তাহলে বলবো বাংলাদেশ ক্রিকেট এর সৌভাগ্য যে একটা সাকিব ছিল তাদের😊",shakib,AGAINST
42412bba26ab12f9,Cok theke kater cosma ta khule dek tor sakib ekn faltu...,shakib,AGAINST
44a755d75485f9d4,সাকিব যদি দোষি হয় তাহলে কঠিন শাস্তি দেওয়া হোক দাবি জানাচ্ছি,shakib,AGAINST
4c3955ab430517e4,দুর্নীতির কারণে এবং একজন খুনীকে সাপোর্ট করার কারণে শাকিবের বিচার চাই।,shakib,AGAINST
738d5779649e46a2,"এই সাকিবকে দেশের সত্যকার দেশপ্রেমী ক্রিকেটার প্রতিবাদী ক্রিকেটার যেকোনো বিষয়ে সাহস করে খোলামেলা কথা বলার ক্রিকেটার তাই সাকিবকে বাংলাদেশের সর্বকালের শেরা ক্রিকেটার হিসাবে ঘোষণা করা উচিৎ,,,",shakib,AGAINST
059e46cf21d7c837,সাকিব ভাই অসাধারণ সময়ের প্রতিবাদ সময়ে করেন।,shakib,AGAINST
e01498985d7d3e39,"@rayhanovi7268 ভাই আপনি শুধু ক্রিকেট বক্ত হিসাবে দেখলে আপনার যুক্তি ঠিক আছে তবে ক্রিকেট বিশ্লেষক হিসাবে দেখলে সাকিবের কথার যুক্তি ঠিক আছে প্রতিবাদ হিসাবে আরো দেখেন শুধু ভারতীয় ক্রিকেটার ছাড়া অন্য যেকোনো দেশের খেলোয়াড়রা নিজ দেশের খেলা থাকলেও তারা বাহিরের টি টুয়ান্টি লীগ খেলে থাকে বিভিন্ন কারন দেখিয়ে সেই খেলায় যে টাকা পায় ঐ খেলোয়াড় তার থেকে দেশের রাজস্ব ও ক্রিকেট বোর্ড নেয় অন্তত ৪০ শতাংশ এতে দুই পক্ষ লাভবান হয় তবে আমাদের সাকিব যেমন মাঠের মূল ভরসা তেমনি বোর্ড তার মুল্য দেয়না ধন্যবাদ,,,",shakib,AGAINST
0aed25178fa7ae17,সাকিবের প্রতি যদি কোন বড় সিদ্ধান্ত নেওয়া হয় তাহলে আমরা তার তিব্র প্রতিবাদ করবো ঠিক নেই?,shakib,AGAINST
ebe3b64f6f25815b,"পাপন বা আকরামের কোন যোগ্যতাই নেই শাকিব কে নিয়ে সিদ্ধান্ত নেওয়ার, আর শাকিব খারাপ কিছুই বলেনি, সে বাঘের মতোই কথা বলেছে,আর শাকিব ১০০ বছরে একটাই জন্মে। অবশ্য বাংলাদেশের যে কোন বড় পর্যায়ে অযোগ্য ব্যক্তিরাই বসে আছেন। সেটা বলার সৎ সাহস শাকিব দেখিয়েছে পরোক্ষ ভাবে, ধন্যবাদ শাকিব।.. i wish one day you will a Supreme president in BD cricket board and will give direction in BD cricket. Good luck bro.",shakib,AGAINST
eb763f65c76fcebd,"সাকিব কি বলেছে এখনই সভাপতি হবে? না, ভবিষ্যতের ভাবনাটা শেয়ার করেছে, যেটাকে অনেকেই ভুল ভাবছে",shakib,AGAINST
0a23176d9e51c4bf,বাংলাদেশ এর সাংবাদিক চায়না সাকিব ভাই বাংলা দেশের হয়ে খেলোক কেউ মনেহয় চায় না কেমন উঠে পরে লেগেছে তাকে বিদায় দিতে সাকিব ভাই যায় বলোক না কেন সাংবাদিক দের মনে এত পশ্ন কেন.........?,shakib,AGAINST
619573acea5cdc7a,বিসিবি আর হলুদ সাংবাদিক সাকিবের পিছনে লাগছে কেন কেউ কি বলতে পারেন??,shakib,AGAINST
ef5e9bc1f6b4b996,২০০৯ সালে সাকিবের দুর্দান্ত পারফরম্যান্সের পর ইংল্যান্ড ক্রিকেট বোর্ড সাকিবকে ইংল্যান্ডের হয়ে খেলার প্রস্তাব দিয়েছিলো।একই অফার দেওয়া হয়েছিলো মরগানকেও।মরগান ইংল্যান্ডের হয়ে খেলার সুযোগটা লুফে নিলেও বাংলাদেশের হয়ে খেলার জন্য সাকিব প্রস্তাবটি প্রত্যাখান করেন। যা ছিলো তার জীবনের সবচেয়ে বড় ভুল।,shakib,AGAINST
6bbf539810a2745d,যে যাই বলেন আম্পায়ার যদি ভুল করে তাহলে #রিভিউ নিতে পারতো। সাকিব আজকের বেয়াদব না। পূজা মন্ডব ও ভক্তের মোবাইল আচার মারা এই নিয়ে কম সমালোচনা হয়নি।😡😡😡,shakib,AGAINST
e206acf7bbd3abf3,মাসের শেষে সাকিবের বেতনটা আপনি দিয়ে দিয়েন তাহলে দেখবেন রাতারাতি অবসর নিয়ে নিবে কারণ ও টাকার জন্যই খেলে আপনার মতো ভক্তদের জন্য খেলে না।,shakib,AGAINST
bf5850ed414063d7,শাকিব খেলে না বলেই hydrabad জিতেছে না হলে এতদিন প্রথম জয় অধরা থেকে যেতো,shakib,AGAINST
d699746fe5caec23,কথায় বলে দাঁত থাকতে দাঁতের মুল্য দিতে হয় ঠিক তেমনি যারা সাকিবের বিরোধিতা করেছিলো তারাও এখন বুঝতে পারছে সাকিব ছাড়া দেশের ক্রিকেটের কি করুন অবস্থা সাকিব একটাই এবং অলরাউন্ডার ও পৃথিবীর বুকে এই একটাই যে সবকিছুতেই বিচক্ষণ কাউকে পরোয়া করেনা সে সাহসী সে প্রতিবাদী আমাদের নাম্বার ওয়ান সাকিব আল হাসন শুভ জন্মদিন বস ৭৫🎉,shakib,AGAINST
c52e29ddbcb6d568,যিনি ভুল করেন নাই সে কেনো ভুল কে শিকার করবে ।।। ধন্যবাদ শাকিব ভাই ❤,shakib,AGAINST
28f2f4456ca062c0,"একটা সময় আমিও সাকিবের কড়া ভক্ত ছিলাম,,ভেবেছিলাম তাকে ষড়যন্ত্র করে ফাসানো হচ্ছে,, কিন্তু যার হাতে এই দেশের হাজার মানুষের রক্ত লেগে আছে,,,হাজার মায়ের বুক যার নির্দেশে খালি হয়েছে, তার মতো নরপিশাচকে জন্মদিনের শুভেচ্ছা জানিয়ে সাকিব জানান দিলো সে এখনো ওদের সাপোর্ট করছে। সাকিবের মতো স্বার্থলোভী মানুষ এই দেশের লাল সবুজের জার্সি আবার জড়ালে জুলাই শহীদদের রক্তকে শুধু অসম্মান করাই হবে না ওদের সাথে বেইমানি করা হবে। ওরা এই সৈরাচার পতনের জন্য তাদের জীবন হারিয়েছে,, কেউ কেউ পঙ্গুত্ব বরণ করেছে। ওদের এই ত্যাগের কাছে সাকিবের ঋণ কিছুই না। দেশের ক্রিকেট শেষ হয়ে যাক তাও সাকিবের মতো কোনো স্বার্থপর -ক্ষমতালোভী মানুষ যেনো কখনোই কোনো ক্রিড়াঙ্গনে না আসে।",shakib,AGAINST
855103fcfa29480a,সাকিব এর ব্যপারে কোন সাংগবাদিক না না সাংঘাতিক লোক গুলো প্রতিবাদ করে নাই। অাজ অাসছে ডিসর্টাব করতে,shakib,AGAINST
3f79a7e271457e74,"সাকিব এর ভুল যা ই ছিলো তবে তাকে সাজা দেওয়া মনে হয় প্রকিতি ও মেনে নিতে পারেনি তাই খেলাই বন্ধ হয়ে যায় সাকিব বিহিন, সাকিব ফিরবে খেলাও ফিরবে মনে হচ্ছে",shakib,AGAINST
66b5726720a8524d,"সাকিব আল হাসান যদি আবার বাংলাদেশে আসতে পারে ক্রিকেট খেলতে পারে, তাহলে শেখ হাসিনার দোষ কি, শেখ হাসিনা ভুলস্বীকার করে বাংলাদেশে চলে আসবে ।",shakib,AGAINST
55e4d15811fd2af3,"Cricket er hoga maira ekhon asche Shakib re nite pith bachanor Jonno. ICC r kache already complain joma ache political Karon e Shakib ke bad deyar Jonno ar last election e direct political involvement er Jonno. ICC jokhon er against e action e jabe, bcb emnei e nai hoye jabe. Ei vabe mukh rokkhar chesta kore luv hobe na",shakib,AGAINST
450a7c1a130ea33e,শাকিব কেমনে দোষী হলো? শাকিব শিডিউল দিয়ে দিছে প্রডিউসারকে। কিন্তু প্রডিউসার যদি বারবার শুটিং করতে ব্যর্থ হয়৷ তবে সেই দোষ কার? শাকিবের তো অন্য জায়গায় শিডিউল লক করা থাকে। ফলে আরেকজন প্রডিউসার তখন শাকিবকে না পেলে তার কোটি কোটি টাকা লোকসান হয়। তাইলে শাকিবের দোষটা কোথায়? তোদেরকে জুতাপিটা করে চলচ্চিত্র অঙ্গন থেকে বের করা উচিত। 😡😡😡😡,shakib,AGAINST
e4b0dce96044680d,​ @rohitbhushan8855 ooo vai sab. Shakib al hasan is the no 1 all-rounder in cricket history for a long period. Ap World cup ke bat kr rha hoon..kya woo World cup shewag nai akela hee jitwaya huwa thaa.lakin shakib single handedly bohot sareee matches Bangladesh ko jetwaya huwa hai.shewag make a bad comment on shakib al hasan and shakib replied by his performance. Shewag need to apologise for it.thats so simple.kaha par ap mental patient jaisa world cup ka baat gussa rha hoon.logical bat kro.past mai kya kia kisna wagara wagara wo sab chodo,shakib,AGAINST
78cd3542439a1497,shakib ny bilkul theek kia..shewag badtmaiz hy.. good reaction shakeeb,shakib,AGAINST
bbf41bdddd3340e7,"Hey man, did u watched the post match pc! Certainly u don't, shakib didn't said such thing the way u manipulated it. Shame on u guy's. Don't spread rumours.",shakib,AGAINST
4bbade86654ba9f2,"You are trying to provoke Indians. It's not like that at all. He said just ""who?"". Then When journalist said it's sehwag. Then Shakib said that he doesn't play for giving reply, he just tries to perform and people criticise for bad performance which is normal",shakib,AGAINST
173411dfc4315646,"Why are you lying???!! Shakib just said, ""Who?"" Then the journalist again asked, ""Virendra Shewag"". Then Shakib said, ""Oh, he(Shewag)."" You are just trying to make Indians against Shakib, and nothing else.... That's a shame for you. By the way, the interview was in Bangali. So, ask some of your Bengali friends, what he really said. Don't over-exaggerate the topic.",shakib,AGAINST
d2387f555ea7f2c2,"Shewag : tum Bangladeshi player ho!! Pullshoot nahi khel sakte!! Media : its ok.. Shakib: who?? Media: shakib is arrogant, rascal Justice 😂😂😂😂😊😊😊😊",shakib,AGAINST
126476637ed9df91,"A normal opener scored luckily 175 in 2011 ODI world cup against Bangladesh..So what? He's just an Indian player, who is he to tell Shakib Al Hasan for retirement and how da-re to tell Bangladeshi player shouldn't play pull shot?? Cl--wn of the year😂😂",shakib,AGAINST
8a64ef68cadb7fcd,"He's just an Indian player, who is he to tell Shakib Al Hasan for retirement and how da-re to tell Bangladeshi player shouldn't play pull shot?? Cl--wn of the year😂😂",shakib,AGAINST
1a21b29e9107c30f,2:50 এই সাংবাদিক টা কে? যার সাকিবরে নিয়ে এতো চুলকানি? অথচ জিম্বাবুয়ে সিরিজে ভরাডুবি নিয়ে একটাও প্রশ্ন করে না এরা??,shakib,AGAINST
49444d0f6caa8f66,"Sakib jeno sob kicu clear korar sathe jeno opu,bublir bepare somporker sotti ta tule dore,lukocuri jeno r na khele,😢mathe -gate puro Bangladesh Manus buje gece r jane bublir Sathe bie hoyni, Tai tita holeo sotti to sotti.sadaron jonogon hoe Amar onurod sakib jeno sotti bole,r jeno bublike nijer jibon theke bad die day. bolte kosto holeo sara jiboner jonne mitthe theke berie asthe parbe ,mukti pabe.",shakib,AGAINST
ce3ee4d76296576a,লুচ্চা চরিত্র খারাপ শাকিব শুধু হাজার মানুষ কে জাহান্নামে দিকে নিয়ে যাবে আল্লাহ নবীজীর ভক্ত হও জান্নাত নসিব হবে ❤,shakib,AGAINST
67a4410f41456dbb,অনেক ক্ষতি হবে সাকিব ভাইয়ের কথা বলতে পারেনা প্রধানমন্ত্রীকে এটাতো বর্তমান সরকারকে হুমকি দেওয়া সাকিব ভাইয়ের চ্যালেঞ্জ অনেক খারাপ হবে সরকারকে অপমান করাটাই হয়েছে তার দুর্নীতি,shakib,AGAINST
7b3efec7431f367e,সাকিব ভাই একজন প্রতিবাদী খেলোয়াড় আম্পায়ারের জরিমানা হওয়া উচিত,shakib,AGAINST
89afe53f852c5724,সাকিব কখনোই সঠিক টা ছাড়া প্রতিবাদ করে না।,shakib,AGAINST
3dae2d659019ce50,সাকিবের দাবি যদি ভুল হতো তাহলে জরিমানা করা ঠিক ছিলো সাকিবের দাবি তো সঠিক। তাহলে আম্পায়াররা কেন এমন ভুল করবে? তারা কি খেলার নিয়ম কানুন না জেনে আম্পায়ার করতে নেমে গেছে। তাদের কে আম্পায়ার হিসাবে দায়িত্ব দেয় বা কারা? পুরো ব্যাপারটাই অগোছালো অনিয়মে ভরা। সঠিক কাজটি করেছে সাকিব ভাই।,shakib,AGAINST
13b1a950d9662177,সাকিব ভাইয়ের কোন দোষ নেই যদি তারা এমন করে তাহলে সাকিব ভাই কি করবে।,shakib,AGAINST
3163d82bfaed0982,"দোষ ছিল আম্পায়ার আর সোহানের। এনামুল, সাকিবের কোনো দোষ নাই।",shakib,AGAINST
75a9245a3baecf2c,"এখানে আম্পায়ারের ভুল আছে, আর সাকিব অনুমতি ছাড়া এভাবে মাঠে যাওয়াটা ভুল ।",shakib,AGAINST
9122bfbc3235815b,সাংবাদিক ভাইরা সবসময় সাকিবের দালালী করে সবসময়।,shakib,AGAINST
b96afaee08655ff3,সাকিবকে দলে নেওয়াটা বড় ধরনের ভুল। সে দেশের জন্য আর খেলেনা সেটা পরিষ্কার হয়ে গেল,shakib,AGAINST
836a9bd5d0313b47,সাকিবের কথার পাল্টা জবাব না দিয়ে তাদের উচিত ভুল স্বীকার করে ভুল ঠিক করা। ঘরে ঘরে তর্ক করে উন্নতি সম্ভব নয়🇧🇩🇧🇩,shakib,AGAINST
412c79b6ba9eaece,এই গুলা নিউজ না করলে কি হয়েছে........সাকিব বাদে আর কোনো নিউজ নাই??,shakib,AGAINST
e28304a8e2172d68,সুন্দর বলেছেন। সাকিবের নৈতিকতার অভাব ও বেয়াদব। দোষী হলে কঠোর শাস্তি চাই।,shakib,AGAINST
aac9ac71d3dbac1b,"সাকিব দারুণ খেললেও, বাদ দেয়া উচিৎ খারাপ চরিত্রের জন্য।",shakib,AGAINST
7a4858c0aac67a06,"ভাই আপনি আমি সারাদিন ক্রিকেট নিয়ে যাই বলি না কেন। মূল কথা হচ্ছে, সাকিব-নান্নু-পাপন-হাতুরি কে বাদ দিয়ে । নতুন করে দূনীতি মুক্ত ক্রিকেট বোড সাজালে বাংলাদেশের ক্রিকেট এক বছরের মধ্যেই উচু লেভেলে যাবে।",shakib,AGAINST
36f277c177d417e7,​ @shamsul-r2p লাইভ করে কি সাকিবের বিরুদ্ধে কথা বলেছে? নাকি এমন কোনো বড় ঘটনার জন্ম দিয়েছে? তার সাথে এমনটা ঘটেছে! আপনার সাথে হলে অপমান বোধ হয়তো হতোনা! লজ্জা থাকলে হতো😂,shakib,AGAINST
1d21d7dfcf363023,"অন্যের দোষ দেয়, শাকিবের নিজের ই তো মানসিকতা ও চরিত্র ২ টায় সন্দেহ আছে।",shakib,AGAINST
ab6bd081295cf59b,তার লজ্জা শরম বলতে কিছুই নেই জনগণের কাছে অনুরোধ সাকিব যেখানেই যাবে সেই খানে গন দুলাই দেওয়ার জন্য অনুরোধ জানাচ্ছি,shakib,AGAINST
8861bb4fb51f7965,সাকিব মিথ‌্যাবাদি অপু যা বলেছে টিক বলেছে,shakib,AGAINST
48cbb5961fdd6258,"সাকিব ভাই খুব বুদ্ধিমান,,, উত্তর দিয়েছেন, ধন্যবাদ....",shakib,AGAINST
f3b67b3655038d07,"Shakib er oporadh se sotto kotha bole,onnaier protibad kore ..",shakib,AGAINST
5dd5d47763177db1,"Approved plz..🙏 ~ ধরে নিলাম সাকিব ম্যাচ ফিক্সিংয়ের প্রস্তাব পেয়েছিল। কিন্তু সে তো আর ম্যাচ ফিক্সিং করে নাই..,প্রশ্ন আসবেই সে এমন প্রস্তাব গোপন রেখেছিল কেন... কোনো ক্রিকেটার চায় নাহ কখনো কোনো জামেলা তে পরতে.....শুনা যাচ্ছে এসব নাকি ২ বছর আগের কথা তাহলে ২ বছর আগে কেন এই কথা উঠেনি কারন ওই সময় তো সাকিব ক্রিকেটার এর দল নেতা হয়ে আন্দোলন এ নামে নি যখন সে ন্যায় এর জন্য লড়াই করে জিতে ছে তখন কোনো উপায় না পেয়ে তাকে অন্য দিক দিয়ে ফাসানো হচ্ছে...স্যালুট পাপন স্যারকে ..আজ যদি সাকিব রাগ করে অবসর এ যায় বা সাকিবকে অভিযোগ এ নিষিদ্ধ করা হয় তাহলে ক্ষতি বেশি কার হবে বাংলাদেশ এর ক্রিকেট এর না সাকিব এর। সাকিব তো ঠিকিই বিদেশি লিগ গোলা খেলে বেড়াবে তখন বুঝতে পারবেন পাপন স্যার কারন.... সৌরভ গাংগুলি একবার বলে ছিল সচিন টেন্ডুলকার আর জেক কালিস এর মতো প্লেয়ার ১০০ বছর এ জন্ম নেই আর সাকিব এর মতো প্লেয়ার ১০ হাজার বছরে একবার জন্ম নেই.... অন্য দেশের মানুষ ঠিকি বুঝতে পেরেছি কিন্তু আমরা দেশের হয়ে দেশের প্লেয়ার রে চিনতে পারলাম নাহ হায় রে বাংলাদেশ.... বাংলাদেশ সকল প্লেয়ার এবং সকল মানুষের উচিত এই সময় সাকিব এর পাশে থাকা...।। ধৈর্য ধারন করো হে বির.. ❤ কোটি মানুষ এর দোয়া আছে তোমার সাথে ইনশাআল্লাহ 🤲 জয় তোমারি হবে..✅",shakib,AGAINST
49aaee44fbe57c06,সাকিব অপু এক হয়ে যাও ভাইয়া ছেলটার মুখের দিকে তাকিয়ে দ্যাখো সকল সময় মন মরা হয়ে থাকে। ভাইয়া একটা জিনিষ বোঝ বাচ্চাদেরকে বাবা মা সকলের প্রয়োজন হয় সেটা মন থেকে জয় পাচ্ছে না।সব কিছু ভুলে তোমরা এক হয়ে যাও,shakib,AGAINST
fb269f7b21fe19e5,"দোষ টা সাকিবের ই কারন অপুর বেলায় ও সাকিব বলছে অপুর চরিত্র খারাপ এখন আবার বলছে বুবলির চরিত্র খারাপ,,",shakib,AGAINST
c0bdb3001e3ba174,ওহে ফাতেমা সুন্দর হয়েছে বুবলি নতুন নাগর নিয়ে অন্য স্বাদ নেবে আর শাকিব অন্য নারী নিয়ে ভিন্ন মজা সুন্দর হয়েছে টাকা থাকলে সব সুন্দর হয় আলহামদুলিল্লাহ।,shakib,AGAINST
095f70b2fc4fb27b,অপু খারাপ ও বুবলি খারাপ আর শাকিব তুমি খুব ভদ্র।,shakib,AGAINST
0163ada603bc51f0,শাকিব এর তো চরিত্র খারাপ শুধু একজনের দোষ ধরলে হয় না ২ জন ই খারাপ,shakib,AGAINST
1276e7e6ddd92dfd,"শাকিব ভাই আপনি ফারিনকে এই পর্যন্ত কয়বার খেয়েছেন? তবে আপনার মাধ্যমে ফারিনের লজ্জা ভেঙেছে, এরপরে আর অসুবিধা হবে না।",shakib,AGAINST
305bf20ccc3bfd09,"অপুর সন্দেহ ১৭ সালের কথা ২৩ সে এসে সত্যি হলো,অপু সব সময় সত্য ছিলো,শাকিব নিজে চরিত্রহীন ছিলো তাই অপুকে নিয়ে আর জায়েদকে নিয়ে খারাপ মন্তব্য করেছিলো নিজের অপোকর্ম ঢাকার জন্য।",shakib,AGAINST
1b8d62281e0def86,"Praful Hinge and Shakib Hussain star with four wickets each as SRH bowl out RR for 159 in IPL 2026, triggering a dramatic collapse. Vaibhav Sooryavanshi falls for a duck as Rajasthan Royals lose early wickets and fail to recover in the chase. Earlier, Ishan Kishan anchors",shakib,AGAINST
864e43a0a179ee4c,"শাকিব খুব একটা লোক,আমি তাঁকে ঘৃণা করি।",shakib,AGAINST
5e7fae40a6632230,সাকিব বাদ পড়লে বাংলা সিনোমা উন্নতি হবে **সাকিব না বাদ পড়লে ভারতি ছবি উন্নতি হবে সাকিব সালায় বাংলাদেশের কথা ভাবেনা নিজেরটা নিয়ে ভাবে.........!!,shakib,AGAINST
f73278cfc6d23602,Sakib agulo niye cinta korena. O jane cinta korle aro kharap hobe,shakib,AGAINST
52e6a584ee2c39ad,"Disgraceful for Sakib, Shame on Bagladesh team. Cricket is a sporting game, Bangladeshi man characteristically spoiled the sporting aspet of the game! Win by hook and crook is the only aim of the man concerned.",shakib,AGAINST
320ba8bbe6e4b89e,ভাই শাকিব ভাই ত মানুষ তারও ত ভুল হতে পারে আর এক ছবি দিয়েই কি সব বিচার করে হয় তার ঝুলিতে এখনও সুপারহিট ছবি সোলজার আছে,shakib,AGAINST
32077684042bbd39,শাকিবে ক্যারিয়ার ৪ /৫ টা করলে ধ্বংস ১০০% তারে কইন সে তার বয়েস ডায়লগ স্লো বলে কি একশনে ডায়লগ ইস্পিট হতে হবে বাংলা পরিচাকরা ২ পরিচালক মিলে ১ ছবি করার দরকার তাহলে ভুল সংশুদন হবে আমি মনে করি,shakib,AGAINST
e0eb52f533473fef,এই হালায় যত খারাপ আছে সব শাকিব এর নামে বলবে,shakib,AGAINST
bd5cabe5cdfa70c4,আরে ভাই ইনি দালাল যে টাকা দেয় তার পক্ষে কথা বলে তার সাকিব আব্বা টাকা দেয় না তার জন্য সাকিব একবার খারাপ বলে,shakib,AGAINST
116876fa6c9f9e14,সাকিব আল হাসানকে নিয়ে। অনেক আলোচনা সমালোচনা হয়েছে। কিন্তু চলে যাওয়ার পর বুঝতে পারবে বাংলাদেশ ক্রিকেটের জন্য সাকিব আল হাসান কি ছিল। ❤,shakib,AGAINST
f64784a267c8693c,আমি কখনো ভাবিনি সাকিব এভাবে অবসর নেবে খুব খারাপ লাগতেছে ❤❤❤❤❤😂😂😂আমি সাকিব ভাইয়ের সব সময় সাপোর্ট করছি,shakib,AGAINST
14a2fe3ad1d2cfb0,Ab de villiers retirement er pore thik ei rokom shocked hoyecilam. Shakib je vabe retirement nilo💔 Thank You Shakib❤️Miss you Shakib😔,shakib,AGAINST
6148ed7fdff6a9cd,"ব্যক্তি সাকিবের অনেক কলঙ্কময় অধ্যায় আছে, ক্রিকেটার সাকিব গ্রেট! বাংলাদেশের এমন মানের প্লেয়ার আগে আসে নাই,আর আসবেও না! ক্রিকেটের সব সুন্দর মুহুর্তের জন্য ধন্যবাদ ❤️",shakib,AGAINST
978b37c713ca8f42,সাকিব সঠিক সিদ্ধান্ত নিছে। তার চোখের সমস্যা জন্য দীর্ঘদিন খারাপ খেলতাছে। তাই তিনি অবসর নিয়েছে তাই বলতে পারি সঠিক সিদ্ধান্ত নিছে সাকিব। মিস ইউ বস,shakib,AGAINST
12d31b395002f6f0,রাজনীতিবিদ হিসেবে বড্ড খারাপ কিন্তু খেলোয়াড় হিসেবে দেশের সম্পদ সাকিব ❤,shakib,AGAINST
dee58a8d3791ea5c,সাকিব জীবনে ভুল করলে একটাই করবে সেটা হচ্ছে দেশে এসে লাস্ট টেস্ট ম্যাচ খেলে অবসর নেওয়ার সিদ্ধান্তটা পুরোনো ছিঁড়া জুতা সব রেড়ি থাকবে আশা করি ওই দিনের জন্য 👌,shakib,AGAINST
ea4b49905fe62ba4,"আম্পায়ার তাহলে রিভিও তুলে নিল না কেন? যেভাবেই হোক সাকিবকে দোষী করতে হবে, হায় রে বাঙালি 😂",shakib,AGAINST
01fcf2fd57cbe3df,এভাবে আউট এর নিয়ম আছে। সাকিব এর এতো সমালোচনা করা অযৌক্তিক,shakib,AGAINST
ebcefa9dd7cc7a3d,"ধন্যবাদ আপনাকে ভাই, এগিয়ে জাও। এখন হামলা কেন। এটার বিচার চাই। সাকিব আসবে ইনশাআল্লাহ",shakib,AGAINST
6c52bf0f876a0074,Pagol... Rikshaw walarai sakib er vokto hoy.....take badaimmar mtoi lagche,shakib,AGAINST
d3014c3e89c283ff,@niloypartho6054 how do you excuse the nidass trophy behavior with srilanka and shakib's behavior.....before wining the game they behave so poorly no respect to other players.,shakib,AGAINST
9d8bf4b620a79c5d,"সাকিব আল হাসান এর নাম নিলেই ভিউ, সাকিব কি সেদিন ভুল করেছে সেটা রাইট সে সেটাই করেছে।",shakib,AGAINST
afeabc1f6bb642ef,Shakib is not mental. Bcb crossed the limit of corruption. Salute u shakib.,shakib,AGAINST
e86abbcda4e239a1,Bravo Sakib!!! You stand againest a ugly corrupt system same ugly way! We the people of Bangladesh stands behind you!,shakib,AGAINST
3e07af4feca31d7c,@Miss Tuli sakib k kharap bolo tomi kon halar go hala..,shakib,AGAINST
9c92f1b93e7907cf,সাকিবকে দল থেকে বাদ দিয়ে এমপি পদে যাওয়া উচিত,shakib,AGAINST
19ac5bbb74b34444,কারণ বুবলি অপু দুজনে এখন ডিভোর্স হয়েছে তার পরে ও জামাই নিয়ে টানাটানি করে ঝগড়া করে এখানে শাকিব আবার আসলে শাকিবের অবস্থা খুব খারাপ আছে,shakib,AGAINST
eea79b29fe86b00c,Ata vaijan movir kotha bolce sakib. Faltu news keno den,shakib,AGAINST
00b59d5f91c69062,"সাকিব কারো জন্য জায়গায় দখল করে রাখে নায়। সাকিব যথাসময়ে চলে যেতে জানে। সাকিব যদি খেলতে পারতো ২০২৫ এ চ্যাম্পিয়ন ট্রফি ওয়ানডে থেকে অবসর। ২০২৪ এ সাউথ আফ্রিকা এর বিপক্ষে টেস্ট এ ঘরের মাটিতে, টি ২০ তে এখন ও দরকার ওইটা সাকিবের ইচ্ছা",shakib,AGAINST
c71df4d1d92cb0b1,বাংলাদেশে তো অনেক সম্পত্তি আছে সাকিবের বাংলাদেশের না আসলে সব সম্প্রতি হাত ছাড়া হয়ে যাবে তাই উসিলা খুঁজতেছে বাংলাদেশে আসার ব্যক্তি সাকিব আর ক্রিকেটার সাকিবের মধ্যে অনেক পার্থক্য ব্যক্তি সাকিব লোভী দুর্নীতিবাজ কাঁকড়া কেলেঙ্কারি তাই আওয়ামী লীগের যোগ দিয়ে নিজেকে বাঁচাতে চেয়েছিল,shakib,AGAINST
27647e6a4e8e223d,Sakib ar guya diye oboshor newyar khayesh guya diye dukiye dewya hok..... Hala shubidabadi....,shakib,AGAINST
175ab6ef1720e357,"রাজনীতি করে ব্যবসায়িক সুবিধাদি কি নেয়নি সাকিব? দেশের মানুষের বিনোদন সেবায় ক্রিকেট খেলেছেন আপনি, আপনার গড়ে ওঠা দেশের গরীব মানুষের ট্যাক্সের টাকায়। এই সত্য ভুলে সাকিব অহংকারী থাপ্পড় কোশিয়েছে ভক্তদের উপর বারে বারে। অবৈধ টাকার হিসাব দাও আগে।",shakib,AGAINST
ae6a1003e32743c8,আমরা এমন একটি দেশে বাস করি মানুষের সমালোচনা করে খুব মজা পাই কিন্তু সেই মানুষটা যে আমাদের দেশের জন্য কতটুকু উপকারী সে চলে যাবার পরেই আমরা বুঝতে পারি যার জীবনটা দেশের জন্য এতটা করেছে মানুষ কিভাবে মুহূর্তের মাধ্যমে তাকে ভুলে যায় আমরা পাশে আছি সাকিব ভাই,shakib,AGAINST
71c737a931277783,এটা ভুলে গেলে চলবে সাকিব কিন্তু এই দেশের জন্য অনেক কিছু করছে.সাকিব ত রাজনীতি করছে ঠিক আছে কিন্তু ও ত যখন এমপি হয় ওত সব সময় দেশের বাইরেই থাকে তার সাথে এমন করা ঠিক হবে না তাকে সম্মানের সাথে বিদায় দেওয়া হোক,shakib,AGAINST
8dc935353ee0f77a,আপনার কথা ভুল আপনি বলতে পারতেন যে সাকিবের মতো মানুষ যেনো না হয় কিন্তু সাকিবের মতো প্লেয়ার বাংলাদেশে আজীবন দরকার,shakib,AGAINST
df4fd4f4ba68ed29,ভাই ltv এটা রাজনিতি খেলা একটু মাথা খাটালে বুঝবেন এখানে জারা আছে সবাই আওমলিক আর সাকিব বি এন পি এরা সাবাই চাই সাকিব শুধু বাংলাদেশের একক ছবি করুক এতে সাকিবের ছবি প্রতি ১২থেক ১৫ লাখ টাকা দেবে আর পরিচালকরা ৯০ লাখ থেকে ১কোটি টাকায় বাজে ছবি বানাবে ।,shakib,AGAINST
5f1dc0f98a7c9a34,কাজি হায়াতের ছেলের ছবি ওনেক লাপকরে??? আসল কথা হলো শাকিব কাজি হায়াতের ছবি করেনা বলে শাকিবের পিচেপিচে বদলাম করে কাজির মাথা খারাপ পাগল হয়ে গেছে পাবনা পাঠাও।????,shakib,AGAINST
73685b7f9b8a3f17,লজ্জা করে না সাকিবের বউর সাথে ছবি করতে কারন রিয়াজ সাকিবের বালো চায় না কিন্ত আল্লাহ সাকিব কে বালোই রাখবে তোমারা সাকিবের কিছুই করতে পারবা না,shakib,AGAINST
d76de3ce4cbdd7ff,Riaz r manna baiyar karone sakib superstar hoice...r ajke dekho sakib superstar se onno Kono Nayak shate kono movi Kore na.. notun Kaho ke..se Kono chance dei na .. r oi shomoy Jodi Riaz r manna sakib ke movite na chance dito tahole take chinto koi jon?,shakib,AGAINST
61c69157b4c97a6f,রিয়াজের সাথে ও প্রিয়া তুমি কোথায় করেছিল শাকিব সেইখানে তো শাকিব রিয়াজের ধারকাছেও ছিল না। রিয়াজ হারায়ে গেছে নিজের দোষেই,shakib,AGAINST
eb876ad992c0aa46,আল্লাহ নাজমুস সাকিবকে নিয়ে যারা ভুল মন্তব্য করেন তাদেরে সঠিক বুজার তৌফিক দান করেন,shakib,AGAINST
b52527615ca75006,Almost 15000 runs And approximately 700 Wickets..... Not a cup tea !! Shakib Al Hasan is a just a phenomenal player.... A Legend. Best all rounder in present and One of the greatest all rounder /cricketer of all time.❤❤,shakib,FAVOR
90f7e5674e97b455,Most underrated cricketer. Virat won best cricketer of the decade But Sakib also deserves that. An in world cup he is totally player Best cricketer in world cup history 2100 runs 90 wickets (Odi + T20 wc) 9 th highest scorer in icc tournament 4th highest wicket taker in icc tournament And he is playing for Bangladesh where no one giving him that support. Now just see best batsman in era record Virat has 2950 runs and 3 wickets. (Odi+ T20 wc) most underrated cricketer has better record than Virat consider as best cricketer in this era.,shakib,NEUTRAL
d2f83c8be635052f,"Shakib Al Hasan Mr 75 🏏👑 The complete package of cricket He is truly a living legend of cricket. He has scored 13,000+ runs in all three formats and taken 650+ wickets. A rare balance in world cricket. His contribution in batting, bowling and fielding is unmatched. Due to his exceptional cricketing brain of leadership and all-rounder skills, he can turn the tide of the match at any moment. Shakib is not just a player, he is the best all-rounder of all time. He will forever be written in golden letters in the pages of history. He is a legend for life. A living legend of cricket. The best all-rounder in the world and the pride of Bangladesh 🏏🌟🔥",shakib,NEUTRAL
05a6a809a1383046,Is back 🔙 one 1⃣ megastar King 👑 shakib shakib shakib megastar King 👑 shakib shakib shakib megastar King 👑 shakib ❤sk Bangladesh 🇧🇩 rok,shakib,FAVOR
f34419a028a75b66,Shakib is back 🔙 one 1⃣ megastar King 👑 shakib megastar King 👑 shakib shakib shakib megastar King 👑 shakib shakib shakib megastar King 👑 shakib ❤❤sk Bangladesh 🇧🇩 rok,shakib,FAVOR
43bb7cbee9f0bc45,সাকিবের ছবি মানে গালাগালি শিখা তার সাথে নেশাপানি করে জীবন বিলিয়ে দেয়া শিখা,shakib,NEUTRAL
150bf38360c12206,রকস্টার ভালো হয়নি। শাকিবের ভক্তরা হুদায় চিল্লায়।,shakib,FAVOR
050121adb744d61c,"সাকিব ভাইয়ের একটিং স্কিল ভালো লাগছে,, তাসনিয়া পারেন কেউ ভালো লাগছে জ্যোতির্ময় কেউ ভালো লাগছে,, আর কিছু কিছু এক সুন্দর লাগছে,, তাতেই আমি খুশি",shakib,FAVOR
9ae6761798a34d7c,সাকিব যদি রাক্ষস গল্পটা নিয়ে কাজ করতো তাহলে খুব ভালো করতো বরবাদ ছাড়িয়ে যেতো,shakib,FAVOR
c51f8655eb8a6c1c,​@TamimKhan-o7e2sera abal murkho avoid den Shakib will come back strongly,shakib,FAVOR
f810660c83c8e02b,"সুরুজ বাঙালি যা বলেছে সত্য বলেছে। আর শাকিব আপনার কেমন ভাই? কাজের সূত্রে, তাইতো? রক্তের না।এটা পরিষ্কার করার দরকার ছিল।",shakib,NEUTRAL
f68d4cb1f297fcec,অনেক দিনে আমার মনে একটা প্রশ্ন ছিল এখন আলহামদুলিল্লাহ আমি সেই উত্তর পেলাম সাকিব গে ছিল 😂,shakib,NEUTRAL
33d5cf5e7e709454,আজিজ রেজা গে এবং শাকিবের সাথে ওনার অবৈধ সম্পর্ক ছিল। আমি ঢাকা উত্তরায় ১২৩০ নম্বরে ছিলাম সেখানে আজিজ রেজার একটি নাচের স্কুল রয়েছে স্কুল বলতে তার ওখানে একটা বাসা সেখানেই ইনি নাচ শিখাতেন। এবং উনার সমকামিতার অনেক বিষয় আমি দেখেছি।,shakib,NEUTRAL
218a9d355a686ea4,"তুমিতো শাকিবকে বলাৎকার ও করেছো, সেটাতো সিক্রেট রাখ কেন? সেটাও একদিন প্রকাশ হবে",shakib,NEUTRAL
7604492ab67299c6,Sakib ke Prabhah er Moto treat korse. Fan service 😅,shakib,NEUTRAL
8b76c0e89692d6ee,"ছবিটা দেখে আসলাম, আসলেই সুন্দর ছিল। উনারা সাকিবের সমালোচক এজন্য এসব বলছে, যথেষ্ট ভালো হয়েছে। যেভাবে বলেছে একেবারে খারাপ হয়েছে , আসলে এরা মিথ্যা বলছে",shakib,FAVOR
793f3c4ff7753718,শাকিব এর এবার একবছর এর জন্য ছুটি নেয়া উচিত,shakib,NEUTRAL
fc8634ba3a5dc5b8,শেখ মুজিব কে নিয়ে পোস্ট দেওয়ার পর শাকিব কে বয়কট করে দিয়েছে।,shakib,NEUTRAL
f1b6bb51c50dad7a,"গত তিন বছরে সাকিব এতো ভালো ভালো ছবি করার পর নিজেকে অন্য উচ্চতায় নিয়ে গেছিলো কিন্তু ""প্রিন্স "" ছবিটা করার আগে অন্তত একশোবার ভাবা উচিত ছিলো,,,,,,",shakib,FAVOR
75e3b42a9062931f,"একদম বাজে ট্রেইলার কাট! কালার গ্রেডিং ভালো হয়নাই, ভিএফএক্স তো যাচ্ছেতাই অবস্থা, সাউন্ড মিক্সিং একদম বাজে আর একশনও জমেনি! এর থেকে তুফান, তান্ডব ফার বেটার ছিলো। শাকিবের স্ক্রিন প্রেজেন্স ছাড়া সবকিছু হতাশ করলো।",shakib,FAVOR
814dd9182669caef,"পুরাই ফালতু হয়েছে। কার্টুন কার্টুন লাগে, আর শাকিবের ডায়লগ ডেলিভারি ভালো না। লুক পুরাই ছাপড়ি। আর VFX এর অবস্থা জঘন্য।",shakib,FAVOR
4aad4e361b197968,"কিন্তু কি আর করার, দেখলাম তারপরও।আর আমি মুলত কন্টেন্ট পাগলা।ভালো কন্টেন্ট দেখি, সকলেরই। কিন্তু সাকিবের প্রতি হয়তো একটু বেশি টান আছে আর কি। কিন্তু অন্যান্য যারা সকলেরই ভালো কন্টেন্ট দেখি। কিন্তু যারা নাক সিটকানো কথা যারা বলে তাদেরকে 🖕",shakib,FAVOR
06bbbd9716c13947,চ্যানেল দাড়া করার জন্য শাকিবিয়ান ছিল। কাম শেষ। এখন সুশীল।,shakib,NEUTRAL
e5776d3c2604feb8,​​ @reactionrifat উনার মতো বড় ভিলেন যে লোক কি না Price are কাছের লোক কে মেরে ফেলল তাকে সে মারলো না জেলে বসে থাকলো আর হুট করে সাকিব রাজস্তানে কেনো চলে গেলো ভাই আবার ডাইলক দেয় তোরে বাচায়ে দিলাম কেনো দিমু কমু না,shakib,NEUTRAL
77c76842507a3e80,দিন সবসময় ভালো যায় না। শাকিবের খারাপ দিন শুরু হয়েছে,shakib,FAVOR
d21f89a8d3dd027a,​@Hasan-sabbir-hsজ্বলে নাকি ভাই সাকিব চুলকানি আছে নাকি,shakib,NEUTRAL
43cf748263f81e08,When it was not a wide shakib al Hassan . Stard shouting on umpire. Of cricket.,shakib,NEUTRAL
e2bbf66a3a9e00f6,Shakib literally copied Mushfiqurs scream and Mushfiqurs reaction was speechless 😂😂😂😂,shakib,NEUTRAL
d8f030896fe4eca7,Sakib all rounder player hoy kibabe/bicharok ra wrong korsen.......,shakib,NEUTRAL
1d8cc86bee103ba7,এটাই তাদের খেলা জিতার টার্নিং পয়েন্ট ছিলো.! তবে পরের ম্যাচে পুষিয়ে দিবে সাকিব ইনশাআল্লাহ 🖤🔥75,shakib,NEUTRAL
d01e3a173104803b,"একটা ম্যাচ এমন হতেই পারে,,, we are staying BD and Shakib and also all the team of BD cricket",shakib,NEUTRAL
c50429aafa6a37ee,আমার হারার পর ততটা কষ্ট পাইনি যতটা কষ্ট পেয়েছি সাকিবের মুখের দিকে তাকিয়ে..খুব কষ্ট পেয়েছে সে.... love u sakib,shakib,FAVOR
6b33ba2187bd28e3,"সাকিব মন খারাপ করো না, এটা খেলারই একটা অংশ। নিশ্চয়ই তুমি বিশ্ব সেরা অলরাউন্ডার।",shakib,NEUTRAL
f720336ae8528b7e,কালকে হারলাম দুঃখ নাই আজকে সুধ সহ পরিশোধ করে দিলো প্রিয় সাকিব ভাই,shakib,NEUTRAL
d129e5b3c2e6f067,Sakib is one man army for bangladesh....valo basa obiram ar para magura ...form poland...,shakib,FAVOR
185032e50823a69d,@Engineer Nazmul Hasan Biplob apni ektu beshi e baal pakna kashu... Ajk Shakib jy 1 over y 5ta six khaiesy aita Ty o nijy o lojjito but BCB Ty prblm asy aieta karo o jana nai khub taratari BCB khobor er sironam hoby tar Kono sondyho nai,shakib,NEUTRAL
4b75a6e4517e350d,Zeesun Islam boli icc to ar m*l khaya sakib ke 1 no. ranking e rakhe na all-rounder er dik theke....nischoy apnader valo valo team er all rounder gula proti match e bash khay boley sakib 1 no. e thake all-time...,shakib,FAVOR
eaa145423a9744af,@smrifatmostakim2276 ha apnake bolci....sakib er sathe stokes er tulona mitamuti chole...but team bangladesh er sathe team england er tulona hoy na...apni parle sakib ke team england e niye jan...inshallah cup anbe...,shakib,NEUTRAL
0afc23fd07e1fa8b,@Riazul_Islam02 i love this ban ❤. I no het ban. het shakib onliy 😃. Ban not good cricket.,shakib,FAVOR
75d826be43970b03,"অনেক কষট পেয়েছি,আমার প্রিয় খলোয়াড়ের ওবারে ৫ছয়, মেনে নিতে পারছিনা,যে খেলোয়ার যে দিন দলে থাকেনা সেদিন খেলা দেখিনা, পরের ম্যাচে আবার সেই পুরোনো সাকিবকে দেখতে চাই,",shakib,NEUTRAL
fa72dd4ccbaebeb1,"কোন ব্যাপার না সাকিব ভাই, এরকম হতেই পারে এবং আপনি এর থেকে আরও ভালো ভাবে পারফর্ম করে বাংলাদেশকে সুখের জোয়ারে ভাসাবেন এই কামনাই করি, ভালোবাসা সবসময়, সাকিব আল হাসান ❤️",shakib,FAVOR
e129eb8daa64735f,"Don't worry Shakib, It can happen, We are behind you...❤️❤️❤️❤️🇧🇩🇧🇩🇧🇩",shakib,NEUTRAL
ad8671bac6510701,Bepar na.... Ei shakib e koto match nij haate jitaise 👌🎊👏,shakib,NEUTRAL
c98c1404d43a8bfa,Onek match joyer sakki..so ak over er ak match er jonno kico jai asena...always support korbo sakib...and harleo Bangladesh jitleo Bangladesh...,shakib,FAVOR
6648b03560344e97,"এক ম্যাচ খারাপ হতেই পারে,তুমিই বিশ্বসেরা বস সাকিব আল হাসান।",shakib,NEUTRAL
1457571646225dd9,এই ম্যাচ বলা জায় সাকিব এর জন্য ই বাংলাদেশ হেরেছে। আশা করি পরের কাম ব্যাক হবে সাকিব এর জন্য ভালো কিছু আর বাংলাদেশএর জন্ন্যে ও ভালো কিছু যেন এনে দিতে পারেন এই বিশ্ব সেরা অলরাউন্ডার।,shakib,FAVOR
ad95b36961137ed4,Sakib bhai nitsondehe onk valo performance koren but sunte kharap lagleo etai bastob j ajker match ta harar mul karon ei over ta ... Because last er dike aus ra kintu baloi chap a porsilo...atokosur poreo love u sakib bai ..,shakib,FAVOR
6368b32a2d44ca95,"যে কয়টা বল স্টাম্পে দিয়েছে তাই ৬,,একটা অফসাইডে ছিল লাগাতেই পারেনি। স্ট্রং জোন বুজে সাকিব এর ডেল দেয়া উচিত ছিলো বল",shakib,NEUTRAL
562089b9edf09693,"Ha ha ha balkama sakib charai Bangladesh Valo khele. Na Korte pare run , na pay wicket",shakib,FAVOR
a9b9c5daaa7774a8,Shakib is a legend for you guys but he is a only foolish player for us 😎❤👌,shakib,FAVOR
0c8fd8cf0a185f26,@gahauabbsjaak8181 Where are you today? Sakib outplayed you guys 😝😝😝,shakib,NEUTRAL
ff1778889952964b,World Best All Rounder Lord Shakib 0-50(4 overs) from the ball and 15(26) from the bat. Amazing 😂😂😂,shakib,FAVOR
2ece5cdc82ff4ca7,একটুও রাগ নেই প্রিয় সাকিব ভাই তোমার প্রতি। যখন তুমি একাই বহু ম্যাচ জিতিতেছো আমাদের সেখানে একটা দূর্ঘটনা তেমন কোনো ইফেক্ট করতে পারবে না আমাদেরকে💟... We Bangladeshi are always with you dear Sha75💌...,shakib,NEUTRAL
721af7d9c81cd3d7,We are all in Shakib al hasan💕💕💕💕💕💕,shakib,NEUTRAL
4787f958cc23284c,সবসময় তো আর ভালো সম্ভব নয় ভালো খারাপ হতেই পারে পরবর্তী খেলায় আশা করি সাকিব ভালো করবে,shakib,FAVOR
aed904cd98208178,"I'm very happy today, to see Shakib's pride falling to earth. Wish the Aussies had played with atleast 3 experienced batters.",shakib,NEUTRAL
cb23c2c61177d9e0,Amader vai sakib vai....No problem brother... We are with you..in your hard days and your soft days..,shakib,NEUTRAL
75d724b4a99a4a34,সমস্যা নেই সাকিব বরাবরই ভালো খেলে আজ না হয় ভুল হলো,shakib,FAVOR
326296c657b08147,সাকিব ভাই কোন সমস্যা নেই আগামী ম্যাচে বুজিয়ে দিবে।,shakib,NEUTRAL
ed4b3f57e637e1b3,Compliments ghula totally amazing.. Respect All Thanks and love you shakib ❤️❤️,shakib,FAVOR
9a79a9462f48fc83,That's why is Shakib ..... And you are Rakib😂😂,shakib,NEUTRAL
4a25a3622c9b3805,"🇧🇩💖সাকিব💖🇧🇩 মাঝে মধ্যে এই রকম হবে এতে মন খারাফ করার কুনো কারন নেই,,,।",shakib,NEUTRAL
cb4f87b4f9cfdc6a,সাকিব-আল-হাসান দেশকে অনেক দিয়েছে। সামনে আরো দিবে। আজকের দিন টা হয়তো ওর ছিল না। শুভকামনা বাংলাদেশ টিমকে।,shakib,NEUTRAL
7f67b1f215fed591,"এটা কোনো ব্যাপার না সাকিব ভাই।আমরা যেমন আপনার ভালো সময়ে আপনার পাশে থাকি, আপনার খারাপ সময়েও আছি।শুভ কামনা ভাই",shakib,FAVOR
7ccd5fc7bc551726,Shakib last match e ja dekhailo against Australia 4 wickets love you Shakib bhai,shakib,NEUTRAL
11c61d4eab0ba5bb,"Undoubtedly, Today was very bed day for Sakib. We hope that, he would come back strongly to the next match.",shakib,NEUTRAL
b5b55c977d77b3ee,"He is definitely the best all rounder in history. ....I know u all will disagree, but shakib almost has all the all-rounder records. He is the youngest player to get ""5000 runs & 250 wickets""......he is the only player to get ""1000 runs & 30 wickets in world cups"".....he also has so many other records. ....he is seriously underrated",shakib,NEUTRAL
8654a315c5c96de4,I am Australian but I love Shakib Al Hasan,shakib,FAVOR
95444116b541c69b,No doubt about that Shakib is the greatest all rounder of all time in the history of Cricket 🏏His all stats and current performances in this World Cup says everything about him that how great he is👌👌 all I can say for now is that he’s the greatest ever all rounder of this era . Love from 🇮🇳 India 🇮🇳 ❤️❤️❤️,shakib,FAVOR
e680c3c2d76169a1,I am Indian but I love shakib al hasan god bless you Shakib Bhai,shakib,FAVOR
da77409db7f2d033,There is a lot of evidence that Shakib's over hitting 6 and next ball out✌️✌️ He is our country's son❤️ Bangladesh,shakib,NEUTRAL
07be7511ac478b44,The only one... Love u shakib... From Pakistan,shakib,FAVOR
634645cce88a4bb1,Miss u Shakib... You are only player of the earth who can take 1st place as all rounder of all three format of cricket. Greatest player...,shakib,FAVOR
f1c59eae760729ba,@dattabisowjit4036 sakib emni tei legend... mitte bolar drkr o nai bro,shakib,FAVOR
c3d35a20afd6ea6a,@aug1877 Yeah but Shakib took 11 wickets which is a impossible dream for Rohit and worner .,shakib,NEUTRAL
e7ea6d06bad57463,I AM AUSTRALIAN & I LOVE SHAKIB AL HASAN,shakib,FAVOR
22625c90fda3087d,@thisen1061 you are still kid watch what legend said about sakib. Becoming the no.1 alrounder in 3 format at the same time.stop arguing buddy and enjoy the vibe😇😀,shakib,FAVOR
7844261e9c52001b,@thisen1061 who is anjelo? 😂🤣 Shakib is far far better than anjelo. Anjelo don't have enough quality to compare with someone like shakib al hasan. Admit it or not it is the true.,shakib,NEUTRAL
3c68ba7f35bd3d6f,@saifhasan6486 40 + average in tests and odis 50+ average in England and India maybe he is underrated shakib is a really good bowler but not a good quality batter like Anjelo,shakib,NEUTRAL
8c79e6d40ce8f171,"@saifhasan6486 checked his records in Australia, England and India shakib never played matches in these countries 🤣",shakib,NEUTRAL
0a08bd8773f3034a,@thisen1061 but India don’t have someone like Kallis and Shakib 😂😂😂😂😂😂😂🖕,shakib,NEUTRAL
82e77fe596bbe9c5,"@thisen1061 brother don't want to hurt you, but stats show Shakib is better than Mathews 🙂",shakib,NEUTRAL
21787cff6e3aac60,Shakib is kid infront of Jack Kallis and Shahid Afridi,shakib,NEUTRAL
3ca77e1766e82183,@thisen1061 comparing sakib with jack its ok but with mathews are you drunk🤣🤣🤣🤣,shakib,NEUTRAL
a3394a3c4dc05325,Oye Imran bhai i am also Indian nd i don't think there's anyone who doesn't like Shakib al Hasan.Shakib bhai amra sobai tomake bhalo basi love nd respect frm the core of every #SAH75 fans in India,shakib,FAVOR
4549e80cac8c5e9a,guess who Shakib as well in CWC. He made 51 and 5/30 if I’m not wrong.,shakib,NEUTRAL
0e3d429ebd3983a5,@guesswho0609 Shakib did that in 2019 WC against AFG.,shakib,NEUTRAL
816ce5e7dc2cb806,"​ @balarammuruganandan5656 Yeah, The man who lost his no-01 empire to Shakib Al Hasan in 2010...",shakib,NEUTRAL
2609a3aaf0318645,Shakib al Hassan such a great player all over the world.You deserve Respect always.,shakib,FAVOR
45dde059f31aa7c9,Love U Shakib Al Hasan From Bangladesh,shakib,FAVOR
b13d0bbe99161ebb,I am from India and I am big fan of Shakib.,shakib,NEUTRAL
4f44f355c7ddc84c,East or west Shakib is the best.(From England),shakib,FAVOR
abd967b09c0c90e0,Shakib is second to none in the cricket arena.,shakib,NEUTRAL
734f2e896ea4b5c8,No one will come back again as like as Sakib. ❤ and respect to him.,shakib,FAVOR
e949621518275927,"সাকিব কে ১ম বলে ৬ মারলে পরবর্তী বলটি অবশ্যই দেখে খেল,,নাইলে বিপদ নিশ্চিত,,,love Shakib❤️75",shakib,FAVOR
76d6e11ef897dce7,"@thisen1061 yes, he is a joke when it comes to comparing him with shakib",shakib,NEUTRAL
99910f7e1c20706f,sakib al hasan is equally popular in india . .in ipl,shakib,NEUTRAL
7d108a8a5d946401,"great player doesn’t mean he’s bigger than the law. It was Shakib’s fault for not reporting the bookie as per icc rules, and Shakib himself admitted to it. Idk why you butthurt fanboys are so worried when shakib himself isn’t",shakib,FAVOR
3251a8279edfbb75,My favourite player shakib al hasan ❤ Love from india,shakib,FAVOR
0cc15256f64f29b1,If you hit six against Shakib remember in next ball you are out 😂,shakib,NEUTRAL
67ecafd1be6f6ad4,Shakib is the King of cricket. He is the Runaway Leader .....,shakib,FAVOR
c7de8a5a1e698301,SHAKIB AL HASAN IS THE BEST CRICKETER IN THE WORLD😊.,shakib,FAVOR
c256e1ecad4810c7,Shakib .. what a player!! Congrats Bangladesh 🇧🇩.. Love from India 🇮🇳,shakib,FAVOR
98ef501d625ebef9,South Africa = 75 (84) New Zealand = 64 (68) England. = 121 (119) West indies = 124 (99) Australia. = 41 (41) Afghanistan = 51 (69) Like for Shakib Al Hasan consistency,shakib,NEUTRAL
26505d49b00a47eb,Shakib u are the legend... Love from australia 😍😍,shakib,FAVOR
56a66746651d6bc3,4:16 Wow..... what a celebration style from Shakib 🥰🥰❤,shakib,NEUTRAL
fb39ed2cc2516a36,As a British Pakistani I love watching Shakib. One of the all time greats. Such a great player.,shakib,FAVOR
e34e21542d073da5,Shakib's performance in the World Cup 2019 is always special. He shows himself why is called as World Class Allrounder. Love from USA,shakib,FAVOR
657c5d49569e2e94,Shakib nailed it..... He played very well and the team as well.... Love from INDIA🇮🇳,shakib,NEUTRAL
5a1e4b4c6a777e62,"Rashid, Mujeeb are talent But Shakib is a class... And class never dwindle",shakib,FAVOR
216b5cbcf8dd0a57,Form is temporary but Class is permanent 👏Well played by Shakib Al Hassan in the World cup🏆🇧🇩,shakib,FAVOR
2a70150eac46a474,Is anyone watching 2025? Shakib All Hassan 😍 Best All Rounder🏏,shakib,FAVOR
9b7fa8be3aa00923,Who is the best 1.Shakib Al Hasan 💖(like) 2.Rashide Khan (comment) Me-Sakib Al Hasan. We Bangladeshi love him very much. Love u SHA💖 75,shakib,FAVOR
680dc240f122245a,who is best? 1.Shakib Al Hasan(like) 2.Rashid Khan(comment),shakib,FAVOR
66314f95d76e16cd,Shakib has consistently been the world's best all rounder for many years if he was from any other country you would hear plenty more praise for him. Love from 🇵🇰,shakib,FAVOR
9e56cac36c55ac14,Shakib Al Hasan performance in 2019 CWC: With bat: Match:8 Runs:606 Average:86.57 Strike rate:96.03 50s:5 100s:2 With ball: Match:8 Wickets:11 Economy:5.39 Average:36.27 .......................................... That's what legends are.,shakib,NEUTRAL
21370feaaf860b64,Yes this world cup is very special for Shakib Al Hasan ❤❤,shakib,NEUTRAL
4bf5893996c92b11,What was the player in 2019 World Cup that Shakib Al Hasan❤❤,shakib,NEUTRAL
67bc81b6185cd6f0,Shakib is two in one package... (1 bowler & one batsman),shakib,NEUTRAL
7b8486dca96fcd75,"Rohit sharma 117, 57, 140, 1, 16, 104, 102, 100 5 century,, where have shakib? And half century !!!!",shakib,NEUTRAL
754606f37da3bc5e,Mc laren I get it you are taking about shakib ul hasan innings,shakib,FAVOR
a3251b6605891c3f,The lowest score is shakib world cup 41 and Soumya best score 42 !,shakib,FAVOR
0877a16a16fb52ca,@mahmudmorshed5737 l😁😁😁 shakib performs team lost...then what is meaning in that performance... Cricket is team game not personal game,shakib,NEUTRAL
95a841d50d1d878e,"@prashantabehera406 there are teams like S.Africa, Windies and Afghanistan. U can ask them whether they won or not when Shakib Performed. Remember when Sachin used to perform and yet Pakistan won match after match against india. According to your comment, sachins innings were bullshit as well. Try to understand creacket bro. And dont lit fire in players home anymore dude. Cricket is a game not religion.",shakib,NEUTRAL
12525c6b9ab3a456,"@prashantabehera406 Shakib already made the team win, although, BD lost due to the laziness of the players...",shakib,NEUTRAL
b2f9e656c51b90aa,​ @1radhamadhav Shakib shoe is better than whole bhikari India,shakib,NEUTRAL
878c345f7c445101,Shakib is best of world love for...... Uganda 💓💓,shakib,FAVOR
a3587de6c2507dba,Love you Sakib 😘😘 i am from India,shakib,FAVOR
736dedad380edede,"Sakib is good player ,kkr wants to buy I think , Australian people as an Indian want to say what happened to our player siraj in Sydney test is disgraceful .If aus players abused by Indian in stands ,strict action should be taken to control it ,but don't take lightly to Indians ,we are waiting to play you in 2023 wc final in India",shakib,FAVOR
db8868944f683786,Shakib u are the legend... Love from Antarctica,shakib,FAVOR
d986ee9c2edc47b3,Shakib is best odi all rounder . Btw I am from India,shakib,FAVOR
ddd421228d5e7998,spelling of shakib u hassan are wrong,shakib,NEUTRAL
4f1aac8559e009b5,Thank you for being Australia n but still love shakib ❤️,shakib,FAVOR
8bf230ba18c9d6f0,This comment you did is enough to prove which is Shakib ❤,shakib,NEUTRAL
78ebdb688fdec18e,From 🇧🇩 Thanks for supporting Shakib the king of alruonder but our bcb🤮💩 hate Shakib,shakib,FAVOR
426c49e28d76b7d7,@destructivegaming6587 of course he is a legend and if shakib hold babar's nose milk will drop from babar's nose,shakib,NEUTRAL
f54cf8f7dd1289c4,@destructivegaming6587 Yeah You are right But Shakib is much better than Sachin,shakib,FAVOR
034ba020ae487f59,একে বিয়ে করা যায়। সাকিব বিয়ে করে ফেললে ভালো হবে।,shakib,FAVOR
3fc77b9f3f3d5584,"""ছাগলের দলে পাথর পরমানু"". শাকিবের জন্য এটা পারফেক্ট লাইন।😂😂",shakib,NEUTRAL
b7242f5706863ca2,Shakib al hasan is all time best 💖💖💖💕💕💕💕💕💕💕💕💕💕💕,shakib,FAVOR
5e08e3787d425210,শাকিব রে দেখে সত্যিই বলতে হয় এটাই তাঁর জীবনের প্রথম অসাধারণ লুক । আর কলকাতার ইন্ডাস্ট্রিজ প্রমাণ করল যে কিভাবে নায়ক রে উপস্থাপন করতে হয় । শাকিবের জন্য শুভকামনা রইল ।,shakib,NEUTRAL
8074f0e0405368c0,​​ @Abir10974 o??? Shakib is best looking here it will be accepted by your own city as well...there is nothing to say such thing..keep ur mind broad.u kolkata ppl will never be equal even in your own other state in ur country...we are broad minded enough to say any good..we r not like you bro❗️,shakib,FAVOR
d123fe705be0cca8,সাকিবের গান অনেক সুন্দর কিউট ভালো লাগছে আর কতদিন থাকতে পারে বলতে পারো নাকি তাহলে জানিও কমেন্টের হাসি ঠাট্টা😊😊😊😊❤❤❤,shakib,FAVOR
6f16ab0687516003,"@RakibHasan-vd3km এটাই তো বলছি। সাকিব যখন দুই বাংলায় সুপার ডুপার কাজ করছে, তখন একদল মানুষ সাকিব ও জাজ মাল্টিমিডিয়া কে বিরুদ্ধে উটে পড়ে লেগে এমনকি নিষিদ্ধ করে।।",shakib,NEUTRAL
5a6e9eb26f366e47,dur mia ki kow...sakib er somoy ese geche.,shakib,NEUTRAL
3bc5bb40c629c9c5,"আসলে শাকিব বিদেশি লোকেশনেও কতটা মানানসই এটাই এর প্রমাণ,,,,,,,,, He is the king of romance,,,,,,,",shakib,FAVOR
6d24cfff264a672c,একদিন বাংলাদেশের হয়ে বিশ্ব জয় করবে শাকিব। সে দিন আর দূরে নয়!!!,shakib,NEUTRAL
8f234326ac409d22,"আমি বলতে বাধ্য, আমাদের সাকিব ওদের দেব কিংবা জিৎ থেকে অনেক বেশী সুদর্শন ন্যাচারালি । কিন্তু আমাদের দুর্ভাগ্য আমরা এই সাকিব কে বের করে আনতে পারে নাই এতদিন । সুপার লাগলো । গর্ব বোধ করছি ।",shakib,FAVOR
acb602d371189d39,"@nasimhossain6380 ha ha ha ha who is shaan??? Shaan is a living legend of indian music industry.. Apni just shakib k niye pore achen tai🤣🤣🤣 onk ey ache ei gaan ta Just shaan er jonno shunte as like ami aaro onk okk..2000-2015 a jeet dev opar banglar shera shera gaan prai r shaan..r Bollywood a jab se tere naina Chand sifarish,aaro onk onk hit gaan shaan er..apni choto kaleo shaan er gaan shune thakcen hoitoj voice chinenna..",shakib,FAVOR
912c036f248b2a77,This is first time Sakib did nice acting...his expression was so naturel thats why he made it class!!! And srabonti is also looking so beautiful😍😍,shakib,FAVOR
d7bc03db5d177e44,শাকিবের অভিনয়ে ধন্য কলকাতার চলচিত্র জগত।What an outstanding performance! Carry on Shakib.All the very best to you.,shakib,FAVOR
cc373bb9ecd13ca0,"আমার চাই উন্নত মানের ছবি হোক যৌথ ভারতের সাথে, হোক আমেরিকার সাথে, হোক কোরিয়ার সাথে । জাজ মালটিমিডিয়া ও সাকিব খাঁন এক সাথে কাজ করলে চলচ্চিত্র ঠিকে থাকবে ।",shakib,NEUTRAL
d8c2f5db4ef1883c,Ai 1ta dialog diye shakib super star hoye giyechilo.,shakib,NEUTRAL
0e050ed9c45245b4,অসাধারণ হয়ছে। ২৪ ঘন্টার মধ্যে ট্রেন্ডিং নাম্বার ওয়ানে দেখতে চাই সাকিবিয়ানদের কাছে।,shakib,NEUTRAL
2510b5a14840b5d8,"মানুষের মধ্যে ভালো খারাপ থাকবেই। কিন্তু সাকিব, সাকিব ই। সাকিবের মত প্রতিভাবান খেলোয়াড় কম ই আছে। 😢",shakib,FAVOR
e1da68b69cc464f9,"DK was not out. Kohli no ball was clearly a no ball. No body was deceived hence nobody complained, so no fake fielding there. Shakib has become a drama queen. He talks more, argues with umpire more but plays less. Why didn't Shakib argue with umpire over fake fielding? As if Shakib is very obedient to easily let go umpires. It has become habitual for Bangladesh to not accept its weakness.",shakib,NEUTRAL
30134e3517e5f375,আপনার আন্দোলন করে কি হবে? আপনাদের সাকিব আসতে ভয় পায়!!,shakib,NEUTRAL
9977bc99789d577d,সাকিব নিয়ে যারা বাজে মন্তব্য করে তারা হচ্ছে জাতীয় ইতর আসিফ নজরুল তার আব্বা,shakib,AGAINST
b62400b746b1fb6c,The best thing Bangladesh ever had is Shakib.....,shakib,FAVOR
cbdf14ddca137695,সাকিবের নিরাপত্তা আগে নিতে হবে তারপর খেলা যেখানে আছেন সেখানেই থাকেন দোয়া করি আল্লাহ যেন আপনাকে ভালো রাখেন,shakib,FAVOR
9ac9d721dd8b15c8,"সাকিব আল হাসান সারা বিশ্বের একজন স্বনামধন্য খেলোয়াড়, বাংলাদেশের অনেক ম্যাচ আছে যেখানে সে বাংলাদেশ দলের জয়ের অনেক অবদান রয়েছে, এটা ঠিক কোন ক্রিকেটার ক্রিকেট খেলা অবস্থায় কোন দলের এমপি বা মন্ত্রী না হওয়ার, প্রয়োজনে খেলা ছেড়ে দেয়ার পর তিনি যে কোন দলে অংশগ্রহণ করতে পারেন নির্বাচন করতে পারেন, সার্বিক বিবেচনায় বিষয়টি দুঃখজনক ক্যারিয়ারের শেষ প্রান্তে এসে এই মানুষটিকে আমরা যথাযথ সম্মান দিতে পারলাম না",shakib,NEUTRAL
5b3b4514a7c80d10,আজ সাকিবের পাশে সবার দাড়ানো উচিত ছিলো।ভূলে গেলে চলবেনা যে বাংলাদেশ ক্রিকেট প্রাঙ্গনে ওর অবদান অনেক। ওকে ওর প্রাপ্য সম্মান দেয়া উচিত।ওর বিদায় এভাবে মেনে নেয়া যায়না।নিন্দা জানাই তাদের প্রতি যারা ওর অবদান ভুলে গিয়েছে।,shakib,AGAINST
34d6da07194bb386,"😢😢😢😢 শাকিব বড় ভাই আপনি যেখানেই থাকেন যেভাবেই থাকেন সবসময় ভাল থাকেন সুস্থ থাকেন এটাই কামনা করি আর ইনশাল্লাহ আপনি একদিন দেশে আবার আসবেন, ভাই আপনাকে অনেক মিস করবো ভালবাসি ভাই আপনাকে। 😢😢❤❤",shakib,FAVOR
4916f5ecb9c1651a,গগ আজ সাকিবের পাশে সবার দাড়ানো উচিত ছিলো।ভূলে গেলে চলবেনা যে বাংলাদেশ ক্রিকেট প্রাঙ্গনে ওর অবদান অনেক। ওকে ওর প্রাপ্য সম্মান দেয়া উচিত।ওর বিদায় এভাবে মেনে নেয়া যায়না।নিন্দা জানাই তাদের প্রতি যারা ওর অবদান ভুলে গিয়েছে।,shakib,AGAINST
67f4d878d06705af,Mercy is a great virtue though Shakib didn’t commit any serious crime! People shouldn’t have overreacted like this!!,shakib,FAVOR
ab825d750d69933c,পৃথিবীর এমন কোন মানুষ নাই তার জীবনে কোন ভুল নেই। ভুল থেকে সঠিক শিক্ষা পাওয়া যাই। সাকিবের প্রতি অন্যায় করা হল। আমরা বার বার ভুল করছি।,shakib,AGAINST
e246061c565ac332,সাকিব বাংলাদেশের ক্রিকেটে এর ব্রান্ড আর ব্রান্ড কখনও দুই টা হয় না ✊✊🖐️,shakib,NEUTRAL
9f99aada1b685d7b,সাকিব আল হাসানকে আমেরিকার জাতীয় টিমের প্লেয়ার হয়ে দেখতে চাই,shakib,NEUTRAL
ac32c148ff0fac03,"খুবই দুঃখ লাগে আমাদের বাংলাদেশের কিছু নিয়ম দেখে,,, আর কিছু মানুষের মন মানুষিকথা এতো ছোট যা ভাবতে কষ্ট লাগে,,, যে ছেলেটা বাংলাদেশের জন্য এতো বড় ভূমিকা রাখলো,, বাংলাদেশের নাম এতোবার উজ্জ্বল করলো,, আজকে তাকে নিয়ে কত গেম চলতাছে,,, আমরা জাতি হিসেবে এখনো ছোটই রয়ে গেলাম,,, আমরা চাই আমাদের ৭৫ বাংলাদেশের হয়ে খেলুক যতদিন মনে চায়,, তাকে আমাদের সম্মান দেয়া উচিত,, তার রাজনৈতিক দলের দিকে না তাকিয়ে,,, বাংলাদেশের ক্রিকেট দলের দিকে সবাই তাকান,,, আমরা সাকিব ভাইকে সম্মানের সাথে দলে চাই।।।",shakib,NEUTRAL
9c8b72ef19996fec,"কতটা রাজনৈতিক প্রতিহিংসা থাকলে একজন বিশ্ব অলরাউন্ডার এর জন্য তারা এরকম পদক্ষেপ নেয়,,,,,, আমরা সাকিবকে চাই ❤❤",shakib,NEUTRAL
b133094cadf91f5c,"সাকিব মানুষ হিসেবে যঘন্য,, সাকিব দেশকে কখনো ভালো বাসেনী এটা নিশ্চিত,,",shakib,FAVOR
6fada7914ad73e6a,সাকিব থেকে বেশি বয়সী খেলোয়াড় আছে আমেরিকা টীমে ❤❤❤,shakib,NEUTRAL
9adc0983ec4b7146,সাকিবের সাথে এমন টা করা ঠিক হয় নাই খুব কষ্ট লাগলো যে কিনা এই দেশের জন্য কত কিছু করলো আজকে এই দেশের মানুষ ই তার সাথে এমনটা করলো 😢😢,shakib,NEUTRAL
9ca40813b534bb48,লিজেন্ড সাকিব আল হাসানের জন্য বিশ্ববাসী বাংলাদেশ কে চিনেছে। কে আমরা দলে অন্তর্ভুক্ত করতে চাই এবং তাকে সম্মানিত ভাবে বিদায় করতে চাই। তাই কিরা প্রতিমন্ত্রী আসিফ মাহমুদ ভাই কে বলছি আপনি তাকে দলে ফেরান এবং তাকে সম্মানের সাথে বিদায় জানান।,shakib,FAVOR
ccb64890fa519185,Sakib is one and only all rounder in the world,shakib,NEUTRAL
3efc7e25c01e765d,সাকিবের জোতার সমান তারা না। যারা এর বিরুদ্ধে আন্দোলন করেছে।,shakib,NEUTRAL
d0e0c8ac6874449e,সাকিব কে দেশের মাটিতে শেষ টেস্ট খেলতে দেওয়া উচিত। যদি রাজনৈতিক মারপ্যাচে সাকিবের এরকম হয় ভবিষ্যৎ এ অন্যদের হ্মেত্রে এরকম হওয়ার রীতি চলমান থাকবে যা যেকোনো ক্রিকেট প্রেমিকদের জন্য সুখকর নয়!!,shakib,NEUTRAL
59bbd556338c8b52,আমার মনে হয় শাকিবকে তার জীবনের শেষ টেস্ট ম্যাচ খেলিয়ে বাংলাদেশ থেকে সুন্দরভাবে বিদায় দেওয়া উচিত। আর তার অবশ্যই দেশে আসা উচিত এবং সে রাজনীতি করার কারণে যদি অপরাধী হয় তা আলাদাভাবে বিচার করা উচিত। কারণ সাকিব রাজনীতিতে নতুন এবং মাত্র ছয় মাস সময় পেয়েছে ‌। শাকিব যদি দা আইনিভাবে মোকাবেলা করে তাহলে মনে হয় শাকিবের বড় কোন সমস্যা হবে না,shakib,NEUTRAL
7e11729310e90ca5,Sakib is thke king of bd cricket ❤❤❤,shakib,FAVOR
78ccfe9db6273c1d,সাকিবের উচিত আবসরে না যাওয়ার ঘোষণা দেওয়া❤️,shakib,NEUTRAL
98016d6981438578,"দীর্ঘ ১৭ বছর ধরে বিন্দু বিন্দু ভালোবাসা থেকে সাকিব এখন পাহাড় সমান ভালোবাসা অর্জন করেছেন""🖤 -যার উঠতে ১৭ বছর লাগে নামতেও তাই-চাইলেই কি মুছা যায়?? আর এই ভালোবাসা একটা পোস্ট না দেওয়ার জন্য শেষ হতে পারে না""💗 ""কতটা পথ পেরোলে তবে পথিক বলা যায়""🧑‍🦯🖤 ""কতবার জবাব দিলে তবে সাকিব আল হাসান হওয়া যায়""❤️‍🩹💦",shakib,FAVOR
9450ab13d18877ab,"অনেক মিস করব এই বিশ্বসেরা অলরাউন্ডার সাকিব আল হাসানকে😢❤❤❤ Love from Gurudaspur, natore",shakib,FAVOR
7be1094e7e9f4cf8,Sakib Al Hassan is the All Time Great of Bangladesh Sports. The nation will remember you for your contribution.,shakib,FAVOR
9a87d1924799024f,😢😢😢😢😢 shakib Al Hasan is king a legend a rebel a fighter on man army he is genious,shakib,FAVOR
3bbc7d6094b33265,কেন এমন সিদ্ধান্ত সাকিব 😭 আমারা অন্তত আরো ২ টা বছর আপনার খেলা দেখতে চাই 😭 ছোট থেকে তো আপনার খেলা দেখেয় বড় হওয়া 😢,shakib,NEUTRAL
d60ab0f7fe0f7883,সবাই কে একদিন অবশ্যই অবসর নিতেই ♥️ বাকি দিন গুলো ভালো গাঁক শাকিব,shakib,FAVOR
e38c523a2332aa85,"একজন সাকিব আছিল বলেই বাংলার ক্রিকেট এখনও বেঁচে আছে খুব মিস করবো বস তোমাকে, আই লাভ ইউ",shakib,NEUTRAL
65fd910755f1d3ae,"আরও সময় ছিলো সাকিব ভাই খেলতে পারতো, অনেক মনে পরবে সাকিব ভাই কে,যখন খেলা দেখতে বসবো তখন সাকিব ভাই কে খুব মনে পরবে আমাদের,সাকিব ভাই যেখানে থাকবেন ভালো থাকবেন সবসময় আপনার পাসে আছি থাকবো",shakib,FAVOR
06d0eeb21ffb928b,আমার সব থেকে পছন্দের পেলেয়ার ছিল সাকিব আল হাসান ❤,shakib,NEUTRAL
30fe3c8e53fc556a,"শাকিবের ক্যারিয়ার শুরু থেকে তার খেলা আমার ভালো লাগতো, তার খেলা আমি উপভোগ করতাম। তার কেরিয়ারে হুটহাট কিছু ডিসিশন, তাকে বিতর্কিত করে ফেলে। সে যদি ওই ডিসিশন গুলো ঠান্ডা মাথায় , চিন্তা ভাবনা করে নিতো তাহলে দেশের জন্য ও তার জন্য খুবই ভালো হতো। যাই হোক সর্বশেষ শুভকামনা রইলো।",shakib,FAVOR
ad896534c248765e,Bangladesh is Best cricketer in SAkiB AlHaSSan...New (Bangladesh 2024)history) Better Bangladesh.. Coming soon.High. Best Crickets different from Bangladesh.. So much Better Bangladesh. 😮😮😮😮,shakib,FAVOR
b138950086a485b3,ঘৃনা জানাই তাদের যারা সাকিবের বিরুদ্ধে ষড়যন্ত্রে লিপ্ত আছে।,shakib,NEUTRAL
41b2ccb11e24cfe8,"এটা আপনি কিভাবে বলতে পারেন? তানজিম সাকিব, আমাদের রাসুল সল্লাল্লাহু আলাইহি ওয়াসাল্লাম এর সুন্নত দারি রাখে। সে সুন্নত অনুসরণ করে। কিন্তু আপনি ত আামাদের রাসুল সাঃ এর সাথে সমান করে দিলেন এটা ত ঠিক না।",shakib,NEUTRAL
69192effee2dcf30,১৩৫ বছর পরে আমাদের সাকিব এই নিয়ম উদ্বোধন করেন ❤,shakib,NEUTRAL
57a821080059c981,এইবার আর কোনো চিন্তা নেই world cup final পাবে বাংলাদেশ 👍🏻। Congratulations team Bangladesh ...... সাকিব সারা পৃথিবীর সেরা ক্রিকেটার,shakib,NEUTRAL
4c94ffd5042f8fe4,"এত বছর ক্রিকেট খেলে এভাবে আউট করে যদি দলকে জেতাতে হয় তাহলে সাকিবকে মহিলা ক্রিকেট দলে অন্তর্ভুক্ত করলেই ভালো হয়,,,,",shakib,FAVOR
fc0a7dc23f29ef82,"Matthews was utterly unfortunate. He was already on the pitch, but due to some issues with his helmet, he couldn't face the ball. Rules are rules, but it's not definitely an example of good sportsmanship from Shakib",shakib,NEUTRAL
395fe3c4d42d1406,"সাকিব আল হাসান এখন নিজেই ক্রিকেট থেকে আউট হয়ে গেছে, হা হা হা",shakib,NEUTRAL
c2034a2538d213a5,"This is really sad & unthinkable!! In more than 150 yrs cricketing history nobody has done it , but Sakib has now done it .Once again it us proved that he is not a gentleman.",shakib,NEUTRAL
28b135cb7af71c3b,Ei out jodi onno kono Desh korto tahole seta hoto sportsmanship... Eta WC Keu char dibe naa Jodi shakib er jagai Mathews nijeo hoto se o ei sujog haat chara korto naa,shakib,NEUTRAL
352fde21bada3355,Onnora kore nai oitate Shakib er dosh ki?,shakib,NEUTRAL
f66ab78603949c85,Law is law. Everyone should follow that. Why are the so-called cricket intelligents against Shakib's decision? Why are they not against the law and them who made this law? Now they should raise their voice against the law. But Shakib did the right thing. We are with him.,shakib,FAVOR
3c611b3ab811538c,No one challenging the rules or disrepecting icc rules.. We are disrespect ing shakib for appealing because he was afraid to loose the game,shakib,FAVOR
53eccde134dffed7,ক্রিকেট এখনও ভদ্র লোকেরই খেলা। যারা বলছে এখানে বলছে স্পোর্ট স্পিরিট নষ্ট হচ্ছে তা ভুল।তাহলে এই নিয়ম তৈরির কোনো প্রয়োজন ছিলো না। বরং সাকিব একটা ভালো কাজই করেছেন । RULES ARE RULES.,shakib,FAVOR
3e1d884b2f370bad,"Star All Rounder ⭐️ Shakib Al Hasan had a Pretty Good CPL Season this Year. Pure Class, Pure Experience and Excellent Talent and Also Great Luck As Well. Great Luck also shined on Shakib Al Hasan as well. He contributed pretty well with both bat and ball as much as he could and he did pretty well. Star Shakib Al Hasan Continues to Shine. Shakib Al Hasan is One of The Best Star All Rounders in Cricket.",shakib,FAVOR
82d4f612068dcffa,Shakib Al Hasan is a king of cricket,shakib,FAVOR
7d569c2326b0650b,Shakib Al Hasan is legend but it is a matter of sorrow that the Bangladeshi don't respect him😢😢😢😢,shakib,FAVOR
4de24c6e70aeac58,Shakib is a good player alright but he is totally manner less,shakib,FAVOR
337e81dbf055d31c,"😢 আপনার ( শাকিব) যখন সমালোচনা করা হবে, তখন ভালো খেলেন। তাহলে নিজের জন্য খেলা করে। দেশের জন্য খেলা করেন না।",shakib,FAVOR
65f424b7b0b668ab,"আমি ও আছি আপনারদের সাথে, Sakib is the best",shakib,FAVOR
86b961a55effaca7,"সাকিব ভাই ভাই প্রথমেই রিকোয়েস্ট থাকবে আমার কমেন্ট টা পুরো টা পরেন ভাইয়া আমার গেমের আইডি আমি ফেসবুক দিয়ে খুলছিলাম ৩.৬ বছর আগে আর এক বছর আগে আইডিতে ব্রাইন্ড জিমেইল এড করছি কিন্তু তাঁর কিছুদিন পর ফোন রেজিস্টাট দিছি আমার ৬-৭ টা জিমেইল আইডি ছিলো ৬-৭ টার মধ্যে ৩-৪ টা আনতে পারছিলাম বাকি গুলা আনতে পারতাছি না যার মধ্যে আমার ওই ব্রাইন্ড জিমেইল আইডি টাও আছে আমার ওই আইডির কিছুই মনে নাই শুধু মাএ নাম্বার টা আছে যেই নাম্বার দিয়ে আইডি খুলা হইছে নাম্বার বাদে আর কিছুই নাই এখন ১ সাপ্তাহ আগে আমার গেম আইডি খুলা ছিলো যেই ফেসবুক আইডি দিয়ে ওই আইডি টা parmanetly ব্যান হয়ে গেছে আগেও লক হইছিলো কিন্তু তখন আনলক করতে পারছিলাম কিন্তু এখন parmanetly ব্যান হয়ে গেছে এখন গেমে বাইন্ড করা যেই জিমেইল আইডি ওটাও আমার ফোনে লগইন নাই আমি অনেক চেষ্টা করতাছি আনার কিন্তু পারতাছি না ওই বাইন্ড জিমেইল আইডি সম্পর্কে কেও জানে না কিন্তু আমার ও কিছুই মনে নাই ওই আইডির নাম্বার টা আছে শুধু তা ছারা কিছুই মনে নাই আমার এখন বুঝতাছি না কী করবো গ্যারিনার কাষ্টমার সার্ভিসে কথা বলছি বুঝিয়ে সব বললাম তাও কিছুই হচ্ছে না এখন আমি কী করবো এখন যদি ভুলে ভালেও আমার আইডি টা লগাউট হয়ে যায় তাহলে আমি আমার আইডি টা সারাজীবনের জন্য হারাবো আইডি টা আমার অনেক শখের ৩ বছর+ সময়ে আইডিতে খরচ করছি ২০,০০০ টাকা লেভেল ৭০ নিজের হাতে বানানো আইডি টা এভাবে হারাতে হবে ?? আমি ওই জিমেইল আইডি টায় তেমন একটা গুরুত্ব দেইনি কারণ আমি জিমেইল সম্পর্কে তেমন একটা বুজি না ফেসবুক সম্পর্কে অনেক বুজি আমি কখনো কল্পনাও করতে পারিনি যে আমার ওই ফেসবুক আইডি টা parmanetly ব্যান হয়ে যাবে ওই বাইন্ড জিমেইলে তেমন একটা গুরুত্ব দেইনি বলে কিছুই মনে নাই আমার শুধু নাম্বার টা আছে এখন ভাইয়া আমি কী করবো বুঝতাছি না সমস্যা টার কোনো সমাধান থাকলে NEXT ভিডিওতে ans দিয়েন প্লিজ প্লিজ 😓🙏🏻 UID 7728748922",shakib,AGAINST
7875e9a56842858d,Sakib faltu faltu fsltu. Ay lok gula holo vudai karon era Bangladeshi 😊😊,shakib,AGAINST
45831c92d1d52412,Very good for Shakib and Bangladeshi image . Admitting unintentional guilt is heroic . Thanks to Mr. Papon for handling and guiding this situation . It could be worst .,shakib,NEUTRAL
a3c6a33249911456,"Shakib was never a hero for all of the Bangladeshi people. Shakib was one of the closest person of former PM sheikh Hasina. He was very respectful to minorities of his area. On every occasion, he would gift them handsome amount of money. That's why the terrorists didn't like him that much. I knew that when Sheikh Hasina is not in power, they will harass Shakib a lot. But didn't even thought that they will give a murder case against Shakib. Most funny part is , he was not even in Bangladesh at that time. Rather he was playing in Canada.",shakib,FAVOR
7fd884dfaeb1e058,Aswene mankading kare to rule.sakib time out keya to disrespactful.Thef talking about good sole.,shakib,FAVOR
4e5c55209deabc28,@hasanuddin7690 dono bohot alag baat hai. England k Banda bowler se pehle apan ja chhod Raha tha to galat baat hai. Yaha bichare ka helmet tuta tha. Insaniyat baat ki chij pata hai aapko or aapke Shakib ko,shakib,NEUTRAL
93f10ef3d3b115eb,As Sri Lankan fan of our Percy Uncle you should not demean Shakib but I am glad Bangaladesh won. Angelo is more of a cunning and a malice. He did not bowl his full quota of 10 overs against our loss to India which many Sri Lankans question. None of the SLC sponsored media journalists questioned this. Shakib was in his right cos he may have understood that Angelo was obstructing Bangaladesh play time. 100% Angelo responsiblity. Before the Driver get into the Car for a sucessful journey he has to check the tyres for air pressure engine oil engine temp coolant level brake fluid level signal lights headlights break lights fuel level and any unusual noise emitting after engine startup. THIS IS CALLED DISCIPLINE. Every Grandfather Every Father Every Son Every Grand Kid knows this Discipline.,shakib,FAVOR
1807336222ede810,"Sakib ne according to rule kiya h, ashwin ne bhi kiya tha aur female cricket me india ne bhi against england aisa hi kiya tha...",shakib,NEUTRAL
80fd7e980710260d,"​ @BRIJESHYADAV-mt6jg Bro, did England player have equipment malfunction or he can't run fast so we should let them allow few steps forward. No he clearly breaks rule. There need not to have common sense or understanding. But here Shakib is final decision taken person. Rest to you understand.",shakib,NEUTRAL
c1178c9d55b4d2b0,The last line shakib said its there in the rules that the batsman should be there in the crease within a certain time and he wasnt there. But batsman was already in crease.,shakib,NEUTRAL
2d8f21eb045d4409,Very much disappointed about the incident. I don't think any batsman would intentionally put themself in harms way by going unto the field with a broken helmet. In my humblest opinion even if the time had elapsed the players safety should have been of greater importance. I very much respect Angelo Matthews response during the interview and I am disgusted about Shakib's response. Shakib made a point about cricket rules. Just because something is a rule doesn't mean that it is right. Do we want to see another cricketer dying from a cricket injury.,shakib,FAVOR
ad7f063b97afbd38,Shakib Al Hasan's achievement records Coward shehwag in his 7 times life can't achieve it. 14 k runs 700 wickets,shakib,NEUTRAL
81680a93d88cd4ce,সুজন কি ভাবে সাকিবের দিকে রুকতে রুকতে আসে এটা নিয়ে একটা প্রতিবেদন করেন।,shakib,NEUTRAL
4c6927648d3f01a5,সাকিব উচিত বিচার করছে লাভ ইউ সাকিব বস,shakib,NEUTRAL
7f6a9e6d8fbf3be2,"সাকিবের সাথে আছি,,, এ রকম বেয়াদব আরো চাই,,,, ❤️সাকিব💖",shakib,NEUTRAL
683257e414848282,Sakib thiki koresen.sakiber sati prottahar korte hobe.,shakib,NEUTRAL
c1bd35a53e29905a,সাকিব ভাই সঠিক কাজটি করেছে।উচিত ছিল স্টাম্প দিয়ে ওচানি দেওয়া যেটা সাকিব ভাই ভালো দেখে করে নাই।,shakib,FAVOR
a8f1c2e54102f8d1,একটি ও এলবিডব্লিউ হয় না। এটা বাংলাদেশের ইতিহাসে সম্ভব। সাকিব যা করেছে ভালো করেছেন,shakib,FAVOR
1c6f67096e16231f,খালেদ মাহামুদ সুজন কেন সাকিব আল হাসানের দিকে তেড়ে আসলেন? খালেদ মাহামুদ সুজন এর এত সাহস কোথা থেকে আসল? সুজন এর শাস্তি হওয়ার দরকার ছিল।,shakib,NEUTRAL
9b27f25a8e869edb,Shakib should be excluded from all types of cricket.o akta fajil.,shakib,NEUTRAL
db0328c476764744,"ওনারা তদন্ত করবে না, শাস্তি দিবে, সাকিব ভালো আচারন করেছে, আমি হলে মারতাম",shakib,FAVOR
103ea8322e7de9cc,সাকিবের নামে এরকমের বাজে মন্তব্য করার জন্য ওকে জেলে নেওয়া উচিত,shakib,AGAINST
7ce81b8564b8e1a1,Bangladesh r jeta match chilo shakib out chilo na apnader icc te complain kora uchit.,shakib,NEUTRAL
a91985d61fe4b560,আজকে দেশে হলে সাকিব স্ট্যাম্প ভেঙ্গে ফেলত!,shakib,NEUTRAL
a285723fbb985f38,কতো কিছু বলবে সাকিব জনগনের কয়টা গরু আছে সেই ঘাস কাটতে পারবে,shakib,NEUTRAL
3dd7f8653ffcc2f9,Amar mone hoy sakib takle 35 ball a 170 run korto ......... Bangladesh ar player gulo bat korte pare na atai harar karon ....ata na bole sudu umpire ar umpire pagol sob ... jatodin avave umpire umpire korbe Bangladesh cricket ar valo kicu hobe na,shakib,FAVOR
e269d4143d4ef8d5,"সাকিব থাকলেই বাল হইতো, জীবনের যত কষ্ট পেয়েছি সব এই আবাল দের খেলা দেখে... সাকিব আউট হলেই কি সব শেষ??? মুহুর্তেই দেখি 6টা নাই..",shakib,NEUTRAL
e9445015fd0c5dda,ঠিক বলছেন সবাই এমনভাবে সাকিব সাকিব করতেছে যেনো মনে হয় সে থাকলে বাংলাদেশ ২০০ রান করতো,shakib,NEUTRAL
12fc8e4bbaccf543,আমার মনে হয় সাকিবুল হাসান আউট এর পিছনে ইন্ডিয়ার কোন হাত আছে,shakib,NEUTRAL
052be1710cd68e7c,সাকিব ঠিকই আছে তার পারফরম্যান্স সে ঠিক মতো করে যাচ্ছে।পারলে পাপনকে সরাইয়া দেখান।আর সাংবাদিক নোমান সাহেব আপনি যে সাকিবের সমালোচনা না করে পাপনকে নিয়ে সমালোচনা করেন।সাকিবকে নিয়ে কিছু বললে ভিউ বেশি হয় তাই তাকে নিয়ে উল্টাপাল্টা কথা বলে নিজের you tube চ্যানেল এর ভিউ বাড়ানোর চেষ্টায় থাকেন।,shakib,AGAINST
5b49524b14560c52,টাকা থাকলে যা হয় আর কি। অন্য খেলোয়াড়দের ত সাকিবের মতো টাকা নেই তারজন্য সব নিয়ম মেনে চলে।,shakib,NEUTRAL
6997c519aa269e2f,Noman vi ektu base bolse asole apnara je bhabe Sakib er pise lagsen tate or sob kisute sudu bul ar bul ar apnara sudu right are vai mahte jan Cricket ki ta mate gele bujben,shakib,FAVOR
2fbe2e2655570ad0,"PAKNA NOMAN, TOR KI JOGOTTA ASE SHAKIB ER AGAINST A KOTHA BOLOS?",shakib,NEUTRAL
6b588f843a060bae,পুরা ক্রিকেট বোর্ড এক জায়গায় হলেও শাকিবের ভয় পাবে না শাকিব পারফরম্যান্স করে বোর্ডের মত সরকারি টাকা টুরে যায় না,shakib,NEUTRAL
0cb496046a0bd043,সাকিবের শৃঙ্খলা নিয়ে আলোচনা করার আগে বাংলাদেশের সাংবাদিকদের এই ব্যাখ্যা দেয়া উচিত যে পৃথিবীর কোন দেশের সাংবাদিকেরা খেলোয়াড় কোথায় ডিনার করতে গেলো এগুলো নিয়ে নিউজ করে। ভাই আপনারা পারলে সাকিবের বাথরুম টা ফ্ল করিয়েন যদি আরো কিছু ভিউ আসে৷,shakib,AGAINST
8a360a4e25158772,পৃথিবীতে কারো জন্য কোন কিছু থেমে থাকেনি থাকবেও না এক সাকিব চলে গেলে হাজার সাকিব তৈরি হবে। বিসিবির উচিত এখনই লাস্ট ওয়ার্নিং দেওয়া।,shakib,NEUTRAL
b644e7d306ad5e9a,এগুলা একেবারে ফালতু বিষয় এই বিষয় নিয়ে আলোচনা করার কোন দরকার আছে নিজের স্বাধীনতা থাকতে পারে না সাকিব যা করে ঠিক কাজেই করে,shakib,NEUTRAL
18bbf4e3d66a646e,"Suprised that match refree has not issued a statement. What is the point of having a match refree, if he can't take a stand and take action against Shakib.",shakib,NEUTRAL
988c7bfbff7a16fe,This kind of behaviour is not acceptable from an international player. Specially Shakib so much experience player. What message does it send to budding young cricketers and fans ??? Their board needs to check into players specially Bangladesh players get too much in their head when they play .,shakib,NEUTRAL
6de328ba392d232c,Shakib is best all rounder ❤ we miss you our hero❤❤❤,shakib,FAVOR
f4f5216d3c5b3d9f,Love shakib Love you Bangladesh from Pakistan,shakib,FAVOR
1cb5f82b49ec31e8,Shakib the ultimate hero of Bangladesh 🇧🇩 His most of the anger issues was against the wrong decisions..,shakib,FAVOR
7f43c45db173fc74,Hero is always hero. All hero are not in same mind! Shakib also a different person😎😎,shakib,FAVOR
a1ff788aed29ca25,Our Hero Sakib AL Hasan . our king .,shakib,FAVOR
745fa306aee80df2,Shakib is a hero for intelligent people 🙂,shakib,FAVOR
188e96b3ca48ffed,He is our hero and villain I dont hate villains I like them and shakib is definelty one of them The Greatest All rounder❤❤,shakib,FAVOR
26ec6c336e99988b,SHAKIB IS BEST ALL-ROUND👑 75 Shakib is definitely Hero❤ Sakib -legend. 🎉,shakib,FAVOR
5ff5e181a4729526,"Greatest🐐👑 World Cricket Number ""1"" All-rounder Shakib AlHasan 14700+ runs and 710+ wickets in the world, a cricketer holds such a record that no one else has come and will not come in the future. Bangladesh history is a living legend. The best player in the history of the world. The name of this G.O.A.T All-rounder Shakib Al Hasan Bhai will be written on the pages of history, which no one can erase if they want to erase. May our cricket fans' emotions be happy. This name is Shakib Happy Retired. Our Pride Shaking Greatest All-rounder Shakib World Number One All-rounder This is Bangla Nabab SHAKIB 👑🐐🏏🌍",shakib,FAVOR
a2e936a323ba72f9,Everyone know in Bangladesh Shakib Al Hasan is a Hero. The loved shakib for his attitude and performance. There is no any question mark about shakib.,shakib,FAVOR
d4920795bccfab75,"Aggression and anger are also part of the game. Shakib is definitely a hero for Bangladeshi fans, but I like Kohli's aggression and anger as well",shakib,FAVOR
ba7c083599d01c89,Shakib Al Hasan is world best player sigma king ♔,shakib,FAVOR
53026e209a29c3ca,"No bro in this video 90% was not an anger issue,,,,,just 10% true anger issue,,,,we Bangladeshi know what is Shakib",shakib,NEUTRAL
a9d2ee933b23317d,"Shakib was bowling from the other hand,what a nostalgic scene!",shakib,NEUTRAL
3bad9ad3a2ced728,east or west Shakib is the best,shakib,FAVOR
ca7db172b3d988b4,সাকিব ঠিক বলেছে আবেগ আর বাস্তবা অনেক তফাত,shakib,FAVOR
d1c766c8986d72e6,Shakib ottonto ohonkari ekta player. Ochirey tar dhongso dekhte parben,shakib,NEUTRAL
66d793353fec83f6,সাকিব কে ওপেনিং পেস বোলিং হিসাবে দেখতে চাই দেখি দলের জন্য পারে নাকি?,shakib,NEUTRAL
dbc034d68eeaba27,নতুন করে ঝামেলা করার চেষ্টা করছে সাকিব লীগ,shakib,NEUTRAL
f09596493a1c1183,What bollywood badsha Shakib 💩 ? Shahrukh be like :- Mein kya aapna job chor du ? 😂😂,shakib,AGAINST
ee2b7f37fbb97962,দুই দেশের না শুধু বাংলাদেশের স্টার ভারতের অনেক সুপারস্টার আছে তাদের সঙ্গে সাকিবের তুলনা চলেনা,shakib,NEUTRAL
182ac4726f48fb59,শাকিবেরটা অভদ্র যেভাবে বুবলিকে অসম্মান করলো ছেলের মা তো উনি অন্ততপক্ষে ছেলের মা হিসেবে সম্মান দেওয়ার দরকার ছিল,shakib,NEUTRAL
1683e273c546559e,সাকিব এর সাথে ঐ যা যা করছে এর পর পরিচয় দিবার কোনো মানি হয় নাহ।। কই অপুর কথা তো সাকিব এখন ও বলে ❤,shakib,NEUTRAL
02992a4d3c9e6aed,অাল্লাহর কাছে দুয়া করি অাল্লাহ জানি সাকিব সার কে অার অপু অাপু কে অার সাকিব সার এর ছেলে কে ভালো রাখুক অার সুস্থতা রাখুক অামিন,shakib,FAVOR
739fd54c11ad3602,সাকিব বেডার মনে লাড্ডু ফুটতাছে😂😂। আমি বুঝিনা এত জোর করার কি আছে আমরা দর্শকরা দেখে ভালো লাগলেই হইছে।,shakib,FAVOR
1bd1fc97e74065f1,F D C mane PTiTLa❤.. Luncha Sakib 😂,shakib,NEUTRAL
393bfe94fa174bfa,সাকিব ভাই এক সময় কিন্তু আপনিও মারা যাবেন । এই কর্মগুলো কিন্তু দুনিয়াতে থেকে যাবে আল্লাহকে ভয় করেন।,shakib,NEUTRAL
14bb6f9a23f7e7e1,"শাকিব ভাই, আমিও আপনার ভক্ত, সেই ছোটবেলা থেকে আপনার ছবিদেখে বড় হয়েছি, কিন্তুু আপনি মোসলমান হিসেবে প্রথমে সালাম টা দেওয়া উচিত ছিলো, আমার পক্ষ থেকে আপনাকে সালাম,,",shakib,NEUTRAL
12e38482828bb064,শাকিবইয়ানরা মূর্খ। সময় এক সময় সত্যিটি তুলে ধরবে। শাকিবের চরিত্র ভালো না,shakib,FAVOR
d454de9d49599ae8,"সময় টিভির খানা আছে,, সাকিবের এটকা চুল কেও চিরতে পারবেনা",shakib,NEUTRAL
8e2cdcfe203e8f3d,"Farin nijei akhane asar jonno last koyek year theke try korche, nijeke joto parche kholamela koreche. Shakib deke aneni",shakib,NEUTRAL
4ad6b7eb0d4c8e17,"শাকিবের চরিত্র জঘন্য খারাপ,ওতো মানুষকে সুযোগে ব্যবহার করছে, এই ক্যারেক্টার লোকদের সাথে চলাফেরা না করাটাই ভালো,",shakib,FAVOR
7972ca19639e7666,এদের মুখ দেখলেই বুঝা যায় শাকিব ওদের বিরক্ত করেছে,shakib,NEUTRAL
490a74b68ef56c3c,"একটা জিনিস লক্ষ্য করছি কিছু দিন ধরে দেশের ক্রিকেট কে কটাক্ষ এবং ছোট করে কথা বলছে সকল ফুটবল ভক্তরা। সামনে একটা ইস্যু টেনে নিয়ে আসছে সাকিব আল হাসান সেরা না হামযা চৌধুরী সেরা, তোমাদের ক্রিকেট ভালো না লাগলে আমরা ক্রিকেট লাভারদের কি করার আছে, বিষয়টা খুব খারাপ লাগে ।ক্রিকেট, ক্রিকেটের জায়গায় ফুটবল ফুটবলের জায়গায় এটা নিয়ে মারামারি করার দরকার কি",shakib,FAVOR
f4af5a97825fae3e,"His name is Rajjak, he is not shakib.",shakib,NEUTRAL
9e78a834fe587fb1,"u are my hero,also youbrj, dhoni,raina,sacin,sewag,zaheer,,,,shakib is our hearts in Bangladesh, we are proud him",shakib,FAVOR
88289048eef1f5be,Shakib real king ❤❤❤❤❤ real hero ❤❤❤❤ real super star❤❤❤❤ real magic man❤❤❤❤ shakib is my love❤❤❤ shakib my life❤❤❤ shakib is very cute and very sweet ❤❤❤❤❤ love you my king al hasan❤❤❤❤❤❤❤💞💞💞🇧🇩🇧🇩☺️👑👑👑👑👑👑👑👑👑👑👑,shakib,FAVOR
8d4cf07d2df81c92,"Love from India to shakib, he is more than a super hero.",shakib,FAVOR
1ffc82f078e9f543,Are you crazy?? Shakib is the grandfather of holder,shakib,NEUTRAL
a81805dba614d335,Lol who are u comparing shakib with,shakib,NEUTRAL
81bcb1dad3a07b29,Who the hell is holder? You know that if you post this everyone will like for shakib and thus you will get more likes,shakib,NEUTRAL
23c6193ea246326d,I love Shakib...♥ Shakib♥♥ is Supper Hero.... Thanks Shakib♥♥,shakib,FAVOR
164a4ef56ded4cff,Shakib is a living legend. Proud for shakib as Bangladeshi 🇧🇩,shakib,FAVOR
238f5184e01aa351,we love shakib from our loving country bangladesh,shakib,FAVOR
142d2b0f53d5f387,Thanks to 'ESPN Cricinfo' for making a appreciation Report about Shakib; team Member of our Country. 💐🌹🇧🇩🇧🇩✌️✌️👍🏾🙂🙂❤️❤️,shakib,FAVOR
50d5453503dd8f58,Best of luck. May shakib again play a leading role in Bangladesh victory,shakib,FAVOR
b218e8c6b52ba150,Shakib Al Hasan 🇧🇩 One Of The Greatest All-Rounder The World Cricket Has Ever Produced 🇧🇩,shakib,FAVOR
e75198429cf8cba9,I am Very happy & I am Very proud of you Shakib.... Iove you Shakib From Bangladesh.....,shakib,FAVOR
720a109225b5ba73,we proud for..... Shakib al- hasan........ all bangladeshi like here,shakib,FAVOR
86bba460a979f287,"tendulkar 11mat-673 runs shakib 7mat-542 runs whoever says what, shakib would definitely break the record if he gets another 2 matches.",shakib,NEUTRAL
40ab1230f853d6a5,"I am amazed! I mean, the people of Bangladesh don't like Shakib. But the other cricket nations love him the most.",shakib,FAVOR
8ef9dbdf1ddf2193,Shakib Is a Legendary Cricket Al-Rounder in cricket History,shakib,FAVOR
5da1019a600cbe3a,I Love You Bangladesh I Love You Shakib All Hasan I Love You Bangladesh Cricket Time,shakib,FAVOR
0d0688aa39e36af3,"No one is near to Sakib yet to demand the title ""Man of the tournament""......",shakib,NEUTRAL
0b24369b31e3fc06,NOW Shakib ul Hassan is superstar LOVE FROM PAKISTAN.,shakib,FAVOR
f50a12007af43c3d,Shakib Al Hasan is our Living LEGEND,shakib,FAVOR
bd5f393974ab731b,Sakib is a superhero... The title says it all.,shakib,FAVOR
0979c11f360f03ed,"My favorite cricketar Shakib,and all the best Shakib.",shakib,FAVOR
6fc6ed7841758dbc,He will be the greatest alrouder ever the history of world cricket N this is the beginning.. proud of you genius ( Sakib Al Hasan ),shakib,FAVOR
b6d869813716edb2,Shakib is a Living Legend of Bangladesh Cricket ❤,shakib,FAVOR
49b0e9c34bbbb6cb,"Love u shakib i am bangladeshi ,, sobai like deo",shakib,FAVOR
8edb2929228c0cc7,I love shakib al hasan From.. Malaysia🇲🇾,shakib,FAVOR
cc7bfa5828fe7714,Shakib Is ODI Captain For 🇧🇩 In Upcoming 2023 ICC Cricket World Cup 🇧🇩 🇧🇩 🇧🇩,shakib,NEUTRAL
0bdedd24884f1bfc,Shakib Total wicket 10 & 476 Run & 4 Catches in 6 Matches only.. Warner 540 Run in 8 matches.. Warner played 2 matches more than Shakib. & takes only 64 Run more than Shakib..,shakib,NEUTRAL
0e696b9d0eb2d70b,"Thank you, বাংলাদেশের জান বাংলাদেশের প্রান shakib al hasan.we are proud of you.",shakib,FAVOR
7d6d85372c57e14e,shakib is best love you all time sakib,shakib,FAVOR
1a30633ed3ba3174,"legend, sakib al hassan!! Love you Boss....... ❤️💕🇧🇩🇧🇩",shakib,FAVOR
881cee02f310441a,Once upone a time Shakib Al Hasan was told that his finger will never be 100% fine again.That player is now currently the leading run-scorer of the World Cup. Champions never quit.,shakib,NEUTRAL
3a98f40603e9c2f1,shakib the real superman. ❤ The pride of 🇧🇩,shakib,NEUTRAL
d8c694fd24ba5ef4,No bro Warnar score 516. Now Shakib score 540. Rohit Sharma 544,shakib,NEUTRAL
e896afa89902f73c,Without a doubt every Indian cricket fan love a Bangladeshi cricketer is Shakib al hassan...,shakib,FAVOR
c58b2aa116cd32b9,He is the best player Pride of Bangladesh Shakib Al Hasan,shakib,FAVOR
eb306f39b09efcdb,"From Bangladesh, 💝 love you SAKIB AL HASAN",shakib,FAVOR
43ebbbaf9bc0dc98,"Shakib is the best player, Bangladesh have ever produced. He is a Legend himself.",shakib,FAVOR
ca990cea98d423e8,Love u shakib.......i think he is player in the tournament 🔥🔥✌,shakib,FAVOR
0cecc1446e00f22b,"Bangladesh’s life , Bangladesh’s pride..... SAH’75......😍😘 বাংলাদেশের জান বাংলাদেশের প্রান.... সাকিব আল হাসান......😘😍",shakib,NEUTRAL
e25bdf183d2545bd,Shakib will man of the tournament......... Hit the like button if you agreed..................,shakib,NEUTRAL
38641b31c54dfb39,we can proudly said that. its our shakib,shakib,FAVOR
76ed1420d73b9643,Shakib is a another name of love,shakib,FAVOR
8ae4bf0c7e469c3f,Shakib is the Super hero of Cricket,shakib,FAVOR
e26c4f4a03732d3e,The one and only ! . We need more like Shakib. Rest of the Bangladeshi players are always on the roller coaster ride !,shakib,NEUTRAL
6cbd88b8c86b8d41,Best all rounder ever. Love you Shakib😍😍,shakib,FAVOR
b87f7261f38ffc56,Shakib is like mesi ..we r fortunate to get shakib but shakib is very unfortunate.Bangladeshi team don't deserve him..love u shakib.u r the only one proud of our nation.no one brone like u,shakib,FAVOR
f94f8cb2c4335479,Shakib Al Hasan is the king of Cricket,shakib,FAVOR
b531d8d55255d345,Best in the World Sakib Al Hassan.,shakib,FAVOR
da02524754bfb500,Best ever cricketer in my eyes love u Shakib from BD😊 BIG PROUD,shakib,FAVOR
08f06a309bd600b6,Best all-rounder cricket has ever introduced ❤❤❤Shakib,shakib,FAVOR
6280cca25535bbdc,"ভিজ্যুয়াল ও মেকিং দেখে মুগ্ধ হয়েছি। কিন্তু স্ক্রিপ্টটা অনেক দুর্বল। শাকিবের লুক এবং অভিনয় ঠিক আছে, কিন্তু গল্পে জোরালো কন্টেন্টের অভাব ছিল।",shakib,NEUTRAL
91c456f06f5a55cb,Shakib Al Hasan is the name. Not Shakibul hasan 🙂 plz spell and pronounce it right. This man deserves respect. He has earned it.,shakib,FAVOR
cd54a4ec50fa06dd,"shakib is a Great player and human being, He wasn't out in my opinion, and i'm sorry to bangladeshi brothers and sisters, you always win our hearts and we will always love you and respect you🙏, pakistan's victory is bangladeshi victory, we will never forget how you supported pakistan's team always, afghanistan team is ahsan framosh and jealous but you guys are awesome 👌. love from pak",shakib,FAVOR
aad1b4f6f3afa179,As Pakistanis we are sad for what happened to Shakib. He was clearly not out. But hopefully ICC take the umpiring crisis in this world cup seriously and make improvements in it's standard. Love for Bangladesh from Pakistan 🇵🇰❤️🇧🇩,shakib,FAVOR
3484eec746d3079e,"Pakistan 🇵🇰 Zindabad 🇵🇰!!!! Congratulations 👏🏼 to you all on qualifying for semi finals !!!! 🎊🔥 Thank you so much 😊PAKISTAN TEAM 🇵🇰👏🏼 Shabash 🙏❤️🎉🎉🎉🎉❤ PHIR SE dil khush karditaa tussi My Rock n Roll Rollercoaster 🎢 GREEN MACHINE!! 🔥👏🏼 Just keep up the good fight with your excellent sporting spirit and no matter the results, it’s worth it. We just want to see your confidence back up and your determination at max. The trophy 🏆 will go to whoever is destined for it. We care about our beautiful team’s morale, smiles and determination levels. Never lose your self belief. you are AMAZING 🤩 🎊❤ Commiserations to Bangladesh 🇧🇩 And I felt so sorry for Shakib LBW, he looked heartbroken and I felt it if was a wrong decision by third umpire then that’s unacceptable how they have made crucial umpiring errors this WC. A Well done on a fantastic effort throughout this WC. Wishing you all the best in future 👍🏼👏🏼🇧🇩",shakib,FAVOR
543caa98b89ab6f7,"so what they have 10 other players? sakib is essentially their best player and it makes a huge difference to get the best player out. sakib could have gotten Bangladesh to 160 and it would have been a different match, where Pakistan wouldn't have been clear favorites.",shakib,FAVOR
17656e899049add7,Shakib ul hassan it is out bat hitting pitch when ball passed in zooming camera,shakib,NEUTRAL
6d599e1e6cfdb6db,Yes shakib not.out ..sorry shakib.. Love ❤️ shakib pakistan 🇵🇰 🇧🇩,shakib,FAVOR
6ea5ad2d50b9510e,This is totally fix Shakib out nahi tha😁😂🤣,shakib,NEUTRAL
789137fb691ba5ad,I have one thing to add that people say it is all because of the TRP.Fair point 👍 but what about Bangladesh cricketers dropping all those catches even the wicket keeper's catch was a dolly and very very rare to see such a miss . So along with other catches dropped n missed run out chances i think Bangladesh played below par cricket and the way all others were batting barring couple of guys i dont think Shakib would have done anything better.,shakib,NEUTRAL
684f6de3567e6d1a,virat kohli ka no ball tha lakin ohh shakib ka too poora world ko dikrahta kii inside edge ha too i am not disrespecting pak team but this decision is not right,shakib,FAVOR
9b00dfeccd6e74a0,We Pakistanis too agree that Shakib wasn't out. So unfortunate. Love Bangladesh 🇵🇰❤️🇧🇩,shakib,FAVOR
c2b279b761237782,Loll no. As Pakistanis we admit that Shakib wasn't out. It's so unfortunate 🇵🇰❤️🇧🇩,shakib,NEUTRAL
729b893bf1de00e3,Kya Hippocrates hain salle. Virat k no ball pe kitna bhok rahe the. Kal tak bhok rahe the. Ab shakib k case mein good umpiring. Wah bete wah.,shakib,NEUTRAL
6f28c2ec437d0f8a,No one is saying it's part of the game. It's so unfortunate that Shakib was given out wrongly.,shakib,NEUTRAL
02a52052296ab738,"As a Pakistani, I can say to Bangladesh ppl that most of us realize that the decision was controversial and Shakib was unlucky … Don’t know if it would have changed the result But don’t compare this with cheap India team tactics .. because we don’t fake field, claim clear bump ball as catches or pressurize umpires by signaling wides and no balls without letting the umpires do their job !! Lol at the Indians jo kal se maatam mana rae hain and Bengali se ziada roo Rae hain 😂",shakib,NEUTRAL
e6765e78a208fdfe,আমি সাকিববিয়ান আমি চাই টেলার সুন্দর করে আসোক,shakib,NEUTRAL
d8348e5977fc3f73,আমি সাকিবিয়ান আমারও ভালো লাগেনি আরো ভালো কিছু আসা করচিলাম,shakib,FAVOR
fd7359e23f6fdfc3,দেশের জনগন ভালকে ভাল খারাপকে খারাপ বলতে জানে সুতরাং বাজে হয়ছে ফ্লপ দিয়ে শাকিবের বছর শুরু,shakib,AGAINST
3b68f1568924149e,Sakib jugger Sathe tal Milano shikhe gese....,shakib,NEUTRAL
17ee43ad305cf4d7,আমি একজন শাকিবিয়ান। অনেকক্ষণ ধরে ওয়েট করে আছি দেখি আমার প্রথম কমেন্টে কয়টা লাইক পড়ে❤,shakib,NEUTRAL
06176919d8e619ef,"ওরে ভাই, একদম আগুন। শাকিব্বাইর পারফরমেন্স আরো মারাত্মক ছিল ❤",shakib,NEUTRAL
19c5df2bbab208a2,শাকিবিয়ানরা সাড়া দাও...😍 ২৪ ঘন্টার মধ‍্যে 1 মিলিয়ন দেখতে চাই ❤,shakib,NEUTRAL
831f426940eebcf9,সাকিব ভাই ছক্কা মারার কথা বলে আপা নিজেই ছক্কা খেয়ে ফেলেছে 😂😂,shakib,NEUTRAL
fa2ee3f9074ea06c,"কুফা সাকিব যেদিকেই যায়, সেদিকেই সাগর শুকিয়ে যায়.......!!!",shakib,NEUTRAL
d898f63dd4e45a52,খেলাইতেই বেস্ট ছিল সাকিব ভাই মিস করব অতীতের ম্যাচগুলো 🥹🖤,shakib,NEUTRAL
2fbf6070216370c7,"Sakib is acceptable in the cricket field only, out of the field is not acceptable at all. Thanks.",shakib,NEUTRAL
a3d0b07b66fc64b1,সাকিবের অন্ধভুক্তগুলো কি এইগুলো চোখে দেখে না? মানুষ এত দেশদ্রোহি হয় কীভাবে?,shakib,NEUTRAL
9e37ee9ce69db6a1,এটা কেই বলে নিতি। সাকিব আল হাসানের প্রতি ভালোবাসা আরো বেড়ে গেলো,shakib,FAVOR
40056a8263c5be15,একদম ঠিক কথা সাকিবের জন্য পারফেক্ট দল হলো আওয়ামী লীগ শাকিবের সবকিছু আছে শুধু নৈতিকতা নাই,shakib,NEUTRAL
0368245fa1ee2fe8,খেলোয়াড় হয়ে যে রাজনীতি তে যোগ দেয় এটা একটা বাজে ঘটনা। যা সাকিবের কাছে কোন দিন আশা করিনি।তার জনপ্রিয়তা দেশে বিদেশে ছিল কিন্তুু মনের মধ্যে ছিল হয়তো লোভ।।যে নিজেকে নিজেই সমালোচনার জন্মদিয়েছে তাই তার সমালোচনা আমার কাছে গুরুত্ব নেই।।খেলাধুলায় কোন রাজনীতি নয় এটাই চাওয়া,shakib,AGAINST
5e5404f77298a7c7,সাকিব ভালো খেলে তাইবলে কি একজন সভাপতির যোগ্য,shakib,FAVOR
33ed096219150241,সাকিব কে নিয়ে প্রতিবেদন আমার খুব ভালো লাগে 🌹🌹🌹 সাকিব এবারে কিছু করে দেখাবো,shakib,FAVOR
4c0c975529b4354a,পোস্ট টা ভালো লাগছে কারন এখানে আছে সাকিব,shakib,FAVOR
02fc8377c1a91f2a,অভিনন্দন সাকিব ভাই নতুন অধ্যায় আপনার হাত ধরে বাংলাদেশ এশিয়া কাপ ভালো করবে লাভ ইউ বস সাকিব আল হাসান ❤️❤️❤️❤️King Is Back,shakib,FAVOR
b9c7ee28f9d6dee3,"@sajidmdiftekharsajid1176 সাকিব একা যা করেছে সবাই মিলেও তা করতে পারেনি ১৯ বিশ্বকাপে,,",shakib,NEUTRAL
5a9cd7d28933e0a2,এত চেষ্টা করল শাকিব নিজেকে ভালো করার জন্য আপনাদের কারণে আর পারলো না,shakib,FAVOR
b434c227326d5c37,সাকিব আল হাসান এর বক্ত গুলা একটি করে লাইক দিন🥰🥰,shakib,NEUTRAL
8bee3e3a28a9e53b,"সাকিব কে অধিনায়ক হিসেবে দেখতে চাই, সাব্বির আর সৌম্য সরকারকে দলে দেখতে চাই 🇧🇩🇧🇩🇧🇩🇧🇩❤️❤️❤️",shakib,FAVOR
a0434ac2a2dcba51,"ভাই সব মুগ্ধতা মেয়েদের জন্য প্রতি হয় না,৷ আমার মুগ্ধতা আপনি এবং সাকিব ভাই❤️",shakib,NEUTRAL
07575db8bec1a352,কেউ খুশি না হলেও আমি খুশি হয়েছি কারণ সাকিব আল হাসান নিজেও সর্বোচ্চ চেষ্টা করেন এবং অন্যদের থেকেও সেরাটা বাহির করে আনতে পারেন।,shakib,FAVOR
0a02643b0a5848ba,"সাকিব আল হাসান একজনই❤️ ইনশাআল্লাহ তার হাত ধরে এশিয়া কাপ ও বিশ্বকাপে ভালো কিছু করবো,আল্লাহ ভরসা।",shakib,FAVOR
e2a3bd0a4475423d,প্রথম বড় দলের বিপক্ষে জয়টা আশরাফুল শিখিয়েছে... তবে সাকিব একজনই❤,shakib,NEUTRAL
d11401276cc3e76a,ভাই আপনার কথাগুলো একদম ঠিক আছে সাকিব ভাই বাংলাদেশের একটা গর্ব,shakib,FAVOR
2586def69bf133e8,সাকিব জা করে সব ভালো লাগে। কারন একটাি সে ভালো খেলে।,shakib,FAVOR
0aa3343821e63ea4,সারা বিশ্বে কতগুলো দেশ আছে জানি না তবে সারা বিশ্বে সাকিব আছে একটাই যে সব পারে।,shakib,NEUTRAL
0cfe3d53b2e69a9b,"আমাদের একটা সাকিব আছে ,,আর ভালো মানের একজন কিক্রেট বিশ্লেষক আর তা আপনি , Love U BOSS.",shakib,FAVOR
6871ddb399842b2b,সাকিব বাংলাদেশে একজনই মাঠে ও মাঠের বাইরে সবজায়গা অনন্য। সাকিব আবেগ দিয়ে খেলে না বিবেক দিয়ে খেলে এইজন্য বিশ্বে বাংলাদেশের গর্ব অথচ দেশের কিছু মানুষ আছে যারা সবসময় তার সমালোচনায় ব্যস্ত।,shakib,NEUTRAL
e911da63f5d18bbc,সাকিব লঙ্কা লিগ খেলতে গিয়ে মান সম্মান নষ্ট করে দিলো প্রতি ম্যাচে ৫/১০/১৩/১২ এমন রান করে 😂😂,shakib,NEUTRAL
20e481243b1daf6c,আমি যেদিন নতুন খেলা দেখা শুরু করি সেদিন সাকিব 89 রান করে আউট হয়ে যায় 😭 আর সেদিন থেকে আমি একটা জিনিস আমার মনের মধ্যে অনুধাবন করেছি যে ক্রিকেট মানেই আবেগ ক্রিকেট মানেই সাকিব 😭 সাকিব-আল-হাসান ছাড়া আমার কাছে ক্রিকেট পান্তা ভাতে নুন না নেওয়ার মতো সেই এড এর কথা মনে পড়ে গেল বাংলাদেশের জান সাকিব আল হাসান 😭 বাংলাদেশের মান শাকিব আল হাসান ❤️❤️❤️,shakib,NEUTRAL
d5419a31f0866ddd,Ami Domestic cricket kheli. Cokh er samne fixing match dekhechi. Shakib vai er stamp e latthi amader playerder jonno onk upokar hoyeche. Tar jonno shob playerrai doa kore.kharap dorshok er kothay tar kichui hobe na. Love you Shakib vai.,shakib,NEUTRAL
442f1c504c157c70,The Shakib is Brand one and more.,shakib,NEUTRAL
fa51eebc42cb73ad,"বিশ্বাস করি, বিশ্বাস করতে চাই এটা.. যে সাকিব আল হাসান এর হাত ধরেই প্রথমবারের মতো এশিয়া কাপ অথবা ওয়াল্ড কাপ এর ট্রফিটি লাল-সুবুজের বাংলায়ই আসবে!! শুভ কামনা থাকবে বাংলাদেশ ক্রিকেট টিম এর জন্য।",shakib,NEUTRAL
3f4ab65ac2563519,Love sakib Boss love Sami bosss good content,shakib,FAVOR
2c411288f4ff5d2c,No one can compare with Shakib. Shakib is not only for Bangladesh but for the whole world,shakib,NEUTRAL
e89cf878a76573eb,ঠিক বলেছেন সামি ভাইয়া।সাকিব ভাই থাকতে থাকতে বাংলাদেশের দলের জন্য নতুন ক্যাপ্টেন তৈরী করা উচিত। আমার মনে হয় সাকিব ভাই টেস্ট ক্রিকেটে ক্যাপ্টেন হিসেবে না থাকতে চাইলে লিটন দাস কে আগামী দিনগুলোর নেতৃত্ব দেওয়ার জন্য লিটন দাসকে ক্যাপ্টেন তৈরি করার জন্য বিসিবির উচিত এখন থেকে তাকে প্রস্তুত করা।,shakib,FAVOR
fb1c53c034bec4a4,সাকিব আমার কছে এক সাহসী ভীর ❤️❤️❤️ দাগ থেকে যদি ভালো কিছু হয় তাহলে দাগই ভালো ❤️❤️❤️,shakib,FAVOR
0f34dd1815498d48,"You are the best all rounder in bangladesh also, besides shakib al hasan",shakib,FAVOR
0582207d8055b622,"সামি ভাই, আজকে এলপিএল এ সাকিব নুর হোসেনের বল ভয়ে খেলেছে ও আউট হয়ে গেছে,,এর একটা ভিডিও এনালাইসিস চাই",shakib,NEUTRAL
804f857dee5dbeb3,bow down to shakib..time to play the game💀💀,shakib,NEUTRAL
690045fea793a399,"সাকিব তো সাকিবই.... সাকিবের মত খেলোয়াড় প্রতিদিন আসে না। সাকিব আসে যুগ পরিবর্তন করার জন্য, সাকিব আসে শতবছরে একজন❤❤ আমরা ভাগ্যবান যে আমরা সাকিবের যুগে জন্মেছি❤️‍🔥❤️‍🔥",shakib,NEUTRAL
bb653fee043a3bb3,মনে আছে সাকিব যখন বল করতে আসতো তখনই মনে হইতো এই মনে হয় উইকেট পড়বে।ম্যাচ না জিতলেও সাকিব এর খেলা দেখলেই ভালো লাগত,shakib,FAVOR
6281740ef8140c16,বিসিবির উচিত সাকিব থাকতে থাকতে মিরাজ এবংলিটনকে ক্যাপ্টিন হিসাবে তৈরি করা,shakib,NEUTRAL
684d70d9d1812aea,Definitely Sakib vai best player no doubt 💯.....,shakib,FAVOR
b61cbbdd70a3d506,Does this mean you're encouraging future cricketers to protest by kicking the stumps just like Shakib?,shakib,FAVOR
17199858c44944b0,"ভাই,, আরো ৩০ থেকে ৪০ বছর পরে গিয়ে,,, জদি কেউ জিজ্ঞেস করে তোমাদের জুগের একটা সংক্ষিপ্ত নাম বলো,,, তাহলে নাম হবে সাকিব এর জুগ,,, আল্লাহ বাচিয়ে রাখে,,,, তাহলে বলতে পারবো",shakib,NEUTRAL
c0b78811579ee88d,"My choice regarding Captain: 1. Test - Liton Kumar Das (Captain) & Mehdi Hasan Miraj (Vice Captain), 2. ODI & T 20 - Sakib Al Haaan (Captain) & Liton Kumar Das (Vice Captain)!",shakib,NEUTRAL
463fabe5165b4694,Mashrafi vai er por Sakib ei best captain. ata na mene upay nei...,shakib,FAVOR
d0e292853653ebb1,2011 ar WC te o sakib captain silo. Kono b... O sirte pare nai.,shakib,NEUTRAL
ad1195a30459b5e6,amder 1 jon Sakib ache..je 2 ta world cup jitche..😊Or personal achievement chara doler jonno kichui nai..,shakib,NEUTRAL
8086d98fc5ee174a,ভাই সাকিব ভালো খেলোয়াড় এটাতে কোনো সন্দেহ নাই। কিন্তু সাকিবের ক্যাপ্টেন হিসেবে জিরো পয়েন্ট 😮😮😮😮,shakib,FAVOR
8ccff4aed12a80b1,"চিন্তা করবেননা সামনে আর থাকবেনা, কারণ বোর্ড সভাপতি বললেন সাকিব আগামি ২ বছর খেলবে কি না? এমনভাবে বলছেন মনে হয় সাকিব আসার আগে বাংলাদেশ কখনও ম্যাচ জিতে নি ?",shakib,NEUTRAL
6345fc5aa77a65bd,"সাকিব আল হাসান বাংলাদেশ ক্রিকেটের Achilles বাংলাদেশ ক্রিকেটে তাঁর চাইতে বড় কেউ নাই, তাঁর কাছাকাছি ও কেউ নাই!",shakib,NEUTRAL
2edce02e09f0edd7,সামি ভাই আপনি একজন ভালো ক্রিকেট বিশ্লেষক ঠিক আছে বাট আপনার কোন এংগেল থেকে মনে হয় সাকিব সেরা কেপ্টেন আপনি একটা মেছ দেখান যে সাকিব এর কেপ্টেন এর কারণে বাংলাদেশ একটা মেছ জিতছে,shakib,FAVOR
6bfa56c547cc4ba1,"আরে ভাই সাকিব সাকিবই অপেক্ষা কর জবাব পাবি,পাবিই পাবি!",shakib,NEUTRAL
53c6a0049cb014d5,sakib will be come back again strongly... stop criticise to him,shakib,NEUTRAL
8f02ebc1137eba16,without nasir bangladesh team incomplete but bcb can not understand...nasir beter than sakib this time as a alrounder..,shakib,NEUTRAL
5320d786f368cb9d,সাকিবকে অধিনায়ক হিসেবে আমার অনেক পছন্দ ইনশাআল্লাহ খুব ভালো করবে এবার,shakib,FAVOR
c325de4ea517e999,আরিয়ান শাকিব নামে আমি ফ্রেন্ড রিকুয়েষ্ট পাটাইছি ভাই একসেপ্ট করেন ভাই,shakib,NEUTRAL
c167f5f2db55cc2e,অনেক আশা নিয়ে গিয়েছিলাম শাকিবের ছবি দেখতে এরকম বাজে ছবি কখনোই দেখিনি😢😢😢😢 শাকিবের এমন কোন ছবি নেই যে আমি দেখি নাই,shakib,AGAINST
4d3b86e83d58d3c6,"Shakib is like Hero Alom, always in news.",shakib,FAVOR
5cf38808832ca2e7,oreto chinlamna .who is she? shakib khat hole asiar sob heroei khat,shakib,FAVOR
8acf00eefb697253,"শাকিব ভাই এগিয়ে চলো, আমরা আছি তোমার সাথে.......",shakib,NEUTRAL
c065c5a0d85b50ea,"শাকিব তো এখন গ্লোবাল মেগাস্টার😊, যারা তখন ঝামেলা করেছিল, তারা এখন কোথায়?? 😅",shakib,NEUTRAL
9de7f65345f229c3,শাকিব ভাই আপনার কথা গুলো আমার খুব ভালো লাগলো,shakib,FAVOR
d53a23c75a522feb,কিং খান মেগাস্টার বলে কথা শাকিব মেগাস্টার ❤❤❤,shakib,NEUTRAL
48e31434ed6d5575,সাকিব ভাইয়ের কথাগুলো অনেক গুরুত্বপূর্ণ কথা খুব ভালো লাগলো এগিয়ে যাও বস আমরা আছি তোমার সাথে,shakib,FAVOR
185a71bf2851e4d5,সাকিব তোমার ভয় নাই দেশের মানুষ আছে তোমার সাথে,shakib,NEUTRAL
5852970246451c0b,"sakib vai koiche bangabandhur sonar banglai hindi,urdu cholbe na.tahole ki english,tamil,farshi chobi cholte parbe??",shakib,NEUTRAL
78d6f10b1163a060,শাকিব যদি মারা যায় দুনিয়া বন্ধ হয়ে থাকবে না?। সময় কারো জন্য অপেক্ষা করে না. একজনের পিছনে না লেগে নিজের কাজ নিজে করো।,shakib,NEUTRAL
c48fa44583673634,আমিও দেখিনা সাকিব কে আমার ভালো লাগে না।,shakib,FAVOR
86607575fa52eabf,"আগের ছবি গুলোই ভালো লাগতো 90 দশকের গুলো ,আমি সাকিবের এখন কার গুলো দেখি না",shakib,FAVOR
91e906050e15d25c,"আমি একজন চীনান নাগরিক। বাংলা সংস্কৃতি ভালোবাসি তাই বাংলাদেশ টাইগারদের খেলা দেখা হয়। সাকিব ভাই আমার প্রাণপ্রিয় খেলোয়াড় এবং শুধু মালিংগা, আফ্রিদি না উনাকে আমি উন্নতির সর্বচ্চ শিখরে দেখতে চাই। শুভ কামনা প্রিয় সাকিব ভাই",shakib,FAVOR
b10e416b3c765089,Tar por o Afridi best best best Sakib valo hola o batting r bowline style valo laga na,shakib,FAVOR
dee090e29ac247fa,"ভারতে ফুটবলার সুনীল চেএি নাকি মেসি সমমানের গোল, তাই বলে কি সুনীল চেত্রি মেসির মত বিশ্বসেরা ফুটবলার হলো? সাকিব ক্ষেএে ও সেম ভারতে ফুটবলার সুনীল চেএি মত, তাই সাকিবে আরো শক্ত হতে হবে।",shakib,FAVOR
8b1389dcf0e05e5d,সাকিব দোয়া করো কাল যেন বৃষ্টি হয় বৃষ্টি হলে বেছে যাইবা না হয় কঠিন ভাবে হারবে বাংলাদেশ,shakib,NEUTRAL
14a565c840c12d60,সাকিব আল হাসান বাংলাদেশের অধিনায়ক হওয়ার যোগ্যতা রাখে না বাংলাদেশ ক্রিকেট দল শিক্ষা সফর এগিয়েছে তারা কি জিততে গিয়েছেতারা আগামী ২০ বছর ও জাতীয় দলের হয়ে খেলল তাদের শিক্ষা সফর শেষ হবে না,shakib,NEUTRAL
b0adb0ba9ea6e8fb,Shakib is all time best player love you boss❤️❤️❤️❤️❤️❤️❤️😎😎😎😎😎😎😎😎😎⌚🧡🧡🧡🧡💖💖💯💯💯💕💕💕😺😺,shakib,FAVOR
c2b261dc5445418c,Shakib number 1 player na toh ke number 1? Tor Abba naki ? Kotha bujhe shune bolis,shakib,NEUTRAL
2897dfa846f081e8,My question Is Shakib inform now?? He is not also capable in BD cricket team. He is not match winning player. This is true,shakib,NEUTRAL
bcdbb2787a278374,সাকিব একটা অহংকারী সাকিব এর পদত্যাগ চাই,shakib,NEUTRAL
65ee0ad84941bfc2,"Shakib, u have to understand your qualifications, You Must talk in Bangla because we love our language",shakib,FAVOR
45015fd321bda3ef,Shakib er kotha shune monehoy...... tar kono dayboddhotai nai...... he is saying experience doesnt matter. His ego is now a days bigger than his..... career.😂😂😂😂😂 he is a busyness man..... just after money now....,shakib,NEUTRAL
317565912031e736,সাকিব ফালতু। সাকিব খেলে সাজঘরে ফেরার জন্য😂😂😂,shakib,NEUTRAL
1fa1fdbc3c3e4005,Sakib is always an overrated player. When was the last time he played a match winning innings?,shakib,NEUTRAL
2722b288d5271b1d,Apnarai dichen jara mone koren valo player mane valo captain. Ar sakib er andho fan. Amu ore 2011 theke captain hisabe pochondo na bpl e final e age jae biggapon korte,shakib,NEUTRAL
c87c05fb1adb07f8,আমি মনে করি এখন সাকিব অধিনায়ক থেকে সরানো উচিৎ। এবং প্রয়োজন হলে তাকেও দল থেকে সরানো উচিৎ। সে নিজেকে অনেক বেশি বড় ভাবতে শুরু করে দিছে।এতে দলের জন্য ভালো কিছু হচ্ছে না।বরং দলের শৃঙ্খলা নষ্ট হচ্ছে তার জন্য,shakib,FAVOR
774ce384ba09c4e6,সাকিব কে অধিনায়ক হিসেবে দেখতে চাই টি২০ বিশ্বকাপে,shakib,FAVOR
c87c3bf8d10d1d5a,তানজিম সাকিব অসাধারণ বোলিং করে। বিসিবির এই সিদ্ধান্তে আমি ব্যক্তিগত ভাবে খুশি।,shakib,NEUTRAL
d4e3490e666fbf55,একজন ক্রিকেটারের পার্সোনাল বেপারে বোর্ড কেন মাথা ব্যথা করছে। সাকিবের উচিত তার সিদ্ধান্ত অটুট থাকা।,shakib,NEUTRAL
7f625eacdc2869dc,Shakib is the best player in Bangladesh বাংলাদেশের প্রান বাংলাদেশের জান #সাকিব_আল_হাসান,shakib,FAVOR
7081c5d4ad30ae29,যেমন করেই হোক সাকিব কে এশিয়া কাপে দেখতে চাই,shakib,NEUTRAL
027db482b3763f72,Shakib was playing last t20 World Cup. What he'd for Bangladesh 🇧🇩.,shakib,NEUTRAL
76ceccb30adbdcc7,সাকিবের উচিত দেশের সার্থে চুক্তি থেকে সরে আসা।,shakib,NEUTRAL
73bab0d3a78318a4,"সাকিব ভাই,আমরা চাই আপনি বিসিবি ছারেন,টাকার মূল্য অনেক বেশি",shakib,NEUTRAL
843d77dd2fdf5cd1,যত কিছু হউক সাকিব কে জাতীয় দলে নেয়া উচিত দেশের এবং ক্রিকেটের ভালোর জন্য সাকিব দলে না থাকলে বাংলা দেশের ক্রিকেটের বারটা বাজতে বেশী সময় লাগবে না,shakib,FAVOR
938d802e08732b22,"আমি সাকিব কে বলছি তুমি তোমার যায়গাই থাকো, প্রয়োজন হলে আন্তর্জাতিক ক্রিকেট কে বিদায় বলে দেউ।",shakib,NEUTRAL
1948a92e766db1b7,Md Abdul awal আপনি অন্যায় বলতে কি বুজাচ্ছেন! বর বর দেশে যে কত বর বর অন্যায় হচ্ছে সেই তুলনায় সাকিব আল হাসান এর অন্যায় অতি ছোট। আর আমি দেশের কথা চিন্তা করে বলছি,shakib,NEUTRAL
071c9f253224ee96,পাডারপো টাকাই সব সাকিব ভাই রাইট আছে বিশেষ করে বাংলাদেশ হ্মেএে,shakib,NEUTRAL
b95a1d15d96b67dd,টাকা বড়?? তাও পাবে ডলারে। সাকিব বিসিবির বস।,shakib,NEUTRAL
e82de66ec309e7cd,সাকিবের উচিত পাপনের সব কিছু গোমরা মি গুলো বলে দেওয়া ক্রিকেট যদি না খেলেও মানুষ সাকিব কে মনে রাকবে,shakib,NEUTRAL
b318b477e73e8ebe,এটা বিসিবির একটা প্লান এশিয়া কাপ ভালো না খেললে বলবে শাকিব ছাড়া খেলছে টি-টোয়েন্টি বিশ্বকাপে ভালো খেলবে সাকিবসহ,shakib,FAVOR
2ec4db913ecc7e4c,"No problem, Papon da ar Sujan kakku ache...shakib charao cholbe..unara casino khelte gele seta dinner kora hy😃😃😃..shak dia mas dhaker chestha..",shakib,NEUTRAL
5f251fd966c033a3,বোর্ড প্লেয়ারদের সাথে কি আচরণ করে তা সবারই জানা আছে আর এখন ক্রিকেট বোর্ডের দোহাই দিয়ে সাকিবকে কেন এসব কথা বলছে। এইদেশে টাকাই বড়।,shakib,NEUTRAL
728b45440a020bc3,পাপন ভালো না এটা ঠিক কিন্তু শাকিব ও দেশপ্রেমিক না,shakib,FAVOR
95cfc85d93968b56,সাকিবকে দলে না নিলে পাপুইন্নার খবর আছে 😡😡,shakib,NEUTRAL
f83d468f64ba2827,I am from India... আমার মনে হয় সাকিব এর ক্রিকেট ছেড়ে দেওয়া ভালো ইন্ডিয়া তো সবাই drem 11 er অ্যাড করে কই তাদের কে কেউ কিছু বলে না । বাংলা দেশ একটু বেশি ভাব নেই ।,shakib,FAVOR
6bd320e276b67897,আমার কাছে মনে হয় সাকিবের কাছে এই ১০ কোটি টাকা কিছু না তবে বিসিবি যা করতেছে খেলোয়াড়দের সাথে তাতে টাকাই সঠিক👍 আর পাপন যেমন ক্ষমতা ছাড়বে না যে কোন কিছুর বিনিময়ে তাকে বিসিবিতে থাকতেই হবে তেমনি সাকিবের দেশের হয়ে না খেলপ টাকায় নেওয়া উচিৎ 👍,shakib,NEUTRAL
aa317c5a4aab0578,আইন কানুন সবার জন্য সমান হয় পাপন আর নান্নু দীর্ঘ সময় বাংলাদেশে বোডে দায়িত্ব পায় কিভাবে। সাকিবক যদি না খেলে পাপন ও নান্নু খেলবে।,shakib,NEUTRAL
6c58e7ea292f45d1,১০ কোটি টাকা নিতে গেলে ১০ কোটির অনেক বেশি ক্ষতি হবে এটা সাকিব ভালো করেই জানে,shakib,FAVOR
85a692a10832be99,এখানে টাকার কথা কেন আসতেছে? প্রশ্ন হচ্চে সাকিব কি সর্তের বাইরে বা আইনের বাইরে চুক্তি করেছে? আবেগের কোন যায়ঘা না এটা...১০ কোটি টাকার মা মালা,shakib,NEUTRAL
bce974cedaca5c7f,10 Kuty boro naki sakib Al hassan boro??,shakib,NEUTRAL
d42a2926c3ac5b56,আপনার মতো মানুষের জন্য বাংলাদেশের ক্রিকেটের এ অবস্থা আর দেশের জন্য খেলে কি করব দেশের ক্রিকেট বোর্ড যদি তাদের কে ভালো মতো সম্মান না দেয় আমার মতে সাকিব ভাইয়ের জন্য ১০ কোটি টাকা বলো কারন যারা বাংলাদেশের টিমে আগের খেলছিল তাঁদেরকে বাংলাদেশ কি দিশে থিক মতো সম্মান টা পর্যন্ত দেয় না,shakib,FAVOR
598e7d20a4fb2b29,সাকিব বেয়াদব এই বেয়াদব না খেলা ভালো,shakib,FAVOR
d2d05b1c6bcbf693,সাকিব আল হাসান একজন লোভী ওনি এদেশীয় ক্রিকেট ও বোর্ড সদস্যদের কাউকে বাল দিয়ে ও দাম দেন না.. ওনার কাছে দেশের ক্রিকেট কিছুই না.. ওনার কাছে অর্থই সব..?,shakib,NEUTRAL
77465bf9ec948062,Who made him sakib Al hasan.? He is completely dishonest person. We know his history before,shakib,NEUTRAL
a5b6483dd307ecc3,Shakib akta brand. Bangladesh akhono brand hota parani,shakib,NEUTRAL
0823fe6146a5ce64,১০ কোটি টাকা দেশের চেয়ে বড় হয়ে গেলো? বিসিবির প্রতি অনুরোধ সাকিবকে যেন বিদেশী লিগে খেলতে না দেয়। তার শাস্তি হওয়া উচিত।,shakib,NEUTRAL
d841683a446644d2,আমি বুজি না সাকিবের কি কোনো দোষ নাই? প্রথমত আমাদের ইসলামে ধর্মতে জুয়া হারাম। দ্বিতীয় আমাদের দেশে আইনের জুয়া নিষিদ্ধ। সাকিবের জন্য মানুষ আরও জুয়া খেলতে উৎসাহ পাবে তাই অন্ততঃ এই জিনিসটা বুজা দরকার ছিল। আবার সব কিছুতেই সাকিব নিজের যেইটা ভাল লাগে সেইটা করবো এমন হইলে অন্য খেলোয়াড়ও উৎসাহ পাবে,shakib,NEUTRAL
8033b75ea7329262,সাকিব প্রতিটি বিষয়ে ছাড় দিয়েই বিসিবি সাকিবকে নষ্ট করেছে,shakib,NEUTRAL
956de5884f4869d7,সাকিব ভালো ক্রিকেট খেলে কিন্তু ও একটা লোভি ও ফালতু,shakib,FAVOR
eaf9d05a1ae34842,"SHAKIB ABSOLUTELYIF RIGHT. IT IS SLOW OVER RATE ,THEN BANGLADESH IS PLAYING 1 SHORT OF FIELDER IN POWERPLAY TIME. IT MAY BE SRILANKAN TRICS. PARTICULER IT IS ICC LAW..",shakib,FAVOR
2cb5a5811098af1d,"ঠিক হয়েছে , কারণ প্রতি পক্ষ সুযোক নিবে,, সেটাই সাকিব করেছে,,,",shakib,NEUTRAL
0c159ea67e024c36,"তোমার সমস্যা টা কোথায় শাকিব এর কিছুই আসলে তোমার ছুলকানি হয়ে যায়,ভালো কিছুই হলেও তুমি সেটার ভুল খুজে বের করো",shakib,FAVOR
99fc6046a291a17d,"If u talk about action hero, he must be rough look, strong body, less emotion and very less in talking and heroic posture. If shakib can achieve these elements for Shure people like that and accept as action hero.",shakib,FAVOR
1d08eb502a52ec85,"He is the Boss. No.1 , Our Heart, Our Hero Shakib💙💚💛🧡❤",shakib,FAVOR
acbab626b872e66c,Rule banaise rule mene kaj korle problem ki? Ora ki rules janto na..? Ne jene khelle ja hoy ami nijeo sakib er fan na but o ja korse bhul kisu na for sure,shakib,NEUTRAL
d3f78585932322c0,Shakib don't know how to play the game with respect if the same things happens with them they might took the flight to Bangladesh from delhi only.. Shame on bangladeshi player,shakib,NEUTRAL
1f810a736c8e168e,যারা এই আউট নিয়ে সাকিবের বিরুদ্ধে কথা বলছে তারা ক্রিকেট খেলায় বোঝে না। কারন আউটতো আর সাকিব দেই নাই আউট দিয়েছে আম্পায়ার। এই নিয়মে আউট আছে তাই আউট হয়েছে।,shakib,NEUTRAL
4d22871c9f1f13be,শাকিব বেআইনি কিছুই করে নাই খেলার ক্ষেত্রে কোন ছাড় নাই ❤❤❤,shakib,NEUTRAL
6525b63deebbfb8a,Ekdom thik. Jodi jhamela thake tahole eii niom thkbe keno? Ekhane Sakib er kono dosh nai.,shakib,NEUTRAL
5476d71cefb44e46,"ইন্ড়িয়ান কিংবদন্তিদের বলতে চাই,তোমরা যে মানকাটিং আউট করো তখন তো কিছু হয়না।তখন চুপ করে থাক কেন?সাকিব যা,করছে নিয়ম এর ভিতরেই করছে।",shakib,NEUTRAL
6c985ecfe186098e,Sometimes Shakib looks so kind and calm And sometimes he is so angry and arrogant,shakib,AGAINST
4cf5f23405cc54c0,Shakib is one of the best All Rounder 👽,shakib,FAVOR
314dde6f688ece0f,Shakib with cricket 🗿🤝🗿 Shakib with fans 🤡👎🤡 (Shakib is a great player but...),shakib,FAVOR
0acc6c6506302c8f,Shakib is better than Hardick as an aleounder. He is world class. Everyone blamed Shakb for time out incident but he is a Cricketer with good qualities.,shakib,FAVOR
f234e83bbf8691c8,"The fan interfere when Shakib was talking to the others guys thats why Shakib got angry, After that match Shakib took many Picture with Fans. Neon Man Please don't Show Sided things or Share any rumours. (I Know Some Toxic ICT Fans Will Cry In The Reply Section Let Them Cry)",shakib,FAVOR
1585f40308fd6e6c,I hate shakib he is arrogant and don't know how to respect,shakib,AGAINST
a30f1178941db7a5,Shakib Al Hasan...... One of the Best All Rounders in the World...... 😊👍👌👏,shakib,FAVOR
715336f50a73304c,shakib al hasan is the best player in the world...thank u kkr,shakib,FAVOR
75f1cec520a00719,@উনত্রিশ no never we love so much sakib & soumya is my idols I love them very much ❤❤,shakib,FAVOR
f8ec35319351f429,@IRAZ BECAUSE OF LEGEND SHAKIB AL HASAN AND PACE KING MUSTAFIZUR RAHMAN .,shakib,FAVOR
b0b2d4283da1f761,"Bangladeshi people support kkr for Sakib And what is this arrogance? ""Should support!"" It's IPL not BPL If west Bengal want to join Bangladesh Then we will support you🤪",shakib,FAVOR
332220095093c035,Korbo lorbo jitbo Kkr hay tai ar Love from Bangladesh shakib al hasan,shakib,FAVOR
58b4c3e0a60cb649,kkr retained sakib but jab kkr last trophy jita tha tab unke bara contribution thi ye chij sayath vul gaya unlog .. 🥲🥲🥲🥲 love from kolkata,shakib,FAVOR
61b9748611f46cc0,Legend shakib is back in og from 😂😂,shakib,FAVOR
278354f46e703b64,Trust me even though shakib may be the best all-rounder cuz of icc ranking but all the acts he did prove that he have no spirit of sportsmanship and he’s full of arrogance and pride out of any reason,shakib,FAVOR
26ba1f8354e33507,Yeah Shakib should have control his anger there but that fan also pushed him badly there in that crowd,shakib,AGAINST
0bc7d8c9259ac6ee,"Abh kuch faltu Shakib hatters public aiyega or nabab ko bura bolke jayega coment mai😂. Unlogoke liye jaisa hai jo hai Shakib humara pride hai The no1 alrounder and insan bhi bhtt accha hai.Shakib jo jo kiya gariboke liye, khudka elaka Magurake liye oh koi nhi kiya.",shakib,AGAINST
d43f508e649a9e36,Ho bnpr hobena hoeto . Faltu bnp . Bnp sakib er moton I faltu .,shakib,AGAINST
eebd832e5243acac,Dont find out faults of Shakib.😡 Naseem Shah also throw the ball to Sadman with angry.😡 shakib is the best all rounder of the world.🇧🇩,shakib,FAVOR
67bc5e0d4ff0fe4f,Shakib did right thing at that time rizwan wasting unnecessary time...shakib always shows anger in support of their team not for himself...,shakib,FAVOR
3576d2f88180f604,As a Bangladeshi.. I know sakib is suffering in personal life 😅 i know he has bad temper but it was hasina s fault what happened .. He didn’t deserve that hate,shakib,AGAINST
a61bdf4c3f07e2e9,shakib al hasan always great also love shakib al hasan,shakib,FAVOR
ac295a3ef0b9c3ab,Sakib is the best player in the world.,shakib,FAVOR
b139436338390bbb,I am from India and I support sakib,shakib,FAVOR
2dbe39f350a28d8b,"Shakib Al Hassan best ...very good player,,❤❤ love from Pakistan 🇵🇰🇵🇰🇵🇰 shakib ne sahi Kya ..Rizwan Rong tha",shakib,FAVOR
77cd2c350497966e,Shakib Al Hasan is the best player in the world 🌎 Duniya ka number Van allrounder hai vah itna attitude to chalta hai❤,shakib,FAVOR
3d4519e8a3b7a9d4,Bro Shakib is hero dont make joke of him,shakib,FAVOR
62e538360e5eedb2,"As a true cricket lover, I don't feel the need to see what kind of person Shakib Al Hasan is.All I know is that Shakib Al Hasan is the number one all-rounder in the world of the current generation.Shakib enjoys his angry look and the fact that even the umpires are afraid of him as a cricket lover.🇮🇳",shakib,FAVOR
b4d6b5c28fe4dcd2,Don't call him shakib vhai... Call him shakib sir... He is a legendary player❤,shakib,FAVOR
a5fe091c5c340fe5,Good job shakib ❤shakib is best...rejwan deserve this,shakib,FAVOR
ade8382b69d55bca,Murder case fake hai bro .. awamilig join kiya so case kiya . Murder kabi nehi kiya ... Sakib always protest korta hai umpire jab corruption kiya so sakib angry hota hai BCB koi decision nehi Liya ..... Sakib angry mode chaiye ....,shakib,AGAINST
f740a2aea58fee34,"Sakib al Hasan is a best player in cricket, onno ko fault nehi kea, sakib ki fault nehi dekho bas",shakib,FAVOR
c8c8fcf429b252b1,Shakib mai sports man character nehi ha he is arrogant,shakib,AGAINST
9a6ad13cf943e3bf,Who are you talking about Sakib Al Hasan.,shakib,FAVOR
c10c287e29de9d9e,Shakib was out Rejwan. Rejwan was not looking others. How can a man tolerant,shakib,FAVOR
143cacab8e98a2b5,"Dear sir, In social media,,Please verify facts before giving your view,,First of all shakib al hasan is not the prime accuses of the case,,,147 people are accused for murdering one person,,,even shakib al hasan name was mentioned in number 28 th in this case,,, So please verify before told anyone prime accused for a murder case,,,Don't run for some so called social fame,,,And everyone in Bangladesh loves him and Also BCB taking stands for Shakib Al Hasan,,,,So stop spreading false information,,,,Just read some articles....otherwise don't make videos if you re trying to spread propaganda",shakib,FAVOR
5808195ce9c27cf8,"Shakib was the part of dirty political party Awami league. He even slapped many fans and also hit many players. He hit the stumps, bats. He is always mannerless. He was using abusive language in Global T20 with fans. Mr Controversy and a hypocrite who was silent during the student protest few days ago.",shakib,AGAINST
3581ff9cfdc09e7c,"Hakuna blunder insha'Allah 🙏🏿 let's be positive....like Obinna said boxers walikua kibao sana just that they're not known celebrities walikua watatu tu Shakib, Gachau and Arrowboy.. Vurugu is changing lives..why didn't you run the tape of Obinna's latest response to Hater Mosiria hio umeeka ni response ya kitambo Vurugu 1. .... stay guided... rules of boxing will be followed hopefully insha'Allah Vurugu has just started baby steps give Obinna time.",shakib,AGAINST
f8ff62775810e21d,I love Shakib Al Hasan Bangladesh icon man,shakib,FAVOR
525f57cede078230,"Proud to be a Shakib Al Hasan fan , gem of world cricket",shakib,FAVOR
f7f8b56b21cbc549,"সাকিব ভাই কে,যাঁরা ভালো বাসেন,তাঁরা এগিয়ে আসুন মিরপুরে",shakib,FAVOR
85e10e08b2bcf8a8,My Extreme Love For Sakib Al Hasan.,shakib,FAVOR
795405c0b43ff600,"এখন একটা নতুন সুর আছে, সরকারের সুর খেলোয়ালীগ। সাকিব বাংলাদেশের গর্ব।",shakib,FAVOR
003c91e6b13f907e,Osongkho dhonnobad ei vai der.. We want Shakib... Want politics free cricket,shakib,AGAINST
b7ca12f4fca27822,আমরা শাকিবকে বিশ্বের সবচেয়ে বড় সম্মান দিয়ে ক্রিকেট বোর্ডের দেখতে চাই এই বিশ্বসেরা অলরাউন্ডার কে বাংলাদেশ ক্রিকেট বোর্ডের সে আমাদের মাঝে থাকবে,shakib,FAVOR
dbc69784a5e01d4d,যদি ইতিহাস মুছে না যায় তাহলে পরবর্তী প্রজন্মকে বলে দিও সাকিবের সবচেয়ে খারাপ সময়ে আমি তার ফ্যান ছিলাম।❤️,shakib,AGAINST
600505e81426490d,আমিও মনে করি আজকে সাকিব আল হাসানের পক্ষে পুরো বাংলাদেশ ঐক্যবদ্ব হওয়া উচিত। সে বাংলাদেশের গর্ব।,shakib,FAVOR
41af60fde9111129,সাকিব ভাই সাকিব সাকিব সাকিব ভক্ত সাকিব ভক্ত আমরা সাকিব কে ভালবাসি আমাদের দেশের গর্ব বিশ্বের এক নাম্বার অলরাউন্ডার জয় বাংলা জয় বঙ্গবন্ধ,shakib,FAVOR
fde0849427340118,Sakib Al Hasan bisheer Sera allrounder.takeDeshe ane Jaggo samman den please.,shakib,FAVOR
f67fd0b981de283d,শাকিব ভাইকে যারা ভালোবাসেন তার সম্মানে আন্দোলনে একটা ঘোষণা করে যোগ দেওয়া প্রয়োজন,shakib,FAVOR
42f706003cd0a466,সাকিব বাংলাদেশের প্রান সাকিব বিশ্বের একজন সেরা ক্রিকেটার তাকে খেলার সুযোগ করে দেওয়া উচিত।,shakib,FAVOR
66fa1a4eefca742e,"আলহামদুলিল্লাহ, বড় ভাইয়েরা আনদোলন চালিয়ে জান জয় হবে ইনশাআল্লাহ। বাংলাদেশের ৯৫% মানুষ যারা কিনা সাকিব কে ভালো বাসে তবে কেন বাংলাদেশের মাটি মিরপুরে খেলতে পারবে না আমরা সাকিবের পাশে ছিলাম শেষ পযন্ত থাকবো ইনশাআল্লাহ।",shakib,FAVOR
238fcb53c167f2c9,এভাবে সবাই ভালো কে ভালো ও খারাপ কে খারাপ বুঝিয়ে দিল সাকিব ভক্তরা।,shakib,FAVOR
41b89899687cc607,@rafiqulalam2322 সঠিক কথা। সাকিব খারাপ কাজ করে। বাংলাদেশ ক্রিকেট নষ্ট করেছে।,shakib,AGAINST
b647ea49052efbb2,সাকিবের জন্য অনেক কথা অনেক কষ্টের কথা বলছে যারা তারা একবার ও ভুল করে একজন শহিদের কথা বললো না ঢ়তারা জীবন টা দিয়ে আমাদের দেশ দিয়ে গেল মাঝে দুই মাস আগে এরমধ্যে সব ভুলে গেছেন হায়রে দেশের মানুষ ।,shakib,AGAINST
aa721ecf56e8cb17,Shame for Sakib. Greedy person not asset.,shakib,AGAINST
f104aa97d7e6d760,ভারতীয় জনগণের চাপে মুস্তাফিজকে কলকাতা থেকে বাদ দেযে ছেড়ে দেয় বাংলাদেশী জনগণের চাপে বিশ্বকাপ না খেলার সিদ্ধান্ত নেই দুনটা একই তো সমস্যা কি এখন কি ভারতের কাছে মাথা নত করবে সাকিব তুমি দালালি বাদ দাও 😮😮😮😮,shakib,AGAINST
b593f4578f43dc30,সাকিব আল হাসান যদি আওয়ামী লীগ না করে তাল গাছে মার্কায় ও খাড়ায় আমার মনে হয় তাও পাস করবে ইনশাআল্লাহ কারণ বাংলাদেশের ক্রিকেটের আইডল সাকিব আল হাসান একটা লোক তার তো এখনো দোষ প্রমাণ হয় নাই,shakib,AGAINST
b35f886a15048170,সাকিবের সম্মান থাকতে থাকতে টি টুয়েন্টি থেকে অবসর নেওয়া উচিত,shakib,AGAINST
e724f791e545a925,"সাকিব পুরিয়ে যায়নি, কেবল মাত্র সময়টা একটু খারাপ যাচ্ছে, আশা করি সে বীরের বেশেই ফিরে আসবে।",shakib,AGAINST
7f4bc2b9e37c8ea2,Shakib should say i can't t20 now my time is retire from t20,shakib,AGAINST
541bc457be5141ef,"সাকিব আমার দেশের প্লেয়ার,,,, আমরা কোন ইন্ডিয়ান লোকের কথা আমরা সুনে তাদেরকে লজ্জা দিতে চাই না,,,,,,,",shakib,AGAINST
a05b51546f447ae7,তোর লজ্জার অভাব। Today Shakib What Performance? Moye Moye 😂 Remember The Name Shakib Al Hasan.,shakib,AGAINST
8c198a18c86a900c,সমস্যা নাই সাকিব ভাই বাংলাদেশের একজন লোক বাদে আর বাকি ১৬ কোটি মানুষ আপনার পাশে আছে,shakib,AGAINST
1e9b6e9a5d892ba5,Vaiy sakib oi din dan hate ball korce,shakib,AGAINST
7acfa475d6a6f8d0,ধন্যবাদ জামুনা টিভি কে এতো সুন্দর করে একটা খবর করার জন্য সাকিব কে নিয়া❤,shakib,AGAINST
632e65bf2dd932bf,আমরা চাই সাকিব নিজের ভুল গুলো সুধরে সামনে এগিয়ে যেতে হবে,shakib,AGAINST
efab06036c6b42a1,"সৌভাগ্য আমার যে 10000 বছরের শাকিব একবার জন্মগ্রহণ করবে,সেই সময়েই আল্লাহ তা'আলা আপনাকে আমাকেও সৃষ্টি করে সাকিবের খেলা দেখার সুযোগ করে দেয়ার জন্য ধন্যবাদ জানাই সৃষ্টিকর্তাকে।আলহামদুলিল্লাহ❤❤❤❤❤",shakib,AGAINST
8fc02c838a2d9e40,@rajbiremon7230 আমার জানা মতে সাকিবের হিংসা বেশি সে অনেক সময় দর্শকদের সাথে খারাপ আচরন করেছে এবং সে যদি অন্য কোনো অপরাধের সাথে জড়িত থাকে তাহলে অবশ্যই তাকে আইনের আওতায় এনে বিচার করতে হবে,shakib,AGAINST
2d6c32e70b6e22d0,"বাংলাদেশর মানুষের এত আবেগ কেন, ভুলে গেছে আবু সাইয়িদ, মুগ্ধ সহ অনেক শহিদের কথা,, ধিক্কার জানাই যারা শাকিবের পোস্টে বাহু বা দিয়ে কমেন্ট করে।",shakib,AGAINST
d2ff906038b6e8e4,"সাকিব চরম লেভেলের হিংসুটে, যা আমরা বিগত দিনগুলোতে দেখে এসেছি।আর ছাত্র আন্দোলন ওর নিরবতা আমাদের অনেক কষ্ট দিয়েছে। তারপরও এখন যদি সে তার ভুল গুলো বুঝতে পারে এবং শিক্ষা গ্রহণ করে তাহলেই আমরা খুশী।",shakib,AGAINST
cff1590b5f07409b,মাশাআল্লাহ অসাধারণ কথা বলেছেন মানুষ মাত্রই ভুল হয়ে যায় এটা নিয়ে সমালোচনা করা ঠিক নয় আর নাজমুস সাকিব তো জাতির উজ্জ্বল নক্ষত্র,shakib,AGAINST
a4e58b576411a5db,Dada ato din por akta moner moto video pelam . 😂😂😂😂 Haste haste pet betha hoye gelo. Are bises kore ja bolar 6ilo sakib vai er kalar part deyar jonno dhannay bad. 366 er sokolke janai Eid Mubarak. ❤️❤️,shakib,AGAINST
50df90ef8e89b285,No dollars no food no electricity . Poor Sri loankans 💔 monada hlo kiwwe naththe ? E hamadema thibilath ape kollangen kawane 😂😂 shakib gona,shakib,AGAINST
5e4b2fa5ddb885cc,Sakib Al Hasan ke niye manush na bujhe emon korche. Sakib kintu ektu commercial mentality r ami BPl 1st season e Khula Royal Bengal team er sathe kaj kortam. Kinda selfish if I may say so,shakib,AGAINST
199811f9d958ade2,আবাহনী একমাত্র টীম যাদের কোনো ব্যাটসম্যান LBW হয়ে আউট হয়নি পুরো টুর্নামেন্টে। মানুষ কি দূর্নীতি দেখেও না দেখার ভান করছে? নাকি সাকিব ভাই ভুলটা আঙ্গুল দিয়ে দেখাইসে সেটাই দোষ?,shakib,AGAINST
02219ce7a9b12eae,"সাকিবের কোন দোষ নেই প্রযুক্তি ব্যবহার না হলে এমনই হবে, পুরো দোষ বোর্ডের যদি লাইভ কন্ট্রোলিং থাকতো নিরপেক্ষ সিদ্ধান্ত হত",shakib,AGAINST
76c287f37fb3e5df,"@AmarAkbarAnthony_JhonJonyJanar সাকিব যখন আন্তর্জাতিক ম্যাচে অন্যায়ের প্রতিবাদ করেন তখন হিরো আর দেশে করলে বেয়াদব। সাকিবের প্রতিবাদের ধরনটা দেখে অনেকের কাছে বেয়াদবি মনে হবে কিন্তু তারা যে অন্যায়, দুর্নীতি করে তাতে এরকম প্রতিবাদ ছাড়া উপায় নেই। আর হ্যাঁ আপনার দেশ থেকে যখন কোন এমপি অন্য দেশে টাকা চুরির অপরাধে জেল খাটে তখন আপনার দেশের ভাবমূর্তি কোথায় থাকে??",shakib,AGAINST
1176fbc789f91548,এক জন সাকিবের পাসে আছে মানে কি আমার বক্তরা কই গেছি সাংবাদিক ভাই,shakib,AGAINST
ec1d72502bf15f06,সাকিবের কোন দোষ নাই সাকিব মত সবাইকে এভাবে প্রতিবাদ করা উচিত,shakib,AGAINST
778a4c9ce2834d8c,"ভুল বললেন, পাশে শুধু একজনকে না যারা খেলার খবর রাখে তারা সবাই সাকিবের সাথে আছে.....",shakib,AGAINST
75c059f22dff762c,শিশির যা বললেন তা সঠিক কারণ সাংবাদিকরা তার সাথে হলুদ সাংবাদিকতা করেছেন আর সাকিবের পাশে শিশির নয় ঘোটা বাংলাদেশ আছে,shakib,AGAINST
6ad0706e98e9c1df,সাকিব ভাই যা করেছে খুব খুব বড় অন‍্যায় এর প্রতিবাদ করেছে।বাংলাদেশের যুব ক্রিকেটারদের জন্য আইডল হয়ে থাকবে।,shakib,AGAINST
c1819adef8fc1909,"সাকিবের বিরুদ্ধে কোন প্রকার উলটা-পাল্টা অ্যাকশন নিলে সবাই খেলা দেখা বন্ধ করে দিবেন! ম্যাচ ফিক্সিং করলে তার কোন বিচার নেই, আর এসবের প্রতিবাদ করলেই দোষ। সবাই খেলা দেখা বন্ধ করে দিলে কিভাবে সাকিবের ক্ষতি করে দেখবো....",shakib,AGAINST
dc8547d3f1d3e0f3,"যারা চুরি করে তাদের কোন বিচার হয়না,,,যে প্রতিবাদ করবে তার বিচার আছে,,,এটাই আমাদের বাংলাদেশ,,,শুভ কামনা সাকিব ভাই সত্যের জয় একদিন হবে",shakib,AGAINST
783912b19bc49647,Sakib is always arrogant egoestic and selfish. He needs to learn humbleness from Sachin Tendulkar.,shakib,AGAINST
f6330b85eb75194a,Apnara Dalal sangbadikra chara keu Sakib ke oporadi bole na. Sakib Protobadi konthossor,shakib,AGAINST
3a95df5f56b8343e,শুধু শিশির না বাংলাদেশের ৯৮% মানুষ সাকিবের পাশে আছে আর এখানে সাকিবের কোনো দোষ নাই অন্যায়ের প্রতিবাদ করছে,shakib,AGAINST
9946be6a2c55d2a3,Shakib onnay er protibad korache. Shakib er upor shorojontro hoccha.,shakib,AGAINST
399567eadbd9575a,প্রতিবাদ করতে সাহস লাগে যেইটি শুধু সাকিবে আছে....,shakib,AGAINST
f4c7a610b050b89b,"এদেরকে দেশের যুবসমাজ হিরো ভাবতো। আর এদের হিরোইজমে তরুন প্রজন্মেকে ভুলিয়ে রেখে গত ১৬ বছরে দেশের সম্পদ খালি করে ফেলছে। সাকিবকে শুধু আইনের আওতায় নয়, সারা দেশের মানুষের সাথে প্রতারণা করার দায়ে জনসমক্ষে মৃত্যুদন্ড হওয়া উচিৎ, যেন পরবর্তীতে কেউ দেশের সম্পদ নিয়ে ছিলিমিনি খেলার সাহস না পায়। স্বাধীনতার পর থেকে যে সুযোগ পাচ্ছে, সেই দেশটাকে খালি করে দিচ্ছে, নাহলে আমাদের অর্থনীতি সিঙ্গাপুর বা মালয়শিয়ার মত উন্নত হতো।",shakib,AGAINST
bef7333e09d22d3d,Sakib is very very worsted player we hate his behavior like this... 👎👎👎👎,shakib,AGAINST
3132bbeece32e642,"We never hated Shakib, he is one of the stars of our cricketing side, and no one can ever deny his records and contributions. The problem lies in his attitude and political/selfish thinking, in and out of the pitch. Otherwise, no one hates Shakib and his performances.",shakib,AGAINST
476ba9452f4013bd,"@Sifat007M Whatever Shakib mostly does is protest/object against corruption. Though he applies wrong way to do that. But still he mostly does only object against corruption yet most people instead call him corrupt!!! This is humanity. Unless you be a ""saint"" or ""cry in front of public"" and say emotional things. You will be considered egoistical, bad, corrupt etc. That's society for you.",shakib,AGAINST
e513181ab1d7f526,Oh god! Such a statement. Somebody got to teach Shakib Al Hasan how to appeal. I mean that is so down bad insulting. Also the ball pitched way outside of off stump. They didnot show if the ball was hitting the wicket or not.,shakib,AGAINST
ce8f3c82c8148a89,ভাই সাকিবের কথা আমরা সবাই জানি. ভাই ধন্যবাদ আপনাকে. আপনার পুলিশ না দাকার কারনে.,shakib,AGAINST
feee98f06e3f0022,সাকিব ত just বলছে।।। আমি থাকলে পিটাইতাম।।।।। and listen shakib was not a poor.... আপনারা যেমনে বলতাছেন মনে হইতাছে সাকিব ভাই আগে গরিব ছিল।।।। try to change your mind..... try to look from your angle.... সাকিব ভাই এর মত একটা প্লেয়ার আর ও ১০ বছরে national team এ আসবে কি না doubt আছে,shakib,AGAINST
df6ee61dacc681a0,রং ঢং তুমি প্রথমে যে কমেন্ট করছো ঠিক করো নাই ......? পরিস্থিতি বুঝো তারপর মানুষের সাথে তর্ক করবেন ......? সাকিব আল হাসান যে কাজটি করেছেন তা খুব খারাপ কাজ ..? কেননা এই ঘটনা ঘটেছে দেশের বাহিরে .... তা-ও আবার আমাদের জনসংখ্যা খুব কম সেখানেই আছে আমি মনে করি ক্রিকেটার হিসেবে এই কাজটি ঠিক করে নেই .....? দর্শক অনেক কিছু বলতে পারে স্বাভাবিক .....? বাংলাদেশ ছাড়া সব-দেশে আইন সমান . এবার সে প্রেসিডেন্ট হক বা সাধারন পাবলিক হক সে দিকে লক্ষ করবে না আইন .......,shakib,AGAINST
73c6ee87897ae530,Mohammad piash খারাপ বেবহার আমি আগে করি না আর আমার যদি ভুল হয়ে থাক আমাকে বলতে পারে শুধু শুধু একটা মেয়ে খারপ ভাষায় গলি দেওয়ার তো ঠিক না ওনি আগে দিছে তার পর আমি দিছি আর সাকিব কি এটা আমার যানার তো দরকার নেই যে হেতু ওরা খেলেওয়ার তাই ওদের তো ভাব থাকবেই এই কথা যেন আপনেরা ওদের কাছে যান কেন....?,shakib,AGAINST
32895a17cadb0cd1,সাকিব খারাপ আর যারা কমেন্ট করছেন তারা বড় হুজুর কি গালীরে বাবা,shakib,AGAINST
11d760fd91138c81,Adnan 007 কেমনে? তোমার মাইরে প্রপোসাল দেই নাই দেইখা সাকিবের নামে মিথ্যা দোষারোপ করা ঠিক না।,shakib,AGAINST
261669b6b2e53d81,আমার মনে হয় সাকিব আমলীগ সাপোটার আমলীগ তো অনেক খারাপ হয়,shakib,AGAINST
f2e3864cb36953df,alamin apon আপনাকে আরোও বলছি সাব্বির রহমান যদি এই ভুল করত তাহলে আপনিই বলতেন সাব্বির বিয়াদব ওকে দল থেকে বাদ দেওয়া হোক.......আপনি আমি এবং সবাই শুধু নিজের বুজটাই বুঝি......আপনার যেমন প্রিয় খেলোয়ার সাকিব আল হাসান......ঠিক তেমনি আমারও প্রিয় খেলোয়ার সাব্বির রহমান.......তাই বলছি খেলোয়ারদের মথায় তুইলেন না.....একদিন এমন আচরন আপনার সাথেও করতে পারে......,shakib,AGAINST
713514a7428468d9,"আপনি আইনের সহায়তা নিবেন ভাবলেন কিভাবে,,,,সাকিব ভাই তো তাহলে পারত আইনের কাছে যেতে,,,,আর ভুলটা আপনার আপনি নিজে টিম হোটেলে গিয়ে ডিস্টার্ব করছেন আর এমনটা ঘটছে সুতরাং ওইটা ওখানেই শেষ,,,আমরা ফ্যান রা তখনি বুঝে গেছি কি কেন হয়েছিল,,,আর আপনাকে তো কেঊ লাইবে আসতে বলেনি,,,তাই না? সাকিব বসসস বসসসসি,,,,লাভ ইউ SH75",shakib,AGAINST
17e07f8b1aa0e38e,"Shakib ar behaviour kharap hote pare, tar personal life niya nijer mto kore thakuk we dnt care.. ta niya amader shomlochona na korley Choolbe karon amader aktay chawa sakib team ar jnno vlo kicu koruk..",shakib,AGAINST
b71069154ab804ae,"Vaia apni mon karap korben na.ok.i trust u.hmmm aita tik je bhv ta sakib apnar shate korce ota ekeybar ey tik kore ni.ashoye ader mutu kisu cricketer jara kisu tk nd nam hole tara vole jai tara konkan theke kon environment theke ote ashce.vaia,apni mone koren je,sakib amder cakor amder tk ay or salary pai.r atu ohomika allah beshi din shojjo kore na.plzzzz vai ekta requst ore amder cakor bebe map kore den.",shakib,AGAINST
dd37ddd4fabd8f85,সবাই সবাই দুঃখটা বুঝি ঠিক আছে ওরা বলছে তো বলছে তুমি আমার বলতে গেলে কেন আমি শাকিবের কোন দোষ দেখি না,shakib,AGAINST
1c98a171d7f442dc,Bhaia oikhaner law r bd er law sem na okhane bad behaviour plus thread dawa je “Upore ay” can cause him fine and a warning ami america te thaki ar ami jani eishob jinish police halka te ney na jotoi shakib hok na ke hok,shakib,AGAINST
aa9ea8553e0198c2,এখানে সাকিবের দোষ কম।।এরকম খারাপ কমেন্ট শুনলে এখানে যারা সাকিবকে গালি দিচ্ছে তারা অারো বেশি খারাপ অাচরন করত।।,shakib,AGAINST
fbba080f3270eec3,ami personally nijao shakib k like kori na but dakhan akta boro jinish hocce ja ora sara khon journey kore ar onk kosto kora akta match jitar jonno ar shob somoy manush ar mon ak thaka na tai behaviour o kharap hoye jay tai ok ato kicu bolar kono mane hoy na apnara aktu vaben apnk o jodi shob somoy amon birocto kora hoy tokhon ki korben?,shakib,AGAINST
f7efd66f81c67ed0,"আমার মনে হই মহিলা সাংবাদিক জুয়ারি সুজনের ডারলিং, এই সব ফালতু মহিলাকে গালি দিয়া উচিত। সাকিব বাংলার সম্মান আর সুজন অস্মমান।",shakib,AGAINST
60c9844e66911588,শ্রীলংকার বিপক্ষে করলে সাকিব হিরো আর দেশের বাজে আম্পেয়ারদের বিপক্ষে করলে সাকিব খারাপ এমন মানসিকতাকে ঘিন্না করি shakib al hasan great 💖,shakib,AGAINST
f1cd557edada0378,"অসময় টিভির সাংগীতিকগুলো বড়ই চাটুকার,সাকিব আছে বলেই এদেশে প্রতিবাদ হয়,হাজার বছরে সাকিব একটাই জন্মায় পাগলা🧨🧨🧨🧨",shakib,AGAINST
b1e3eb50c7428b42,সাকিব ভাই ঠিকই করেছে যেখানেই অন্যাই সেখানেই প্রতিবাদ করতে হবে,shakib,AGAINST
edf8b3780db90b6a,aiy sangbadik.. 2..nambari kotha bolbi na.. 2..nambari korle ki kobe SHAKIB tik ace 👍👍👍,shakib,AGAINST
3d2612889522660b,প্রতিদিন ম্যাচ ফিক্সিং হইতেছে সেই বিষয়ে রিপোর্ট না করে দালালী করেন কেন সাকিব ঠিকই করেছে প্রতিবাদ না করলে একদিন কেনিয়া জিমবাবুর মতো হবে বাংলাদেশ এখনই সময় ম্যাচ পাতানো এসমস্ত খেলা বন্ধ করুন।,shakib,AGAINST
66ac2ab6cad8e289,কয়েকদিন আগে তো দেখালেন এসব লিগের খেলায়ও দুর্নীতি হয় ../🙏😎😂😂 #রিভিউ এর ব্যবস্থা থাকলে এরকম হতো না../🙏 #সাকিব ঠিকই করেছে..😎,shakib,AGAINST
5363b21d065b55d0,শাকিব ফিক্সিং-এর বিরুদ্ধে প্রতিবাদ করেছে খালেদ মাহমুদ সুজন শাকিবকে মারারতে দেয়ে আসার জন্য তাকে বরখাস্ত করা হোক,shakib,AGAINST
5ef475791a097d29,সাকিব কে সব ধরনের খেলা থেকে বাদ দেওয়া উচিত।,shakib,AGAINST
b07f2c03501cb211,কারন না বলে সাকিবের দোষটা বলার কত টাকা পেলো সময় টিভি🤮🤮🤮,shakib,AGAINST
deeb256af029496a,আর একটা বল কেন খেলা হলো না। সাকিব বেয়াদবি করছে এতে দ্বিমত করার কোন কারণ নেই। তবে প্রিমিয়ার লিগে আম্পায়ারিং একদম বাজে এবং পাতানো।,shakib,AGAINST
94f1b1bdc5a02e30,"Sakib is doing timepass, he has nothing to give nowadays. Only waiting to play World Cup & retire",shakib,AGAINST
f1cece86b9b2c3ff,শাকিব আল হাসান কালীপূজা গিয়ে ভুল করেছে তিনি তিনি সবার কাছে মাফ চাইলে সবাই মাফ করে দিবে আর আল্লাহর কাছে তওবা তওবা করতে হবে !,shakib,AGAINST
0c7a9e64a2b5fdba,আমরা চাই শাকিব ভাই যেনো তওয়বা করে মানুষ মাএ ভুল,shakib,AGAINST
575a4fe787d035c5,"আমরা সবাই সাকিবের জন্য দোয়া করি যেন তাকে আল্লাহ তায়ালা তাকে সঠিক বুঝ দান করেন। হেদায়েত আল্লাহর পক্ষ হতে আসে তাই আল্লাহর নিকট একান্তই ক্ষমা চাওয়া উচিত, কারণ মানুষ ভুল করতেই পারে।",shakib,AGAINST
bb273b42eae4f4c3,"Hate hate hate hate,, and boykot Sakib",shakib,AGAINST
0260dd9a7fcd13f0,ভাই সাকিব আল হাসান কে আর কতো সুজোগ দিবো অনেক সুজোগ দিয়েছি এবার আর সুজোগ দিবো নয় সে আবার কোনো কান্ড করে বসবে সাকিব আল হাসান অতিতেও ভুল গুলো দেখে আসেন তারপর বুঝবেন কতো সুজোগ দিয়েছে সাকিব কে,shakib,AGAINST
7cff7993c7e0a2a0,Just I hate now sakib al Hasan,shakib,AGAINST
cb7047fd4ce06bbd,এক জন মুসলিম হিসেবে মহসিন তালুকদার জে কাজটি করেছে তা ওব্যসো ঠিক কিন্তূ সাকিব যেহেতু জাতির কাজে ভুল স্বীকার করেছেন আমি মনে করি তাকে ক্ষমা করে দেওয়া উচিৎ আর মহসিন তালুকদার কেও মুক্তি করে দেওয়া উচিৎ আল্লাহ সকলকে হেফাজত করুন আমীন,shakib,AGAINST
b1fd040f6b29183a,Why Sakib fells shame... This is lawful What Sakib did,shakib,AGAINST
116af7467748bcd0,সাকিব এর বিরুদ্ধে বিসিবি কোনো রকম ভুল সিদ্ধান্ত নিলে সাকিব ভক্তরা চুপ করে থাকবে না আর।সাকিব এর মতো একজন প্রতিবাদী ক্রিকেট প্রেমী এই বাংলাদেশে অনেক প্রয়োজন তাহলে বাংলাদেশ ক্রিকেট বোর্ড আরো উন্নতির দিকে যাবে ইনশাআল্লাহ।,shakib,AGAINST
0f65100362504e9b,ক্রিকেটার সাকিবের মুক্তি চাই দুর্নীতিবাজ শাকিবের শাস্তি চাই। 🎉🎉🎉🎉,shakib,AGAINST
0ccaaa3941f9fb8b,Shakib vai amader national team a kharap khelena. takar jonno na team ar jonno khelen.,shakib,AGAINST
0ede06750ce1594e,Sakib leads this protest n he raised his voice first to unfold the dirty games of BCB n papon. That's why papon n his team wants to ruin sakib. But all his fans n others cricketer should be with sakib n take initial steps.,shakib,AGAINST
59e690b1066cf88d,আশরাফুলকে খাইছে এবার সাকিব খাওয়ার পালা।দুর্নীতিমুক্ত বিসিবি চাই।,shakib,AGAINST
4c1f24a319cd4b39,"Sakib কে যদি বহিস্কার করা হয় তাইলে সাকিব এর উচিত হবে retire করা পাপন খেলবে cricket, somoy হইছে পাপনকে সরানর",shakib,AGAINST
5bb58e69a9217302,সাহসী ছেলে সাকিব ভাই তার মতো বাংলার কেও পতি বাদ করে নি,shakib,AGAINST
5462c5e83119ad38,@mdabu sayem2001 uni India england Australia bolte boro team bujhaise.uni bujhate chaise sakib boro team der moto chinta kore.comment ta abar poren.India manei gali na.,shakib,AGAINST
ab33f454c3bdcb3f,সাকিব বাস্তব বাদি ক্রিকেটার..একটা প্রফেশনাল টিম হিসাবে এখানে আবেগ এর কোনো যায়গা নেই সাকিব রাইট,shakib,AGAINST
78a032745f460508,Tamimar performance asholai khub kharap hoia gase.Shakib thik bolse..,shakib,AGAINST
8f35c6c9bcc496a3,Ei CWC er ageeo shakib e CWC e bd er highest run scorer r highest wick taker chilo..asha kori cricket gyan vlo vbe rkhe montobbo krben.. #dhonnobad🙂 BtW shak to khelte pare na?khelte na paira jdi no. 1 howa jay taile sob player der e khelte na para uchit🙂,shakib,AGAINST
4111af98ff93d5f4,শিরোনামটা ঠিক করে লিখুন...!! সাকিব তো ওইভাবে বলেনাই...!! এই শিরোনামে সাকিবকে অনেকই ভুল বুঝতে পারে...!! আজকালকার সংবাদপত্র / টিভি চ্যানেলগুলা দর্শকদের অ্যাটেনশান পাওয়ার জন্য বিভ্রান্তিমূলক শিরোনাম দেয়...!! 😡😡😡,shakib,AGAINST
37de1ddddfd02d7e,"সাকিব ১ঃ৩০ মিনিটে সাকিব একটা কথা বলছে যে এই তার কথা গুলা ভুল হিসেবে ছড়ানো হবে,যা সময় টিভি প্রমান করলো।। সাকিবের কথার কোনো ভুল কিছু নেই!",shakib,AGAINST
d6d1b1db879aae0c,সাকিব ভাইকে একাদশে রাখা হয় নি বলে অনেকে দুঃখ প্রকাশ করছে ‍। এটা কোনো ব্যাপার না ‍। তিনি দলে থাকুক বা না থাকুক আমাদের কলিজাতে থাকবে চিরকাল ইনশা আল্লাহ ‍। তিনি আমাদের বাংলাদেশকে বিশ্বের কাছে তুলে ধরবেন এই কামনা রইল ‍। তবে ইন্দিয়ান ভাইদের বুঝা উচিত একজনকে দোষারোপ করা তাদের উচিত না যেখানে আজ ভুবি ভাই ৫৫ রান দিয়েছে ‍। #SAH75,shakib,AGAINST
7960c074c97327e3,"Suchak Chowdhury Ankur ভাই এতদিন জেনেছিলাম , দেখে ও ছিলাম t20 কিংবা ওয়ান ডে তে ডেট ওভারে অন্যতম বলার হলো ভুবি ভাই ্্ কিন্তু আজ আপনার কাছে অন্য কিছু শুনলাম ‍। আপনার কাছে চাওয়া হচ্ছে আপনি বলার আর অল রাউন্দার কে এক কেন করছেন ‍। কেউ যদি সাত ইকোমিতে ম্যাচ প্রতি একটা করে উইকেট পাই ২০+ রান করে আর একজন ব্যাটসম্যান তো তো ৪০ করবেই আর একজন বলারকে তো ২ বা তিন উইকেট লাগবেই ‍‍‍। তাহলে কোন হিসাবে সাকিব ভাই আর ভুবি ভাই কে এক রাসিদ আর জনি ভাইকে এক করছেন বুঝছিনা ‍। সাকিব ভাই দিল তিন ওভার চার বলে ৪২ আর এক উইকেট ‍‍। যদি ও এতোই খারাপ বলার হতো তবে ওর ইকোমি মিনিমাম ১০ হতো ‍। ব্যাটিং টা বললাম না ‍। ওনি তো ম্যাচ জিতান নি আপনার কাছে মনে হয় না ‍। আমি তো দেখেছি যে ম্যাচ জিতিয়েছে ‍। হয়ত IPL এ অন্যদের মতো প্রত্যক্ষ ভাবে বেশি ম্যাচ জেতাতে পারি নাই কিন্তু পরোক্ষ ভাবে তো জিতিয়েছে ‍।",shakib,AGAINST
2eb0a390240225a4,Bidesher piliyar 4 jon khelbe sekhane 5 jon hochhe 1devid wner.. 2ken wllimison 3 jhny bratsu 4 rosid khan 5 sakib ekhon apnara bolun k bad jabe sakib chhara r kawke bad deya osomvav keno sakib ke bad diyechhe ekhon bujhe gechho ok,shakib,AGAINST
7372d94e9ced2117,Joni Bairstow dole keno?? Se to 35 bole 39 korche. eta ipl er moto asore kno ran na. Tai Bairstow ke bad die shakib ke chai,shakib,AGAINST
398b3d6b26a63410,সাকিব এখন পর্যন্ত যত খারাপ কাজ করছে তখন বলছিলেন যে সাকিব যা কর‍তেছে ঠিক করছে না?? বাংলাদেশে বিনোদন দেয়া লোকদের কোনো আদর্শ নাই আসলে। মুনাফেকি করতে উস্তাদ,shakib,AGAINST
c4545cd3e6757d86,সাকিব ভাই কোনো দোষ করিনি। সাকিব ভাইয়ের পাশে আমরা সবাই আছি। কিছু বাজে লোক আছে সাকিব ভাইয়ে বিপকে,shakib,AGAINST
28af6b3899b32f05,"এদের কোন লজ্জা নাই, কয়দিন আগেও মানুষ রক্ত দিল এইভাবে আর এরা পড়ে আছে সাকিবরে নিয়ে 😢",shakib,AGAINST
89ccc27f124ae21c,Vai ato shakib vokto apnara shakib ki deser khelar jonno kicu korece kore nai.khela cholar somoy se khela bad diye biggapon korce.se sudu nijer sarto buje.apnara ato vokto hoye lafan. Shakib er behaviour kmn janen na?Don't sentimental.,shakib,AGAINST
fc52d212dd530207,"সাকিব এদের মুখে হেগে দিলেও বলবে, আহা কত সুন্দর স্বাদ! 😂",shakib,AGAINST
202a9a8a309b97bd,"কার পারফরম্যান্স নিয়ে বিচার করছেন 😀 এইটা সাকিব 🥱 শুধু ব্যাটিং না বোলিং এবং টিমে সব থেকে এক্সপেরিয়েন্স য়ের দিগ দিয়ে ১ নাম্বার, সাকিব ব্যাটিং বাদ দিলেও নিঃসন্দেহে এই দুইটা গুনে দোলে খেলে যেতে পারবে ৩,৪ বছর কারন নামটা যে সাকিব 😊",shakib,AGAINST
c9ac874916eabf0c,Vai bujhlam na apnara shudhu Soumya r liton er pichonei pore achen....apni dekhate parben Bangladesh er 2/3 da player jara dharabahik.... Koto kisu sire felse....15 bochor dhore kheleo sakib ran pai na wicket pai na...r apnara baler ak alap...ashole somossa ta khelai na...somossa j khuthai seta apnarao janen r amio jani...,shakib,AGAINST
fa9f822cfccbac3b,"ভাইরে ভাই, কি এক্সপেকটেশন রাখেন একজন প্লেয়ারের কাছে! বোলিং, বেটিং, ফিল্ডিং, ক্যাপ্টেন্সি করে প্রতি ম্যাচ জিতাবে? বাকি ১০ টা প্লেয়ার রাখার তো দরকার নাই। সাকিব আলাদা বুঝলাম, তার দ্বায়িত্বও অন্যদের থেকে বেশি, তাই আর কোয়ালিটি মেন্টইন করাটাও গুরুত্বপূর্ণ। তাই বইলা এমন কিছু নাই যে প্রতি ম্যাচেই তার পারফরমেন্স সবার উপরে থাকতে হবে। আসলে আমরা সমর্থন করতেই জানিনা, এজন্যই প্রতিভা হারাচ্ছি প্রতিনিয়ত। আপস এন্ড ডাউন জীবনের অংশ, যখন টপে থাকবে জুতা চাটবেন আর খারাপ সময়ে লাত্থি দিবেন, এমন সাপোর্টার হওয়ার দরকার নাই। যে পরিমান নিউজ দেখলাম সাকিব এর ব্যাটিং নিয়া, মনে হইতেছে কয়েক বছর ধরে এই ধুরবস্থা চলতেছে বেচারার আর তাও জাতীয় দলে আছেন, বস্তা বস্তা বেতন নিচ্ছেন। ব্যাটিং এ ফর্মে ফেরা জরুরী এটাই বাস্তবতা। আন্তজার্তিক ম্যাচ বলতে শেষ সিরিজটাই ব্যাটিং খারাপ দেখলাম। গঠনমূলক সমালোচনা থাকাটা জরুরী, কিন্তু ২/৩ টা ম্যাচ দিয়ে একটা প্লেয়ারের সাম্রতিক ফর্ম বিবেচনা করেন কিভাবে এটাই বুঝলাম না। পারলে ভুল গুলো নিয়ে ইনফমেটিভ নিউজ করেন যাতে কাজে আসে আর অন্য সাফার করা প্লেয়াররাও ইন্সাপায়ার হয়। সাপোর্ট টা সাপোর্টিভ থেকে করেন, অপনেন্ট হয়ে না। যাতে নতুনরাও ঘুরে দাঁড়ানোটা শিখে।",shakib,AGAINST
1bc4617b7b5ad103,"আমি সাকির অনেক বড় একজন ফ্যান, কোনদিন তার বিপক্ষে কোনো কথা বলি না, যত সমালোচনা হোক তার বিপক্ষে ছিলাম না।যত খারাপ পারফরমেন্স করুক তারপর তার পাশে ছিলাম।কিন্তু আজ ঘৃণা লাগে তার এই ব্যবহার। দেশে হত্যা চলছে একটা কমেন্ট পর্যন্ত করতে পারেনি। ঘেন্না লাগে তার ফ্রেন্ড হিসেবে ছি সাকিব ছি।আমি তাকে ফেসবুক থেকে আনফলো করে দিছি সবাই আনফলো করুন।",shakib,AGAINST
072ddd9032b269c2,এই সমস্ত কথাগুলি শুনেও তারা কিভাবে সহ্য করতে পারে তাদের লজ্জা থাকা উচিত আসলে লজ্জাই নেই তাদের সাকিব ভাই যে কথা বলেছে এটা ১০০% সত্যি সাকিব তুমি এগিয়ে চলো আমরা আছি তোমার পাশে 💪💪,shakib,AGAINST
fa67d564e51865c2,সাকিবের সমালোচনা শুধু আমাদের করার ই অধিকার আছে অন্য কেও করলে মেজাজ গরম হয় 🥴🥲।,shakib,AGAINST
66b6d4d2c3adb252,"নোমান ভাই, শেবাগকে আমাদের ধন্যবাদ জানানো উচিত যে সাকিবকে ঔ মন্তব্য দিয়ে তাতিয়ে দেয়ার জন্য।",shakib,AGAINST
b8052a6fc40958a8,যাই বলেন ভাই ম্যাচ পরিস্থিতি বিবেচনায় ঐ দিন সাকিবের শর্টটা আসলেই ভীষণ দ দৃস্টিকটু ছিলো বলেই শেবাগ ঐ কথাগুলো বলেছিলো।খুব কি খারাপ বলেছিলো?আমরা এক ম্যাচ জিতলে আমরা হুঁশ হারিয়ে ফেলি।আর গত ম্যাচটা ঐ ভাবে হেরে গিয়ে জনগণের মনের অবস্থা কি হয়েছিল একবার ভেবে দেখেন তো তো?,shakib,AGAINST
6ffc6558f97d0b41,"কিংবদন্তি ইমরান খানের একটা ইন্টারভিউতে দেখেছি উনি বলেন আমি যখন খেলতাম তখন ভাবতাম ৬০% স্কিল ২০% আত্মবিশ্বাস ২০% ভাগ্য প্রয়োজন যখন খেলা ছাড়লাম তখন বুঝতে পারলাম ৪০% স্কিল ৪০% আত্মবিশ্বাস ২০% ভাগ্য প্রয়োজন এখন প্রধানমন্ত্রী হবার পরে বুঝলাম আসলে ২০% স্কিল ৬০% আত্মবিশ্বাস আর ২০% ভাগ্যের উপর নির্ভর করে।যে শেবাগ সারা জীবন বাংলাদেশকে ছোট করে কথা বলেছে তার কথায় আমাদের অহংকার (খেলায়াড়) সাকিবকে নিয়ে নিন্দুকেরা মেতেছে নিন্দায়।সাকিব সেই ছেলে যে নাম্বার ১ হয়েই জৌলুসের সাথে বিশ্রামে যাবে, আর আমরা বাড়াবো সাকিবের আত্মবিশ্বাস আলোচনা করে সমালোচনা করে নয়।ওর করা সব রেকর্ড একসাথে ভাঙ্গা পৃথিবীতে শত বর্ষে কারো পক্ষে সম্ভব কিনা আমি সন্দিহান। পরের কথায় নিজের সন্তানের সমালোচনা হতে বিরত থাকা সচেতন অভিভাবকের কর্তব্য। "" শুভ কামনা রইল """,shakib,AGAINST
2cbc5d6135c83618,"Shakib obviously faltu ekta shot khele out hoye match ta here gelam. But Shewag ekta bc, Bangladesh re always hate dey",shakib,AGAINST
73ccf430e28a22db,ভাই প্রত্যেকটা প্লেয়ারের দায়িত্ব আছে সাকিবের কাছে আরো বেশী চাওয়া ছিলো যা সেটা সে প্রমান করতে পারেনি তার নিজের কারনে এত সমালোচনাই তাকে সিরিয়াস হতে বাধ্য করেছে রানে ফিরতে সাহায্য করেছে।,shakib,AGAINST
0cf7d9da6bbd01db,Apni ei vabei thaken sakib apnar hate ar paponer hate market theke world Cup kine tule debe,shakib,AGAINST
9d95151929595d04,সাকিবের লজ্জা পাওয়া উচিত। ছোট দলের সাথে এই পারফর্ম মানা যায় না।,shakib,AGAINST
4a011e656892adb2,"সাকিব এক্কেবারে কশে একটা থাপ্পড় দিয়ে দিছে তাকে,,,আর তা খারাপ কমেন্স এর বদলে ক্রিকেটিয় ভাষায় খেলা দিয়ে।আর একজন পকৃত ক্রিকেটের এর ভাষা এমনি হওয়া উচিৎ।",shakib,AGAINST
7cb2874f683d7453,apanre j shobai sakib hater bole eishb vdo dekhe na ora ?,shakib,AGAINST
5efb0fe81d8a467f,যারা সাকিব কে নিয়ে এতো খারাপ কথা বলে তাদের কে চিনে বাড়ির পাশের লোকও তো চিনে না। এতো লাফাও কেনো তোরা এতো সমালোচনার জন্যই আমাদের দেশের খেলোয়াড়েরা খেলতে পারে না।,shakib,AGAINST
b9519bb254a8524e,সেবাগ কে সমালোচনা করার জন্য বেতন দিয়ে রাখা হোক🤣🤣🤣তাহলে সাকিব রানে ফিরনে।। সাকিব সমালোচনার সমানুপাতিক পারফরম্যান্স করে,shakib,AGAINST
d5f346779eb227cb,durr vai apnara beshi koren. shakib oboshhoi kharap khelese last match e. apnara shak die keno mas dhakar try korsen. sewag motei kharap kisu bolenai. Apnader eishb shosta vedio banie taka kamano bondho koren.,shakib,AGAINST
7aa4e6385d85f665,পরের ম্যাচে খারাপ খেললে আবার আপনারাই সাকিব কে গালাগালি দেবেন।,shakib,AGAINST
a881bf91ed758d3f,৬০৮ দিন পর আন্তর্জাতিক টি২০ ম্যাচে ৫০ করে সাকিব কে নিয়ে এতএত লাফা লাফি করে বাংলাদেশীরা দেখলে আদিখ্যেতা/হাসি 😂 পায়। বীরেন্দ্র শেবাগ এর কথা ঠিক না ভুল বুঝতে পড়বে না মাথা মোটারা। ৫০ ওভার বিশ্বকাপ এ সাকিব সহ গোটা বাংাদেশের কি হয়ে ছিল খুব তাড়াতড়িই ভুলে গেছেন????!!!!😂😂😂😂,shakib,AGAINST
46b114be705c40e9,শেবাগকে শুধু শুধু দোষারোপ করছেন। আপনিও তো সাকিবকে কম সমালোচনা করেন নাই। ভাই আপনারা পারেন ও!,shakib,AGAINST
b708d38f22be16a6,Apnr oo ki lojja hoy noman bhai? jokhon apni shakib bhai k nia khb baje vbe somalochona koren... Apni oo shewag er theke kom na.. Ekhn Tel marte chole eisen 😂😂 Ha 2 din ager video teh kisu vlo kotha bolsen bt tar kisu din ager video gula silo shewag er kothar theke kharap... Shakib world cricket er icon player 🔥🔥 Nxt time Eita mathai rakhe video banayen....😡😡,shakib,AGAINST
bcc3c0e4feefe4bc,"সাকিব আল হাসান স্যার ,আপনি অনেক উচু মানের খেলোয়াড় সেটা আমরা জানি।কিন্তু আপনার মানসিকতা এরকম জানতাম না।আপনার কি মনে নেই নাকি আপনি সব ভুলে যান...একজন বিশ্বের সেরা খেলোয়াড় কে অসন্মান করার অধিকার কে দিলো আপনাকে। কে শেওয়াগ? শেওয়াগ তিনি যিনি 2011 বিশ্বকাপে মিরপুরে বাংলাদেশের বিরুদ্ধে 175 করেছিলেন। কে শেওয়াগ? যিনি অস্ট্রেলিয়ার মাটিতে দাঁড়িয়ে লি, গিলেসপির বিরুদ্ধে 195 করেছিলেন। কে শেওয়াগ? যিনি পাকিস্তানের বিরুদ্ধে মুলতানে 319 করেছিলেন বিশ্বসেরা বোলার শোয়েব আখতার, শাকলিন মুস্তাক , মহাম্মদ শামি দের কে ঠেঙিয়ে। এছাড়াও সাউথ আফ্রিকার বিরুদ্ধে তাঁর আরো একটি ট্রিপল সেঞ্চুরি আছে, যা বাংলাদেশের কোনো ব্যাটসম্যান কল্পনাও করতে পারে না। কে শেওয়াগ? যাঁর কাছে সমস্ত ম্যাচেই T20. কে শেওয়াগ? যিনি ক্রিকেটে ওপেনিং এর রূপরেখা পাল্টে দিয়েছিলেন। কে শেওয়াগ? যিনি শচীনের পর ওয়ানডে ক্রিকেটে ডাবল সেঞ্চুরি করেছিলেন। কে শেওয়াগ? যাঁর নামের পাশে বিশ্ব চ্যাম্পিয়ন তকমাটা আছে। আপনি একজন ভালো মানের অলরাউন্ডার এটা আমরা সকলেই জানি। সেওবাগ আপনার সম্বন্ধে যেটা বলেছে সেটা কোনো খারাপ কথা নয়।একটা সময় আসে প্রতিটা খেলোয়াড় এর যখন অবসর নিতে হয়,ফ্রম খারাপ থাকার জন্য সমালোচনা শুনতে হয়।কিন্তু আপনি যেটা বলেছেন ,একজন বিশ্বের মধ্যে সেরা বিধ্বংসী ব্যাটার কে চেনেন না বলেছেন জানিনা কেনো এরকম বললেন।এটা আপনার মতো একটা বিশ্বের সেরা অল রাউন্ডার এর থেকে আশা করিনি। ভালো থাকবেন স্যার ।",shakib,AGAINST
85e5bc849463b4f2,যারা এতদিন সাকিবকে সমালোচনা করেছে এবং শেবাগের মতো অতি বুদ্ধিমান লোক সাকিবকে অবসর নেয়ার পরামর্শ দিয়েছিল আজ তাদেরই উচিত সাকিবের কাছে ক্ষমা চাওয়া।,shakib,AGAINST
60f4c2c7cdfb89c7,সাকিব আল হাসান কে বাংলাদেশে দেখতে চাই এবং তাকে জাতীয় দল থেকে অবসরে যাওয়ার দেওয়া হোক।,shakib,AGAINST
3e20482a91643a6d,Junayed Bagmar Durjoy.. ভাই সাকিব একজন সিলেব্রেটি । সবার জন্য আইন সমান।এইটা তো আপনি নিজেই মানেন না।সাকিব ভারতে এক পূজার অনুষ্ঠান এ গেছিলো ।তাই আমরা সাকিব কে নিয়া অনেক সমালোচনা করেছি।কিন্ত আমাদের দেশে অনেক মানুষ আসে যারা পূজার অনুষ্ঠান এ যায়।তখন আপনি তাকে নিয়া কি সমালোচনা করেছেন? তাহলে সাকিব কে নিয়া কেনো করেছেন?তাই সব বিষয় একভাবে দেখবেন না।,shakib,AGAINST
cd947072a6052eb1,এখন সাকিব নাম টাই মুখে নিতে ঘৃণা লাগে.. এখন অর নাম হওয়া উচিত সাইক্যা দাস,shakib,AGAINST
f5eb0a577c0a9a9d,সাকিব ভুল করেছে ওনাকে সবাই মাপ করেছে ওনিত মাফ চেয়েছে ওনাকে ছেড়ে দেওয়া হক,shakib,AGAINST
e89d6897d8572e3a,"সাকিব যখন নিজের ভুল স্বীকার করে ক্ষমা চেয়েছে তাহলে এই লোকটাকেও ক্ষমা করে দেয়া উচিত,",shakib,AGAINST
dd338573c551e852,sakib ke arest kora hokk. musolman kivaby see puja day. I hate for this work,shakib,AGAINST
9a7fb1c3d4ad7bca,সাকিব বাংলাদেশকে একাই অনেক ম্যাচ জিতিয়েছে এর পরেও তাকে নিয়ে সমালোচনা করা হয় আমরা তাকে যথেষ্ট সম্মান দিতে পারি না,shakib,AGAINST
eeb2151949662bb7,হাসান নামটি খুব পবিত্র এ নাম নিয়ে খারাপ কথা বলা চলবে না। যদিও সাকিব আল হাসানের প্রতি ক্ষোভ,shakib,AGAINST
397c667e11168f91,তোকে unsubscribe করে দিলাম সাকিব আল হাসান কে নিয়ে বাজে মন্তব্য করার জন্য আপনারাও সবাই দেন😅,shakib,AGAINST
03e272a102de3b0d,সাকিব যদি ক্যাপ্টেন না থাকে ওর কিছু আসবে যাবে না আমাদের দলের ক্ষতি হবে। সাকিবই এযাবত একমাত্র ক্রিকেটার যে নিজের বারবার উন্নতি করে রেনকিং 1 নংএ রেখেছে বাংলাদেশের কোন ক্রিকেটার রেংকিং 1-10এ নেই।।কখন যদি ছিল কয়দিন ছিল হিসেব করে দেখুন। আপনারা এই দল নিয়ে কিভাবে আশাবাদী। মাথা ঠিক আছে।,shakib,AGAINST
bf77d6b7e6964eff,নোমান ভাই আপনাকে ধন্যবাদ জানাই এতো সুন্দর করে গুছিয়ে কথা গুলো বুঝিয়েছেন অসাধারণ ভাই। সাকিব আল হাসান একজন সার্থবাদি ও অহংকারী একজন মানুষ,shakib,AGAINST
34dd2ad9ac42f10e,হ্যাঁ ভাই সাকিব অনেক বেয়াদব। প্রতিবাদকারীরা তোহ বেয়াদব হবেই। কেন খেলার সময় unjust decision এ প্রতিবাদ জানাবে?,shakib,AGAINST
8bbf82d8e6ae3c54,ক্রিকেট বোর্ড বিসিবি এগুলা দুর্নীতি করছে সাকিব কে এখন বিবেচনা করা ঠিক নয় তিনি একজন সংসদ সদস্য তাকে জনগণকে সেবা করার সুযোগ করে দেয়া উচিত সামনে সাকিবুর এখন খেলা উচিত নয় বাংলার মানুষ চায়না এখন আর ক্রিকেটে,shakib,AGAINST
a49e568403ebcb29,স্বার্থপর কি করে হয় সাকিব _ এটা কোন ধরণের বিশ্ব শেরা অলরাউন্ডার আর কি চাই সাকিবের কাছে,shakib,AGAINST
6fe275f24c4d3ab2,শাকিবের সব সম্পত্তি বাজেয়াপ্ত করে শাকিবকে দল থেকে চির বিদায় করে দেওয়া উচিত। এবং কখনো যাতে দেশের বাইরে যেতে না পারে তারা ভিসা পাসপোর্ট ক্যান্সেল করা উচিত,shakib,AGAINST
0dace91bf898775b,এই ছেলেটাকে দল থেকে বাদ দিন দেখবেন বাংলাদেশ টিম অনেক এগিয়ে যাবে এর ড্রামার আর ছোটলোকি ভাবের জন্য কেউ খেলতে পারছেনা কারণ সাকিব একলা খেলে টাকা কামানোর ধান্দায় থাকে.,shakib,AGAINST
983651c0ace27c9b,"আর এইসব সাংবাদিক,ক্রিকবাজের সাংবাদিক গুলোই সাকিব কে নিয়ে বাজে মন্তব্য করেছে।",shakib,AGAINST
4bbd788a335249eb,বাঙ্গালী পারেও। সাকিব নিজেও বলেছে খারাপ খেললে সমালোচনা হবেই এতে তার কোন আপত্তি নেই।যেই শট নিয়ে শেওয়াগ সমালোচনা করেছে সাকিব নিজেও জানে ঐ শট টা ঐ বোলারকে তখন না খেললে বাংলাদেশ ম্যাচটাও জিততে পারতো।,shakib,AGAINST
866b9edfc2888b11,এখানে শেবাগ কে সবাই ভুল বুঝতেছে শেবাগ বলতে চেয়েছে সাকিব একজন সিনিয়র ক্রিকেটার তার অভিজ্ঞতা দক্ষতা অনেক বেশি তাই ম্যাচের মোমেন্ট অনুযায়ী খেলা উচিত ছিলো কিন্তু সাকিব দলের প্রয়োজন অনুযায়ী না খেলে অপরিপক্ক শর্ট দিয়ে আউট হয়েছে সাকিব যদি বড় শর্ট না খেলে সিঙ্গেল বের করে খেলতো তাহলে দক্ষিণ আফ্রিকা র সাথে নিশ্চিত ম্যাচ টা জিততাম,shakib,AGAINST
cbc46ce962751a30,"সাকিব রান করছে 44 রান দিয়েছে 166 উইকেট 6 টা, Taskin রান করছে 23 রান দিয়েছে 131 উইকেট 8 টা, all rounder সাকিব হয় কেমনে, সাকিবের বাদ পরা উচিত",shakib,AGAINST
7e4aa23172727913,সাংবাদিক ভাই আপনি কি জানেন অধিনায়ক কি ফিট উইলিয়ামসন কি ফি বিজি লাইনে রুই লেখছেন কেমনে আবিষ্কার খেলবে বিশ্বকাপ দেখতে চাই আতুল হটাও সাকিবের এবার দেয়া হোক,shakib,AGAINST
fdd5b52936c22ece,আমি মনে করি সাকিবকে দল থেকে বাদ দেওয়া উচিত দুইজনকেই দল থেকে বাদ,shakib,AGAINST
e9cde1367f74df05,সাকিব ভাই তুমি ভারত থেকে খেলে এসো। তার পর তোমার পালা ।তোমাকে দল থেকে বাদ দেবে ।,shakib,AGAINST
66345178c81ec66c,"হাতুরে এবং সাকিব কে বহিষ্কার করা দরকার, সাকিব এর মতো খারাপ মানুষ হয়তো দেশের ভিতর আর কেউ নয়,",shakib,AGAINST
de21f5e569268cdc,"অন্যায় এর প্রতিবাদ করা উচিত, সাবাশ সাকিব",shakib,AGAINST
0702ca1744dded6d,"আগে দেশ থেকে মূর্খ আম্পায়ার, ম্যাচ ফিক্সারদের আর দুর্নীতিবাজ পাপন ও সুজনকে দূর করা উচিত। সাকিব কোনো ভুল করেনি। মূর্খ আম্পায়ারদের এভাবেই জবাব দিতে হবে না হলে কাজ হবে না।",shakib,AGAINST
743a47b5fe258e0f,"যখন, প্রিয়তমা, তুফান, বরবাদ নিয়ে ঘরে লক্ষ লক্ষ টাকা তুলে ঘুমাইছেন তখন কই ছিল এত মিটিং, যে টাকা কামাইছি শাকিব কে বা পরিচাল দের কিছু না দিলে হালাল হবে না,",shakib,AGAINST
3416c525957a0b3e,যারা সত‍্যিকারের আওয়ামী লীগ করেছে একবার তারা কখনও দল ছাড়তে পাড়ে না।সাকিবের সিদ্ধান্তকে সম্মান জানাই।ধন‍্যবাদ,shakib,AGAINST
ca6ec766a6b9f1cc,আমি সাকিবের এই সাফ জানিয়ে দেওয়া কথাটার জন্য ধন্যবাদ দিতে চাই,shakib,AGAINST
770a8162dcaf5d46,সাকিব এর দালালির জন্য অন্তত তাকে দলে নেয়া হোক এবং একটা ফর্মে থাকা প্লেয়ার বাদ দেয়া উচিত,shakib,AGAINST
0da516da7ef13428,ফরমহীন সাকিব কে দলে নিয়ে একটা ফর্মে থাকা প্লেয়ার বাদ দেয়া উচিত।,shakib,AGAINST
2b35bf00c7608ab1,"সাকিব আল হাসানের দোষ নাই,এক ম্যাচ খারাপ হতেই পারে",shakib,AGAINST
1fe1e8e46b98437c,"যখন ই মন খারাপ থাকে, নাজমুস সাকিবের ১৩ সালের তেলাওয়াত সুনি,,,এতো মধুর তেলাওয়াত,, কলিজা ঠান্ডা হয়ে যায়,,,",shakib,AGAINST
f89af11609d71bd2,In 2018 shakib was playing for hyedarabad not kkr,shakib,AGAINST
953dc812897ccee4,সাকিব কোন ভুল করে নাই অন্যায়ের প্রতিবাদ করেছে সাকিব ভাই তুমি সামনে এগিয়ে যাও,shakib,AGAINST
ecf3d158c647ff94,বাংলাদেশ একজনই আছে অন্যায়ের প্রতিবাদ করতে সেটা হচ্ছে সাকিব,shakib,AGAINST
bbf782ff1240eac6,প্রতিবাদের ভাষা হক নতুন করে সবার প্রোফাইলে সাকিব আল হাসানের ষ্টেম্প ভাংগা ছবিটা দেখতে চাই। এবং বিসিবি কে বোঝাতে চাই। আমরা সাধারণ জনগন সাকিব ভাই এর পাশে আছি৷ ঘরোয়া ক্রিকেটে দুর্নিতি আর সজ্জ করা যাবে না 🇧🇩 #Shakib_75❤️,shakib,AGAINST
42380dea23ad80a2,"দেশের সাংবাদিক দের কে কিনে নেওয়া হইছে,,,,,,, তাই রোস্টার দের প্রতি বিনিত আবেদন যে,,,,দয়া করে আপনারা সাকিব আল হাসানের পক্ষে কথা বলুন,,,,,,ভিডিও তৈরি করেন,,,🙏🙏🙏🙏🙏please",shakib,AGAINST
b35f53925355c51c,সাকিবের অপরাধ দেখার আগে আমাদের ঘরোয়া ক্রিকেট দুর্নীতি মুক্ত করা দরকার। অন্যথায় আর কেউ অনিয়মের প্রতিবাদ করবে না।মনে রাখা উচিত বাংলাদেশ ক্রিকেট কিন্তু উল্টো দিকে যেতে শুরু করেছে।,shakib,AGAINST
38e11666c88ede84,"Sakib to umpire der na , BCB and Corrupted Management der ke lathi marche .... Tar protibadh kora ta thik ache ...",shakib,AGAINST
5c172d8f40433380,সাকিব কে দেওয়া উচিত হবে না। প্রতিবাদী #সাকিব,shakib,AGAINST
baecb1892db25f86,"সাকিবের দুষটাই শুধু দেখলেন, কিন্তু কেন সাকিব এমন করলো সেটা এখন পর্যন্ত কোনো মিডিয়া বললো না। আসলে এরা বলবে কীভাবে যে সময় নিজেদের স্বার্থ থাকে সে সময় এরা চুল চেড়া বিশ্লেষণ করে। সব ভোগবাদি ও আত্ম কেন্দ্রিক।😡😡😡",shakib,AGAINST
f89ccfb37e93f62d,কিছুদিন আগে যখন সাকিব ভারতের মন্দির উদ্বোধন করলো। তখন সাকিব খুব খারাপ ছিল।,shakib,AGAINST
a2ee2bff226ec885,সাকিব যে প্রতিবাদ করেছে সেই প্রতিবাদ বিসিবির করা উচিত ছিল । সব দায় বিসিবির ...?,shakib,AGAINST
013de89b079bff3f,সাকিব তো ভুল কিছু করেনি সে শুধু প্রতিবাদ করেছে । আমি বুঝলাম না কাজী ইমাম বললেন তিনি আবাহনীর সাপোর্টার । একজন বোড কতা হয়ে কোন দলের সাপোর্টার হয় তাহলে খেলার ভেতরে দুর্নীতি তো হবেই । আমার মতে সাকিব উচিত কাজ করেছে ।,shakib,AGAINST
74558fc5c62731d0,"সাংবাদিকদের চুলকানি দেখলে মনে হয় সাকিব কে জতদিন দল থেকে বাহির করতে না পারবে,, ততোদিন পিছু ছাড়বে না",shakib,AGAINST
985e76a788ae94ca,সাকিবের কোন দোষ নেই!!! ঠিকই করেছে সাকিব,shakib,AGAINST
3ff23a433b98c253,এরা আবেগের ঠেলায় শুধু শুধু সাকিবে দোষারোপ করেছে,shakib,AGAINST
7634fe98f99a8093,সাকিবের দোষ একটু হলেও আছে সাকিব লিটন ফর্মে নাই এইবার মনে হয় এশিয়াকাপে ২ টি ম্যাচ খেলেই ফিরত আসতে হবে,shakib,AGAINST
72a65bbd0324235b,Shakib is Selfies player 😡😡😡🤬🤬🤬. I hate Shakib.,shakib,AGAINST
eaaa03464de2e84d,ওনিই প্রতিবাদী সাকিব আল হাসান যার প্রতিবাদ টাকে অনেক নিলজ্জ (bokachoda)মানুষ বেয়াদবি বলে ।,shakib,AGAINST
b82c33915f78e066,"Shakib is always no.1 allrounder.what's the rendiyan haters think about him or Bangladesh,we Bangladeshi don't care.go ahead bloody rendiyan haters.....",shakib,AGAINST
38456828313f0c54,"Raifa Rahman what a joke!!! 😂😂... It's s joke of next thousand years to come... where is Virat nd where is this useless shakib??... Shakib will have to take million births and still it will not b enough for him to gather that stupendous talent and skill which Virat possesses.. Shakib is like a Toad which croak every now and then wasting his energies and inflicting the atmosphere of exasperation and nuisance, disturbing the peace and tranquility..... Dats all shakib carries along with him... His Aukat is only confined to #GadhaChechani...",shakib,AGAINST
b204b3b5602ddbcd,পুলিশ ভাইয়েরা একদম ঠিক কাজ করেছে সাংবাদিক ভাইয়েরা পুলিশ ভাইদের কাজে বাধা হয়ে দাঁড়ায় না উনি যত বড় ক্রিকেটারই হোক না কেন উনি একজন স্বৈরাচার সরকারের এমপি ছিল এটা আপনারা ভুলে যাইয়েন না হয়তো আপনারা সাংবাদিক ভুলে গেছেন কারণ আপনি গত ভিউ কামাতে হবে শাকিবকে নিয়ে ভিডিও কলে তো ভিউ কামান যায় তাই না যদি তাই না হয় তাহলে কেন পুলিশের কাজে বাধা হয়ে দাঁড়িয়েছে আপনারা যে বলেন যে আমরা ক্রিকেটার সাকিবের বিষয়ে কথা বলি কই বাংলাদেশে খেলার যে বর্তমানে এই অবস্থা খেলোয়ার গো ভরসা দেওয়ার জন্য কই ফেসবুক এ তো একটা পোস্ট দেখলাম না অথচ স্বৈরাচার সরকারের প্রধানমন্ত্রী কে নিয়ে ফেসবুক এ পোস্ট কিন্তু ঠিকই দিয়েছিল আপনারা যে বলেন উনি ক্রিকেটার সাকিব আসলেই তা না উনি একজন স্বৈরাচার সরকারের এমপি সাকিব,shakib,AGAINST
09b21ed2953a9272,"শাকিব একটা ভুয়া স্বার্থপর লোভী তাকে কোনো ভাবে সুযোগ দেওয়া উচিৎ না। আর ওর যদি এতো জনপ্রিয়তা থাকে, ঔ সঠিক ভাবে নির্বাচন করে জিতে আসতে পারে , তা হলে ওকে নির্বাচনে অংশ নেওয়ার সুযোগ দেওয়া হোক ? জিততে না পারলে সোজা বাকী জীবন জেলে কাটাতে হবে ।",shakib,AGAINST
9c6ab0bd87ebff08,Salara faltu news koros.akhane sakib ar pic use korli ken? batper view basi pate chile suny lionee ar pic diti,shakib,AGAINST
b7f7b8cb4b4c7b5e,সাংবাদিক ভাই আপনারা পারবেন সঠিক তথ্য তুলে ধরে সাকিব ভাই কে এই মিথ্যা রাজনীতি চক্রান্ত থেকে বাঁচাতে এবং খেলাটাকে রাজনীতি মুক্ত করে পবিত্রতা অর্জন করতে কারণ আমরা জানি আপনাদের কলম এর লেখার ধার অনেক ধারালো যার কাছে পৃথিবীর সমস্ত ছুরি-কাঁচি ও হার মানে ধন্যবাদ,shakib,AGAINST
aaa9f126077ca51a,কাল এয়ারপোর্টে সাকিব একা সতীর্থদের ছাড়া বাথরুম ব্যবহার করেছে এটা কি সাংবাদিকদের নজরে পড়লো না আর সাকিবের কতটা সাহস বি সি বি কি এর এ্যাকশন নিবে না,shakib,AGAINST
ad419c5e7fa24537,ক্ষুধার্ত সাকিব এ কি করলেন??? - সাংবাদিক কে একা পেয়ে ভরে দিলেন🙄🙄🙄,shakib,AGAINST
d2e178f4bfd13744,"সাকিব চিপস খাই এটার জন্য "" সাকিব ক্ষুধার্ত হয়ে গেলেন"" বা সাংবাদিক !!",shakib,AGAINST
44c284c0e6aaea55,Somoy tv ki Cricket news korty gacy naki..sakib ar faltu kormokando neya news korty gacy.,shakib,AGAINST
8ea2939795f7503e,সাকিবদের জন্যই যে আপনাদের মত সাংবাদিকদের পেট চলে সেটা আবারো বুঝা গেলো। নাহলে চিপস খাওয়ার মত সামান্য বিষয় নিয়েও কেউ রিপোর্ট করে,shakib,AGAINST
173739c9eebea34a,"নিজেদের ব্যর্থতা ধামাচাপা দিতে এখন সাকিবকে সামনে আনলেন,,,যেখানে দেশের ক্রিকেটই নাই সেখানে সাকিব কি করবে ভাই,,,,সাকিব সাকিবই,,,সে দেশের জন্য কি করেছে তা আমরা জানি,,,,সে নিজেকে বারবার প্রমান করেছে",shakib,AGAINST
0d551c192c464def,"আই সি সি থেকে বাদ যাওয়ার পর মানুষের চোখ অন্যদিকে ঘোরানোর জন্য এই বিষয় সামনে এনেছেন ওনারা। গত ১৭ মাসে কোন কথা হলো না, এখন সাকিব বিষয় কেন???",shakib,AGAINST
e55190e36634af5e,সাকিব শুধু শেয়ার মার্কেটেই দুই নাম্বারি করেছে তাছাড়া এমপি হিসেবে তার কোনো অপরাধ ছিলো না। সেই হিসেবে সে দেশের মাটিতে অবসর নিতেই পারে,shakib,AGAINST
d296176d0805f031,"ক্রিকেট বোর্ডের মতো এত বাটপার আর কেউ নেই। বিশ্বকাপ খেলবে না এটা নিয়ে যখন সমালোচনা হবে, তাদের ব্যর্থতা নিয়ে কথা হবে এই জন্য এখন সাকিবকে সামনে নিয়ে আসছে। মানুষ কে এত বোকা মনে করার কিছু নাই। আসিফ আকবরকে আগে অনেক পছন্দ করতাম কিন্তু এখন সত্যি উনাকে বিরক্ত লাগে।",shakib,AGAINST
1307a8868cc02645,"সাকিব আল হাসান এমন একজন খেলোয়াড় যার প্রশংসা করে শেষ করা যাবে না,,, শুধু তাই নয়, বিসিবির বিরুদ্ধে সর্বদা একজন প্রতিবাদী ও বিপ্লবী কণ্ঠস্বর... ধন্যবাদ MR. 75",shakib,AGAINST
779eddbc970231cd,সাকিবের মত প্রতিটি প্লেয়ারের নিজেকে ছাড়িয়ে যাওয়ার চেষ্টা থাকা উচিত এবং অন্যায়ের প্রতিবাদ করা উচিত,shakib,AGAINST
8037be84479903f1,পাপন বুঝতে পারছে যদি সাকিব এর শর্ত মেনে নেয় তাহলে সে আর বিসিবির সভাপতির দাম থাকবে না। আর এই কারনে বিভিন্ন অজুহাতে সাকিব কে অপরাধী করে ক্রিকেট থেকে আশরাফুলের মতন অবসর দিয়ে দিবে। এটাই পরিষ্কার,shakib,AGAINST
e715d755ea0d01cf,Baji jita jar nam se bole bajir shate amader kono somporko nei. Haishokor ebar shakib ke ke bacabe jani na. tobe shakib takar jonno onek pagol jeta bujlam taka pele se vule jabe bangladesh. 🏏🏏,shakib,AGAINST
d9916e95d77ac70e,সাকিব কে বাদ দেওয়া হক সাথে সাহা ও চাই,shakib,AGAINST
805664a6e9c6c809,"সাকিব কখনো দেশের কথা ভাবেনা সব সময় টাকার পিচনে দুরাই,,আর টাকার জন্য সবকিছুই করতে পারে সে,,দেশের যখন প্রয়োজন হয় প্রায় সময় একে পাওয়া যায় না,,আরে ভাই আপনি চাকরি করেন মাসে মাসে বেতন নেন,,খেলার সময় খেলবেন না কেন,,ওর একটা জিনিস চিন্তা করা উচিৎ,, এদেশ তাকে সাকিব বানিয়েছে,,দুর্নীতি গোস্ত বিসিবি এজন্য এমন অবস্থা।।",shakib,AGAINST
b6028120e11dd54d,"সাকিব আসলে তার জীবন টাকে পুরো বিজনেস বানিয়ে নিল। যে ভাবে হোক যে করে হোক তার টাকা ইনকাম করা লাগবে, এতে দেশের নাম খারাপ হোক, তাতে তার কিছু যায় আসে না, তার টাকা লাগবে।",shakib,AGAINST
950df45460d6bbbb,যেগুলো সাংবাদিকদের বলা উচিত ছিলো সেগুলো সাকিব বলেছে।সে যখন টেষ্ট খেলতে চাইনি তখন তারউপর রাগ হয়েছিলো কিন্তু তাইবলে তার কথাগুলো অসত্য নয়। ধন্যবাদ সাকিব ভাই সত্যকথাগুলো তুলে ধরার জন্য,shakib,AGAINST
6813e8641477b86e,"I personally bolbo je, sakib jai boluk, field je 11 jon keleche tara kototuku dite parche, oita holo bisoy.. u should understand man...Whatever sakib said, it doesn’t matter, papon said this..So i don't think that people should make a brawl..",shakib,AGAINST
d9f74a6d325ab370,সাকিব একজনই হয়... সব দোষ ক্রিকেটারদের হালাগো কোন দোষ নাই☹️,shakib,AGAINST
21d47049fef996af,সাকিব আল হাসান একজন সৎ সাহসী ছেলে তাই তাকে সবাই পছন্দ করে আমিও করি। এতে দোষের কিছু নেই অতএব এমন সাধারণ বিষয় নিয়ে রাজনীতি করা ঠিক হবেনা বলে মনে হয়।,shakib,AGAINST
12526ed90af0ad96,সাকিব যে কথাগুলো বলেছে এর একটি কথাও ভুল আর ফেলনা না।,shakib,AGAINST
438172f30ae71509,আপনাদের উচিত সাকিবের পাশে দাঁড়ানো সাংবাদিক যারা আছে... তা-না হলে ক্রিকেট আরোও পিছাবে...,shakib,AGAINST
711603ed5b7d9a75,সাকিব এর কিছু হলে অনেক খারাপ হয়ে যাবে,shakib,AGAINST
8a172b909353a5d4,এসব কথা বলতে সাহস লাগে আর এটা সাকিব বলেই সম্ভব হয়েছে সাংবাদিক ভাইয়েরা সাকিবকে ধন্যবাদ দেওয়া উচিত কারণ এগুলো আপনারা বলা উচিত,shakib,AGAINST
c1daa9256d16874e,"Shakib is a great player . But he is very selfish , time & again he proved to place his personal interest over the Team or the country . He absolutely failed to be a good leader despite his talent as a World beating all rounder.",shakib,AGAINST
f29c2d450c9408a3,"সে লুট এই সাংবাদিক ভাইকে,উনি সাকিবের কথাগুলো আসলেই বুজতে পেরেছেন,ভাই আপনার কাছে অনুরোধ থাকবে আপনার আসে পাসে কিছু আবাল মার্কা সাংবাদিক আছে ওগুলোকে একটু ইস্কুলে পাঠিয়ে সাংবাদিকতা সিখান",shakib,AGAINST
24d913557b50ed37,"সাকিব ঠিক--দোষটা হলো,,টিম ম্যানেজমেন্টের,, কারণটা জানতে চান?? কারণ হলো--আমরা প্লেয়ার নিয়ে প্ল্যান করি,,পজিশন নিয়ে না,,,,,,ব্যাখ্যাঃ ধরেন সৌম্যকে আমরা ৩, ৭,৬,২ পজিশনে খেলাইছি,,আবার শান্তকে ৩ এ খেলাইছি,,সাকিব কে ৫,৩,৪ এ খেলাইছি,,কিন্তু আমরা এইটা ভাবি না,,সৌম্য টপওডারের টপওডারে থাকবে,,টপওডার খালি না থাকলে বাদ সে,,৩ নাম্বারের জন্য আমরা প্লেয়ার সেট করি,,৬,৭ এর জন্য প্লেয়ার সেট করি,,যে ব্যাট্সম্যান যে জায়গার তাকে সেখানেি খেলাবো,, খালি না থাকলে বসে থাকুক,,আর প্লেয়ার কেন তৈরি হচ্ছে না,, সেটা আপনার আরেকটা ভিড়িওতে আমি কমেন্টে ব্যাখ্যা করেছি",shakib,AGAINST
fc680f1d7b78c1a3,"আমি ধন্যবাদ জানাতে চাই মহামান্য পাপন সাহেবকে, এই জন্য ধন্যবাদ জানাতে চাই যে প্রতিবাদ করার জন্য সাকিবকে আবরারের মত পিটিয়ে মারেননি।",shakib,AGAINST
f7dfe5a3df738026,"এগুলোতো আপনারাই শুরু করেছেন,সাকিবের দোষ দয়ে লাভ কি?",shakib,AGAINST
92c442aa2353eb94,আপনারাই এই পথ দেখিয়েছেন। যখন সাকিব চিঠি দিয়েছিল তখন সাকিবের সাথে কথা না বলে মিডিয়ার সামনে কারা এসে কথা বলেছিলো?? আর সাকিব মিডিয়ার সামনে বললেই দোষ।,shakib,AGAINST
860c6961258940f3,নিজেরা করলে দোষ নেই সাকিব করলেই যত দোষ,shakib,AGAINST
473677050ac4a1d8,সাকিব ব্যাপারটা মিডিয়া বললে দোষ নেই কিন্তু সাকিব বললে দোষ কিসের?,shakib,AGAINST
a00331851c64df7f,আকরাম খান বড় কোন ক্রিকেটার ছিলনা। শাকিবের কাছে সে চুনোপুটি। আকরামদের জোর করে অবসরে পাঠানো দরকার।,shakib,AGAINST
415492f6c8ecdf3d,"আজ সাকিব মিডিয়ায় প্রকাশ করেছে বলে দোষ, আর তোমরা কি প্রকাশ করো নি?",shakib,AGAINST
d0f37a88cf5ab65d,"সাকিব যখন টি২০ বিশ্বকাপের প্রস্তুতি নেওয়ার কথা বলেছিলো, আপনারা বললেন সাকিব দেশের জন্য খেলতে চায় না।টি২০ বিশ্বকাপের প্রস্তুতি নেওয়ার কথা বলেননি কেন? আপনারা চান সাকিবকে সবাই খারাপ জানুক। কারণ সে মুখের ওপর সত্য কথা বলে দেয়।",shakib,AGAINST
ff52343872880ac4,"সাকিব এর বেপারে আপনারা মিডিয়ার সামনে ওল্টাপাল্টা কথা বলেন,,।আপনারাই বললেন যে সাকিব নাকি দেশের জন্য খেলে না আপ্নারাই বললেন।। আর এখন যখন সাকিব বলে দিল তখন সাকিবের দোষ",shakib,AGAINST
a1bffb9e1bc8b383,Sakib is selfish. We want to avoid sakib,shakib,AGAINST
74cc72a38f0326e5,সাকিবের সাথে ছবি তুলতে যায় কেন সাকিব লোক খারাপ ওর মধ্যে ধরয্য কম,shakib,AGAINST
9358b3958d75be45,"সাকিব কি মানুষ না নাকি,,,, সারাক্ষণ কি সেলফি তুলবে নাকি,,,,তা ছাড়া কোচের সাথে কথা বলতাছে,, নিশ্চয়ই গুরুত্বপূর্ণ কিছু নিয়ে আলোচনা হচ্ছে,,,এই সময় কি সেলফি তুলবে নাকি,,,প্রত্যেকটা কাজের আলাদা সময় আছে,,,,সময় অনুসারে কাজগুলো করা উচিত,,,,আর বাঙালীরা হুদাই যাকে তাকে নিয়ে সমালোচনা করে দেয়,,,,",shakib,AGAINST
33a9e9e945a27885,বাহ !! সাকিব আল হাসান <3 বাংলাদেশের প্রান। অসাধারণ ব্যক্তিত্ব প্রকাশ হইল। । সাংবাদিক খালেদ মুহিউদ্দিন কেও ধন্যবাদ সুন্দর একটি আলোচনা উপস্থাপন করার জন্য।,shakib,AGAINST
3f853a699fae3030,"আমার দোয়া আল্লাহ্ সাকিবকে সুস্থ রাখুন বৌ বাচ্ছা নিয়ে এমন দেশে সাকিব বর্তমানে অবস্থান করছে বিশ্বের সবছেয়ে ক্ষমতাধর দেশে হলেও করোনায় সবছেয়ে খারাপ আমেরিকার আসাকরি সাকিব পিরবে বিরের বেশে,,,",shakib,AGAINST
4777de4bc67553e4,@jahangiralam-hj3kl আপনি যদি পারেন তো ওই ১৬ জনের একজন হয়ে দেখান। শুনুন সমালোচনা করা সহজ কিন্তু কাজটা করে দেখানো কঠিন। সাকিব নিজের যোগ্যতা দিয়ে ইনকাম করছে তা থেকে সে কত দান করবে কি করবে না সেটা তার ব্যাক্তিগত ব্যাপার। আপনি যদি পারেন তো কিছু করুন।,shakib,AGAINST
0771ff62ec53b82c,সাকিব আল হাসানের কথা শুনলে বোঝা যায় পরিমিতিবোধ এবং প্রফেশনালিজম কাকে বলে!! ধন্যবাদ আপনাকে।,shakib,AGAINST
c872b5f586e082b2,অথচ সেও ভুল করে আজ নিষিদ্ধ। আসলে মানুষ মাত্রই ভুল করে আমরা অনেকেই তা মানতে চাইনা। ফিরে আসুক প্রিয় সাকিব।,shakib,AGAINST
73dfe98742826e88,খুব খারাপ লাগছে সাকিব ভাই এর জন্য।,shakib,AGAINST
579f3a65cca09f5e,shakib ke noi paponke bad deoya hok.,shakib,AGAINST
fe415366ffbd0442,সাকিব কে নয় পাপন কে বাদ দেওয়া উচিত..!!,shakib,AGAINST
b7c50c4020e74f51,সাকিবের কোন দোষ নেই সটিক সত্য কথা বলায় এই সমস্যা,shakib,AGAINST
377a8392eb458562,"Shakib later got 🇹🇹Nicholas Pooran (CPL) and 🇿🇼Sean Williams (T20) out within a year in the similar manner, turn and bang! Unreal athlete at the age of 35.",shakib,AGAINST
f55fb14844651e09,Ami shakib hater karon shakib dpl e stumps bhenge phelse.,shakib,AGAINST
21391f2812a459f2,Sakib kharap hoite pare but vai as a Bangladeshi we praud..... Our brother represent our country....🇧🇩🇧🇩🇧🇩,shakib,AGAINST
09fcf5349661981d,"সাকিব কে দেখতে গিয়ে বি বাড়িয়া তে একটা ছেলে আহত হয়ে হাসপাতাল এ ছিলো,সাকিব সে নিয়ে ও একটা কথা বলে নাই😢 ও আসলে পুরাই স্বার্থপর",shakib,AGAINST
a819e8351d56a274,"Sir I watch your video very very enthusiastically, and expected an well informed analysis of a situation. What Shakib has done is not acceptable but what’s happening in DPL years after years and Board is doing nothing to correct it is completely, I repeat completely unacceptable and it shows how a player like him got frustrated due to such on going corruptions where no one have anything to say….these corrupt practices is completely destroying the game in BD.",shakib,AGAINST
37da51c1a5b07ae8,"সাকিবের বিতর্ক নিয়ে কখনো কমেন্ট করিনি,, কিন্তু আজ না বলে পারলাম না,,,সাকিবের এমন সিদ্ধান্তগ্রহণ কে সাধুবাদ জানাই,,,প্রিয় সাকিব ধন্যবাদ আপনার প্রতি+পঞ্চপাণ্ডব দের প্রতি,,,",shakib,AGAINST
bd34668b687fa614,এখনতো দুর্নীতির আখড়া ক্রিকেট বোর্ড আর সাকিবের কথাই ঠিক আছে দুর্নীতিমুক্ত করতে হলে সাকিবকেই দায়িত্ব দেওয়া উচিত,shakib,AGAINST
9a58c98f8969051b,"সুপ্রিয় সাংবাদিক ভাইয়েরা সাকিব ভাই টয়লেটে দেলে একটা নিউজ করেন ,জাতি দেখতে চায় উনি ম্যাচ হারের কষ্টে কীভাবে টয়লেট করে তাহলে বুধবো হ্যা সময় নিউজের সাংবাদিকরা সবই পারে ধন্যবাদ ,উক্ত প্রতিবেদনটি জাতি দেখতে চাচ্ছে",shakib,AGAINST
483c6fb81190de18,এইটাও একটা খবর...!!! সাকিব চিপস খাইসে এইটাও খবর।। এই সাংবাদিক তো কেউ বাথরুমে গেলে সেটা নিয়েও রিপোর্ট বানিয়ে ফেলবে।।,shakib,AGAINST
a6e8ab87f8cd7b84,"সাকিব্বাই তোমার পাশে পুরো বাংলাদেশ আছে,, আর ভাই এইসব হলুদ সাংবাদিকতাকে এড়িয়ে চলার অনুরোধ রইলো🙂",shakib,AGAINST
4ba113616eb36e76,সাকিবকে জনগণের কাছে খারাপ করা উচিত নয়,shakib,AGAINST
6613bdac339f610a,"শাকিব দেশে এসে মাফ চাবে, বলবে আমার কথার ভুল ব্যাখ্যা দেয়া হয়েছে। শাকিবের মাফ চাবার অভ্যাস আছে",shakib,AGAINST
dd39149c6a2f2639,সাকিবের সময় নেই। খেলে পায় না অবসর নিছে। খেলা খতম। বাই বাই টাটা।,shakib,AGAINST
e6ede09d34fd4c61,"সাকিব হ্যা বললেও দোষ, না বললেও দোষ। মানে সাংবাদিকরা যখন কোনো টপিক পায় না তখনই এই ধরনের নিউজ করে।",shakib,AGAINST
227158fea1a82062,"আমি ১৫ বছর যাবত সাকিব ভাইয়ের ফ্যান, ক্রিকেটের না। উনি কি বলবেন? আমি নিজেই তো শকড। কি বলবো? ১ টা মাত্র খারাপ ম্যাচের জন্য অবসরের প্রেশার দিলো সাংবাদিকরা। অথচ ঐ ম্যাচেই বড় বড় ওয়াইড ধরেছেন তিনি।",shakib,AGAINST
5b86efd36580350b,ভাই সাদা চোখে না দেখে একটু গভীরে ভেবে দেখো? সব উত্তর পেয়ে যাবা। যে সাকিব এতো দিন খেলতে চাইতো না। সে এখন ২ফর্মেটের ক্যাপ্টেন? দলের সব সিনিয়র রা আসতে আসতে অবসর নিতে বাধ্য হচ্ছে? কেমনে কি একটু ভেবে দেখ?,shakib,AGAINST
71267ef9a55c1af2,সাকিব সাকিব বলে মাথায় তুলে নাচে বাংগালীরা অথচ এশিয়া কাপে সাকিব নিজেও বাজে খেলছে 😁😂,shakib,AGAINST
3a8a7ca1da07598b,ভাই সাকিবকে নিয়ে সমালোচনা করার যোগ্যতা নিজের আছে কিনা সেটা একবার ভেবে নিয়েন দয়াকরে 🙄!,shakib,AGAINST
819fe04f9e9dfa21,বাজে ভিডিও কেন রিয়েকশন দেন। সাকিবের অসংখ্য আন্তর্জাতিক রেকর্ড আছে। এখানে তো শুধু বাংলাদেশের টাই বলল। এটা অনেক পুরোনো ভিডিও,shakib,AGAINST
cccb26ada4ea6d96,শান্ত কে বাদ দিয়ে সাকিব আল হাসান কে টীমে চাই 🇧🇩🇧🇩🇧🇩🇧🇩🇧🇩,shakib,AGAINST
26858408d8f9a6ad,"😭😭😭 ইন্নালিল্লাহি ওয়া ইন্নালিল্লাহি রাজিউন। আওয়ামী লীগের ভক্তরা আওয়ামী লীগকে ভোট দিবই জানা কথা, কিন্তু এ-ই সেকেন্ড হোম প্রবাসী কে ভোট দেয়ার কোন আগ্রহ নাই আমার। সাকিব যে বাংলাদেশের টাকা বিদেশে পাচার করবে এতে আমাদের কোন সন্দেহ নাই। আল্লাহ তুমি হেফাজত করে এই দেশ টাকে। আর পারলে তার ভিতর কিছু টা লজ্জা সরম দান করো, আমিন। ♥️🇧🇩♥️",shakib,AGAINST
aecae48824ea18d8,স্বার্থপর বিশ্বাসঘাতক মীরজাফর সাকিব আল হাসানের মতন একটা মানুষ আমি ক্রিকেট বোর্ডে আর দেখতে চাই না,shakib,AGAINST
84fb9a5536242a22,সাকিব আল হাসান একজন স্বার্থপর ক্রিকেটার. সাকিব সময়ের চাহিদা অনুযায়ী রং পাল্টায়। সাকিব দলীয় লোক।,shakib,AGAINST
1ed18600257a13f8,সব চুর এক সাথে সাংবাদিক আরো খোঁচা দিয়ে কথা বাহির করে আমরা জনগণ সাকিব যে কাজটা করছে সেটা সঠিক মনে করতেছে এখন তোমরা যা ইচ্ছা তাই করো আমাদের রিয়েল হিরো সাকিব আল হাসান,shakib,AGAINST
43da7a9d21d4522c,জাহান্নামের ভিতর দলকে ফেলে দিয়ে এখন সাকিবের নাম লজ্জা লাগা উচিত।,shakib,AGAINST
632b8db2d6c7f3ea,আজকে সাকিব খেলছে না তাই সবাইকে খুব খারাপ লাগতেছে এটা সত্যিই 😢 কিন্ত শান্ত না খেললে সবাই খুশি হবে 10000000%%%,shakib,AGAINST
4c4f399e00b1b75a,"Bhaia this is his past....please,we dont pain him for his past...everyone have a past....shakib ar o chilo...bt akhon se tar wife ar shate onk vlo asa oka vlo thakte den please...oka baje khota boilan na plz..",shakib,AGAINST
1ba8919fbe9bc7f4,কিন্তু টোকাই রয়েছে যাঁরা সাকিবের বিরুদ্ধে বাজে কথা বলে কিছু টোকাই।,shakib,AGAINST
133ba49a74fd876f,"১৫/২০ ম্যাচ খেলে একটা ম্যাচে রান, অন্যদেশ হলে সাকিব কবেই বাদ পরতো",shakib,AGAINST
bae6bb07ad9b1fb5,Sakib k bad dile sob thik hoye jabe.. 24,shakib,AGAINST
d17df861397a6d67,"পাপন, সাকিব হাতুড়ি এঁদের কোনো বিন্দু মাত্র লজ্জা নেই",shakib,AGAINST
d78e53527d7dd211,"সাকিব ভাইয়ের ক্যাপ্টেন্সি দারুণ হয়েছে, আফগানিস্তানের বিপক্ষে যদি মুস্তাফিজুর কে রেখে স্পিন দিয়ে বল করাতো আর ঐ বলার যদি ওভারে ২০ রান দিতো তাহলেও সাকিব ভাইয়ের দোষ হতো তাই সে দলের সেরা বলার ব্যবহার করেছিল সিদ্ধান্ত সঠিক ছিলো মুস্তাফিজুর মনে হয় খেলার গুরুত্ব টাই ভুলে গেছে",shakib,AGAINST
e6b41c5349621941,"অসংখ্য ধন্যবাদ, সাকিব আল হাসান এর সাক্ষাৎকার নেওয়ার জন্য! ❤️❤️❤️",shakib,AGAINST
ee77bc5967182497,ভাইরে ভাই ফাইনালি যার পেছনে সবসময় গুটিবাজি করে আজ বাংলাদেশে একটা সুপরিচিত সাংবাদিক হয়ে ওঠা নোমান মুহাম্মদ এর আজ সেই ব্যেক্তিই তার সাথে সাক্ষ্যতকার দিতে রাজি হয়েছে। এখানেই সাকিব আল হাসান এর মহত্ত্ব প্রকাশ পায় 💖,shakib,AGAINST
7ce1414bcd5caec3,Sakib ke immediately dol theke bad dewya uchit.. dekhbe onek valo performance korbe sure.. ar haturu ke Sri Lanka pathate hobe ekhuni...,shakib,AGAINST
43c23b73f7d2f4b8,bar bar same kotha... sakib bhai re dekha jonno 1 bosor dore same kotha shuntasi amara... sakib ar name use kore view kamano bad deya deyan🤬,shakib,AGAINST
5e1811de16bf1169,একটা খেলোয়াড় যখন মাঠের বাইরে থেকে কিছু করে থাকে তা হলো তার গরম লাগছে গায়ের গেঞ্জি খুলেছে সেতো মাঠে খেলার ভিতর কিছু করেনি এসব সামান্য ব্যাপারটা বড় আকারে দেখা মুর্খ লোকের কাছে সাঝে এ জায়গায় একটা মেয়ে মানুষ হলে অনেক কিছু খারাপ ভাবতে সাকিব যা করেছে আমি হলেও তাই করতাম কিছু আঝে বাজে সাংবাদিক ও কেমেরা ধারা এসব কাজগুলো বেশি হয় একটা কিছু হলে সাথে আরও বাড়িয়ে তোলে বাড়িয়ে লিখে,shakib,AGAINST
88b2bee8e9bb83c5,mohammed alamin oi sangbadik sakib er friend.,shakib,AGAINST
3f0f3456e177827e,"অন্য জনের খারাপ দিক তুলে না ধরে নিজের আচরণ নিয়ে নিজে বিশ্লেষণ করুন।ভাই/বোন এটা মনে রাখবেন সবসময় যে ব্যক্তি নিজের দোষ নিজে স্বীকার সেই আসল বিচারক।আপনি এই ভিডিওটি দেওয়ার আগে কি একবার ও ভাবলেন না যে যার খারাপ দিক আপনি ছাড়তেছেন সেই ব্যক্তি কষ্ট পেতে পারে।আর আপনার এটা ভাবা উচিৎ ছিল যে তার জন্য আপনার দেশের একটু হলে ও উন্নতি বা সুনাম হয়েছে।আর আপনার দেশের কথা ভেবে যে মানুষটা তার শরীর এর কথা না ভেবে সে আপনার দেশের একজন খেলোয়াড় হয়ে খেলেছিল।আর আপনি তার এই অশোভন আচরণের ভিডিও ছাড়ার আগে আপনার কি নিজের বিবেকের প্রতি প্রশ্ন জেগে ওঠে নি?যে যতই হোক সাকিব দেশের গর্ব।।তবে অত্যন্ত দুঃখের সাথে বলতেছি যে,ভাই/বোন আজ আপনি এই ভিডিও টা দেওয়ার কারণে আপনি দেশের কলঙ্ক প্রমাণ করলেন।",shakib,AGAINST
fa7cc70e7328ba8a,"বাংলাদেশে মনে হয় সাকিব একা একজন খারাপ মানুষ, আর কেউ নাই আপনি পরে আছেন একজন খেলোয়াড় এর ব্যক্তিগত জীবন নিয়ে",shakib,AGAINST
070c889ac59c13cc,"সাকিব ভাই মনে হয় আপুকে কিছু করছিলো,,,যার কারনে সাকিব ভাই খারাপ আপুর কাছে😁😁🥴🥴",shakib,AGAINST
0c90b73ab8164a67,"@mdabulkalam1070 আপনি মনে হয় খেলা দেখেন না বিগত ৪/৫ বছর ধরেই এমন হয়ে আসছে বিগত কয়েকদিন আগেও একটা ফিক্সিং হয়েছে সবাই জানে, বিসিবি কেন কোনো পদক্ষেপ নিচ্ছে না ৪/৫ বছর ধরে আপনার কি মনে হয় অন্যভাবে সমস্যা সমাধানের চেস্টা করা হয়নি এতদিন! কোন ম্যাচ কে জিতবে সেটা আগে থেকেই নির্ধারিত থাকে, এই প্রিমিয়ারলীগ গুলোতে খেলোয়াড়দের ফিক্সিং শিখানো হয় আবার আপনারাই বলবেন পাইপ লাইনে খেলোয়াড় নাই ভাল খেলোয়াড় তৈরি করতে পারেনা যেখানে শর্শের মধ্যেই ভুত থাকে সেখানে সাকিবের দোষ ধরে লাভ নাই আপনার। কেন ডিপিএল এ রিভিউ সিস্টেম দেওয়া হয়না প্রশ্ন করতে পারেন না কেন বিসিবি তে যেয়ে! মানহীন ফিক্সিং খেলা চালাবেন আর প্রতিবাদ করলেই দোষ, খেলোয়াড় ও মানুষ কত সহ্য করবে আমি সেখানে থাকলে আরো খারাপ কিছু হত আর এগুলা সাকিব সহ্য করতে চাইনা বলেই সে ঘরোয়া লীগ গুলো খেলতে চায়না কিন্তু বোর্ড তাকে বাধ্য করে। প্রত্যেকই জানে ঘরোয়া লীগ গুলোতে টাকার ছড়াছড়ি কে হয় আশা করি আপনাকে জানেন আবাহনীর পরিচালনা কারা করে। সাকিবকে গালি দেওয়ার আগে কমিটিকে গালি দেন",shakib,AGAINST
4d9900f4250b9f0f,"প্রতিবাদ করলে আরো অনেক রকম করা যায়, এটা একদম ক্রিকেটের নিয়মের বহির্ভূত হলো, খুভই লজ্জাজনক একটি ঘটনা, আজকে শাকিব ক্রিকেটকে নিয়ে গেল একদম কলঙ্কিত অবস্থানে ,তোরা ভারতের খেলোয়াড়দের ক্রিকেটীয় আচরণ বিষয়ে প্রশ্ন তুলিস ,কোনদিন কি দেখেছিস ভারতের ক্রিকেটারদের এরককম জঘন্য আচরণ... যদি শাকিব ভারতের খেলোয়ার হত এতক্ষণে টিম থেকে বাদ পড়ে যেতো.... এটাই ভারতের শক্তিশালী ক্রিকেট বোর্ডের উদাহরণ...সত্যিটা বল্লাম",shakib,AGAINST
b06d6ea1f330ad73,শাকিব ঠিক কাজে করেছে! পূর্ব নির্ধারিত অন্যায়ের প্রতিবাদ এভাবেই করতে হয়!!,shakib,AGAINST
f63db99f5da583e1,সাকিব এর জায়গায় অন্য কেউ হলে এতক্ষণে অবস্থা খারাপ হয়ে যেত । বেশ করেছে।,shakib,AGAINST
d01bd3f7104021fc,"এমন বেয়াদব ক্রিকেটারের সংখ্যা বাংলাদেশ ক্রিকেটে আরো দরকার আমি মনে করি,,,তা না হলে বাংলাদেশ ঘরোয়া ক্রিকেট থেকে দুর্নীতি কমবে না,,,প্রতিবাদের ধরনটা ইকটু ভিন্ন ছিল,,,তার জন্য সরিও বলেছে সাকিব ভাই,,,কয়জনে পারবে এইকাজ,,,Love u biyadob sakib bhai❤️❤️❤️",shakib,AGAINST
c885d0ea0fabf5c2,সাকিব বরাবরই অন্যায়ের প্রতিবাদ করে। এর জন্যই কিছু চুল্কানিবিদরা ওর নাম দিয়েছে বিয়াদব। ক্রিকেট খেলা অবশ্যই ভদ্র খেলা তবে আম্পায়ার যদি পক্ষপাতীত্ব করে ক্রিকেটটাকে ব্যবসার দিকে নিয়ে যাই তাহলে তাদেরকে শায়েস্তা করার জন্য সাকিবের মত প্লেয়ারদের জন্ম। নইলে উচ্চমহলে অবস্থানরত দানবদের তান্ডব বেড়ে যাবে। যদি আপনার মধ্যে সামান্যতম কান্ডজ্ঞান থেকে থাকে তাহলে আমার কথাটি বুঝবেন। নইলে আবালচোদার মত আবারো বলবেন সাকিব বেয়াদব।,shakib,AGAINST
f9b20d79111d3ffe,সাকিব কে নিয়েই পরে আছে দুর্নীতি নিয়ে কথা বলার সাহস নেই।,shakib,AGAINST
ebaaf24723b66b91,একজন পরিচালক কিভাবে একটা দলের কোচ হয় এবং কোচ হয়ে কিভাবে একজন খেলোয়াড়ের দিকে তেড়ে যায় খেলাতে এবার পুরাই দুর্নীতি হচ্ছে সেই দুর্নীতির বিরুদ্ধে সাকিব আল হাসান,shakib,AGAINST
3ec9162dca4e8380,"sakib onnayer protibad koreche . seta jevabei hok,,,ar emon korte koliza lagee...noile keu patta dey na... attention paoa jay na",shakib,AGAINST
fb7b3a5be1df0565,সিস্টেমের পরিবর্তন আনতে হলে শুধু সাকিব না প্রত্যেক খেলোয়াড়দেরই উচিত প্রতিবাদ করা।,shakib,AGAINST
5b20cd0549cabee1,ঘরোয়া ক্রিকেটে আম্পায়ারদের এরকম দুর্নীতি এমন বহুৎ আছে টাকার বিনিময় যখন আম্পায়ারগুলো বিক্রি হয়ে যায় তখন সরাসরি আউট হলেও সেই আউট দেয় না। মেজাজ হারিয়ে সাকিব যা করেছে তা বেশ করেছে। সাকিবকে ধন্যবাদ জানাই আমার পক্ষ থেকে,shakib,AGAINST
22cbf8b116c0cb74,"প্রতিবাদের কোন ধর্ম হয় না, প্রতিবাদের কোন ভাষা হয় না, প্রতিবাদের কোন জাত বংশ হয় না। we are all with yoh shakib.. ❤️",shakib,AGAINST
9a06212ea9b22b76,সাকিব ভাই এর প্রতিবাদ করায় ঠিক আছে,shakib,AGAINST
1f422515b8f9b3a6,Ebar DPL e kono ek bishesh club er kintu 7 match e kono LBW hoi ni...!!! Er protibad Shakib e korte pare. Tai to tar sasthi hobei.,shakib,AGAINST
bcb30146be79ae5f,সাকিবকে আমরা তার সঠিক সাহসিকতার জন্য ধন্যবাদ জানায়। প্রতেকটা খেলোয়ারদের উচিত সাকিবের মতো অন্যায়ের বিরুদ্বে প্রতিবাদ করা,shakib,AGAINST
fb10da71793ed3e5,"সবাই শুধু সাকিবের আচরন নিয়ে কথা বলছেন , সুজনের টা কি ঠিক ছিল ? সাকিব শুধু খেলোয়ার বলে সব দোষ ?",shakib,AGAINST
2be74568f37d3dea,সাকিব দুর্নীতির বিরুদ্ধে প্রতিবাদ করেছে এবং সঠিক কাজ করেছে।এভাবে সব খেলোয়াড়দের প্রতিবাদী হওয়া উচিৎ তবেই মুক্ত হবে দুর্নীতি।,shakib,AGAINST
8eb219e6d639a343,এখনই সময় প্রতিটা খেলোয়ারকেই প্রতিবাদ করতে হবে। সিস্টেমের পরিবর্তন করতে হবে। আর সাকিব যেটা করেছে ঠিকই করেছে এবারের ডিপিএলে ফিক্সিং আর ফিক্সিং,shakib,AGAINST
0ab9b5a87843cdb8,"যতো দূর শুনলাম এখানে আম্পায়ারের কিছু ভুল সিদ্ধান্তর কারণে এমন টা ঘটেছে,আম্পায়ার এখনে দূর্নীতি ও করেছে যদি আম্পায়ার এখানে দূর্নীতি করে থাকে তাহলে আম্পায়ার কে আইনের আওতায় আনতে হবে, সাকিব এটা করার পরে আবার ক্ষমা চেয়েছেন কিন্তু আম্পায়ার তার ভুল এখনো শিকার করে নাই",shakib,AGAINST
8b7e4e98a5684830,"সাকিব একটা অবস্থানে আচে বলেই প্রতিবাদ করতে পারে বাকি মুখ বুঝে সর্য্য করে,",shakib,AGAINST
990206df5c7ec06e,"অন্যায়ের বিরুদ্ধে দাড়ালে যদি সাবিক বেয়াদব হয় তাহলে আমরাও বেয়াদব সাথে আছি,,,এগিয়ে যাও সাকিব অন্যায়ের প্রতিবাদ করো দেখি কত দুর যাতে পারে আমরাও আছি তোমার সাথে",shakib,AGAINST
1f9eac652f43a42c,সাকিব শুধু এইবার না আরো অনেকবার অন্যায় করেছে ভক্তদের সাথে খারাপ আচরন করেছে বাংলাদেশের সবচাইতে বেয়াদব প্লেয়ার সাকিব আল হাসান,shakib,AGAINST
c981eaf69b812f30,শিশির আপু সঠিক কথা ই বলেছে! ২০২১ প্রিমিয়ার লীগ ই ছিল ফিক্সিং আর প্রশ্নবিদ্ধ। সাকিব একজন প্রতিবাদি।,shakib,AGAINST
1aaef14537a852ef,"কারণ সব প্রতিবাদ সাকিব আল হাসানই করে, আর সুযোগ সবাই ভোগ করে।",shakib,AGAINST
7f34e5e9b9dbe1f1,সাকিবের ব্যাবহার অনেক খারাপ।সে মানুষের সাথে সব সময় খারাপ ব্যাবহার করে,shakib,AGAINST
8d41bb4ee5a88e9c,ভাই শাস্তি দিবে কে? ডিপিএলের একটা ম‍্যাচ দেখছেন সবকটি ম‍্যাচ ফিক্সিং হয়। কেউ এর বিরোধে প্রতিবাদ করছেনা বলে সাকিব ভাইকে এই কাজ করতে হয়েছে কারন তিনি সবার মতন নিজের পকেট গরম করতে চাননা বাংলাদেশের ক্রিকেট কাঠামোর উন্নতি চান,shakib,AGAINST
e80b55bdcaceb283,@MdKhairulIslam-gd3xs তাহলে সাকিবের উচিত ছিল ম্যাচ ফিক্সিংএর অভিযোগ এনে ডিপিএল থেকে নিজেকে সরিয়ে নেওয়া। তাহলেই আইসিসিতে তোলপাড় শুরু হতো এবং তারা আন্তর্জাতিক তদন্ত করে দোষীদের বিরুদ্ধে ব্যবস্থা নিত। কিন্তু এখন সাকিব যে আচরণ করেছে তা সারা ক্রিকেট বিশ্ব দেখেছে । তাকে শাস্তি না দিলে বিসিবি ই বিতর্কের মধ্যে পড়ে যাবে। এখন বাংলাদেশের ক্রিকেটের ভাবমূর্তি রক্ষার্থে সাকিব শাস্তি পেতে হবে ।,shakib,AGAINST
b1ab2c868db557dd,"আমি একটা নিজিস খেয়াল করলাম,সাকিব এর সব দোস ঢেকে রাখে, শিশির ওনার কথা সুনে মনে হয় কেউ বলে দিছে সাকিব কে এমন বাজে আচরন করতে যেমন জামাই তেমন বউ",shakib,AGAINST
a89e48660ee0ba42,কেউ না কেউ তো প্রতিবাদ করবেই সবাই যদি চুপ থাকে তাহলে একদিন বাংলাদেশের ক্রিকেট নামক শব্দটা রুপকথা হয়ে যাবে সাকিব যেটা করেছে তা হয়তো আরো আগে করার দরকার ছিলো দেরিতে হলেও একটা কাজের মত কাজ করেছে,shakib,AGAINST
f4ff45218ab69073,"সাকিব বিসির বস হতে চায়, যা মোটেও পচন্দ হয়নি পাপুদার, বলে ছিলে মনে নেই, তাও আবার শ্রেষ্ঠ বস তা আবার পাপুদার চেয়েও🤬 এখন ঠেলা সামলাও 🤣 তুমি আবাহনী মতো দলের বিপক্ষে প্রতিবাদ কর, কি সাহসী তুমি♥️",shakib,AGAINST
c6cbbd1d1e163e57,সব সালারাই সুর আজ সাকিব প্রতিবাদ করছে তাই ও বেয়াদব হয়ে গেছে। এই চোরদের জন্যই আজ আমাদের ক্রিকেট টিমের এই অবস্থা। সাকিব ভাইয়া আপনি এগিয়ে যান আমরা আছি আপনার পাশে। 💓,shakib,AGAINST
166cebcc3e6c74b3,সাকিব এর কারণে বাংলাদেশ ক্রিকেটকে চিনে মানুষ। তবে হে সে অবশ্যই ভুল করেছে রাজনীতিতে জড়িয়ে। মানুষ মাত্রই ভুল। তবে সাকিবের উচিত ক্ষমা চাওয়া। এবং বাংলাদেশের মানুষের উচিত তাকে ক্ষমা করে দেওয়া। সে একজন অসাধারণ খেলোয়াড়। ইনশাল্লাহ আশা করি সাকিব অতি শীঘ্রই দেশে ফিরে আসবে এবং দেশের জার্সি গায়ে খেলবে।,shakib,AGAINST
5f77dd197b567b2c,আমরা চাই সাকিব আল হাসান দেসে এসে টিকেট খেলে অবসর নিবে এটা আমাদের দাবি বিসিবির কাছে,shakib,AGAINST
e07ed81286d92f39,"এগুলা সব অভিনয়। সাকিব এর আচরণ খুব খারাপ, মানুষকে মানুষ মনে করেনা। আমি নিজেই তার বোনের বিয়েতে গিয়ে প্রমাণ পেয়েছি।",shakib,AGAINST
f4953af352cf7dd1,তীব্র নিন্দা ও প্রতিবাদ জানাই। অবশ্যই সাকিবকে দলে রাখা উচিত আজকে সাকিব হিংসার বলি হচ্ছে এটা মোটেও কাম্য নয়।,shakib,AGAINST
1612ab40ac167b30,"বিষয়টি খুবই দূঃসংবাদ দূঃখো জনক বিষয়,, সাকিবকে রাখা উচিৎ ছিল",shakib,AGAINST
815ff5171a38943e,১৭ বছর ধরে যেই প্লেয়ার কেন্দ্রীয় চুক্তিতে ছিল তাকে এই বছর বাদ দেওয়া একদমই ঠিক হয়নি আর বাদ দিয়েও এর সংবাদ সম্মেলন করে এমন দেশ কোন দিন কিছু করতে পারবে না ওয়ার্ল্ড কাপ এ চান্স পাবেন কিন্তু কোনোদিন শিরায় আনতে পারবে না আজ বাংলাদেশের মানুষের কারণে সাকিব আল হাসান আজ দেশের বাইরে এমনকি বাংলাদেশ ক্রিকেট টিমের ও বাহিরে আমি আশা করি বাংলাদেশের সবাই দোয়া করবেন সাকিবের জন্য ধন্যবাদ,shakib,AGAINST
713123f2348d5173,"Hmm sakib k cai....ar jakir,shamim re bad dite hobe...sheikhane miraz and shanto k nite hobe..",shakib,AGAINST
b0fe9e0e5935ad1f,"আন্দোলন চালিয়ে যান, প্রয়োজনে আইসিসির দৃষ্টি আকর্ষণ করে সকল সাকিবিয়ান ইমেইল করে প্রতিবাদ করুন ।",shakib,AGAINST
a0ddf0c9030360c9,পাপন যখন সাকিব কে ২ বছরের জন্য বাদ দিয়েছেন তখন এরা কোথায় ছিল?,shakib,AGAINST
35d8783bd61b25f1,বাহ স্বাধীন দেশে আবার রক্তের বন্যা 😢শাকিবের ১৭ বছর ক্যারিয়ারের যা করছে এই দেশের জন্য সবাই ভুলে গেছেন আপনাদের ভিতরে যদি বিন্দুমাত্র মানসিক কোন কিছু থেকে থাকে একবার হলেও বিবেচনা করে দেখবেন তারপরে ক্যারিয়ারটা বাংলাদেশকে রিপ্রেজেন্ট করছে সে তাকে আমরা এই প্রতিদান দিলাম 😢😢,shakib,AGAINST
189a4d6a9f987b82,"This is Bangladesh for You. A game is playing since ice age still no achivment and this shameless bastards are protesting for a banned fixer by icc.Shakib also sold his father's name in share market , sister's name in betting site.If awami leauge is in power today imagine the corruption that shakib wouldl do .",shakib,AGAINST
bfd199d553b040ee,"সাকিবকে নিয়ে এতো উশৃংখলের পিছনে মিডিয়া দায়ি কয়েকদিন যাবত কিছু সাংবাদিকের মনে হয় সাকিব ছাড়া বাংলাদেশে আর কিছু নাই,,",shakib,AGAINST
e1080cbad51bd071,"সাকিব মনে হয় আর কোন দিন বাদ পরে নাই, এখন কিসের আন্দোলন। তাই এখন বোঝা যাচ্ছে যে আফ্রিকা দেশে আসছে যদি ঝামেলা করে তাহলে দেশের ভাবমূর্তি ক্ষুণ্ন হবে",shakib,AGAINST
f7d135b413be1cdb,"তোরা সাকিবের সাপোর্ট করিস, লজ্জা করে না তোদের!",shakib,AGAINST
9cd71e6beff23e9e,আপনি সাকিবকে খারাপ বলতে পারেন কিন্তু এরকম মিথ্যা মামলা করা ঠিক না,shakib,AGAINST
3c54b8678014209f,এত একটু বেশি বাড়াবাড়ি হয়ে গেলো না ।তিন মাস তিনি দেশের বাইরে এখানে তাকে মামলা দেওয়ার কি । এইবার সাকিবিয়ানদের আন্দোলন করতে হবে । সবাই মিলে বিক্ষোভ মিছিল বা মানববন্ধনের আয়োজন করি! আর বাংলাদেশে কি ক্রিকেটার একটাই যত দোষ সাকিবের ..?,shakib,AGAINST
03651ebe46a991fb,এইটা কোনভাবেই মানতে পারিনা সাকিব আল হাসান ভুল করেছে তাকে ভুলের শোধরানোর সুযোগ দিতে হবে,shakib,AGAINST
985e28bc5b65cc65,সাংবাদিক উপর এমন রাগ উঠতেছে যেন সাকিবের পরিবর্তে মাললা এই সাংবাদিক নামে করছে! আওয়াজ শুনাই না সে কি ভুলে গেছে যে দেশ স্বাধীন হয়ছে,shakib,AGAINST
e56c6a4ed295440a,"Ami sakib ke like Kori na, but oke je mamla dewa hoyeche ata hassokor ghotona Chara r kisu na. Present government a tao Awamilige er law hattese khub kharap tahole government change lv ki holo",shakib,AGAINST
2d8af7a5deb88c41,"পাপন কে বাদ দিন বিসিবি থেকে, না হয় সাকিবের মতো খেলোয়াড়রা নষ্ট হয়ে যাবে",shakib,AGAINST
65d1dded3925dfb5,দেশের ক্রিকেট রক্ষা করতে এরকম প্রতিবাদী সাকিবের দরকার...! চোর বাটফার দিয়ে আম্পায়ারিং চলবেনা.....,shakib,AGAINST
d8f62c7f1b2f0905,সাকিব একাই ভাংলো ৩ স্ট্যাম্প। সবাই যদি এর মতো প্রতিবাদ করে তাহলে এত স্ট্যাম্প পাবে কই ভাইয়া?,shakib,AGAINST
5a9d035881808d3f,আবাহনিকে জেতাতে আম্পায়ার ও বিসিবির কর্মকর্তাদের যা যা প্রয়োজন সবই করেন; সাকিব প্রতিবাদ করেছে ঠিক কাজ করেছে,shakib,AGAINST
f90d4292ee97ace6,এটা অনেক আগেই করার দরকার ছিল ধন্যবাদ সাকিব❤️,shakib,AGAINST
24f294af526f1a5e,সাকিব একাই ভাংলো ৩ স্ট্যাম্প। সবাই যদি এর মতো প্রতিবাদ করে তাহলে এত স্ট্যাম্প পাবে কই ভাইয়া? দেখেন সব ঠিক ঠাক আছেতো।,shakib,AGAINST
c2bee2a7bf434710,"আরো আগেই এই কাজটা করা উচিত ছিলো কারো না কারো, সাকিবই করে দেখালো। ধন্যবাদ সাকিব।",shakib,AGAINST
c96270d3b7b8f3c3,"টাকার বিপক্ষে দাঁড়ানোর শক্তি একটাই, সেটা হলো সৎ সাহস।যা সাকিবের আছে। নিদাহাস ট্রফিতে অন্যায়ের প্রতিবাদ করলে যেহেতু বীর, সেহেতু আজও সাকিব বীর।💞💞💞💕",shakib,AGAINST
a75ad58fafc83238,"শাবাশ সাকিব ভাই সাবাস, আপনার মত প্লিয়ার বাংলা দেশে আরো দরকার আছে, আমরা চাই বাংলাদেশে সাকিব ভাইয়ের মতো আরো প্রতিবাদী খেলোয়ার।",shakib,AGAINST
e37c54fcb971b7f5,অন্যায় যখনই হয় তখনই সাকিব বস প্রতিবাদ করে এর বেশি কিছু নয় । আই লাভ ইউ ৭৫,shakib,AGAINST
ae8730431b9401fe,পাতানো ম্যাচ ছিল... হলুদ সাংবাদিক ভাইদের চোখে পড়ল না। আম্পায়ার নামের কলা গাছ দিয়ে যেকোন ভাবে আবহানী কে জিতাতে হবে। সাকিবের প্রতিবাদ ❤️❤️❤️,shakib,AGAINST
245638d4d9fbc2c9,"সাকিব যা করেছে তা ১০০% সঠিক সাকিব এর সাথে আছি, হোক প্রতিবাদ।",shakib,AGAINST
c837c0896a304b80,ম্যাচ ফিক্সিং করে। বিসিবি এ বিষয়ে কিছু না বল্লে তাঁর পদত্যাগ করা উচিৎ। ধন্যবাদ সাকিব। সাথে আছি।,shakib,AGAINST
800bfa918e067b80,"সাংবাদিক ভাইদের উদ্দেশ্যে বলছি, এখানে আম্পায়ারের দোষ গুলো সবার সামনে তুলে ধরা উচিত! সাকিব এর জায়গায় আমি হলেও সেইম কাজ করতাম",shakib,AGAINST
53ab33d38c583c76,"যে যাই ভাবুক, ক্রিকেটিয় সংস্কৃতিতে বিশুদ্ধতার নাম সাকিব.... দুর্নীতি মুক্ত ক্রিকেট চাই 💙",shakib,AGAINST
4b7c904075d24934,"শাকিব ইজ দ্যা বেস্ট. ঘরোয়া খেলা গুলাতে দুর্নীতির স্বরাগম, তাই এমন আচরণ টা জরুরী ছিল..✊",shakib,AGAINST
cec9669ef8078147,আমার মনে হয় কিছু দিন সাকিব খেলা থেকে সরে তার পরিবারের কাছে থাকতে চান। তাই ইচ্ছা করে এ কান্ড টা ঘটান।এর আগে ও অনেক বার বিভিন্ন দোষ করেন কৈ অন্য কেউ তো এমন টা করেন না।শুধু এ কেন।,shakib,AGAINST
0deec9cf5669b3b1,"উনি কি শাকিব সম্পর্কে খারাপ কিছু বলছে, আপনি বাজে কথা বললেন কেন?",shakib,AGAINST
2d6ce352daeb25a3,Eishob faltu comment korar age ektu vaben naki Bhai? Sakib takar jonne IPL khelte chai.,shakib,AGAINST
5a440bb5ef6c4767,"@syedadib6513 ভাই, সাউথ আফ্রিকার খেলোয়াড় গুলো কিন্তু বলে নাই যে তারা সেই সিরিজ খেলবে না সাকিব যেভাবে বলেছে। তাদের বোর্ড ই তাদেরকে এই সুযোগটা দিয়েছে। সাকিব খেলবে না না বলে ব্যাপারটা অন্যভাবে বিসিবিকে বলতে পারত। মুস্তাফিজ যেভাবে বলেছে। রাবাদা যেভাবে বলেছে। সাউথ আফ্রিকা বোর্ড এর এই সুযোগ দেয়ার কারণ ও আছে। ওরা উপমহাদেশের কন্ডিশনে অভ্যস্ত নয়। ওরা অভ্যস্ত হওয়ার জন্য এই ছাড় দিয়েছে। বাংলাদেশ আর ভারতের কন্ডিশন প্রায় একই। সুতরাং এখানে আইপিএল খেলার দ্বারা বাংলাদেশের লাভ হবে এতে আমি বিশ্বাসী নয়। যদি আইপিএল অস্ট্রেলিয়া ইংল্যান্ড বা উইন্ডিজ প্রভৃতি দেশগুলোর কন্ডিশনে হত তাহলে ব্যাপারটা আলাদা ছিল। আর তাছাড়া বাংলাদেশ টি২০ বিশ্বকাপ জেতার মত দল ই নয়। টি ২০ বিশ্বকাপে সুযোগ পাবে কিনা সেটাই তো নিশ্চিত নয় বাংলাদেশের। সাকিব এর মূল উদ্দেশ্য টাকা বৈ অন্য কিছু নয়।",shakib,AGAINST
0e283a4e10c2bd64,"@syedadib6513 তবে তার এই যুক্তিটা টেকে না। লেইম এক্সকিউজ। টেস্ট চ্যাম্পিয়নশিপ যদি না থাকত, এমনি যদি দ্বিপাক্ষিক সিরিজ হত তাহলে কি সাকিব আইপিএল বাদ দিয়ে টেস্ট খেলত? টেস্ট এ হারলে কি বাংলাদেশের সম্মানের হানি হবে না? ওসব কিছু না, তার দরকার হলো টাকা আর এটাই আসল কথা। আমার তো মনে হয় সে যদি এমপি মিনিস্টার হয় তাহলে টাকার জন্য যা ইচ্ছা তা করবে।",shakib,AGAINST
32a4ba29b7196a13,"Hm,kno khoddho tara...sotti bolle,gaye lagbei.sakib ki kharap kicu bolce.",shakib,AGAINST
c6a1a572cff615a7,"How hard he tries to convince people but this is nothing but trying to cover the fish with vegetables,Shakib is a selfish player ,He plays only for himself,not for country.He should have not forgotten that who have made Shakib,it is the Country,now he is hungry for money,not hungry to represent the Country???",shakib,AGAINST
b1b290b557a9b526,সাংবাদিক রা সাকিবের বিপক্ষে বোঝা যাচ্ছে। সাকিব ঠিকই বলেছে।,shakib,AGAINST
f12eafa9e00bebbd,বাংলাদেশ হলো আবেগী জাতি বাংলাদেশ টিমকে বার বার হারতে দেখে রেগে গিয়েছি ঠিকই কিন্তু কখনো ঘৃণা করতে পারিনি তবে এটা সত্যি সাকিবরা জিতলে জিতে যায় গোটা বাংলাদেশ 💜,shakib,AGAINST
