id,text,target,stance
5e3364c2af546a86,Tamim team a nai kano! Honestly ans den tahole?,tamim,FAVOR
d35baf05a0e6219d,Tamim Iqbal the BCB rejected player in spite of being the greatest opener of bangladesh 🇧🇩,tamim,FAVOR
05e8124b3a2def0d,Tamim is proud of Bangladesh.He is dedicated player. We are happy about him . He will perform lot country. thanks M Uddin,tamim,FAVOR
69c32cceed8ecda3,Tamim Iqbal is all though a talented person.💙,tamim,FAVOR
0bbfe261d46fb5c6,You are talented #Tamim_Bro wish your good luck,tamim,FAVOR
ccda30e7721f7130,Tamim vai k amar khub valo lage. amar best player👌👌,tamim,FAVOR
46d422701a751c73,যারা খেলটা বুঝে তারা তামিমের বিপক্ষে যাওয়ার কোনো কারন দেখিনা সত্যি সবসময়ই তেতো সত্যি কথা বললেই তামিমের মতো লোকেরা খারাপ হয়ে যায় অনেকের কাছে।,tamim,FAVOR
3c88e86ba897c04a,Tamim OmIqbal forever... We Need Tamim in BCB board❤,tamim,FAVOR
22da32625d484f91,"তামিম বাংলাদেশের একজন অসাধারণ ক্রিকেটার ছিলেন, এবং একজন খেলোয়াড় হিসেবে তার অবদান সবসময়ই সম্মানের সাথে স্মরণ করা হবে। কিন্তু ক্রিকেট বোর্ড পরিচালনা করার জন্য প্রয়োজন আবেগ নিয়ন্ত্রণ, ধৈর্য এবং কৌশলগত চিন্তাভাবনা। সাম্প্রতিক কিছু আচরণ দেখে প্রশ্ন উঠছে—তিনি কি সত্যিই এমন একটি দায়িত্বপূর্ণ পদের জন্য প্রয়োজনীয় মানসিক স্থিরতা রাখেন? বাংলাদেশের ক্রিকেট এমন নেতৃত্ব প্রাপ্য, যারা চাপের মুহূর্তেও শান্ত থাকে এবং আবেগ নয়, বরং দীর্ঘমেয়াদী উন্নয়নের দিকে মনোযোগ দেয়।",tamim,AGAINST
c6ea11a5fba55af0,Tamim coming back on with a broken hand and then blocking a ball with his wrong hand was like watching a Tiger on the pitch,tamim,FAVOR
c9e6e8f20f6ab2f8,I always love you boss superstar leagint captain Tamim Iqbal khan he is all time the best 🏏🏏❤️🖤🥰🥰,tamim,FAVOR
a9f35d50f365a177,Childhood hero Tamim Iqbal is here! Wow❤ Love you Man 🫶 You deserve the BCB boss chair🤍,tamim,FAVOR
e1b7a9f614b5958d,Tamim the first love of bd cricket❤,tamim,FAVOR
00c92296f40aa32a,"Back to back test centuries against the Prime England Team, 40+ average in Asia cups, 4 back to back Asia cup fifties One of the top run scorers in Champions trophy 2017 despite not playing the final Highest average in SENA Countries for an Asian opener Highest Run scorer of 2016 WC Trailblazer in aggressive opening batting Tamim Iqbal was and is a legend of Bangladesh Cricket",tamim,FAVOR
1258d2eb2b13867b,I'm totally agree whatever Tamim said. Absolutely correct 👍 Love for both ❤❤❤ Enjoyed the whole podcast. Thanks for bringing them ❤,tamim,FAVOR
cb52ba30fe169a4e,আগস্টের ৩ তারিখ গণভবনে কি করছিলো তামিম ব্রো?,tamim,NEUTRAL
759fa20b572987e4,Bro Tamim in wrong side because manush Tamim boltei mone kore dalal. Are vai Tamim kar dalali korse?? Tamim could be a very good president who knows what will happen? Please don't judge someone or don't harass them,tamim,FAVOR
e8cca9cd9af2ac07,Sameer bro comment ta dekhle Tamim vai ke bolio se ekta fake bubble e ache. Manus asolei tar kaj karbar pochondo korteche na. Amr bissas se moner dik diye valo manus.,tamim,AGAINST
0322f74cbc198272,তুমি কিভাবে জানলে যে আগস্টের 3 তারিখ তামিম ইকবাল গণভবনে ছিল স্বৈরাচারের দালালি বন্ধ করো,tamim,AGAINST
09f6c463efb70e9f,কিছু দালাল আছে তারা তামিম ভাইয়ের কথা না বুঝে বাজে মন্তব্য শুরু করে,tamim,FAVOR
24782ce8a429bc53,"তামিম ইকবাল যদি বিসিবি সভাপতি হন, বাংলাদেশের ক্রিকেট অনেক উপকার পাবে। কারণ তিনি শুধু দেশের একজন সফল ক্রিকেটারই নন, আন্তর্জাতিক পর্যায়েও অত্যন্ত পরিচিত ও সম্মানিত একজন ব্যক্তি। বিশ্বের অনেক ক্রিকেট বোর্ড ও বড় বড় ক্রিকেটারের সাথে তার ভালো সম্পর্ক আছে, যা বাংলাদেশের ক্রিকেটের জন্য বিভিন্ন ক্ষেত্রে সহযোগিতা ও সুযোগ তৈরি করতে পারে। সবচেয়ে বড় বিষয় হলো, তিনি ভদ্র, মার্জিত এবং ক্রিকেটকে ভেতর থেকে বোঝেন। একজন সাবেক অধিনায়ক ও দীর্ঘদিনের আন্তর্জাতিক ক্রিকেটার হিসেবে মাঠের বাস্তব সমস্যা, খেলোয়াড়দের চাহিদা ও উন্নয়নের পথ তিনি ভালোভাবেই জানেন। তার চিন্তার পরিধিও বিস্তৃত, তাই তিনি চাইলে বাংলাদেশের ক্রিকেটকে আরও আধুনিক, পেশাদার ও শক্ত অবস্থানে নিয়ে যেতে পারবেন। যদিও জুয়ারিরা তাদের বাপের শক্রুর বিরোধিতা সব সময়ই করেই যাবে বাট এটা কোন ইস্যু নাহ।",tamim,FAVOR
c7a7954eaf6c0675,আমি মন থেকে এখন চাই তামিম ভাই বোর্ডে আসুক তাহলে এতো নোংরা কাজ হবেনা এটা আমার বিশ্বাস ❤,tamim,FAVOR
397eba6074dbbdd1,এই অনুষ্ঠানের তামিম ইকবাল খানকে না আনলেও পারতেন !!!,tamim,AGAINST
d9b85c79f2aa8374,"Tamim is a dalal. His whole family is involved in BCB they are just milking BCB money. Incompetent, power hunger and unprofessional.",tamim,AGAINST
1b6b32dec0c44c9a,"আপনার বাবা তামিমের দালালি আপনি বুঝেন না, তাই কাকে দালাল বলে আপনি সেটাও জানেন না। তামিম কি আপনার বাপ নাকি 🙄",tamim,FAVOR
46c4aeed907a7a3f,Most run scorer of Bangladesh I remember that hundreds test match of Bangladesh where tamim Iqbal played a great knock Love u tamim,tamim,FAVOR
f8f2e769816d5784,তামিম কি ভারতের এজেন্টের দায়িত্ব নিলো কবে ?,tamim,AGAINST
3ae3a41474316a5c,"তামিম ভাই হয়তো ভুলে গেছে, ক্রিকেট আগে?না, দেশ আগে? দেশ হওয়ার পরই ক্রিকেট আসছে, অতএব আগে দেশের সম্মান,তারপর ক্রিকেট",tamim,AGAINST
917fb0ec04824304,আমরা মনে করি না যে বিসিবি তামিমের মত মতামতের প্রয়োজন আছে বিসিবি যে সিদ্ধান্ত নেবে সেটাই ফাইনাল সিদ্ধান্ত,tamim,AGAINST
26272c71934735ba,এইখানে যারা কমেন্ট করছেন সবকিছু বুঝে কি কমেন্ট করছেন। ভাই এই দেশে যেই সরকার আসুক না কেনো অনেক ক্ষেত্রে ইন্ডিয়ার সাথে আপস করে চলতে হবে আপনি মানেন আর না মানেন কিন্তু এটাই বাস্তবতা। তাই তামিম ভাই ঠিক এ বলেছেন সবার আগে ক্রিকেট এর চিন্তা করতে হবে।,tamim,FAVOR
10ec39d561031952,তামিম ভাই খারাপ তো কিছু বলে নাই শুধু বলেছে ভেবে চিন্তে সিদ্ধান্ত নেওয়ার জন্য,tamim,FAVOR
0e867016376f2e4a,"ভারতকে তোষামোদ করে করেই এই তামিম রা এতো সাহস দিছে বাংলাদেশ কে অপমান করার, ইন্ডিয়ার মতো কান্ট্রি",tamim,AGAINST
3d737c0dcbc8241e,"যদি ভারতে খেলতে যায় আর ভারতের উগ্রবাদী হিন্দুরা কটাক্ক করে গালি দেয় বা টিম বাসে জোতা ইট পাটকেল নিক্ষেপ করে এটার দায়বার আপনে তামিম ইকবাল নিবেন, আর তারা করবে এটা নিশ্চত কারন উগ্রবাদী",tamim,AGAINST
eb7f50dbaff36504,তামিমের মতো খেলোয়াড়রা যদি বিসিবির কোনো দায়িত্ব পায় তাহলে বাংলাদেশের ক্রিকেটের ভবিষ্যৎ খারাপ। ও খালি ইন্ডিয়াকে তেল দিয়ে বেড়াতে চায়! ফালতু,tamim,AGAINST
9931050fe4264474,"I used to be a big fan of Tamim Iqbal. But, now it sounds like Tamim is a big “Dalal” of India. Tamim did not participated World Cup for changing his batting position, which gave pain to his so called “EGO.” Now, he is doing news conference to do Dalali for India. Shame on you Tamim. Do not think if BNP come to power and make you BCB president that easily.",tamim,AGAINST
ebaf033adae53284,যেকোনো সমস্যা আলোচনার মাধ্যমেই সমাধান করাটাই উত্তম। তাছাড়া ক্রিকেটের জন্য ক্ষতিকর হবে এমন পরিবেশ তৈরি না করাই উচিত। দুই দেশ সরাসরি আলোচনায় বসা উচিত। আমি তামিম ইকবালের সঙ্গে সহমত পোষণ করি।,tamim,FAVOR
fe5d2786e604528c,"Even as a diehard Tamim fan, I can not defend Tamim's childish remark especially, at this critical time. He has now brought himself down from the sky to the ground. So sad! Bangladesh comes first no matter what.",tamim,AGAINST
55183eccbe9c6e76,আমি একটা গরু বিক্রি করার জন্য দালাল খুজতেছি যদি তামিম কে পাই সেটা অনেক ভালো হবে।,tamim,AGAINST
cc3a5f31682f2283,সঠিক। তামিম ইকবাল একজন ভালো মানের দালাল,tamim,AGAINST
733c52e21d78dd3f,আওয়ামী লীগের ও ভারতের দালাল😅 আপা যে নাই তা ভাইয়া ভুলে গেছে😅 খালি স্বৈরাচারীদের মত ভয় দেখায়। সবাই তামিমকে নতুন করে চিনলো।,tamim,AGAINST
2de82757e3e0b34b,"শুধু তামিম, সাথে উস্কানিদদতা নোমান! এদের পাবনায় নেওয়া হোক,টাকা লাগলে আমি দিব!",tamim,AGAINST
44994dce4e8b4501,No backlash here in BD. 90% of people are okay forfeiting the WC. Tamim talked about cricketers' salaries.,tamim,NEUTRAL
e293cdfdc6f1c406,"Tamim is facing backlash 😂 Not BCB, You hypocrites😂",tamim,NEUTRAL
40c8ae9c25b2b0d8,তামিম ইকবালকে বিসিবির সভাপতি পদে দেখতে চাই ✊✊✊❤❤❤,tamim,FAVOR
4b52f055087c13b7,আমার প্রিয় খেলোয়ার ছিল তামিম কিন্তু তার কথার জন্য তাকে বয়কট করা হোক,tamim,AGAINST
3157a2cdb5be0e72,"ছাত্র উপদেষ্টা আসিফ মাহমুদ একটা ভালো কাজ করে গেছে,তামিমকে বিসিবিতে না বসিয়ে বুলবুল কে বসিয়েছে। ❤️ল",tamim,AGAINST
657c3ffab9bb182b,তামিম একজন সাধারণ জনগণ এখন সে ক্রিকেটের সাথে জড়িত না ভাবতে হবে মুস্তাফিজ এখনো দেশের গর্ব দেশের হয়ে ক্রিকেট খেলছে তাছাড়া এখানে দেশের সম্মান আগে আগে ক্রিকেট নয় পৃথিবীতে 200 এর উপরে দেশ আছে কয়টা দেশ ক্রিকেট খেলে বাকি যারা খেলে না তাদের কি কোন সমস্যা হচ্ছে এই ক্রিকেট খেলার জন্য ইন্ডিয়ার কাছে আমরা আমাদের মাথা বিক্রি করতে পারিনা,tamim,AGAINST
a16eb104a4762cdb,"৩০ বছর ধরে ক্রিকেট খেলে ১০০ বছরে ১টা এশিয়া কাপও এনে দিতে পারবেনা এই তৈলাক্ত খেলোয়াড়েরা। মূল সমস্যা হলো আমাকে ভুলবেন না তামিম, বোর্ড সভাপতি হতে চায়। তাই সব জায়গায় নাক গলায়।",tamim,AGAINST
0084a59bd3ff4c7e,We don't need money. We need honor. If Tamim s need money pls Send to me I donned him,tamim,AGAINST
c44b27be429dbf8e,যারা তামিমের সাথে সুর মিলায় তাদের কেউ ভারতে পাঠিয়ে দেওয়া উচিত,tamim,AGAINST
53a0d65c383586d2,বাংলাদেশ ক্রিকেটে এমন কিছু হয়ে ওঠে না যে তারা সরকারে কথা অমান্য করবে। পরিচালক সাহেব সঠিক কথাই বলছে তামিমি ভারতের দালাল সে রাষ্ট্রের কথা অমান্য করছে রাষ্ট্র যে সিদ্ধান্ত নিবে সেটাই মেনে নিতে হবে।,tamim,AGAINST
e93657353f63fc9c,"মুস্তাফিজ ইস্যুতে সবাই নীরব থাকলেও তামিম ইস্যুতে সবাই সরব,কারন টা কি?",tamim,NEUTRAL
3905f41a5196d326,"যারা তামিমের পক্ষে কথা বলেছে, তামিমকে অধিনায়ক বানিয়ে তাদেরকে আওয়ামী দল বানিয়ে ভারতে পাঠানো হোক। আর বাকিরা বাংলাদেশ দলে থেকে বিশ্বকাপ ক্রিকেটে অংশ গ্রহণ করবে ভিন্ন ভেন্যুতে",tamim,AGAINST
59fb119983bafea1,তাইলে কোথায় খেলতে গেলে ভালো হবে না হবে এটার দায়িত্ব তামিমকে কে দিছে,tamim,AGAINST
d61a6e1e5056e6f0,এখন খেলার ভূতরে কে কে দালাল আছে চিনতে হবে এক এক করে সামনে আইতাছে দালাল তারা তামিম ইকবাল ভারতের দালাল এজেন্ট,tamim,AGAINST
1c793c12a16fb91e,"দেশের সন্মান না দেখে তামিম ইকবাল ভারতের দালালি করেছে, তামিম কে খমা চাওয়া দরকার সবার সামনে,।",tamim,AGAINST
b46faadcfc76a6b7,অফকোর্স তামিম ইকবাল হিন্দুস্তানের পক্ষে যেটা বলেছেন রয়ের দালাল হয়ে তিনি বাংলাদেশেরক সম্মান মর্যাদা টাকার কাছে বিলিয়ে দিয়ে সরাসরি বাংলাদেশ অসম্মান করা হয়েছে সরকার তার বিরুদ্ধে কি পদক্ষেপ নিয়েছে এটা আমরা দেখতে চাই,tamim,AGAINST
ca9846f1d1b6a779,একে একে সব দালালদের মুখোশ খুলে যাচ্ছে আলহামদুলিল্লাহ। যেসব খেলোয়াড় তামিমের পক্ষ ইয়ে কথা বলতেছে যাদের ইন্ডিয়া গিয়ে খেলার আগ্রহ জাগতে আছে তাদেরকে উত্তেজনা বাংলাদেশ টিম থেকে চিরতরে বাদ দেওয়া দরকার,tamim,AGAINST
62d042e7ed164689,ভবিষ্যৎ চিন্তা করে বাংলাদেশের মুখ্যমন্ত্রী হওয়ার দৌড়ে এক ধাপ এগিয়ে গেলেন তামিম ইকবাল। দেশের মান ইজ্জত বিসর্জন দিয়ে দল টেকানো হাসিনার চরিত্র ছিলো। ঐ সংক্রমক ব্যধি কিছু মানুষকেও সংক্রমিত করেছে। যারা নিজ ও গোষ্ঠী স্বার্থের বাহিরে দেশের কথা ভাবার সময় খুব একটা পান না বলে মনে হয়।,tamim,AGAINST
c33e6e3ff3933802,এই সব গুলো দালাল ঝরিত মুস্তাফিজকে আই পি এল থেকে বাদ দেওয়ার জন্য। ওরাই বিসিসিআই এর সাথে যোগাযোগ করে মুস্তাফিজকে বাধ দেওয়াইছে ।কারন উদের চেয়ে ভালো ক্রিকেট খেলে মুস্তাফিজ এবং আই পি এলে ৯ কোটির বেশি টাকা দিয়ে কিনে নিয়েছে এটা তারা মেনে নিতে পারছে না। তামিম সহো আরো কিছু পিলার জরিতো এ কাজে,tamim,AGAINST
36fe972605c0b3ef,"ভারতের দালাল তামিম ইকবাল/পাশে থাকা ক্রিকেটারা ভারতের দালাল, তাদেরকে ক্রিকেট দল থেকে বের করে দেওয়া হোক",tamim,AGAINST
de22ff51ceaec37d,দালাল তামিম বাহিনী কে বয়কট করো সবাই এরা জনগণের টাকা দিয়ে চলে আর দেশ থেকে তারা টাকা বেশি চাই দেশ কে হারিয়ে হারিয়ে গোপন দল বানিয়েছে তাই তো বলি তাদের পচন্দের ক্রিকেটার না হলে জাতীয় দলে সুযোগ পাই না আর নতুনদের এরা এ সুযোগ দিচ্ছে না এরা আসল সিন্ডিকেট,tamim,AGAINST
4d9dac5e52465fbe,তামিম ইকবাল একজন দালাল তার পক্ষ হয়ে যারা কথা বলে তারাও দালাল,tamim,AGAINST
526f59b0615a8356,@vickydesmond5947 But I admit that calling Tamim Iqbal an Indian agent is wrong speech.,tamim,FAVOR
974a96beaa62874c,Itna dard hua Tamim ke lie..kyun bhai phle kabhi Bangladeshi players ke lie toh baat nhi kia.. Toh ab kyun..kitna paisa mila..,tamim,AGAINST
f777882f13ace3bf,আগের বোর্ড বাংলাদেশ ক্রিকেটকে একদম নাজেহাল করে ফেলেছিল 😔 এখন তামিম ইকবাল দায়িত্বে আসায় নতুন আশা জেগেছে 💪🇧🇩 তামিম ভাই থাকলে ক্রিকেটে আবার আগের জৌলুস ফিরবে 🔥 এই সিদ্ধান্তে আমি অনেক খুশি 😊,tamim,FAVOR
061f79e0e7953d61,Sahi toh bola Tamim Iqbal is talking just like that,tamim,FAVOR
710146d860c48e76,Who is legend Tamim? He is a agent for India and selfies no doubt,tamim,AGAINST
07893ff930dc09c6,Tamim don't try to be agent of india,tamim,AGAINST
f044c137ddf21f70,Tamim is right for our Country Bangladesh,tamim,FAVOR
b6bfa426f278903f,Tamim Iqbal is on wrong side of the situation...,tamim,AGAINST
69b1e7436b01af85,"Tamim's logic makes sense , Bangladesh Cricket Board shouldn't be making emotional decisions which hinders Bangladesh's long term growth in cricket Also , the official should know that Tamim was the man who played with 1 hand fractured for his nation , meanwhile he himself is most probably an official by corruption and party favoritism",tamim,FAVOR
9393bef2ca42281e,"Cricket fans of Bangladesh—now is not the time to sleep. Tamim Iqbal must publicly apologize unconditionally, immediately. Once again, a shadow of concern is looming over the Bangladesh Cricket Board (BCB). There is a strong fear among the public that if Tamim Iqbal exerts influence over the BCB, Bangladesh cricket could once again fall under foreign control. If Indian BCCI influence enters the doors of the BCB even once, Bangladesh cricket will no longer remain independent. Decisions will then come from outside, and Bangladesh will once again be forced to bow its head. This is not imagination—it is a dangerous possibility that must be stopped immediately. Former national cricketer Tamim Iqbal recently made the following statement— “People will say many things but around 90–99% of our finances come from the ICC so we have to make a decision after considering everything” This statement is not only irresponsible, but it is also a direct insult to the independence, sovereignty, and dignity of Bangladesh cricket. At a time when Indian BCCI influence is visible, Indian social media continues to issue repeated insults and hateful remarks against Bangladesh and its people, and when Hindu extremist groups are openly making threats—it is precisely at this moment that such statements are seen by the public as being against national interest. This is not just about cricket—it is a question of national honor. It is a question of independence versus subjugation. Any individual, no matter how big their name, who acts against the country’s interests and paves the way for foreign influence—will be questioned and opposed by the people. If we stay silent today, tomorrow the BCB will not be ours. If we close our eyes today, tomorrow Bangladesh will have to bow its head again. Be alert. Build resistance. Bangladesh will not fall under anyone’s control. • No brokerage in cricket! • Bangladesh will not bow down! • BCB is not for sale—it must be protected! • Foreign control will not be accepted! • A big name does not excuse anti-national actions! • Cricket is ours, decisions are ours! • Touch our sovereignty and you will face resistance! • Keep the BCB independent—save Bangladesh! • Protest today, or face subjugation tomorrow! The Bangladesh Cricket Board (BCB) should not go to India to play the World Cup or any other match, because Hindutva terrorist groups are issuing threats against Bangladesh and its supporters on social media. Bangladesh team supporters would be at high risk in India, and this could pose a life-threatening danger to Bangladeshi cricket fans and journalists.",tamim,AGAINST
a6562bfb162cd4fc,দুঃখিত ম্যাডাম আপনাদের দেশের সাবেক খেলোয়াড়রা বর্তমান খেলোয়াড়দের সমালোচনা করে এটা কোন মেটার না এটা একান্ত অভ্যন্তর বিষয় দেশের আপনাদের উপস্থাপক আচরণ দেখে মনে হয় যে তামিম ইকবালকে দূরে সরে দিয়েছে দুঃখিত এই চিন্তা থেকে বাহির হয়ে যান,tamim,FAVOR
669a12268fd694e2,I Stand Tamim Iqbal khan...Our nation Hero.,tamim,FAVOR
a46168d00eb1ff1a,If you use a bit mind Tamim Iqbal is 100% correct,tamim,FAVOR
7650dd90837b49a6,Tamim iqbal is good cricketer nice statement I agree,tamim,FAVOR
b017923b68804a41,"Tamim Iqbal isn’t Bangladeshi he is ethnically Bihari. His ancestors are from Bihar, India.",tamim,NEUTRAL
49e2d4c989c88dd8,"बांग्लादेश के क्रिकेटप्रेमी जनता—अब सोने का समय नहीं है। तमीम इक़बाल को तुरंत सार्वजनिक रूप से बिना शर्त माफी मांगनी चाहिए। बांग्लादेश क्रिकेट बोर्ड (बीसीबी) के चारों ओर एक बार फिर अशुभ साया मंडरा रहा है। जनता के मन में गहरी आशंका है कि यदि तमीम इक़बाल (Tamim Iqbal) बीसीबी पर प्रभाव जमाने में सफल हो जाते हैं, तो बांग्लादेशी क्रिकेट एक बार फिर विदेशी नियंत्रण के अधीन चला जाएगा। अगर एक बार भारतीय बीसीसीआई का प्रभाव बीसीबी के दरवाज़े में प्रवेश कर गया, तो बांग्लादेशी क्रिकेट स्वतंत्र नहीं रह पाएगा। तब फैसले बाहर से लिए जाएंगे और बांग्लादेश को फिर से सिर झुकाने पर मजबूर किया जाएगा। यह कोई कल्पना नहीं, बल्कि एक भयावह संभावना है, जिसे अभी ही रोकना होगा। पूर्व राष्ट्रीय क्रिकेटर तमीम इक़बाल ने हाल ही में जो बयान दिया— “People will say many things but around 90–99% of our finances come from the ICC so we have to make a decision after considering everything” यह बयान न केवल गैर-जिम्मेदाराना है, बल्कि यह बांग्लादेशी क्रिकेट की स्वतंत्रता, संप्रभुता और आत्मसम्मान का सीधा अपमान है। जिस समय भारतीय बीसीसीआई का प्रभाव, भारतीय सोशल मीडिया पर बांग्लादेश और बांग्लादेशियों के खिलाफ लगातार अपमान, नफरत भरे बयान और हिंदुत्ववादी उग्र समूहों की खुली धमकियाँ साफ़ दिखाई दे रही हैं—ठीक उसी समय इस तरह का बयान देना जनता की नज़र में राष्ट्रीय हितों के खिलाफ है। यह सिर्फ क्रिकेट का मामला नहीं है—यह राष्ट्रीय अपमान का सवाल है। यह स्वतंत्रता बनाम दासता का सवाल है। कोई भी व्यक्ति, चाहे उसका नाम कितना ही बड़ा क्यों न हो, अगर देश के हितों के खिलाफ जाकर विदेशी प्रभाव के लिए रास्ता साफ करता है—तो जनता सवाल करेगी, विरोध करेगी। अगर आज हम चुप रहे, तो कल बीसीबी हमारा नहीं रहेगा। अगर आज हमने आँखें बंद कीं, तो कल बांग्लादेश को फिर से सिर झुकाकर चलना पड़ेगा। सतर्क रहें। प्रतिरोध खड़ा करें। बांग्लादेश किसी के अधीन नहीं होगा। • क्रिकेट में दलाली नहीं चलेगी! • बांग्लादेश सिर नहीं झुकाएगा! • बीसीबी बिक्री के लिए नहीं—संरक्षण चाहिए! • विदेशी नियंत्रण स्वीकार नहीं! • नाम बड़ा होने से देशविरोधी काम माफ़ नहीं! • क्रिकेट हमारा है, फैसले भी हमारे! • संप्रभुता पर हाथ डालोगे तो प्रतिरोध होगा! • बीसीबी को स्वतंत्र रखो—बांग्लादेश को बचाओ! • आज विरोध, नहीं तो कल पराधीनता! बांग्लादेश क्रिकेट बोर्ड (बीसीबी) को विश्व कप या किसी भी अन्य मैच के लिए भारत नहीं जाना चाहिए, क्योंकि हिंदुत्ववादी आतंकवादी समूह सोशल मीडिया पर बांग्लादेश और उसके समर्थकों के खिलाफ धमकियाँ दे रहे हैं। भारत में बांग्लादेश टीम के समर्थक गंभीर खतरे में होंगे और यह बांग्लादेशी क्रिकेट प्रशंसकों और पत्रकारों के लिए जानलेवा खतरा बन सकता है।",tamim,AGAINST
95956d568db6e7dc,Tamim iqbal deserve capital punishment .... indian agent never won many match against india 😢😢,tamim,AGAINST
8048b36ca7a15e6f,"Tamim Iqbal was termed ""Indian Agent"" 😂😂😂 by ex BCB Director when he opposed boycott decision",tamim,NEUTRAL
52f6df10280c1f9f,tamim will destroy this broken BCB more,tamim,AGAINST
b9816cfe842921af,Tamim is not Bengali his family is Bihari muhajir came to then east Pakistan after 1947 partition,tamim,NEUTRAL
40388487c5339e7b,Don't want Tamim.. Now the board will be destroyed,tamim,AGAINST
42e7ed07be34c152,"Tamim is biggest ""Chatukar"" in our Bangladesh 😂",tamim,AGAINST
a98a628a6f910143,Papon is better than dalal tamim. Bulbul sir always god gifted. We stand beside Bulbul sir,tamim,AGAINST
37a035e79c59961f,It’s totally a political decision. Bangladeshi people don’t accept Tamim Ikbal by their heart. Aminul Islam Bulbul truly a popular president & an honest man. Love this man ❤,tamim,AGAINST
2480dbcb60e91ee6,Tamim will handle it with the help of bcci .. with bcci he will make bcb a power house so tension not,tamim,FAVOR
adea7e9b6eef66a0,Hmm.india er PAYE porle thik hoyto naki.tamim u r just in wrong track.,tamim,AGAINST
159c62b03c2caa0c,"তামিমের কাছে এটা আশা করিনি। ভারত যা করেছে, খুব অন্যায় করেছে।",tamim,AGAINST
47aafeb28ae117e0,দালাল তামিম ভাবছে সে যে দালালি করে কোয়াবকে নামাইছে তা জনগন বুঝবে না,tamim,AGAINST
29576e2943d852c8,তামিম পারলে একটা কাপ এনে দেখাক? আমরা মেনে নিব,tamim,AGAINST
33b3ddda31ed56d3,আসিফ ভাইকে অনুরোধ করব এই তামিম গং ভারতের বিরুদ্ধে বলে যাবেন,tamim,AGAINST
4499ac28fcaad226,আসিফ ভাইকে ধন্যবাদ আপনি সঠিক পথে আছেন থাকবেন আমরা তো সব নিজ চোখে দেখছি সবকিছু দর্শকের উৎসাহ দিবেন তামিম যে বাটপার মুনাফেক আসিল মুখোশ খুলে দিবেন জাতির কাছে এটা প্রমাণ দরকার জাতির কাছে প্রমাণ দরকার দেশ দালাল মুক্ত করতে হবে এরা আইনি ভাবে লড়াই করুন জনগণ আপনাদের সাথে আছে।,tamim,AGAINST
74194b5ba4a56e37,রিয়াসাত আজিম নট আউট নোমান দেব চৌধুরী এই তিনটা হলো সাপরী ওদের বাপ তামিম ইকবাল যা করে ওটাই সঠিক,tamim,FAVOR
58d795e767f33ffa,"তামিম ইকবাল কে অবশ্যই বলতে হবে ৪আগষ্ট সে কেন গণভবনে হাসিনার সাথে দেখা করতে কেন গিয়েছিল, সেখানে গিয়ে সে কি কি বিষয় নিয়ে হাসিনার সাথে কথা বলেছে, কি কি আওয়ামী এজেন্ডা সে বাস্তবায়নের চক্রান্ত করছে?",tamim,AGAINST
80d2cb1a36e29539,TAMIM IS SHAMELESS AND GREEDY AND AMBISIOUS.,tamim,AGAINST
fb81f5064c04217c,"বুলবুল এর বোর্ড সিস্টেম নিয়ে কাজ করতেসিল। তামিম এর বোর্ড সিস্টেম নিয়ে কাজ করতেসে না। সিস্টেম নিয়ে কাজ না করলে কোনোদিন নতুন প্লেয়ার তৈরি হবে না। তামিম এর বোর্ড ফ্যান লাগানো, বেতন বাড়ানো এগুলা ছাড়া আর কি কাজ করতেসে?",tamim,AGAINST
23bfc4c5d3a3ea5f,"Tamim Iqbal is a Indian agenit, so kikout him from Banglades.",tamim,AGAINST
7737b07ceee36116,তামিম ইকবাল ভাইকে আমাদের চট্টগ্রামের লোক হিসেবে অনেক ভালো মনে করতাম আগে সাম্প্রতিক ইশরাকের সাথে জড়িয়ে যে কাজ শুরু করেছে তাতে আমাদের চট্টগ্রামবাসী হতাশ,tamim,AGAINST
8a85ad2b19325ab7,আলহামদুলিল্লাহ তামিম ইকবাল ভাই সঠিক পথে আছে,tamim,FAVOR
37a9e52d7e141e0f,গঠনতন্ত্রে বলা আছে এড হক কমিটির থেকে দিতে হবে অথবা যে কমিটি আছে সে কমিটির মধ্য থেকে দিতে হবে । তামিম মিথ্যা কথা বলতেছেন।,tamim,AGAINST
c9c345ec8a02524c,বুলবুল ভাই মুরব্বি বয়স হয়েছে কি কাজ করবে। তামিম ভাই ঠিক আছে,tamim,FAVOR
08b962b6c8c93685,ভাই সবই ঠিক আছে কিন্তু রাজনীতি মানুষ ইসরাক ও ক্রিকেটের কি বুঝে আর তামিম তোমায় অনেক ভালো ক্রিকেটার ভাবতাম এবং ভালো মানুষও বাট তুমি ইশরাকের কাতারে চলে গেছো,tamim,AGAINST
b5b89c9e8669b462,"আমার বাংলাদেশের ক্রিকেটে প্রিয় খেলোয়াড় হলে,,এখন তার কর্মকাণ্ড দেখে মনে হচ্ছে,, সব থেকে বড় বাটপার,পল্টিবাজ,,স্বার্থের জন্য মানুষ নিজের নৈতিকতা এভাবে বিক্রি করে,তাতিম রোল মডেল.! ছি, ছি তামিম.!",tamim,AGAINST
56b09e4e0565a254,Election fear dile shomossa ki? Bulbul and tamim are both capable of running bcb,tamim,FAVOR
ed1f1343ca823231,৩ তারিখ একজন গণভবনে আপার শক্তি যোগাতে গিয়েছিল। তিনি কে জানেন নাকি তামিম ভাই?,tamim,AGAINST
5eafb3e5f7768cb9,তামিম ভাই আপনার থেকে এটা আসা করা যায় না!,tamim,AGAINST
7a6f93c5e046fc34,তামিম আপনি প্লেয়ার দের fixing সাপোর্ট করেন। আপনি জানেন মনে হয় 😅😅😅,tamim,AGAINST
edda46d22ff3b4a8,সাংগঠনিক সর্বোচ্চ পর্যায়ে দায়িত্ব পালন করার মত যোগ্যতা তামিমের নেই। ক্রিকেটাররা সংগঠক এক কথা না। একটি দল তামিমকে সামনে বসিয়ে ফায়দা নিতে চেয়েছিল। ক্রিকেটের জন্য তামিম নামটি যথেষ্ট। দুই এক বছর ধাপে ধাপে উপরের দিকে ওঠা।,tamim,AGAINST
0f777dae9e7e7f60,তামিমকে ভারতের দালাল বলছে খারাপ কি বলছে,tamim,AGAINST
be69f6e09d721754,যে কথা বলেছেন তামিম এতে তামিম যে দালাল এতে সন্দেহ আছে কি,tamim,AGAINST
15f1af2b7c7cb187,​ @primevideo427 বাংলাদেশ এবং ভারতের ক্রিকেট বোর্ডের মধ্যে অনেকটা সমস্যা চলতেছে এরই মাঝে তামিমের যে বক্তব্যটা এটা অনেকটাই বাংলাদেশ বিরোধী বক্তব্য্৷ তামিমে এমন বক্তব্য দেওয়া ঠিক হয় নাই,tamim,AGAINST
2672a912fb5f5745,তামিম ভারতের পক্ষ হয়ে বাংলাদেশ বিরোধী বক্তব্য দিতে পারবে আর তাকে দালাল বললে তোমাদের মন:কষ্ট হবে - তা কেন হবে গো। দালালি করলে তো তাকে দালাল-ই বলতে হবে.... তাইনা?,tamim,AGAINST
74b49f8d7c630c0f,​ @WiseKuruni তামিমকে আমি ঘৃণা করি না আর ভারত তো আপনার ক্রিকেট খেলার মধ্যে রাজনীতি নিয়ে আসছে অনেক বছর আমরা দেখতেছি,tamim,NEUTRAL
fb2d44649ba914c4,আমার মনে হয় তামিমকে ভারতের দালাল বলছে এটা 100% ঠিক বলেছে। কারণ তামিমের মনে হয় দেশপ্রেম নেই। দেশপ্রেম হলে এ কথা জীবনেও বলতে পারতো না ভারতে গিয়ে ক্রিকেট খেলি লজ্জাজনক ঘটনা।,tamim,AGAINST
f57ea030ea8181d0,"কিসের তোপের মুখে পড়েছে, বরং তামিম তোপের মুখে পড়েছে, তামিম দেশের ক্রিকেটার দেশের সম্মান ,দেশের দর্শক ও সাংবাদিকদের কথা চিন্তা করে নাই, পরিচালকের কথায় ঠিক,",tamim,AGAINST
cb0db9a5931932b9,তামিমকে ভারতের দালাল বলেছে এই জন্য তাকে আমাদের পক্ষ থেকে বাংলাদেশ জনগণের পক্ষ থেকে ধন্যবাদ,tamim,AGAINST
abeee931864ae36f,নাজমুল ইসলাম যা বলেছে বাংলাদেশের স্বার্থে বলেছে বাংলাদেশের জনগণের পক্ষ নিয়ে বলেছে নাজমুল ইসলামকে স্বাগতম আর তামিমকেও বাংলাদেশের জনগণ ছেড়ে ফেলে দিবে,tamim,AGAINST
c788dedb739d0f0d,"তামিমের এই কথার সাথে সম্পূর্ণ দ্বিমত, সে এভাবে বললে ভালো হতো বাংলাদেশের স্বার্থটা আগে।",tamim,AGAINST
9ae540539d4a72da,"Tamim er jao ektu credibility chilo, setao nosto holo. Eisob amra start koini, India tader kottor ponthi andh bhakt malaun Der demand maintain kore, fizz ke baad dey. Er pore kono vabei Bangladesh er whole national team ke, India pathano jay na. Keo mara gele, tokhon ei baal shaheb setar responsibility nibe na...",tamim,AGAINST
36bd42b86f0e8702,তামিম ভুল বলেছেন এইদেশ সবার আগে। কিছু লোক ভারতেই গোলামির থেকে বাহির হতে চাই না। বিসিবির সঠিক কথা বলেছেন।,tamim,AGAINST
20ac9f310761abdb,তামিমকে ভালো করে বুঝিয়ে দেওয়া উচিত এদেশে বসবাস করে ভারতের সাথে কখনো সম্পর্ক ঠিক হবে না,tamim,AGAINST
bbeb5c3f1205ae76,তামিম ইকবাল পক্ষে খেলোয়াড়েরা আর আমরা বিসিবি পক্ষে.....,tamim,AGAINST
49b12747948e7dd4,তামিমের বিরুদ্ধে জাতীয় স্বার্থবিরোধী প্রচারণা চালানোর অভিযোগে মামলা করা উচিত,tamim,AGAINST
03ea5fe2070f1167,তামিম এবং ওর সমর্থন নেওয়া সব ক্রিকেটার দেশের শত্রু। এটাই ভারতীয় আধিপত্যবাদের পক্ষের শক্তি। এই মিডিয়াও তাই!!,tamim,AGAINST
d4cfba202afbfe55,"ইন্ডিয়ায় গেলে প্লেয়ার, মিডিয়া বা ব্রডকাস্টিং কারো উপর উগ্রবাদী হিন্দুরা হামলার করলে আটকাবে কে? তামিমের বাপ?? বিশ্বকাপে পয়েন্ট হারাতে হবে আর জরিমানা হবে এর বেশি কিছু না তো",tamim,AGAINST
b0600d4578d28a25,তামিম নিজের দেশের আত্মমর্যাদার চাইতে ভারতের গোলামী করতে বেশি পছন্দ করে।,tamim,AGAINST
5ec4d71115b52f9a,তামিম ইকবাল যা বলে তার কথায় মনে হয় সবার আগে টাকা। মান সম্মান চায় যাক। দেশের সম্মান যা হয় হোক!,tamim,AGAINST
1611f2de8f8aa629,২৪ এর আন্দোলন এর সময় তামিম একটা পোস্ট পর্যন্ত দেয় নাই। এখন সারা দেশের সাধারন মানুষের মতের বিরুদ্ধে তিনি কথা বলছেন। শেইম অন তামিম। বোর্ড পরিচালক যা বলেছে সঠিক বলেছে,tamim,AGAINST
9a8e29b01c905ba0,"Thanks. M Nazmul Islam is absolutely right indeed. Keep your minds that ""cricket is bigger than Tamim even cricketers, and country is the biggest than cricket"".",tamim,AGAINST
f649fdb9736c9b5e,এ সময় তামিমকে নিয়ে কথা না বলাই ভালো এ সময় তামিম কেন এ ধরনের কথা বললো যে সুযোগটা নিবে ইন্ডিয়ান সাংবাদিক বা ওরা আবার দেখি কোয়াবের লোক কথা বলতেছে এখন সবাই একসঙ্গে হয়ে এক কথা বলা উচিত,tamim,AGAINST
30a6aae1764d4c00,তামিমকে এই মুহূর্তে বুঝিয়ে দেওয়া উচিত ভারতের পক্ষে যে কথা বলবে সে বাংলাদেশের শত্রু,tamim,AGAINST
c9d9ed89d765f559,"বিতর্ক না, সঠিক কথাই বলেছে। আমরা দেশের জনগণ তার কথাকে সমর্থন জামাচ্ছি। তামিম এবং এই বদমাশ ক্রিকেটারগুলো বাংলাদেশে ভারতের আধিপত্যবাদ প্রতিষ্ঠা করে।",tamim,AGAINST
c994b3a1c9009e35,যেখানে পুরো দেশ দেশের সরকার বিসিবি সবাই সিদ্ধান্ত নিচ্ছে মর্যাদার সম্মানের সেখানে তামিমের এই মন্তব্যর জন্য উনি যেটা বলেছেন আমার কাছে যথার্থই মনে হয়েছে এতো ভালো সাজার দরকার কি তামিম এর দেশ আগে দেশপ্রেম আগে লস হোক কিন্তু সম্মান বড়।,tamim,AGAINST
f461fce44997d345,"বিষয়টি তদন্ত করা উচিত,, তামিম ভাই একজন সম্মানীত ক্রিকেটার। উনার সমন্ধে যে কোন কথা বলতে হলে অবশ্যই প্রমাণ থাকতে হবে।",tamim,FAVOR
b4c1f28f82ac5e6e,মুস্তাফিজুর কে যখন বাদ দেওয়া হয় তখন তামিম কই ছিল?,tamim,AGAINST
e93c08b95d165f3c,কেন বাংলাদেশের মানুষকে ভুলে গেছে বিসিবি নির্বাচনকে কেন্দ্র করে ইন্ডিয়াকে ফোন করেছিল তামিম ইকবাল,tamim,AGAINST
d548d8912f77bd00,তাহলে তামিম ইকবাল যে এরকম কথা বলল তার বিরুদ্ধে কি ব্যবস্থা নিয়েছে বোর্ড তাহলে তিনি বাংলাদেশকে অসম্মান করে কথা বলছে সার্বভৌমত্বকে নিয়ে কথা বলছি তারপর দেখতে কেন পদক্ষেপ নেওয়া হলো না,tamim,AGAINST
2992386686fa9c92,"নাজমুল ইসলাম ঠিক বলেছেন, ক্ষমা চাইতে হলে তামিমকে চাইতে হবে, সঙ্গে যে দালালরা ওর পক্ষ নিয়েছে, এদেশের মানুষ ক্রিকেট দেখা বন্ধ করে দিলে। তাদের সম্মান দিয়ে কি তাদের গড় চলবে।",tamim,AGAINST
0e060c3d439ad086,",তামিম ইকবাল এখানে খারাপ কি বলেছে ও তো ঠিকই বলেছে আমরা যদি এখন আবেগের বসে কোন ভুল করে তাহলে জিম্বাবুয়ের মতো বাংলাদেশের ক্রিকেট ধ্বংস হওয়ার পথে যাবে আসিসির বিরুদ্ধে গিয়ে যদি আপনি কিছু করেন",tamim,FAVOR
83c962fb6d2d37fa,তামিমের বক্তব্যে স্পষ্ট ভাবে বোঝা যাচ্ছে সে ভারতের দালালী করেছে,tamim,AGAINST
a5d46454baaa2726,নাজমুল ইসলাম উনি কোন খারাপ কথা বলেন নাই উনি সত্য কথা বলছে তামিম ইকবাল যে বলল জনগণের কিছু যায় আসে না জনগণই তো খেলা দেখে।,tamim,AGAINST
816eb2dc9aabc909,"ছাত্র উপদেষ্টা আসিফ মাহমুদ একটা ভালো কাজ করে গেছে,তামিমকে বিসিবিতে না বসিয়ে বুলবুল কে বসিয়েছে। ❤️",tamim,AGAINST
c82b82184ada1f9c,তামিম ইকবাল নিরবে ভারতে খেলার পক্ষপাতিত্ব করছে এটা করও চোখে পরলোনা এমনকি যে সমস্ত সাংবাদিক প্রশ্ন করেছে তারাউ কি প্রশ্ন ভুলে গেছে নাকি তামিম ইকবালের দেয়া উত্তর,tamim,AGAINST
86a07dbec9e10374,তামিমের কাছে জানতে চায় দেশ বড় নাকি ক্রিকেট বড় ক্রিকেট বোর্ড ক্রিকেটারদের সম্মানের জন্য প্রতিবাদ করেছে তাই জোর গলায় মিডিয়ারা তার বিপক্ষে চলে গেছে দেখা যাচ্ছে কিছু মিডিয়া ভারতের পক্ষে কাজ করতেছে,tamim,AGAINST
7d6b11a5a766f0f0,তামিম তো জুলাই আন্দোলনে ছিল না তাই তার কাছে আই সি সির ৯০ টু ৯৫% অনেক বেশি মূল্য।,tamim,AGAINST
316f94f7c7077ae1,"তামিম ইকবাল সঠিক কথাই বলেছেন। তবে সব সময় সঠিক কথা বলাও ঠিক নয় এটা হয়তো উনি বুঝতে পারেননি। স্রোতের বিপরীতে চলাটা খুবই কষ্টকর,তাই তো সবাই স্রোতের অনুকূলে চলার চেষ্টা করে। যারা নাজমুল ইসলামের পক্ষে কথা বলতেছেন তারা বাংলাদেশকে তো ধ্বংস করেছেন এবার বাংলাদেশ ক্রিকেটকেও ধ্বংস করতে চাচ্ছেন।",tamim,FAVOR
bdb64c68a84e6943,"যারা শুধু বিরোধীতার নামে ভারত বিরোধীতা করে, তারা ইন্ডিয়ান কাশ্মীরি শাল গায়ে দিয়ে নেতাগীরি করে!! মেয়েকে জয়পুরী লেহেঙ্গা কিনে দেয়!! বউকে ইন্ডয়ান শাড়ি কিনে দেয়!! ম্যারেজ ডে, বার্থ ডে পালনের সময় হিন্দি গান বাজায় তাদের কি লাজলজ্জা নেই!! তামিম ইকবালের সত্যি কথার জবাব দিতে তারা ভদ্রতা হারিয়ে ফেলে কেন!!",tamim,FAVOR
1f378fec53c9a51e,Vai. Cricketকে শেষ করে দিয়েন না।ভবিয্যত অন্ধকার হয়ে যাবে cricket নিয়ে বদমায়েশি করলে।কেনিয়ার মতো ফকির হয়ে যাবেন।তামিম সঠিক বলেছে।পাকনামি করে দেশটাকে ডুবাইয়েন না।এখনো সব ঠিক ঠাক চলছে।দয়া করে ঝামেলা বাড়াইয়েন না।,tamim,FAVOR
3cda42e6910a2503,"সত্যি কথাই তো বলেছে!! তামিম স্টেটমেন্ট টা যে দিয়েছে। সেটার সারমর্ম করলে কি দাঁড়ায়?? ইন্ডিয়া কে সমঝে চলো, ভবিষ্যত চিন্তা করে ইন্ডিয়ার পা চাটা চালিয়ে যাও -- এমন কথাই তো হয়!!! দেশের মান সম্মান চিন্তা না করে যে প্লেয়ার ১০ বছর পরের ক্রিকেট চিন্তা করে, তাকে কি বলা যায়??? আরে!! ইন্ডিয়া মুস্তাফিজ এর মাধ্যমে বাংলাদেশ কে এমন অপমান করলো!! এইরকম ক্রিকেট না খেললে কি হয়! যেখানে ইন্ডিয়া বা অন্য কোনো একটা দেশের পা চাটতে হয়!!! ওই খেলা ছেড়ে দিয়ে বসে থাকলে কি হয়????",tamim,AGAINST
e16d6a1f0e0b49b9,"তামিম ইকবাল সুযোগসন্ধানী সুবিধাবাদী এক আয়নাবাজ! যে কিনা গত ১৭ বছর হাসিনা, ভারত এবং বর্তমানে বিএনপিরও আস্থাভাজন হিসেবে কিছু ভাইব্রাদার নিয়ে বাংলাদেশের ক্রিকেটের ১২টা বাজানোর চেষ্টায় সচেষ্ট আছেন। দল মত নির্বিশেষে সবাই এদের বিরুদ্ধে সজাগ থাকুন এবং বিসিবি পরিচালক এম নাজমুল ইসলামকে ধন্যবাদ জানাচ্ছি তার মন্তব্যের জন্য।",tamim,AGAINST
06152af1ca21537e,"তামিম ভারতের পক্ষে কিছু বলে নাই, তার বিরুদ্ধে অপপ্রচার হচ্ছে",tamim,FAVOR
487a08dcf1f30187,"তামিম ইকবালের যে জ্ঞান আছে, সেই জ্ঞান সবার নাই ।",tamim,FAVOR
d40c6c498cea68dd,"আগে তামিমের কথা শুনুন।।তারপর চিন্তা করুন।।ইন্ডিয়ায় গেলে প্লেয়ার, মিডিয়া বা ব্রডকাস্টিং কারো উপর উগ্রবাদী হিন্দুরা হামলার করলে আটকাবে কে? তামিমের বাপ?? বিশ্বকাপে পয়েন্ট হারাতে হবে আর জরিমানা হবে এর বেশি কিছু না তো",tamim,AGAINST
04d6d7feb264d675,"​ @MehediHasan-li6ki , তোগো বুলবুল কি করে, এখন চেন্নাই তে খেলা হবে, তখন কি হবে, আগে তামিমের বক্তব্য, সে বলছে আগে খেলোয়াড়দের কথা চিন্তা করতে হবে",tamim,FAVOR
84ecf4dadaa46965,তামিমকে স্বরাষ্ট্র মন্ত্রণালয় ডাকা হোক। তামিমের কত বড় সাহস সে বাংলাদেশ রাষ্ট্রের বিরুদ্ধে কথা বলে।,tamim,AGAINST
5c40296114fb512d,তারা মুস্তাফিজকে নিয়ে কোন বিবৃতি দিতে দেখলাম না এখন আসছে তামিম ইকবালের জন্য আমার মনে হয় পরিচালক ঠিকই বলেছে,tamim,AGAINST
38c48b8592528c80,"​ @AntyPakBiz লোল! হোটেলে গেছি সিংগেল রুম ভাড়া করতে! খোদ হোটেলেই আমাকে সিংগেল রুমই দিতে পারতেছে না! আর তামিমের মতো দালাল আইসা কইতাছে - ""অই হোটেলে কিন্ত ফ্যামিলি রুম ভাড়া না নিলে আপনার পরে অসুবিধা হবে! "" এখন প্রকাশ্যে আইসা হোটেলের দালালি করতেছে সেটা দেখেও আমি তারে হোটেলের দালাল বলতে পারবো না! 😆",tamim,AGAINST
2f1a599b16c5908a,তামিম কি দেশের চাইতে নিজেকে বড় মনে করে,tamim,AGAINST
88432b9043835e64,"তামিম এর পুরো বক্তব্য শুনুন,,,, তার ভিতর দেশের মানুষ বা দেশ প্রেম বলে কিছু কি ছিল,,, সে দেশের মানুষ বা দেশ প্রেম প্রকাশ পায় এমন একটা কথা কি বলে ছে,,,,দাসত্ব এর আভাস পাওয়া গেছে,,, সরাসরি যুক্ত আছেন ভারতীয় সারথে,,,,,অরে কি বলবে মানুষ?",tamim,AGAINST
c8303e9e5ee6a81c,BCB should prove that it has self-respect. And Tamim and other players you also get some self-respect bro...,tamim,AGAINST
6994692dfe73456e,"জুলাই অগাস্ট এ ছাত্র জনতা হত্যার সাথে শেখ হাসিনার মতো তামিম ইকবালও সরাসরি জড়িত। তাকে কেন এখনো বিচারের আওতায় নিয়ে আসা হচ্ছেনা , ঠিক বুঝলামনা। ভারতের দালাল বলে কি সব মাফ ?",tamim,AGAINST
71c402d64492186f,আমি এই এন টিভির সাংবাদিক ভাইদেরকে বলতেছি দয়া করে আপনি নিজের কমেন্ট গুলো পড়ে দেখেন সাহেব রাইট তামিম রাইট এখানে ১০০ কমেন্টের মধ্যে 99 পার্সেন্ট কমেনি কমেডি পরিচালকের পক্ষে যাবে পরিচালক সাহেব যা বলেছেন সত্য বলেছেন আমি একজন পরীক্ষিত ভারতের দালাল,tamim,AGAINST
884f68f26840aacc,তলে তলে তামিমকেও ভারতের দালালি আছর করলো ?,tamim,AGAINST
175775b5598c1184,মুস্তাফিজের জায়গায় যদি তামিম হইত তাহলে তিনি কি ভাবতেন? মুস্তাফিজ দেশের প্রতিনিধিত্ব করছে এখানে দেশের সম্মান আগে! তারপর খেলা!,tamim,AGAINST
61c8c61cedba3a9d,"বাংলাদেশ ক্রিকেট বোর্ডের একজন পরিচালক তামিম ইকবালকে ভারত দালাল বলেছেন, এটা নিয়ে বিতর্কের যথেষ্ট সুযোগ আছে, কিন্তু আজকে ক্রিকেট বোর্ডের চুক্তির অন্তর্ভুক্ত ক্রিকেটাররা তামিমের পক্ষে প্রতিবাদ করছেন অথচ ভারত যখন বাংলাদেশকে অপমান করেছিল, এই ক্রিকেটাররা নিরব ছিলেন, তাই তামিম বিষয়ে কথা বলার নৈতিক অধিকার এই ক্রিকেটারদের নাই, ভারত যখন বাংলাদেশকে অপমান করে তখন এই ক্রিকেটারদের গায়ে লাগেনা ক্রিকেটারদের ভারত প্রেম এতটাই অন্ধ করে দিয়েছে যে, তারা প্রথমে বাংলাদেশী তারপরে খেলোয়ার এটা তারা ভুলে গিয়েছে ভারত ক্রিকেট বোর্ডের অন্তর্ভুক্ত কোন খেলোয়াড় মুস্তাফিজের পক্ষে কথা বলেনি, অথচ এখানে বাংলাদেশের ক্রিকেটাররা রীতিমতো যুদ্ধে নেমে গিয়েছে ভারতের পক্ষে অন্যদিকে পাকিস্তানের কোন ক্রিকেটারদের আমরা দেখিনি ভারতের পক্ষে কথা বলতে আজ এই ক্রিকেটারদের দেশ প্রেম নিয়ে প্রশ্ন তোলা যায়, কারণ এখন পর্যন্ত আমরা কোন ট্রফি পাই নাই এই খেলোয়ারদের কে অবশ্যই আজীবনের জন্য বহিষ্কার করা উচিত, প্রয়োজনে আমার আবার নতুন করে শুরু করব, সবার আগে বাংলাদেশ আমাদের গাদ্দার খেলোয়াড়দের কে চিহ্নিত করে বহিষ্কার করতে হবে ইনকিলাব জিন্দাবাদ",tamim,AGAINST
8e9d35380e7c0f0d,আমি তামিম ভক্ত। তবে সাদা কে সাদা বলতেই হবে। পরিচালক ঠিক বলেছে,tamim,AGAINST
246e619b13c362d7,"জনগণের টাকায় বিসিবি চলে। ৯০% জনগণ চায় না,,, বিশ্বকাপ খেলতে বাংলাদেশ দল ভারতে যাক। সেখানে তামিম এমন কথা বলার কে???",tamim,AGAINST
a7ac76a5b8284c6f,ভারতের হয়ে দালালির অপরাধে তামিম কে জুতার বাড়ি খেয়ে দেশবাসীর কাছে ক্ষমা চাওয়া উচিত।,tamim,AGAINST
e8bc3f5a6c0700a7,১০০% সত্য কথা বলেছে তামিম ইকবাল ভারতের দালাল তা না হলে এসব কথা তার মধ্যে মানায় না,tamim,AGAINST
0c9c18474b169070,তামিম যেন মনে করে না তাকে যারা এতদিন ব্যক্তিগতভাবে পছন্দ করতো সাপোর্ট করতো। তারা সবাই তামিমের সাথে তামিল যা ইচ্ছা করবে তামিমের সাথেও ভারতের দালালি করবে।,tamim,AGAINST
04124c9a317a5f7a,অবশ্যই দালাল। পরিচালক ঠিক বলেছে। তামিম কি দেশের চেয়ে বড়?,tamim,AGAINST
78230be9c246b4d4,"তামিম ইকবাল কে সরকার কে নির্দেশনা দেওয়ার?? ভারত বরাবই বাংলাদেশ বাংলাদেশের ক্রিকেট কে উপহাস করে। নিরাপত্তার অজুহাত তোলে নিচক রাজনৈতিক হিংসার কারনে মোস্তাফিজ কে বাদ দিতে বলে, সেখানে বাংলাদেশ সরকার উপযুক্ত সিদ্ধান্ত নিয়েছে, যে ভারতে কোন ক্রিকেট খেলতে দল পাটাবেনা। সে ক্ষেত্রে সরকারকে টপকে গিয়ে মাতব্বরি করার তামিম ইকবালের কি প্রয়োজন?? দালাল কে দালাল বলবে না, তো সেলুট করবে। তামিম দালালই",tamim,AGAINST
dcb4536c4ece5a09,তামিমকে বিচারের আয়তায় আনা হোক থেকে বড় হয়ে গেছে যেখানে গোটা বাংলাদেশ একদিকে বলতেছে তে যাব না আমরা সেখানে সে কেন আইসা দালালি করবে পরিচালক সাহেব ঠিকই বলেছেন আমরা সবাই উনার পক্ষে আছি,tamim,NEUTRAL
de8db5f1f9888df9,"তোপের মুখে পরিচালক নাকি তামিম, একটু ভালো করে মন্তব্য গুলো পড়, তোরা সাংবাদিকরা হলি আসল ভাইরাস😢😢😢",tamim,FAVOR
c33b6c0c7a521f6f,"ঘুরিয়ে পেচিয়ে তামিম কিন্তু ভারতের পক্ষই নিয়েছে, আর যেই ক্রিকেটাররা ওর পক্ষ নিছে ওরাও ভারতে যেতে চায় টাকার জন্য!!",tamim,NEUTRAL
7f73c0d2e56a65a6,"বাংলাদেশ ক্রিকেট বোর্ডের একজন পরিচালক তামিম ইকবালকে ভারত দালাল বলেছেন, এটা নিয়ে বিতর্কের যথেষ্ট সুযোগ আছে, কিন্তু আজকে ক্রিকেট বোর্ডের চুক্তির অন্তর্ভুক্ত ক্রিকেটাররা তামিমের পক্ষে প্রতিবাদ করছেন অথচ ভারত যখন বাংলাদেশকে অপমান করেছিল, এই ক্রিকেটাররা নিরব ছিলেন, তাই তামিম বিষয়ে কথা বলার নৈতিক অধিকার এই ক্রিকেটারদের নাই, ভারত যখন বাংলাদেশকে অপমান করে তখন এই ক্রিকেটারদের গায়ে লাগেনা ক্রিকেটারদের ভারত প্রেম এতটাই অন্ধ করে দিয়েছে যে, তারা প্রথমে বাংলাদেশী তারপরে খেলোয়ার এটা তারা ভুলে গিয়েছে ভারত ক্রিকেট বোর্ডের অন্তর্ভুক্ত কোন খেলোয়াড় মুস্তাফিজের পক্ষে কথা বলেনি, অথচ এখানে বাংলাদেশের ক্রিকেটাররা রীতিমতো যুদ্ধে নেমে গিয়েছে ভারতের পক্ষে অন্যদিকে পাকিস্তানের কোন ক্রিকেটারদের আমরা দেখিনি ভারতের পক্ষে কথা বলতে আজ এই ক্রিকেটারদের দেশ প্রেম নিয়ে প্রশ্ন তোলা যায়, কারণ এখন পর্যন্ত আমরা কোন ট্রফি পাই নাই এই খেলোয়ারদের কে অবশ্যই আজীবনের জন্য বহিষ্কার করা উচিত, প্রয়োজনে আমার আবার নতুন করে শুরু করব, সবার আগে বাংলাদেশ আমাদের গাদ্দার খেলোয়াড়দের কে চিহ্নিত করে বহিষ্কার করতে হবে",tamim,AGAINST
b46fbde13ebb17bd,তামিম ইকবালের কথা শুনে মনে হয়েছে ভারতের দালালি করতে আছে,tamim,NEUTRAL
40474d8dd92b370a,তামিম ভারতের দালালি করেছে তার বক্তব্য দালালির মধ্যেই পড়ে।।,tamim,NEUTRAL
024f65e98fe7ecf0,"দালালি করলে সমস্যা নাই, কিন্তু দালালকে দালাল বললে জ্বলে। এই দালাল তামিম খেলোয়াড় থাকা অবস্থায় বিভিন্ন গ্রুপবাজী করে গিয়েছেন। তার অপরাজনীতির কারণে বিপিএলের এই মৌসুমে বরিশাল টিম নাই। এখন তামিম সিন্ডিকেটের সুবিধাবাদীরা উঠেপড়ে লেগেছে ডিফেন্ড করতে।",tamim,AGAINST
bbcbb98b0e2df863,"According to Bangladeshis Tamim Iqbal is actually Indian RAW agent Tanay Agarwal,Jo India ke liye Kam kar raha he Bangladesh mein😅😅😅😅😅😅",tamim,NEUTRAL
0b59c37ab8648e7c,"Tamim should be punished, Tamim is traitor",tamim,NEUTRAL
5341cd3c40294bae,Tamim is a shameless dalal. This type of Player is root cause for Bangladesh downfall. Money is everything for these greedy players,tamim,AGAINST
5ef8b3f237812ffa,"তামিম কত বড় ক্রিকেটার , কত বার অধিনায়ক মূখ্য নয়। তার দেশপ্রেম প্রশ্ন বিদ্ধ। তার সাথে তার কিছু ক্রিকেট সংশ্লিষ্ট সতির্থরা ও আছে। খুবই দুঃখজনক। এদের কে কোটি টাকা খরচ করে বাংলাদেশ খেলোয়াড় বানিয়েছে। এরা ডলার চিনে। দেশ কোথায় গেল , সম্মান কোথায় নামল, মর্যাদা কোথায় বিক্রি হলো সেটি এই সদ্য ডলার কামানো ক্রিকেটার দের কিছু যায় আসে না। এছাড়া এদের লেখাপড়ার দৌড় সীমিত, পাঠ্য জ্ঞানের ও চিন্তাশক্তির গভীরতার অনেক অভাব আছে। তাই এই ভারত প্রেমি ক্রিকেটার দের বলব তোরা স্টেডিয়াম ও মাঠের ভেতরেই থাক। মুখে কুলুপ আটকে রাখ। বেশী কথা বললে নিজেদের অশিক্ষিত মনোভাব, অযোগ্যতা ও ভারত প্রীতির লেবাস আরো বেশী করে খুলে যাবে। ডলার কামানোর জন্য বহুদেশ আছে ভারত ছাড়া। এইভাবে নিজেদের আর ছোট করিস না , বিক্রি করিস না, নিজেদের মান মর্যাদার কথা ভাব। বাংলাদেশ সরকারের ও জনগনের সেন্টিমেন্ট বোঝার চেষ্টা কর। যে বক্তব্য দেবার যোগ্যতা তোর বা তোদের নেই , জ্ঞান নেই সে বিষয়ক কথা না বলাই শ্রেয়। অবশ্য এই লেখাটি বোঝার ও জ্ঞান আছে কি না সে বিষয়ে ও যথেষ্ঠ সন্দেহ আছে। ক্রিকেট বোর্ডের পরিচালক অনেক ভদ্র যে তিনি তার কঠিন সত্য বক্তব্য কে বেক্তিগত মন্তব্য বলে তোদের কে সম্মান দেখিয়েছেন। আর সেটা বোঝার ও যোগ্যতা নেই তোদের।",tamim,NEUTRAL
0aca1ccc6110e1c1,"Tamim is seriously a Indian dalal. He proved it in his statement. To him money is above the dignity of his own nation, shame on him. Why don't we kick him out of the country to India where he may make some money by defaming our Bangladesh Bangladesh.",tamim,AGAINST
0750e16e9ddcf2b0,এই তামিম বাংলাদেশের ক্রিকেটের বারটা বাজাচ্ছে 2023 সালে ওয়ার্ল্ড কাপে যেমনটা করছিল....,tamim,NEUTRAL
1bbca5bb9d9cd414,​ @MD.DeluarHossainQadery তামিম কি বলছে খেয়াল করেন নি,tamim,NEUTRAL
8c8415b59491052b,"আমরা বাংগালী হুজুগে বাংগালী,কান কথা বিশ্বাস করি বেশী,তামিম কে যারা ভারতীয় দালাল বলে আগে তারা উনার ভিডিওটা ভালো করে শুনেন তারপর মন্তব্য করেন উনি যেটা বলেছেন যে বিসিবি তার নিজের সিদ্ধান্ত নিজেকেই নিতে এখানে সে খারাপ কি বললো? যারা তামিমকে দালাল বলে তারা তামিমের ওই ভিডিও দেখেই নাই না দেখে না বুঝে একটা মানুষকে অপমান করা উচিৎ না,মাথামোটা।",tamim,FAVOR
a0e3daa54f92a203,তামিম ভালোমনের মানুষ ❤❤তামিমের অনেক অবোদান আছে দেশের কিরিকেটে ❤❤,tamim,FAVOR
519852a2e0479860,আমি একটা কথা বুঝি না হাসিনা আর কত অপরাধ করলে তাকে অপরাধী মনে হবে। তামিম আর কি ভাবে ইন্ডিয়ার সাপোর্ট করলে তাকে ইন্ডিয়ার দালাল বলা যাবে। বাংলাদেশের মানুষ কোন নৈতিকতা দিয়ে এদের কে সাপোর্ট করে।,tamim,NEUTRAL
8b2f8b7686c978f7,"দালাল কে দালাল বলবে এটাই স্বাভাবিক, তামিম যদি দেশের জন্যই খেলতো তাহলে বিশ্বকাপে সে কেন খেলেনি শুধু মাত্র ওপেনিং থেকে মিডল অর্ডারে নামাবে বলে।",tamim,NEUTRAL
23ab3ca7e3ce15d0,তামিমের বিশ্লেষণ ভুল ৪০/৫০% আয় আসে কিন্তু তামিমের উচিত ছিলো সবার আগে নিরাপত্তার কথা চিন্তা করা কিন্তু সে তা করেনি সে হয়তো নিজের স্বার্থের কথা বলে গেছে -,tamim,AGAINST
2f2e56cfbd5c5173,যারা তামিমের পক্ষ হয়ে রাস্তায় বের হইছে তাদের গ্রেফতার করা উচিত,tamim,NEUTRAL
2b91f4b953d8f285,বাংলাদেশ সাবেক জাতীয় ক্রিকেটার তামিম ইকবাল নিঃসন্দে একটু বড় মনের মানুষ এবং ভালো মানুষ উনি কখনো ভারতে দালাল হতে পারে না উনি মিথ্যে কথা বলেন না দল এবং ক্রিকেটারদের সাথে কথা বলেন,tamim,FAVOR
ceb8bc4971e6695e,তামিম জনগণের বিরুদ্ধে আন্দোলনে গিয়ে প্রমাণ করেছে আসলেই সে দালাল। আমরা দালাল মুক্ত বাংলাদেশ চাই,tamim,NEUTRAL
06b6dc96e011e34c,Tamim Bangladesh is first. Don’t be greedy,tamim,NEUTRAL
f98757ae958de3b1,"আসিফ ভাইয়ের পাশেই আছি আমরা, দালালের কাজ দালালী করে সেটা হচ্ছে তামিম ইকবাল",tamim,NEUTRAL
cd25715a89cc6730,"Thanks Asif bhai.Tamim kar uskanite koyek din por por kisu na bujhe songbad sommelon korte aase? Ate tar imej nostoh hoeye gece. ei mentality nieye, ki vabe board president er candidiate hoy ? Bulubul bhai & tar 25 jon director thik aase. Desh er jonohon toh bulbul bhai er netritoh k support kortece.",tamim,NEUTRAL
6ce6a77b36736f3a,So now we can’t give our opinion! What’s wrong if tamim gave an opinion? These new directors only try to stay in public eyes.,tamim,NEUTRAL
be00c45bb8963a57,তামিম ইকবাল সাহেব এতো কথা বলা উচিত না,tamim,NEUTRAL
50f3fb73dd935522,দালাল কে দালাল না বলে এজেন্ট বলা উচিত তার সহজ কথা তামিম ইকবাল ভারতের এজেন্ট 😅,tamim,NEUTRAL
e5645b8b8196692e,Tamim tar somman rakha uchit. Cricket er age desh. Tamim bujhtechena tar jonopriyota zero kotai jabe must........,tamim,NEUTRAL
ca16d5026c28b999,"If the world is against Tamim Iqbal , I'm with the world",tamim,NEUTRAL
af50e336194ce49d,"রিক্সাওয়ালাদের ফেভারিট সিঙ্গার আসিফ আকবর ফাকে ফাকে বিসিবির সাথে কিসের ব্যাবসা করত তামিম ইকবাল সেটা ক্লিয়ার করে বললেন না কেন? নিম্ন শ্রেনীর লোকজনকে উচ্চ শ্রেনীর আসনে বসালেও তাদের স্বভাব আর কথাবার্তা নিম্নমানেরই থাকে। নিজে একজন তারকা হয়ে দেশের আরেকজন তারকা সম্পর্কে এইভাবে হেয় করে কথা বলা যায়? অন্যসব দেশে একজন আরেকজনকে ঠেলে উপরে উঠায়, আর এই দেশে চলে টেনে নিচে নামানোর প্রতিযোগিতা! আপনারা যে কি বোর্ড চালাইছেন সেটা তো দেশের মানুষ দেখছে। তামিম কিভাবে চালাচ্ছে সেটাও দেশের মানুষ দেখছে। নিজেরা এত পটর পটর না করে বিচারটা পাবলিককেই করতে দেন। আর আপনি ক্রিকেট ফিল্ডে না, বরং কনসার্ট আয়োজন করে গিয়ে গান করেন।",tamim,NEUTRAL
f278461c2fb6f590,"আসিফ কি আজকাল ঘুমের ঘোরে থেকে কথা বলেন,তামিমের সাক্ষাৎকার না দেখেই এই রকম মন্তব‍্য করছেন।এরা বাংলাদেশের ক্রিকেটকে ধংস করে দিচ্ছে।",tamim,NEUTRAL
bb4de733c86cd2d7,তামিম খেলা থেকে অবসর না নিয়ে ক্রিকেট সভাপতি হয় কেমনে!! দুই নৌকায় পা দিছে তামিম,tamim,AGAINST
d4ea2642b840d64b,এখন যদি গ্রহন যোগ্য নির্বাচন না হয় তাহলে ১৬ বছর কি হয়েছে এটার উত্তর তামিমের কাছ থেকেই চাই।,tamim,NEUTRAL
fcda5a5f90d89dc6,তিনটা তামিম মিলেও একটা বুলবুল হবে না !,tamim,NEUTRAL
4c16a8b102e6a8e6,তামিমের দোষ সে বিএনপি করে এর জন্য তাকে কেউ পছন্দ করছে না,tamim,AGAINST
e4394e95aeb42656,নির্বাচন টাকে প্রশ্ন বিদ্য করেছে তামিমআর বিএনপি ইশরাক 😡😡,tamim,NEUTRAL
f324aa64f713a254,তামিম পঠা তার জামানত বাজেয়াপ্ত হবে সেই ভয়ে নির্বাচন কে বিতর্ক করার জন্য এই নাটক করেছে তামিম পাঠা,tamim,AGAINST
fb5ee3ebfd51fb09,"বাংলাদেশ এ তামিম ইকবাল এর অবস্থা হচ্ছে এই রকম, প্রথমে দলবল নিয়ে খেলতে আসল মাঠে, ভাবছে দল দেখাই জিতে যাবে, কিন্তু মাঠে নামার পর আর খেলাই পারতেছে না, তখন মাঠি থেকে উঠে বলল ফাউল, আব্বা আব্বা আমি আর খেলব না...তামিম ভাই আর কত??????????",tamim,NEUTRAL
7cf7a151d1396488,"তামিমের লজ্জা করা উচিত,,, ছি!!! তাকে ভালো ভাবতাম",tamim,FAVOR
c27dd9cc571fb33b,হাসিনার আমলে কই ছিলেন তামিম সাহেব?? তখন কেনো আওয়াজ তুলতেন না⁉️,tamim,NEUTRAL
3a5bb50237d93a4a,Tamim so far i know he is a good person i think someting problem in bcb,tamim,NEUTRAL
48489a279d27b884,তামিম পরিবার কী এমন করেছে পরিবারের সবাই মিলে চেয়ার দখল আর দূনীতি। খারাপ সময়েও দলে খেলেছে চাচার জোড়ে নতুন প্লেয়ার তৈরীতে যা একধরনের বাধা ছিল। বা ভাল প্লেয়ারদের ক্যারিয়ার শেষ হয়েছে।,tamim,NEUTRAL
fe7bc4145b160451,তামিম ইকবাল ১০০% হারবে এই নির্বাচনে তাই সে মনোনয়ন প্রত্যাহার করেছে,tamim,NEUTRAL
837a2616b3ee560b,"তামিম ইকবাল এখন ভন্ড হয়েছে, আগে খুব ভালো লাগতো",tamim,FAVOR
fdc607f24e0b9582,তামিম ইকবাল বিসিবি প্রধান হলে ভালো হতো।,tamim,FAVOR
c9eb679b1156bc2d,Ke kun doler sapot niye aslo ata to kuno bisoy hote pare na tamim Bangladeshi kina atai bisoy hoya ucit baba bnp kore tai bole ki selera bisibi ilekson korte parbe na .. apnader a sob kormo kando desher jonogonke ki message dicsen kokhono ki vebe deksen,tamim,NEUTRAL
12cac566815d9198,আমার তো মনে হচ্ছে তামিম এর সাথে স্বৈরাচারের যোগাযোগ আছে।,tamim,NEUTRAL
49693f9cbddd3a18,তামিম ইকবাল মাঠেফিল্ড ও না বিভিন্ন সময় বিভিন্ন কথা বলছেন মনে হয় শেষ হয়ে গেছে ভালো হয়েছে সামনে খুব ভালো মানুষ তোরে তো,tamim,FAVOR
b141299f7b114449,"তামিমের এসব কান্না শোনার এখন আর কারো সময় নেই, চেয়েছিলেন দলীয় লোকদের কে নিয়ে সিন্ডিকেট তৈরি করা, কিন্তু আল্লাহ উত্তম পরিকল্পনাকারী",tamim,NEUTRAL
413fe3c03e1ce709,তামিম ভাইয়ের দরকার ছিল স্বতন্ত্র পার্টি তার কোন দলেই থাকা উচিত নয়,tamim,NEUTRAL
89a871cbebc79a29,তামিমের পাশে বসে বলে বিসিবি ঘেরাও দিবি ইসরাক বলে কতো বড়ো সাহস 🤬🤬🤬🤬🤬🤬 এখন তামিল বিএনপির দালালি করছে,tamim,NEUTRAL
4d41fd7784fb03ac,তামিম বিএনপির সাথে ডলাডলি না করে নিরপেক্ষ থাকলে ভালো অবস্থানে থাকতো,tamim,FAVOR
a1f7a8a6cf3e95fa,তামিম একটা দলের পক্ষ নিয়ে না আসলে ভালো হতো,tamim,FAVOR
27097bf542b7d285,তামিম সহ যারা বিদ্রোহ করেছে সবাই বিএনপির লোক,tamim,NEUTRAL
328614ae6d0a45b4,তামিম সাহেবের মনমতো না হলেই নোংরামি হচ্ছে। বিশ্বকাপ এর আগেও উনি ঝামেলা করে ছিলেন। উনার স্বার্থ রক্ষা না হলে উনি ঝামেলা করবেন।,tamim,NEUTRAL
46a2c5f28230bb67,"তামিম সাথে বিএনপি নিয়ে না এলে তার অনেক জনপ্রিয়তা ছিলো, অথচ সে নিজের জনপ্রিয়তা নিজেই ধ্বংস করে দিলো। সে বিএনপি নিয়ে সংবাদ সম্মেলন করার পরে যেভাবে সোশ্যাল মিডিয়ায় মানুষ তারে পচাইছে সেটাতো সে নিজে দেখছে। এখন হারার ভয়ে আবার নতুন নাটক দেখায়, আসলেই লজ্জা নাই এই ছেলের। 😂",tamim,AGAINST
2a987287caf1ea41,"তামিম কে নিয়ে যারা সমালোচনা করছেন,আপনারা কি এটা বুঝেন না,যে উনি তো সবকিছু ক্লিয়ার করছে মিডিয়ার সামনে। যাদের কে সাধু বলছেন তারা তো কেউ মিডিয়ার সামনে আসে না,কিছু বলেও না।নীরবতা কি সম্মতির লক্ষণ না...?",tamim,AGAINST
328f56d594b96b2b,"তামিম ইকবাল নিজেকে একজন হাস্যকর ক্রিকেটার হিসেবে উপস্থাপন করছে, সে একবার অবসরে যায় আবার পরের দিন ফিরে আসে। আবার রাগ করে খেলেনা, এখন আবার সভাপতিত্বে নাটক। এরে সভাপতি বানাইলে বিসিবি নিজের পায়ে কুড়াল মারবে",tamim,AGAINST
fa4ad3b7ccdd6e86,তামিম কে খুব পছন্দ করতাম।। বিনপি কি করছে সে কি জানে না তারপর আর একজন কে দেখে কি শিক্ষা নেওয়া উচিৎ ছিল না।। জাতি বুঝে সব নাটক কম করো প্রিয়,tamim,NEUTRAL
1c08ec0650758c05,Tamim JE barpar. Sobai Jane. Nijer shubidha na hole 😂😂 purai Akta natokbaj😂 kado ahare,tamim,NEUTRAL
360b68f8f04d1525,খুবি লজ্জার বিষয় আমরা চাই তামিম কে বাংলাদেশের মানুষের কথা মনে করে তাঁকে বিসিবিতে তাঁকে দায়িত্ব দেওয়া উচিৎ,tamim,AGAINST
be4a792c6daf5566,তামিম নয় খারাপ বাকি সবাই কেনো প্রত্যাহার করলো ।তামিম ছাড়া বাকি সবাই কি বিএনপির ছিলো ।,tamim,AGAINST
7188d4b711575a0c,আমরা তামিম ইকবাল ভাইকে নির্বাচনে চাই অর এটার অভিজ্ঞতা আছে ও জানে কি করলে কি করা যাবে,tamim,NEUTRAL
a41911c3b4861409,শান্ত ছেলে তামিম এই দিন দিন নয় আরো দিন আছে,tamim,NEUTRAL
a889cc2bcc99c862,Asraful k AKshomoy tamim martey gecilo na. Very taough tika ashraful. Ar,tamim,NEUTRAL
0ba5883b48534d02,যারা অনেক বছর ধরে ক্রিকেট ফলো করে তাদের কিন্তু মনে আছে তামিম আশরাফুলের মাঠে দ্বন্দ্বের কথা,tamim,NEUTRAL
7214281efd629be3,"BCB official spokesperson was 100% right,we can't complain about that accusations. In our country has lot of Indian agent & Tamim one of thems.",tamim,FAVOR
32421072be49fe12,তামিম কে ভালো জানতাম ও যে এত বড় দালাল সেটা এখন বুঝলাম,tamim,FAVOR
7c473f9741e54269,তামিমের মতন দালালকে এই পোস্ট আমরা দেখতে চাই না,tamim,NEUTRAL
f654384eac7a0a0b,নির্বাচন না করে তামিমকেই দায়িত্ব দেওয়া উচিত। সে ক্রিকেট সম্পর্কে ভালো জানে,tamim,FAVOR
d4cf801808ae4b07,তামিম আমার পছন্দের খেলোয়াড় ছিল। কিন্তু রাজনীতিতে জড়িয়ে কিংবা কোন একটি দলের ম্যানডেট নিয়ে নির্বাচন করায় তাকে বয়কট।,tamim,NEUTRAL
3c21404057279090,​ @studyidesk7340 বিএনপি সব জায়গায় তাদের ক্ষমতা দেখানোর চেষ্টা করে যাচ্ছে তার প্রমান মেথর সাহেব আর তামিম ইকবাল এগুলো চোখে পড়ে না 😂,tamim,NEUTRAL
fcb274daa7e55283,Tamim was my one of the favorite cricketer as soon as I heard he is with BNP I became really really sad . F Tamim,tamim,NEUTRAL
b28531f207c158ad,ঢাকা সিটি করপোরেশন নিয়ে ইশরাক হোসেনের যেমন জনপ্রিয়তা কমলো তামিম ইকবালের ক্ষেত্রে সেটা হচ্ছে বিষয় টা দুঃখজনক হলেও সত্য আমাদের প্রিয় মানুষগুলো সব অপ্রিয় হয়ে যাচ্ছে,tamim,NEUTRAL
c09534a7b01e917f,বাটাবা তামিম ভালো হয়ে জাও সময় থাকতে,tamim,FAVOR
92912991f7eb930a,Ami mone kori bulbul vhai president ar jnno thik ase.tamim apatoto director hoye asuk..,tamim,NEUTRAL
0977936d09945a1c,তামিম জান্নাতে যেতে চাও? কমেন্ট দাতাদের দলে ভোট দাও😂😂😂,tamim,NEUTRAL
695249916e2aee4c,সব কথার শেষ কথা বুলবুল যেখানে দাড়িয়েছে তামিম সেখানে না দাড়ালেও পারতো সিনিয়র প্লেয়ারকে শ্রদ্ধা করা উচিত ছিল,tamim,NEUTRAL
78c1fdd228091211,Tamim? Tahole ki Pappon Valo silo? jodi Akhon nongrami hoye thake. apnio ki awamilig er doshor naki?,tamim,FAVOR
811d924fb3145326,"ঠিক আছে তামিম মনে করছে আসিফ বাচ্চা, যা বলবে তাই করবে আসিফ",tamim,NEUTRAL
ca4cb3d79e19057d,পেছনের কলকাঠি নেড়ে ঝামেলা এবং নষ্টের মূলের কারিগর! তামিমের সাথে না পারে এখন সাধু সেজে কি বলে!!,tamim,NEUTRAL
2feed47ffcfcf48e,খুব ভালো হয়েছে প্রিয় তারকা তামিম ইকবালকে অভিনন্দন ❤❤❤❤❤,tamim,FAVOR
8219eb1396db0188,বিসিবির নতুন অ্যাডহক কমিটি যাদের নিয়ে গঠিত হলো- প্রধান - তামিম ইকবাল সদস্যবৃন্দের মধ্যে উল্লেখযোগ্য - ১. সালাউদ্দিন আহমদের ছেলে - সৈয়দ ইব্রাহিম আহমেদ ২. আমির খসরুর ছেলে - ইসরাফিল খসরু ৩. মির্জা আব্বাসের ছেলে - মির্জা ইয়াসির আব্বাস ৪. প্রতিমন্ত্রী ববি হাজ্জাতের ওয়াইফ - রাশনা ইমাম,tamim,NEUTRAL
ecb9351be8f3de4f,তামিম ইকবাল যোগ্যতা এখনো হয় নাই আরো বয়স হতে হবে।,tamim,NEUTRAL
1a76454db5c74007,অবশেষে ভারতের দালাল তামিম ইকবালের জয় হলো!,tamim,NEUTRAL
3a908fd9ba8d87f6,ভাই জে জতো চাটা চাটি করেন ১ নাম্বার হতে পারবেন না এটা এক মাএ তামিমের স্থান,tamim,NEUTRAL
218d1a0638572895,তোদের ইচ্ছাটা কি যে খেলোয়ারের আন্তর্জাতিক ক্রিকেটে ২৫ টা সেঞ্চুরি 93 টা হাফ সেঞ্চুরি অন্যদিকে তোদের বুলবুল যার ৫ হাফ সেঞ্চুরি ১টা সেঞ্চুরি সে বিসিবি সভাপতি হলে সমস্যা নেই তামিম হলেই সব জ্বালা😴,tamim,NEUTRAL
545510d165d4f043,তামিম দায়িত্ব নেয়ার পর এতো গালাগালি এতো বাজে কমেন্ট মনে হয় আর কোন সভাপতির সময় দেখি নাই।।।৯০% ক্রিকেট প্রেমি এটা মেনে নেয় নায় মনে হচ্ছে,tamim,AGAINST
f7a7569b1b95d8a5,​ @mdforidUddin-w9u তামিম এখন বিশ্বকাপ চ্যাম্পিয়ন বানাবে? বুলবুল তামিমের চেয়ে অনেক বেশি যোগ্য। এবং এটা এখন আর বিএনপি ক্রিকেট বোর্ড,tamim,NEUTRAL
011ed51e6dafee5e,জয় জয় তামিম বাবাজির তৈল মর্দন জয়।তেল বাবা....,tamim,NEUTRAL
002b0cfb0dcb0cbc,তামিমের এই দায়িত্ব নেয়া ঠিক হয় নাই।বুলবুলকে সম্মান করা উচিত ছিল,tamim,NEUTRAL
184b894ac1428139,কায়সার ভাই এত বুঝেন পাপন দাদর সময় তখন কার নিবাচন নিয়ে বৈধ ও অবৈধ প্রশ্ন করলেন না কেন আপনারা সাংবাদিক রা পারেন বটে। তবে তামিম একটা লোভী খেলওয়ার ছিল এখন বোড ধংস করতে নেমেছে,tamim,AGAINST
432230335e21f888,Tamim talks about damaged reputation? ICC যেখানে ঢাকায় এসে রিপোর্ট দিয়ে গেছে যে বাংলাদেশ দলের জন্যে নিরাপত্তা হুমকি আছে সেখানে সরকার কিভাবে বিদেশে দল পাঠায় ? বরং তামিম ২৩ বিশ্বকাপ এর পূর্বে সোশ্যাল মিডিয়া দ্বারা influenced হয়ে ক্যাপ্টেন থাকা অবস্থায় অপেশাদারী কায়দায় অবসর নিয়ে দেশের ক্রিকেটীয় ইমেজ নষ্ট করেছে। বেকুব পাপনের উচিত চলো এর উপর শাস্তিমূলক ব্যবস্থা নেয়া।,tamim,AGAINST
a8e9d844a00cbc2e,"একমাএ তোসামদ কারিরাই এই এডহক কমিটির পক্ষ নিবে, রাজনৈতিক হস্তক্ষেপ মুক্ত একটি ক্রিকেট বোর্ড ছিলো বুলবুল সাহেবের নেতৃত্বের বোর্ড, পলিটিকাল গভর্মেন্ট আসার পর দেশের সমস্ত প্রতিষ্ঠানে পরিবর্তন আসছে,অতএব এটা যে ঘটবে এটা সময়ের বিষয় ছিলো, যাইহোক তামিম ইকবালের নেতৃত্বে বাংলাদেশের ক্রিকেটে ভালো কিছু আশা করা সম্ভব না, কারন অযোগ্যতা।",tamim,FAVOR
c991032a7cc2513d,Pichone hatar jonno ki ei tamim gong prodhan karigor na?????,tamim,NEUTRAL
e20d64ba1dbc16c3,"Tamim reputation ferate chai,Tamim er reputation aace? sobai galagali kortece?ci ci ci.",tamim,NEUTRAL
4fd572b02faec609,"তামিম কোনভাবেই সামলাতে পারবে না। কারণ সে জটিল পরিস্থিতিতে মাঠ ছেড়ে পালানোর জন্য প্রস্তুত থাকে, যেমন বিশ্বকাপে না খেলা এবং গত নির্বাচনের সময় হঠাৎ করে নিজেকে প্রত্যাহার করে বিদেশ চলে যাওয়া এটা অনেক বড় উদাহরণ।",tamim,NEUTRAL
e3512ed8dff1a751,তামিম আফতাব একই পাড়ার ক্রিকেটার। আফতাব টাকার লোভে পড়ে ভারতের বিদ্রোহী লীগ আইসিএলে খেলতে গিয়ে নিষিদ্ধ হয়েছিলো। জাতীয় দলে খেলার সময় তামিমের ভাই নাফিস আফতাবের কম্পিটিটর ছিলো। ওদের দুজনের কথাবার্তা তেমন হোত না। নাফিস ইকবালের ভাই হিসেবে আফতাব তামিম ইকবালকে পছন্দ করে না। আফতাব স্বভাবতই তামিম বিরোধী হবে তা আমাদের চট্রগ্রামের সকলের জানা।,tamim,NEUTRAL
b2111e15bb3b7201,যতটা ক্ষতি আসিফ গং করেছে তামিম ভাইয়ের এত চ্যালেঞ্জিং টাইমে দায়িত্ব নেওয়াটা কঠিন হবে। দেশের বাইরে বিসিবি ভাবমূর্তি পূর্ববর্তী বোর্ড নষ্ট করে গেছে।,tamim,NEUTRAL
d545e5c6ada87978,New dalal is come back.1 tamim dalal Allah bless my country,tamim,NEUTRAL
f4fde016d2b331cc,সরকারি হস্তক্ষেপে আয়েশা ক্রিকেট বোর্ডের দায়িত্ব লইলেনএর চেয়ে হাস্যকর বিষয় আর কি হতে পারে তামিম ভাই আমরা ও চাই আপনারা ক্রিকেট বোর্ডের দায়িত্বে আসবেন আসলে ভালো হবে কিন্তু এভাবে সরকারি হস্তক্ষেপে আপনি বাংলাদেশের লিজেন্ডারি পিলিয়ার আপনি তো আরামসেই ক্রিকেট বোর্ডের দায়িত্বে আসতে পারবেন সরকারি হস্তক্ষেপের কি প্রয়োজন ছিল আপনার কাছ থেকে আমরা সাধারণ মানুষ এসব জিনিস আশা করিনা তামিম ভাই ক্রিকেট বোর্ডের দায়িত্ব লওয়ার জন্য সরকারি হস্তক্ষেপের প্রয়োজন পড়ে,tamim,FAVOR
503e908a78263b15,তামিম ভাই সভাপতি হলে ভালো হবে কিন্তু বি এম বির হয়ে কোনো সবিদা নিতে পারবে না সে সঠিক ভাবে সভাপতি হোক সেটা আমি চাই,tamim,FAVOR
55e067b24af9aabe,😂😂😂😂.tamim ki political party theke ase nai?? Tamim kintu orginal Bangladesh naki??,tamim,NEUTRAL
b3f1928ff1847eea,তামিম ভাই দেশের এিকেট অনেক ভালো করবে বলি আশা করি😊,tamim,FAVOR
f06e0d9014f070b1,খুব ভালো লাগলো 🇧🇩❤ Go ahead Tamim Vai 💙,tamim,FAVOR
c5d7dc41db91e9c8,তামিম তুমি অসাধারণ এই না যোগ্য সভাপতি ভালোবাসা অবিরাম❤❤❤ আর কিছু কিছু বডবাহিনী তোমাকে নিয়ে উল্টোপাল্টা বলতে পারা তবে তুমি পিছে ফেরো না এগিয়ে যাও রব তোমার সাথে আছে বিসিবির সভাপতি কয়েকদিনে হইয়া তুমি যা করেছ তা গত ৩০-৪০ বছরে অথবা স্বাধীনতার পর থেকেও এই কাজগুলো করেনি তুমি অসাধারণ আর তোমার এই অসাধারণ তা দেখে অনেকেই জ্বলছে যাদের জলে বেশি তারা বলে তাদের উপর তেল ঢালা হয়েছে আহা তুমি তামিম তেল মারছো কিন্তু ওই সমস্ত ব্যক্তিদের ওপর যারা জ্বলছে তোমার দেয়া তেলে তারা জ্বলে পুড়ে ছারখার হচ্ছে🔥🔥🔥🔥,tamim,FAVOR
14d52f8824991cd5,Tamim iqbal k onek troll korsi but unar kaj onek valo lagse amar shotti bolte. Uni jodi avabey desher cricket k importance den tahole shob kichur jonno sorry Tamim Iqbal Khan,tamim,FAVOR
2b76a9f54375f50d,"তারেক রহমান কার্ড দেয়, তামিম দিবেনা তা কি হয়",tamim,NEUTRAL
cb8c984d8bed9a50,"Everyone is praising this captain’s card idea. But I have different thoughts about this. I feel that there are other players who contributed heavily but never captained the national team. This is not fare to them. Many of them might feel left out of these benefits just because they never captained the team. I can also come up many conspiracy theories. For example: Tammi did this because he was a captain himself. So this will also benefit him for the rest of his life. 😂. Also, most of the players who received this card, will be on Tamim’s side in future Tamim related issues. Who knows what were his real intentions are. I also feel that Tamim should have gradually worked his way up to president’s position. He rushed into it. It didn’t have to be so controversial. In my opinion, Aminul Islam Bulbul should have given more time to work. I heard from many people that Tamim as a person is very kind. I don’t know him personally. I’m a local cricketer from New York USA. I wish the very best to Tamim’s new endeavor and I wish good luck to Bangladesh cricket board.",tamim,NEUTRAL
75a23649caa42210,তামিম সব জায়গায় ছক্কা মারছে। অসাধারণ তার সব উদ্যোগ। আমি আগামী পাচ বছর তাকেই বিসিবির বস হিসেবে দেখতে চাই।,tamim,NEUTRAL
06fcbfa7c594f32a,"Tamim is a disaster for Bangladesh Cricket! He is a disaster for BNP! Tamim become a ""BAPER DUA"" president.",tamim,NEUTRAL
c0624ab586ab161d,তামিম জোর করে পদ দখল করছে এর ফল তাকে ভুগতে হবে।,tamim,NEUTRAL
fc4ed102c10e8bdf,Good cricketer doesn't mean good organiser. Tamim is genuine conspiracy maker.,tamim,NEUTRAL
f43629dce2c29ea9,Media daalalai start korse... Tamim k highlight korte.... Eder k....amra jeno chini rakhi....future er jonno....,tamim,NEUTRAL
c7e7c4a07ec3426d,"Tamim cricket board e ashle valo hobe na, kintu apni samne jete parben kenona...",tamim,FAVOR
9058b517a04e3d18,তামিমের দালালি মনে হয় সবার কাছে বেশ পরিষ্কার।,tamim,NEUTRAL
e4a1438944270d03,"Tamim Iqbal is the best ever opening batsman in Bangladesh, Tamim Iqbal made Bangladesh proud around the world. He is a decent man and deserve to be Bcb president. We love Tamim Iqbal ❤🏴󠁧󠁢󠁥󠁮󠁧󠁿",tamim,FAVOR
600bb188e8eeb9a8,আপনার পোষ্টের লালছ. খারন আগে ছিলেন সভাপতি পরে সহ সভাপতি.কেউ উপর থেকে নিছে নামে. এখন তামিমকে তেল মারতেছেন. হা হা নির্বাচনের আগে কেন বলেন না.,tamim,NEUTRAL
650ecfe92f207f3e,"দালাল তামিমকে চাই না, যদিও দেখি অনেকে চায়, আমিও এক সময় চাইতাম এখন না",tamim,NEUTRAL
e38ce65a47fc82f5,তোরা আউট আমরা চাই তামিম ইকবাল বিসিবির সভাপতি হোক,tamim,NEUTRAL
a6742808e927ff69,আগামীর বাংলাদেশ ক্রিকেট বোর্ডের সভাপতি হিসেবে দেখতে চাই তামিম ইকবালকে,tamim,NEUTRAL
c0cccf5be4e1a720,"তামিম দালাল, ইন্ডিয়ার পক্ষে কথা বলে, বাংলাদেশের মর্যাদা হক ও তামিম চাইনা, যখন মুস্তাফিজকে অপমান করল তখন তো আমি কার পক্ষে কথা বলছি ভারতের পক্ষে কথা বলেছি তামিমের খেলা আমরা দেখতে চাই না দেখব না বয়কট করলাম",tamim,NEUTRAL
abd6d34979678ffa,Tamim er maturity er obhav ase.. r o 10 bosor por dakha korte bolen.,tamim,NEUTRAL
c177625c2b69b3f8,তামিম ইকবাল কে বিসিবি সভাপতি হিসেবে দেখতে চাই,tamim,NEUTRAL
2fde09c8de8b510b,"যেকোনো অবস্থাতেই তামিমের বিকল্প নেই। তিনি এই পর্যন্ত বাংলাদেশের সেরা বেটার, এ কথা আমরা ভুলে যাই কিভাবে ? সত্যিই সেলুকাস বিচিত্র এই দেশ!!",tamim,NEUTRAL
8d7422bdf1708d12,Asif mahmud is a good Character everybody can see why Asif rejection Tamim see now Tamim attitude.,tamim,NEUTRAL
c13d25a5e0aea6f5,"হাই স্কুলে পড়ার সময় ময়না পাখি ছিল, কথা বলতে না পারায় মুক্ত করে দিয়েছিলাম, কিন্তু সে কিছুতেই যাচ্ছিল না, কষ্ট করে আম গাছের ডালে রেখে এসেছিলাম, অন্য পাখিরা এসে মারতে থাকে, তাই পাখিটি আবার ঘরে ফিরে আসে, বাধ্য হয়ে আবার খাঁচায় বন্দি করতে হলো, একই অবস্থা আমাদের তামিম ইকবালের বেলায় হয়েছে,",tamim,NEUTRAL
de91f60959bc284b,এই ধরনের নিজ স্বার্থ লোক ভোডে না নেওয়াই ভালো তামিম ইকবাল দেশের জন্য খেলে না নিজের সারথে টাকার জন্য খালে,tamim,FAVOR
b2dcdf0584c44cb9,"So, indirectly Tamim Iqbal indicating take risk and send whole team to India even ICC and India using their power to full fill only their business profit and ego.",tamim,NEUTRAL
298577dff4e2b631,Tamim iqbal said as a BNP member. BCCB took the right approach.,tamim,FAVOR
7a47228b3e869111,"টাকা টাকা তামিম দাদা টাকা টা ভালো চিনে,, দেশের মানুষের কোন মূল্য তার কাছে নাই।",tamim,FAVOR
8ea41c903ec89530,"We, people of Bangladesh, do not agree with Tamim! বাংলাদেশের ইন্টারেস্ট এর জন্য বাংলাদেশ ক্রিকেট। বাংলাদেশ ক্রিকেটের ইন্ট্রারেস্টের জন্য বাংলাদেশ নয়। But you are only advocating about the interest of Bangladesh cricket!",tamim,NEUTRAL
3eb2c8f99b408900,তামিমের এই কথায় একমত নয়। তামিমের নিজেকে ছোটো করে দেখছে। তামিমের মুখে এমন কথা মানায় না। তামিমের মুখে এমন কথা আশা করি নাই,tamim,NEUTRAL
62b7176f9243cbb4,"TAMIM,you are a emotional baby boy. So you should not any comment. You are greedy for power. You didn’t mention the root cause. So sad….how you talk feel like you are compromised.",tamim,NEUTRAL
a03ed13802a59881,tamim to bd team a thakto akram khan er jonno. ki baje performance tarpor o kothai team a khelto.,tamim,NEUTRAL
697aabd140b0a1d1,এদের আসলে কোনো নৈতিকতা নেই! তামিম তোকে আমরা খুব ভালো করেই চিনি যার প্রমাণ হলো গত বিশ্বকাপে আফগানিস্তানের সাথে ওপেনিং এ নামতে নিষেধ করার কারণে ইগো দেখিয়ে তুই পুরো বিশ্বকাপেই খেলিসনি। এখন আসছে আমাদেরকে ভবিষ্যতের জ্ঞান দিতে 😂😂😂। তোর মতো খেলোয়াড়রা খেলার জন্য দেশের সম্মান বলি দিতে দ্বিধা করবি না।,tamim,FAVOR
9d1472d462d0d4fd,"তামিম ইকবাল বোর্ড প্রেসিডেন্ট হয় নাই - ভালোই হয়েছে। সে যেভাবে ভারতের দালালিতে নেমেছে, এই সময়ে সে বোর্ড প্রেসিডেন্ট থাকলে অবশ্যই ভারতের হয়ে দেশের সম্মান বিনষ্ট করে দিত।",tamim,FAVOR
2c7ef77eb1b04729,Indian BCCI kintu India Govt met kotha sonche mustafizur Rahman ke Ber kore diyar jonno.... R Tamim BBC Takar Chinta korche... Tamim Indian Dalal der ekjon Proman koreche 👍,tamim,NEUTRAL
7f775877b0093a0a,Thank you Sheikh Hasina. Hope we will see Tamim in the world cup,tamim,NEUTRAL
aece3c1245cd367d,Vai Tamim hocche Bangladesh cricket team er 1 jon golden batsman. Tar kase theke amra cricket ke valobaste sikchi. Tar haat dore amra 2023 world cup jitbo inshallah😇😇😇,tamim,FAVOR
5c72013c421571f1,তামিম ভাই এইবার বিশ্বকাপ চাই আপনার হাতে,tamim,NEUTRAL
d35cbbd0c16aa7aa,Mashrafee & Tamim is the best cricketer of Bangladesh cricket team❤ love u M+T❤। মাননীয় প্রধানমন্ত্রী আপনার কাছে অনুরোধ বিসিবি থেকে অযোগ্য পাপন কে বহিষ্কার করা হোক সব নষ্টের ঘোরা পাপন।,tamim,FAVOR
79ba415030c501e1,"Tamim: Amakre Papon kaku bokse? eeeee ... eeeee... PM: Ei Papon, o tomar natir boyosi oke boko keno? jao ador kore dao. Papon: Tamim kade na, captaincy te tomari thakbe, fit holeo captain, na holeo captain, khelleo captain na khelleo captain. Kadena babu. Tamim: ahhh...no more retirement. bari jai der mus ghumai asi.",tamim,AGAINST
fe84345a5b2f6891,কি নাটক টা করল মাইরি!!!! 😂😂😂😂😂😂 নট আউট নোমান ভাই কই আপনি??!!!! বলসিলাম না? তামিম ফিরবে!!! আপনার চ্যানেল আর সাবস্কাইব করা হইল না!!!! 😆😆😆😆😆 বাংলাদেশ এটা!! নাটক দেখতে দেখতে বড় হইসি এখানে!!! 😅😅😅😅😅😂😂😂😂,tamim,NEUTRAL
00a2a0ef7bdac9ae,"Such attitude of Tamim is not acceptable.. his presence WC 2023 surely boost the moral of other cricketers... besides he is captain and salaried player of BCB. If want retirement, should give time and must be after world cup...",tamim,AGAINST
dccba2494e26e128,Tamim be like : camera dekh ke hath hila dijiye aapke ek Chhota sa prank hua hai 😅,tamim,NEUTRAL
05e77cf75a2fc3a0,Tamim be like :- udhar camera mai dekh haath hila do aapke saath prank hua hai,tamim,NEUTRAL
e6fe95919189541a,It was not a joke it was very big achievement for tamim ikbal #respect,tamim,FAVOR
ef19eeb91f94e6ed,Tamim be like prank hogya app ke sath😂😂😂,tamim,NEUTRAL
6486ba25188b20a7,Yes khan is back ❤ love YOU Tamim 🖤,tamim,FAVOR
35d4f31d816d7803,বিসিবি ঠিক সিদ্ধান্ত নিছে। তামিমের দালালি বন্ধ করেন,tamim,NEUTRAL
6a1fb5c4d81f7758,সবার উপর দেশ সত্য তাহার উপর নাই। উনারা কিভাবে নির্বাচন হয়েছে এটা এখন বলার সময় নয়। নাজমুল দেশের পক্ষেই বলেছে ১৮ কোটি মানুষের পক্ষেই বলেছে। তামিম মূর্খের মত বলেছে দেশের বিরুদ্ধে বলেছে দেশদ্রোহীর মত কাজ করেছে।,tamim,NEUTRAL
12fe4fb7fb53508b,"তামিম ইকবালের ক্ষমা চাওয়া উচিত বাংলাদেশের জনগণের কাছে,",tamim,NEUTRAL
5051a32fd3f40bb9,"বাংলাদেশের ক্রিকেট , দেশ , অর্থনীতি চলে ভারতের টাকা তে মানিস আর না ম্যানিস, এটাই ফ্যাক্ট ওটাই তামিম ইকবাল বলেছে .",tamim,NEUTRAL
446edf4e498d0b39,ভাই আপনি তামিমের দালালি করছেন। তামিম যে কথা বলেছে সেটা ভারতের দালালি করার সামিল। সে বাংলাদেশের থেকে ভারতকে বেশি প্রাধান্য দিয়েছে। ভারতে গিয়ে খেলা ঠিক হবে না।,tamim,NEUTRAL
805cc18c006d3909,Who is tamim? Only a Former cricketer 😅😅😅,tamim,NEUTRAL
1e6678c657cb3275,তামিম সম্পর্কে যে মন্তব্য করা হয়েছে তা সম্পুর্ন সঠিক। সে আসলেই দালালি করে,tamim,NEUTRAL
1ff789c9e94d816d,তামিম এই ব্যাপারে কিছু বলার অধিকার তখনই হারিয়ে ফেলছে যখন মুস্তাফিজকে আইপিএল থেকে বাদ দিয়েছে এবং তামিম ইকবালের কোন প্রতিক্রিয়া ছিল না,tamim,AGAINST
9acd3ba3eb336920,যে সকল প্লেয়ার তামিমের পক্ষ নিয়ে ভারতের দালালি করছে এদেরকে আইনের আওতায় আনা হোক । ১. সাইফ ২. ইমন ৩. নাজমুল শান্ত ৪. মমিনুল ৫. মেহেদি মিরাজ ৬. মিঠুন ৭. শামিম পাটোয়ারী ৮. সাইফুদ্দিন ৯. তাসকিন ১০. রুবেল ১১. তাইজুল,tamim,NEUTRAL
a9ea0255f3c33fce,"তামিম ইকবাল এখন জাতীয় ক্রিকেট দলের কে? সে এখন সাধারণ একজন দর্শক, তার বিসিবি নিয়ে এতো নাগ গলানো উচিৎ নয়।",tamim,NEUTRAL
83a7cd6c1cc25d6b,দালালকে দালাল বলে সমস্যা নাই জনগণ সেই তামিমের বিপক্ষে আছে,tamim,NEUTRAL
181835b2eb1026bd,TAMIM NE JO KAHA VO SACH HE KI BANGALADESH KI CRICKET KO ICC HI RU.. DE RAHE HE OR ICC KO HINDUSTAN SE JYADA RU.. MIL RAHA HE TO NADOGE TO ZAHIL LOGO ICC RU. NAHI DEGA OR BHARAT KA HE VO SAB FALTU BAT HE,tamim,AGAINST
b9ecd6ccc5060f95,Tamim is brocker from Indian side .. Bangladesh first then cricket …,tamim,NEUTRAL
fc50e151d5787003,"Tamim iqbal,,, is ke bolne se gantana fark padta hain... 😂😂😂",tamim,NEUTRAL
b7931067f90c60e9,Please guys for god sake don't blame TAMIM. We all would do the same. There is a limit for everything,tamim,NEUTRAL
ae9bd7c9cab2a10c,Tamim boss!! He said the right thing,tamim,FAVOR
89f1569628a7f1ee,"They are not fans ... Uchit chilo bat ta diye chagol er baccha gular matha fatai deya !! Shala illiterater baccha gula ! and the dude who uploaded this , scandal er mane janen ? idiot ..... Tamim did the right thing , and aro beshi gali dewa uchit chilo !!!",tamim,FAVOR
b654d34319e365e0,Right brother..... love you so much tamim iqbal Khan,tamim,FAVOR
a50edf230da24c3b,"Tamim didn't swear at all. What he told was right. You people should mind your own business. And this is also probably a click bait. It's a shame that we hate our own players that represent us, i believe that now his hater must be really pissed and hiding his face, coz Alhamdulillah (By God's Grace) he has been in his prime for the past 2-3 years. I have noticed that whenever Tamim doesn't bat well, the rest too don't, this scenario happens like only 20%, but the main point is, it does happen. Tamim is like a warrior fighting from the front. Let him be in his prime or not, good form or bad, we must respect him!",tamim,AGAINST
8ddfc144511fe1f6,"Title is wrong. It's camera man saying bad words. so , Tamim requesting him to go",tamim,AGAINST
5d93658429a8dd85,"bro i think i may have to agree with you completely.. the way tamim bat is tremendous which most of the batsman in our country is not capable of.. i acknowledge he has some weak points but yeah , he is indeed a human just like us and we've gotta help him out overcome those.. there will not be a Tamim for centuries.. so , please guys, f you can not respect him dont ever humiliate him",tamim,FAVOR
eecc68c680ba640a,The fan said: When you are on the field you always get out. You cannot middle any delivery. Tamim said: don't you guys have work? Why do you guys come here? If you think you bat better than me then come here and bat! I am practicing hard and you guys are always telling me bad things.,tamim,AGAINST
c017bb68f8edb881,The fact that I got this recommended after Tamim's situation is wild.,tamim,NEUTRAL
bc5926f36eb8fa61,এগুলো ইচ্ছা করেই বলেছে তামিমকে ক্ষ্যাপানোর জন্য যাতে তামিমের রিঅ্যাকশন ইউটিউবে ছাড়লে ভিউ ও লাইক দুটোই বাড়বে। কি বুদ্ধি!,tamim,NEUTRAL
1da928dc34f78657,Perfect reaction from Tamim Iqbal Khan towards some rubbish idiotic fans ....this should've been the title!,tamim,NEUTRAL
94bb043e3b703ce9,Vilas Chodankar Some People Were annoying him while he was practicing then he came and told them to go for their work. Well said Tamim,tamim,NEUTRAL
e7628b8062716908,"তামিম ভাই যে কত ভালো মনের ও ভদ্র মানুষের ছেলে সেটা এই ভিডিওতে প্রমান হয়ে গেল,,তামিম ভাই কিছু না করে ছেড়ে দিছে,আমি হলে জুতা দিয়ে পিটাইয়া সেখান থেকে দূর করতাম",tamim,FAVOR
479c67f75b289111,Don`t worried #TAMIM vai.............Manusher kothai kaan(EAR) na diye shamner dike agiye jan.............Love u boss.................,tamim,FAVOR
afbb8a204f832d83,It’s kinda infuriating how the video title is making it seem like Tamim is the bad guy but there’s a limit to being insufferable and people should mind their own business,tamim,NEUTRAL
5f8fd16dc17ba904,tamim bro was damn right ! everyone suffers bad time and Tamim wasn't in form . now see his performance haters -_-,tamim,AGAINST
c0c489efee55cd63,ekdom perfect answer. hats off to tamim. behayaar jaat Abar upload dice Eita. gali khaya lojja hoynai?,tamim,NEUTRAL
4566235973ff925a,"In my opinion, Tamim was right because he was practicing and trying to do well..",tamim,FAVOR
66a84da5daaca66a,First of all he was not a fan he was a hater and he deserves to hear this from tamim,tamim,AGAINST
bf116a25b69b5ba0,Tamim is right video korar gola vain chod lolz :P,tamim,FAVOR
f799a3b19936a497,md shapiqul islam tomi ki nijeke moha gyani mone koro? tamim shommonde jano ki ? r jara ei video ta korece tader ki etotoko chinta shokti nei je ekjon jatio doler cricketer practice kortece r or gye disturb kore.ashole onek manush ace jara onner shopolota shojjokorte parena.and you're one of them,tamim,NEUTRAL
cf4a8edc145f222a,Tamim was fully right... the guy who talked nonsense was really a great fool,tamim,FAVOR
8d3a5f60a7f00840,There are some plastic fans trying to ruin the reputation of Tamim Iqbal. Shame on them.,tamim,AGAINST
d307ce9b1c41db6e,Hey can someone please translate Bengali and tell me what Tamim said? Thanks.,tamim,NEUTRAL
2d54559c603e761b,"Tyrion Lannisterl Tamim Iqbal was batting in the net. He was abused by some people from behind.He stopped practicing, turned back and said, ""Let me practice on my own. Do not you have anything to do? Let me do my work. You do your own work. If you consider yourself to be better, then come inside and show your prowess. If not, keep your silence. Let me do my own work. "".Those people apologized right away. The matter ended right there.",tamim,FAVOR
35ed884263618bc6,অনেক সম্মান ছিল তামিমের প্রতি কিন্তু আজ তার আচরণ এমন হবে ভাবি নাই,tamim,NEUTRAL
95cae5bff3283da2,তামিমের প্রতি যে ভালোবাসাটা ছিল সেটা আজ থেকে আর নেই আলেক্স হেলস একজন বিশ্বমানের ব্যাটসম্যান আমি ওনার ভক্ত,tamim,FAVOR
5d35495f99cc7df2,আপনি কি বলতে চাচ্ছেন তামিমকে বলেছে বলে ভালো হয়েছে | যে কাউকে বলতেই পারে তামিম ভালো খেলে ও ক্যাপটেন ওর দল ভালো খেলেছে কিন্তু জিততে পারিনি তাই হয়তো বলেছে | দূর থেকে জোরে জোরে বলেনি আস্তে আস্তে বলেছে | এটা কি ঠিক ? আস্তে আস্তে বলেছে মানে কিছু এমন কথা যা হেলস চায় না তামিম শুনতে পাক |,tamim,FAVOR
6f616b454a8c666b,Somman tadr dibo ja ra somman er joggo oy age gali dise emon ke 18 yr old tai tamim khepse. ♥️ know the truth,tamim,NEUTRAL
e6768ba945543354,​ @ExMan-v9k পারোনা খেলতে আর হারলে প্রতিপক্ষের সাথে বাজে ব্যাবহার হেলস অনেক ভালো তার সাথে বাজে ব্যাবহার ঠিক না ছিঃ ছিঃ ছিঃ বরিশাল ছিঃ তামিম,tamim,FAVOR
c5673797b282351e,"আলেক্স,। তামিম যখন ডাগাওয়েট এ ছিল তখন থেকেই আলেক্স কি জানি বলতেসিল পরে,আবার বলে ,আলেক্স তো বলল তামিম বলতেসিল যা বলবা সরাসরি বলবা",tamim,NEUTRAL
3dda467c2f6deb4f,তামিমকে উদ্দেশ্য করে খারাপ কথা বলার চেষ্টা করেছে ফিসফিস করে এটাতে কোন সমস্যা নেই তাই কি | আপনারা মানুষ নামে জানোয়ার | আপনাদের বলা উচিত ছিল হেলস এর এই কাজ করা ঠিক হয়নি তামিম চাইলে আরো ভালোভাবে বলতে পারত | সামনে গিয়ে বলতে পারতো কি বলছো এবং ভালো ব্যবহার করত | কিন্তু আপনারা বলছেন কি ? আপনাদের সাথে কেউ অন্যায় করলে তার প্রতিবাদ যেন ভুলেও করবেন না করলে আপনিও তামিম,tamim,AGAINST
e4c3ff59b6bd0c5c,তামিম আর জনি বেয়ারেষ্টোর কথা মনে আছে কার কার?,tamim,NEUTRAL
3d191a51d4d8f989,দূর থেকে ফিসফিস করে অনেক কথা বলছিল | তামিমকে উদ্দেশ্য করে |,tamim,NEUTRAL
91215eddd6a56df0,"​ @forhadmolla1042 হ,ভাই তুই মাঠের ভিতরে ছিলি তো? তামিম সোহানের ব্যাটিং দেখেই খেপে গেছিলো।হালায় রাগ কন্ট্রোল না করতে পাইরা নাটক করলো",tamim,NEUTRAL
0ffd3d101abb042d,টামিম বললে সত্যি আর তামিমের বিরুদ্ধে যে বলবে সেই মিথ্যুক 🤣🤣🤣 এটাই পায়েসখোর সায়েন্স 😂😂তামিম ভাই যেহেতু বলেছে তাইলে ঠিকই বলেছে ।🤣🤣,tamim,NEUTRAL
6fcef778b41dfd46,তামিম নিজে বলেছে | এটা bdnews24 নামক চ্যানেলে এটি প্রচার হয়েছে | তামিম মিথ্যা বলছে হেলস সত্য বলছে 😂 |,tamim,NEUTRAL
875072d68d95f020,তামিমকে বলেছে অনেক কিছু | এটা কোন অন্যায় নয় তাই কি ?,tamim,NEUTRAL
e3119727a25feec5,তামিম ভাইকে খারাপ কথা বলেছে তখন সমস্যা হয়নি তামিম ভাইকে উদ্দেশ্য করে কিছু একটা বলছিল |,tamim,AGAINST
6f9457b8596714d9,আপনাকে যদি খারাপ ভাবে কেউ কিছু বলে তখন তার প্রতিবাদ করলে আপনিও তামিম,tamim,AGAINST
e9cbad4081bde817,আপনাদের কি রকম আচরণ যা খুবই দুঃখজনক | তামিমকে উদ্দেশ্য করে কথা বলছিল সেটা সমস্যা হলো না তামিম বলেছে বলে সমস্যা বাহ 🙂 | ভাই আপনারা ইংল্যান্ডে চলে যান | মানুষ নিজের দেশের লোককে দাম দিতে পারে না |,tamim,NEUTRAL
7a6ac430dbaa8ecf,তামিমের কথাও তো শোনা দরকার ছিলো। তাকে কি বলেছে না বলেছে সেটাও দেখা উচিত। শুধু এক পক্ষের কথা শুনে বিচার করা উচিত না। সাংবাদিক এর উচিত ছিলো অপর পক্ষের বক্তব্য নিয়ে এরপরেই সংবাদ করা কিন্ত বাংলাদেশের সাংবাদিক বলে কথা যাদের চরিত্র টাকার কাছে দৌলদিয়ার মতো।,tamim,AGAINST
94f0b8c0cde92fb2,​ @forhadmolla1042 Hea apnr ktha thik ache... Hales ja korse ta thik hoie ni... Bt Tamim er o uchith hoie ni j tar personal matter nia nak golano,tamim,NEUTRAL
bb443a8a9738bf1c,Tamim bhai Tumi amar kache player & manush hisabe khub e valo kintu bideshi player er opor eai reaction dewar age nijer desh er ktha ektu vabten karon ekhon apnar desh er player rao baire league khelte jaye tader satheo nahole tara eairom behaviour korben....,tamim,FAVOR
598203acc6bef312,Alex hales barishaler iqbal hossein emon ke abused korechilo tai tamim er protibad kore tahole tamim er dosh kothai? Ar ore jiggesh koren ecb te or name koto gula obhijogh,tamim,AGAINST
982d34d80965981b,"​ @JibonMia-x1w আপনি কি খেলা দেখছিলেন গতকাল???! তবুও যদি বলেন তামিম কিছু করে নাই,, তাহলে কিছুই বলার নেই",tamim,NEUTRAL
d109b49444244484,আসলে তামিমের এটা আসল রূপ মনে হয়। মেহমান দের সম্মান করা উচিত,tamim,NEUTRAL
27ae727fbb7c8fad,"@forhadmolla1042 Hudai Tamim er pokkho na niye achoron thik korte bolen, tar behavior onektai ohonkari 5 August er pore. Behaviour makes a human.",tamim,NEUTRAL
d8bd94b905be965c,তামিম কে খুব ভালো জানতাম কিন্তু আজকের ঘটনাটি বুঝিয়ে দিলো তামিম কেমন এটা খুব দুঃখ জনক 😢,tamim,FAVOR
91f0f9d55d482e9d,একজন মুসলমানের আচরণ সবসময় উত্তম হওয়া উচিত কারো ব্যক্তিগত পিছনের দূর সামনে আনা ঠিক নয় তামিমের ক্ষমা চাওয়া উচিত হেলস এর কাছে,tamim,NEUTRAL
1c2dea7308d3d37a,একজন বিদেশী কে কি ভাবে সম্মান দিতে হয়। সে তামিম জানে না।সে বিয়ার খেয়েছে এটা বলার দরকার কি।,tamim,NEUTRAL
50e6a84ddec1dda8,তামিম ভাই খেলার ভিতরে হার জিত আছে ভাই বিদেশি পিলিয়ারের সাথে এটা করা উচিত হয় নাই কারণ আমাদের বাংলাদেশের অনেক সুনাম আছে আমরা চাই না খেলার ভিতরে সুনামটা নষ্ট করে ফেলি,tamim,NEUTRAL
dca7437447352116,"ক্যারিয়ার এর দিক বিবেচনা করলে হেলস এর পায়ের যোগ্য ও না তামিম,, দেশেই যত নাটক করে,",tamim,NEUTRAL
3fd79299feb80cb5,"কোথায় হেলস, আর কোথায় তামিম।কিসের সাথে কি তুলনা 🤣🤣।ইংলিশ ত্রিকেটারের সাথে বাঙালির তুলনা 🤣🤣।বাংলাদেশের হয়ে হেলস খেললে আশাকরি ২০+ শতক থাকতো 😊 রান দিয়ে বিচার হয় না কে ভালো কে খারাপ। আর তামিমকে কেও কোথায় খেলতে নেয়??শুধু বাংলাদেশেই খেলে।আর এলেক্স হেলস বিশ্বের মোটামুটি সব লীগে খেলে 😊",tamim,FAVOR
5870242180517dfc,​ @mohammadsalah7623 tai naki. Hale world Cup winner. R tamim?,tamim,NEUTRAL
b9d16883690923b3,হেলস বিদিশি দেখে মনে হয় সে কোনো অপরাদ করতে পারে না তামিম খালি খালি তারে বলবে,tamim,NEUTRAL
cf3e56be1b0eb326,"Amr janate mote Hales best player.. Tamim er ceye,,, Asa kori jara Criket vlo bujen tara bujben",tamim,FAVOR
783c479688fbeec4,"হেলস এখন শুধু ঘরোয়া লিগেই ভালো করে, তারপর ও কিছু বোকারা বলবে হেলস এর ধারে কাছেও নাই তাইম, অথচ রান হিসেব করলে হেলস তামিমের থেকে অনেক পিছিয়ে",tamim,FAVOR
564ef6ebae3eeebf,@nazmulofficial9033 No! Hales 13k + Tamim Just 8k runs,tamim,NEUTRAL
6d81558191256f00,"translate korle thik thak dubbing korben. hales bollo ""He was upset about something"" etr dubbing eta hoy kmne """"tamim mone match harar karone upset cilen.""",tamim,NEUTRAL
5dacaab82fe9ed33,তামিমের মত নাকে কান্না করে কথা বলতে হবে,tamim,NEUTRAL
df86697c07cff81c,😂😂😂 tamim 2007-2019 what would tamim have done in 2023 win the world cup for bangladesh🤣🤣🤣🤣🤣🤣🤣,tamim,NEUTRAL
93ffc154607e1367,তামিমের মিডল অর্ডারে খেলা নিয়ে কোনো প্রবলেম নেই। তবে তামিমের আগের জায়গায় কি তামিমের বিকল্প কাউকে পেয়েছে বিসিবি? যদি পেয়ে থাকে তাহলে তামিমকে মিডল অর্ডারে খেলানো হোক। আমার মনে হয় তামিমের সেই জায়গার যোগ্য কেউ হয় নাই। তাহলে কেনো তামিম মিডল অর্ডারে খেলবে? এসব বলে লাভ নাই সব ক্রিকেট প্রেমিরা সব বোঝে গেছে। সব পরিকল্পনা তামিমকে হঠানো।,tamim,NEUTRAL
80b84b81a52710ad,তামিমের পুরো পরিবার আওয়ামিলীগ ও কিভাবে এখন বিএনপি হয়ে গেলো ?,tamim,NEUTRAL
4e2234a0132acf1e,Shobai mile tamim iqbal tar shongider birodde andolon e nam a ucit. Tara just power khatoye cricket ta ke dongsho korse😢,tamim,NEUTRAL
42acfd23ac21d9b9,99% Manush tamim re hate kore ay beda bar bar lafai kn bujina🙄,tamim,AGAINST
39e3ecbe3f234d24,তামিম ইকবাল ফাহিম সিনহা রা যে অভিযোগ দিলো সেটা ঞিকেটের কল্যানের জন্য। কিন্তু ফুটবলার আমিনুল হকের উচিত অবৈধ পরিচালকের বিরুদ্ধে প্রধান মনএী তারেক রহমান বরাবর চিঠি লেখা।,tamim,NEUTRAL
b47e12c400c9c9d4,"একটা খেলোয়াড় যদি ২০০+ ম্যাচ ওপেনিং এ ব্যাট করার পরেও যদি তার এভারেজ ৪০ এর নিচে হয় তাহলে খুবই খারাপ দেখাই, আমার কাছে মনে হয় তামিমকে আরো আগেই পরিবর্তন করা জরুরী ছিলো!! 🗣️ আকাশ চোপড়া",tamim,AGAINST
58013175f62929ab,"তামিম ছাড়া কতো ওপেনারকে সুযোগ দেয়া হইছে,কেউ পারফর্ম করতে পারে নাই, বিশ্বকাপের আগে একটা প্লেয়ার কে এত পরিশ্রম করে বাদ দেয়াটা মোটেও উচিত হয়নি, এটলিস্ট বিশ্বকাপ খেলানো উচিত ছিল।",tamim,AGAINST
b92521e61c46353b,"1:25 look who was there for tamim, & now where the reality is!! Shame!!",tamim,AGAINST
f035999b7697f8fa,আমরা চাই তামিম ভাই আবারও ফিরে আসুক! আর এজন্য বিসিবির যা যা করা দরকার করতে হবে! আপনি ফিরে আসুন ভাই🙏🙏,tamim,NEUTRAL
1671a2cde56378b6,Good baye Tamim Iqbal you was a Great Player we will never forgot you,tamim,FAVOR
5360523972807f53,"তামিমের + পয়েন্ট হচ্ছে সে সকল সৎ মানুষ গুলো থেকে সহযোগিতা নিচ্ছে। বিএনপি খুব একটা ভালো কাজ করবে কি না আমি জানিনা,তবে এই একটা ভালো কাজ করেছে।",tamim,FAVOR
023682a43f50aea6,Love you Tamim Vai and mushi Vai ❤,tamim,FAVOR
aa9242f634370b66,তামিম বলছি ভারতের দালালী ছেরে দাও না হয় কঠিন সমস্যায় পরতে হবে।,tamim,NEUTRAL
a94af700a1234f80,ভারতীয় উগ্রপন্থীরা যদি একজন দর্শককে হত্যা করে বাংলাদেশী তার দায়ভার কি তামিম নিবে দালালি বাদ দিয়ে লাইনে আসুন,tamim,AGAINST
81724f7d986e9355,আইসিসির কোন অর্থ চাই না তবুও ভারতে যাব না। তামিমের কথা ভালো লাগেনি,tamim,FAVOR
7da698513994cb04,দেশ বাদ দিয়ে টাকাকে বড় করে দেখা কতটা সঠিক? তামিম দেশের আগে টাকা দিয়ে স্থান দিয়েছেন,tamim,AGAINST
cf33e5447529d407,ব্যক্তি বলল তামিমকে চিনতে হবে সবার আগে আমার দেশের পরিচিতি তাই নয় কি?,tamim,NEUTRAL
c9b50df4d5c1757a,বাংলাদেশের সম্মানের থেকে কি ক্রিকেট বড় ? তামিম কি বুঝাতে চাই,tamim,NEUTRAL
6edf07476a2c248e,উনি ঠিকই বলেছেন।মোস্তাফিজ এর বেলায় কোয়াব চুপ! তামিম এর বিরুদ্ধে বলছে তাই তাদের গায়ে লেগে গেলো।আসলে দালাল দের বিরুদ্ধে বললে দালালদেরই গায়ে লাগবে এটাই স্বাভাবিক। 😂😂,tamim,NEUTRAL
62288151f384cabe,Na jara tamim t support korea tader jonmo. Mad by india,tamim,FAVOR
645d7d692be87a86,সবার আগে আমার দেশ তামিম ইকবালের একথা বলা উচিত হয়নি,tamim,NEUTRAL
e780be935efe7865,তামিম ইকবাল স্বাভাবিক ও ভালো কথা বলে,tamim,FAVOR
f61b74724e7d83db,এত দিন ভালো জানতাম তামিম ভারতের দালাল,tamim,FAVOR
1f5635fcd920438c,"যেসব প্লেয়াররা তামিমকে চাটাচাটি করছে ,তারা মুস্তাফিজের পক্ষে কথা বলেনি কেন ?",tamim,NEUTRAL
473bd5028e065595,"মুস্তাফিজুর রহমানের বিষয়ে এই দালালগুলো একটি কথাও বলে নি, আর এখন তামিমের বিষয়ে পুরুষত্ব জেগে উঠেছে?",tamim,NEUTRAL
edee4cfe910d90eb,"মূল কথা হলো—যে কোনো খেলোয়াড় যদি রাজনীতির সাথে যুক্ত হয়, তখন সে ধীরে ধীরে সাধারণ মানুষের ভালোবাসা হারিয়ে ফেলে। ভারত, পাকিস্তান বা বাংলাদেশ—কোথাও হোক না কেন, রাজনীতিতে ঢুকলে অবস্থা একই। ক্রিকেটারদের কাছে আমাদের প্রত্যাশা ছিল আলাদা। তারা চাইলে রাজনীতিতে না গিয়ে নিজের অভিজ্ঞতা দিয়ে দেশের জন্য আরও বড় অবদান রাখতে পারত— যেমন একটি ভালো ক্রিকেট একাডেমি গড়ে তোলা, তরুণদের কোচিং করা, ভবিষ্যৎ ক্রিকেটার তৈরি করা—এসব অনেক বেশি মূল্যবান কাজ। অনেকে বলবে, তামিম তো কোনো রাজনৈতিক দলে আনুষ্ঠানিকভাবে যুক্ত নয়। কিন্তু খাতায়-কলমে ‘না’ থাকলেও বাস্তবে তাদের ভেতরে ভেতরে বড় রাজনৈতিক দলের সাথে যোগাযোগ ও সম্পৃক্ততা আগেই তৈরি হয়ে যায়— এটাই আমাদের হতাশার জায়গা।",tamim,FAVOR
2552381d3063523d,"আমরা দেখলাম তামিমের অবস্থান বিসিবির বিপরিতে, সমগ্ৰ বাংলাদেশের অবস্থান একদিকে, তামিমের অবস্থান তার বিপরীতে, এটাই দেশদ্রোহী, ক্রিকেট বিশ্ব কাপ অনেক পরের ব্যাপার , আগে বাংলাদেশের , সন্মান, স্বাধীনতা সার্বভৌমত্ব, রক্ষার যে সিদ্ধান্ত বিসিবি এবং সরকার গ্ৰহন করেছে , আমরা তাকে সাধুবাদ জানাই, আর এই সিদ্ধান্তের বিরুদ্ধে জারা তাদের জন্য ধিক্কার",tamim,AGAINST
bd7a36ef5da6b660,দালাল কে দালাল বলেছে তাতে খারাপ কি বলেছে। তামিম একজন ভারতীয় দালাল।,tamim,AGAINST
d9d3d063b355b206,তামিমের পক্ষে স্ট্যাটাস আর মুস্তাফিজের পক্ষে কতজন কথা বলেছেন??,tamim,NEUTRAL
1464c0c374e5c531,"ভারত যেখানে একজন প্লেয়ারের নিরাপত্তা নিয়ে তাকে বাদ দিতে বলছে কলকাতা নাইট রাইডারস কে, তো সেখানে গোটা বাংলাদেশ দলের নিরাপত্তা কিভাবে দিবে?? এটা তো স্বাভাবিক কথা, বোড যেটা সিদ্ধান্ত নিবে সেটাই প্লেয়ারদের মেনে নিতে হবে। সেটা না করে উল্টো বোর্ডের সিদ্ধান্ত কে ভুল বলে আখ্যা দিতে আসছে তামিম ইকবাল। আসলে এদের টাকার নেশা পেতে বসেছে। দালাল বলেছে সেটা তো কম বলেছে। আরো কিছু বলা উচিত ছিলো।",tamim,AGAINST
3dc3e97d2bda8a8f,সরকার কি সিধান্ত নিবে তা কি তামিম বলে দিবে😂,tamim,NEUTRAL
ea94de64453582d6,তামিমের পক্ষে যেসব দালালরা কথা বলেছে ওদেরকে জাতীয় দল থেকে বহিষ্কার করা হোক এমন দালাল খেলোয়ার আর আমরা দেশের জন্য চাই না,tamim,NEUTRAL
2711df14c5b714eb,তামিম যদি দালালী করে তাকে তো দালাল ই বলবে। তামিমকে দালালীর জন্যে আগে ক্ষমা চাইতে হবে।,tamim,NEUTRAL
4cbdd17b1b85fe17,"তামিমের দেশের জনগণের কাছে ক্ষমা চাওয়া উচিৎ। সে দেশের সম্মানের কথা না ভেবে সামান্য ক্রিকেটের স্বার্থের দিক চিন্তা করলো? যদিও আমি ক্রিকেট অনেক পছন্দ করি, কিন্তু সবার আগে দেশ।",tamim,NEUTRAL
1e505960c60b19ac,"ভাইয়েরা আমার একটাই কথা,যে দালাল গুলো তামিমের পক্ষ নিচ্ছে,,তারা কেনো মুস্তাফিজুর ইস্যুতে চুরি পড়ে ছিলো????",tamim,NEUTRAL
017ce15837fe0c79,Tamim and bulbul both are Indian origin. Bulbul born in India. Check he may have Indian citizenship,tamim,NEUTRAL
68af71212c88ead0,ভারত নিরাপদ না সেটা কলকাতা হোক বা সেটা চেন্নাই হোক। খেলার চেয়ে দেশের সম্মান অনেক বড়। তামিমের ইগোতে লেগেছিল উনি ২০২৩ বিশ্বকাপে দেশের হয়ে খেলেননি কিন্তু দেশের ইগোর ক্ষেত্রে ভারতের কাছে নতিস্বীকার করতে বলছে সে। কতটা হাস্যকর যুক্তি এগুলো বলবে আর তাকে দালাল বলা যাবে না? যখন মোস্তাফিজকে বাদ দিল তখন তো দেখলাম না এসব ক্রিকেটারদের নিন্দার ঝড়।,tamim,AGAINST
13d1f8f5c53581e2,দেশ বড় না খেলা বড় বয়কট তামিম তাকে আর আসে পাশে দেখতে চাই না,tamim,NEUTRAL
15c858db34936e04,তামিম দালালকে সবাই আনফলো করে দাও আমি আনফ্রেন্ড করে দিয়েছি তাহলে উচিত শিক্ষা হবে আর কখনো দালালি করবে না,tamim,NEUTRAL
2962a0d622d8ff47,মোঃ মিথুন ও তামিম বয়কট না হলে বিসিবিকে বয়কট করে দেয়া দরকার জনগণের টাকা দিয়ে দেশ চলে আর জনগণের যদি মূল্য না থাকে তো এদেশের দরকার কি,tamim,NEUTRAL
75b4fd428e815d11,"ছাত্র উপদেষ্টা আসিফ মাহমুদ একটা ভালো কাজ করে গেছে,তামিমকে বিসিবিতে না বসিয়ে বুলবুল কে বসিয়েছে",tamim,FAVOR
581370a8b71a24d8,তামিম কে? যে ইগুর ঠেলায় বিশ্বকাপের সময় অবসর নিয়েছে হেতে তো নাকি,tamim,AGAINST
616097a62d147010,তামিম ইকবাল তো আসলেই একটা দালাল এটি নতুন করে বলার কিছু নাই,tamim,NEUTRAL
6baf293c2b7764cf,১৬ থেকে ১৭ বসর দেশের জন্য খেলার পরেও নাকি ভারতের দালাল ট্যাগ পেতে হয় হায়রে বাংলাদেশ । ঐ পরিচালক কে ওর কি অবদান আছে বাংলাদেশ আমরা তা যানতে চাই । এসব লোক বোর্ডে আসে দুর্নীতি করার জন্য এতো বড় সাহস কোথায় পায় তামিম ইকবাল কে দালাল বলার,tamim,AGAINST
c9589f3d4a67ddfd,কেউ ভালো খেলেনি তামিমকে আমরা চাই বিশ্বকাপ পর্যন্ত,tamim,FAVOR
b9e6b24338496fc2,আপনাকে আগে খুবই সম্মান করতাম। আপনি তামিম ইকবাল খুবই লোভী মানুষ এখানে আপনি না আসে পারতেন বুলবুল ভাই খুবই ভালো ছিল। আপনি কোটি কোটি মানুষের হৃদয় ভেঙে দিয়েছেন। আপনার জন্য লানত ছাড়া কিছুই দিতে পারলাম না। আই হেট ইউ তামিম,tamim,FAVOR
f5ecba9121e71ac8,মানে সবাইকে প্রশ্ন করা যাবে না বুঝে নিয়েন দর্শকরা তামিম বলেছে,tamim,NEUTRAL
b7679bdeaf792919,এই লোকটা মুখোশধারী ছিলো।খুব ভালো লাগলো তাকে নতুন চেনানোর জন্য।আমিও দেখতে চাই বাংলাদেশ ক্রিকেট তামিম কই নেই।,tamim,FAVOR
7b6e1c60e0ae4147,Yes Mr Tamim ... u need to return to the time of BAL BCC who are obedient servant of Indian CC ...,tamim,NEUTRAL
6ffbc86c53806219,অন্যজনকে অসম্মান করে নিজের সম্মানের চেয়ারে বসবেন এর থেকে বেশি লাঞ্ছিত হবেন মিস্টার তামিম ইকবাল মান থাকতে মানের মান বোঝেন,tamim,NEUTRAL
74b56afbe865439e,বাংলাদেশের যে কেউ দায়িত্ব নেক না কেন। কেউ স্বস্তি থাকতে পারবে না। তামিম ইকবাল এক বছর আগে থেকেই বিসিবির সভাপতি হবে। এই চিন্তা ভাবনা করে বিভিন্ন কল কাটিয়ে নেরেছে।,tamim,NEUTRAL
0bac0a5289ad633a,এ ঘটনার তীব্র নিন্দা জানাই এবং তামিমকে আমি মন থেকে ঘৃণা করি আমি চাই অবিলম্বে আমিনুল ইসলাম বুলবুলকে সভাপতি করা হোক,tamim,AGAINST
9528370a4d0d1f18,"Tamim Iqbal to voye WC theke nijer naam firay nisilo...er agey political karon dekhaya WC e jawa theke beche gese, aiebar Tamim Iqbal bolbe sobai voy peye WC khelte jay nai. Tamim ke dekhe lokjon er chatar matra aro bere jabe ekhon.",tamim,NEUTRAL
702bc9a1cafa984a,"খেলার সাথে রাজনীতি জড়িয়ে ফেললে, যেটা আর নিছকই খেলা থাকেনা, আমিনুল ইসলাম বুলবুল কিন্তু ফারুক আহমেদ কে সরিয়ে প্রেসিডেন্ট হয় নাই, তৎকালীন উপদেষ্টার মনে হয়েছে আমিনুল ইসলাম বুলবুল যোগ্য, তার অনুরোধে আইসিসির চাকরি ছেড়ে দেশে এসেছেন, উনি ক্রিকেট ডেভেলপমেন্ট নিয়ে কাজ করতেন, কোচদের কোচ ছিলেন, যদি উনি মন্দির হতেন, উনার সাথে ফারুক আহমেদ একই বোর্ডের অধীনে থাকতেন না, তামিম ইকবালের মাথা গরম, উনি অনেক ক্ষেত্রেই আবেগতাড়িত হয়ে পড়েন।",tamim,NEUTRAL
f1619950c2abe8ac,একসময় তামিম ইকবালের ফ্যান ছিলাম কিন্তু এখন তার আচার ব্যবহারে তাকে আর ভালো মনে হচ্ছে না ক্ষমতার অপব্যবহার না করে যোগ্যতার ভিত্তিতে আসতেন সবাই আপনাকে স্বাগত জানাতে,tamim,FAVOR
ed53b62302f13d40,"অবৈধ বোর্ড কারণ দেখিয়ে জাতীয় ক্রীড়া কাউন্সিল এর পক্ষ থেকে ক্রিকেট বোর্ডের নতুন কমিটি ঘোষণা করা হয়েছে। সভাপতি করা হয়েছে সাবেক ক্রিকেটার, স্বার্থান্বেষী ও দালাল তামিম ইকবাল কে। যদি সাবেক যুব ও ক্রীড়া উপদেষ্টা আসিফ মাহমুদ সজীব ভূঁইয়া-এর অধীনে ক্রিকেট বোর্ডের নির্বাচন অবৈধ হয়, তাহলে ফুটবল ফেডারেশনের নির্বাচন কেন অবৈধ না কেন? সেখানে ইতোমধ্যে ক্ষমতাসীন দলের লোকজন সভাপতি ও নির্বাহী কমিটির সদস্য হয়েছে, এ কারণে কি সেটি অবৈধ না?",tamim,NEUTRAL
91868726794804cf,india er hoga chat te chat te to tamim er jiba holud hoye gese. bishwas na hole tamim er jiba check kore dekhen.,tamim,NEUTRAL
c20a7d62db8ee2ce,He talks about damaged reputation. ICC যেখানে ঢাকায় এসে রিপোর্ট দিয়ে গেছে যে বাংলাদেশ দলের জন্যে নিরাপত্তা হুমকি আছে সেখানে সরকার কিভাবে বিদেশে দল পাঠায় ? বরং তামিম ২৩ বিশ্বকাপ এর পূর্বে সোশ্যাল মিডিয়া দ্বারা প্রভাবিত হয়ে ক্যাপ্টেন থাকা অবস্থায় অপেশাদারী কায়দায় অবসর নিয়ে দেশের ক্রিকেটীয় ইমেজ নষ্ট করেছে। বেকুব পাপনের উচিত চলো এর উপর শাস্তিমূলক ব্যবস্থা নেয়া।,tamim,AGAINST
7c0785e559229533,"তামিম ইকবাল কি জাতীয় দলের বেতন ভাতা নিচ্ছেন,কেউ কি জানেন????",tamim,NEUTRAL
a26dd8dd65feafb1,Love and respect for tamim. True gentleman and has a great cricket sense. My all time favourite cricketer❤❤,tamim,FAVOR
9f7fd0c3249fa268,"Cricket board is a circus. Full of political influences and children of BNP Politician given the posts and Tamim is only just to show its nothing to do with politics, even though he's a representatives of BNP.",tamim,NEUTRAL
6b89f770ce621380,Tamim re Gali dela Shanti Lage Kno?,tamim,NEUTRAL
3a502e94afd6e935,Tamim ei position er jonno khela cere diecilo. Tomra bal circo Cricket er,tamim,NEUTRAL
d042b4bcaf773ebb,তামিম পরিকল্পনা চমৎকার বর্তমান ডিজিটাল মডেলের ক্রিকেটের জন্য ডিজিটাল বেক্তি এবং বোডের ও দরকার বর্তমান সময় তামিম সেরা বেক্তি আক্রমন থাকতে পারে কিন্তু ভালো কাজের জন্য পসংশা এবং সহযোগিতা করতে পারলেই ভালো কিছু করা সম্ভব,tamim,FAVOR
fc908485fe012dfa,Tamim iqbal as a player hisebe jevabe 6 hakaten temni board president hisebe 6 hakacche.,tamim,NEUTRAL
716fa8a80e264018,"তামিমের বিপিএল নিয়ে পরিকল্পনা আগেই ভেবে রেখে ছিল , হোম অ্যাওয়ে না হলে কোন ভাবেই ব্র্যান্ড ভ্যালু তৈরি হবে না l",tamim,NEUTRAL
e48759064571acbe,আলহামদুলিল্লাহ খুব ভালো হয়েছে প্রিয় তারকা তামিম ইকবালকে অভিনন্দন,tamim,FAVOR
c8c9b17448365a4f,তোমার বাপ তামিম ৩ আগস্ট কি করছিল গণভবনে????,tamim,NEUTRAL
abbef44bcd13382c,আচ্ছা আমরা কবে যেন শুনেছিলাম বিসিবিতে 900 কোটি টাকা আছে ওইটা কি আদৌ আছে তামিম দালাল হিসাবটা জাতি জানতে চায়,tamim,NEUTRAL
dbc70a0e795884f7,@ishraraiyan305 vai ami tamim er pokho nitechi na . tamim jokhon board sobaboti chilo na tokhon kn bolo na vai ? why vai,tamim,NEUTRAL
de8800a06a0c9b2b,Tamim Iqbal gave the talking points for biased Indian media like yours that’s the reason he was called Traitor in advance. Because we knew what Tamim’s biased comments means. I was his fan but no more.,tamim,FAVOR
52755cb57eac4b96,Tamim Iqbal Ne Jo Bhi Kaha ooh Khud ke fayde ke liye bola. Kyunki use Bcb ka president banna hai.,tamim,NEUTRAL
af5450804dfc4061,যার জন্য করলাম চুরি সেই বলে চোর তামিমের জন্য ইন্ডিয়াকে ঘৃণা কলাম ইন্ডিয়ার পক্ষ নিল,tamim,AGAINST
36c98586a484459d,This video of yours proves that Tamim is speaking for you (India) and he is a traitor.,tamim,FAVOR
a8c3f583284a44c5,​ @laukikrathod7588 Everyone knows it in Bangladesh. TAMIM is selfish and taking his revenge for being kicked out in the Bcb election previous year.,tamim,NEUTRAL
7aca49df0f217373,তামিম ইকবাল যখন ভালো খেলেছে তখন সম্মান পেয়েছে কিন্তু এখন দালালি করা বন্ধ করতে হবে তা না হলে আগে সম্মানটুকু হারাবে,tamim,FAVOR
ddf5f23f7cf31b2c,​​ @ABUKAHAR07 দালালকে তো দালালই বলবে! তামিম দেশবিরোধী বক্তব্য দিয়েছে। ভারতের আধিপত্যবাদের পক্ষে কথা বলেছে। ধিক্কার জানাচ্ছি এই বাটপারকে।,tamim,AGAINST
20a2f3f50c54983c,Tamim is a true gentleman... He knew the situation...,tamim,NEUTRAL
a81205d5c58a1398,তামিম হমতাই জেতে না পেরে এখন আবুল তাবুল বলে,tamim,NEUTRAL
c7804d1830915fc1,5 ই আগস্ট এর পর থেকে সক্রিয who is Samadhi Tamim,tamim,NEUTRAL
78465b4d86c455ed,Tamim should think before take side where country criticised otherwise mash is the best example.,tamim,FAVOR
d9b6df7529dbbe1a,বিসিবি সভাপতি দেশপ্রেমিক লোক। তামিম ইকবাল জাতীয় গাদ্দার!!!,tamim,NEUTRAL
78dbc92b86b86000,Ei BCB jai kore sob kisu niyei somaluchona kore. Tamim j eto niche nambe khomotar jonno seta kokhono vabini.. Beche fire asche Ki amader eivabe hotash korar jonno? Eijonnoi Ki amra or jonno eto Dua korechilam?,tamim,NEUTRAL
cb0e5f9ae3ffd55a,"❤ ভারত তামিমের অন্ধ সাপোর্টারকে দিয়ে কাজে লাগাতে চাচ্ছে যেখানে বাংলাদেশের জনগণ একত্রিত হয়েছে ভারতের বিরুদ্ধে তামিম ইকবাল আগুনে ঘি ঢালার মতো মন্তব্য করে, দেশের জনগণকে দুই ভাগে ভাগ করতে যাচ্ছে তামিমের অন্ধ সাপোর্টার দ্বারা ভারতের এটা ষড়যন্ত্রের প্লান ভারত যখন দেখলো ভারতের বিরুদ্ধে মানুষের জনগণ একত্রিত হয়েছে তখন কোন কিছুতে ভারত না পেরে, তখন তামিম ইকবাল এর জনপ্রিয়তা কাজে লাগিয়ে দেশের জনগণকে বিভাজন করতে চাচ্ছে। বাংলাদেশের বিরুদ্ধে ভারত নতুন চাল কাজে লাগাচ্ছে। এটাই বাস্তবতা।",tamim,NEUTRAL
92729f5f060e3b8e,Tamim Jodi desh Kotha chinta korto tahole retirement keno gelo world cup ar age??,tamim,AGAINST
4b6fc5befbcd1c0c,Tamim Iqbal should be careful enough as Bd Govt is dealing the issue. Sobar age Bangladesh.,tamim,NEUTRAL
02a2b7b2697c86d6,"Tamim Iqbal... Banglar manusher sentiment bojhun, Desh decission jeta niyeche ta amader shdharon manusher motamot-e. Bharoter dadagiri amra mani na.",tamim,NEUTRAL
5a2b6f729d7278d4,"উনি ঠিক কথা বলছেন, আমার ও মনে হয় তামিমকে সরি বলা উচিত, আর এই পরিচালকের বিরুদ্ধে কোনো পদক্ষেপ নিলে বিসিবিকে বয়কট করার দাবি জানাচ্ছি।",tamim,NEUTRAL
78abea4252356cc8,"Tamim, this is not your concern. Still active BCB working on it along with GOVT.",tamim,FAVOR
cf6a1f4b85e0557b,"সম্মান রেখে বলছি,,,, তামিম ভাই যে বক্তব্য দিয়েছেন তার সারাংশ যদি বলি তা হবে সমস্ত অপমান ভুলে গিয়ে আইসিসি মানে ভারতের কাছে মাথা নত করে ওরা যা বলে তাই মেনে নেওয়া তাই তো ???? এখন আপনার কাছেই প্রশ্ন রাখলাম একজন বাংলাদেশী হিসেবে উনাকে কি বলে সম্বোধন করলে আপনারা খুশি হতেন ??? দেশের এরকম পরিস্থিতিতে তামিম ভাই এরকম কাপুরুষের মত বক্তব্য দেওয়ার আগে হাজার বার চিন্তা করা উচিত ছিল কিন্তু উনি সেটা করেন নাই এজন্যই আজ উনাকে ভারতের দালাল কথাটা শুনতে হলো। এই শব্দের দায়ভার তামিম ভাইকেই নিতে। ভবিষ্যতে দেশের প্রশ্নে যেন খুব সাবধানে কথা বলেন। ধন্যবাদ",tamim,AGAINST
705debadf8eeb6ee,Are vai jodi criket na dhake apnara odi t20i test match dekha agula ki bal diya dekben tamim vai sofik bolse ai bcb porichalok potodek kora uchit buje nah balo kotha koi gono 😡😡😡 tamim vai right kotha bolese😊😊 criket jonno hea mansi desh unrespect .lojji to hobe kinto pore bcb bangladesh criket boad jodi na dhake tahole jara boltase tamim dalal tarai abar criket jonno bolbe tamim diki chilo so ata rajniti na dukiye sompurno bcb ke danda matahi decision neyya uchit❤❤❤ ❤❤,tamim,FAVOR
425d83da776c1d3c,"Tamim can senior cricketer but he cannot go against of bangladesh, whole bangladesh are togather so why Tamim make comments against bangladesh",tamim,NEUTRAL
e6b69489046a413e,কিছুদিন আগে বিসিবি তে ইলেকশন হয়েছিল কিন্তু তামিমকে কমিটিতে আসতে দেওয়া হয়নি সেজন্য তামিম ইকবাল কি করেছে ভারতের পক্ষে নিয়েছে বিসিবির কমিটি হওয়ার জন্য,tamim,NEUTRAL
881dba05091026e2,তামিম বিসিবিকে অবৈধ বোর্ড বলার কারণে তামিমকে আগে ক্ষমা চাইতে হবে | আর যারা এখন তামিমের দালালি করছে তারা মুস্তাফিজকে যখন ইন্ডিয়া আইপিএল থেকে বাদ দিয়েছে তখন তারা চুপ ছিল কেন?,tamim,AGAINST
f93e32b3435d0de7,ডট তামিম ইকবাল বিসিবি সভাপতি হতে না পেরে ভারতের দালাল হয়ে গেল,tamim,NEUTRAL
e4bb7d20e4675e75,Desh age. Tamim jeta bolese uni desh er kotha vabe nai. So je desh ke niye vabe na tar theke valo kisu asha kora jai na .,tamim,FAVOR
435d9dc4877aa0b0,"তামিম ঠিক কথা বলেছে, একটু একটু করে দেশের সব বন্ধ হয়ে যাচ্ছে",tamim,NEUTRAL
1c73d4e523ab93a0,"who is Tamim??? First our country, after cricket. remember that please. And Najmul Hasan is right.",tamim,FAVOR
98c3ee346855655d,আগে তামিমকে ভালো ভাবতাম স্বার্থের জন্য এ ধরনের কথা বারতি বলে,tamim,FAVOR
02b41441162425d1,তামিম ইকবালের কাছ থেকে এসব আশা করিনি উনি যে ভারতের ঢালার তা আগে প্রকাশ করলে ভালো হতো,tamim,FAVOR
97e94f7962089181,"তামিম প্রথমে বাংলাদেশের নাগরিক, তারপর তিনি খেলোয়াড়, তার কাছ থেকে আরও দায়িত্বশীল মন্তব্য আশা করে সবাই। তামিম সম্পুর্ন দায়িত্বহীনরাত পরিচয় দিয়েছেন।",tamim,NEUTRAL
acddfff9ddd59b8b,"আমরা দেশ রক্ষা করবো রক্ত দিয়ে, আর সেই রক্ত বিক্রি করে তোমরা আরাম আয়েশে চলবা,আর দালালি করবা।যাঁরা যাঁরা পোস্ট করে তামিমের পক্ষ নিয়েছে, সব গুলো কে ক্রিকেট থেকে বহিষ্কার করা হোক।",tamim,NEUTRAL
7f9d448842b3671d,তামিম শুধু খেলার দিকেই মন দিয়েছে তার তাদেরদেশের দিকে খেয়াল নেই আমরা আমার দেশকে ভালবাসি সবার আগে বাংলাদেশ,tamim,FAVOR
0d9668e880de1e4f,খেলোয়ার হিসেবে তামিমকে তামিমকে অনেক পছন্দ করি কিন্তু তার এই ধরনের বক্তব্য উচিত হয়নি,tamim,NEUTRAL
fcea4bdc504342f9,"তামিম যা বলেছে তা বাংলাদেশের মানুষের মতের সাথে যায় না,, নাজমুল ইসলাম সঠিক বলেছে ধন্যবাদ আপনাকে",tamim,NEUTRAL
11eb9c46578fbe86,তামিম এখন দালালি ও শুরু করলো তামিমের সাথে যারা একসাথে বসে আছে তারা সবাই দালাল,tamim,NEUTRAL
99bcdc3b69b984fd,বাংলাদেশের সাবেক অধিনায়ক তামিম ইকবাল কে দালাল বলে একজন বিসিবি সদস্য ভাবা যায়। তামিমের পায়ের যোগ্যতা আছে এর,tamim,NEUTRAL
fe6c52c65fcbc3cf,"বিসিবি পরিচালক ঠিক বলেছেন, আমি তামিমের একজন ভক্ত তারপরও বলছি, তামিম ইগোর কারণে ওয়ার্ল্ড কাপ খেলতে যাইনি, তখনও তার দেশ এবং জনগণের প্রতি কোন ভালোবাসা ছিল না।",tamim,FAVOR
2da065f81102d693,আমি জানি তামিমের সাথে ভারতের কোন ক্রিকেটারের কথা হয়েছে।যেহেতু দীর্ঘদিন সার্ভিস দিয়েছে বাংলাদেশের ক্রিকেটে। ওর এই কথাটা বলে একদম ই উচিত হয়নি,tamim,NEUTRAL
4b141748845c8421,তামিমের কাছ থেকে এটা আশা করি নাই দালালি করা উচিত কিন্তু আগে দেখতে হবে কার বিরুদ্ধে দালালি করতেছে যে জায়গায় আমার দেশকে সবার সম্মানিত সেই জায়গায় তামিম বলছে এটা নিয়ে বিবেচনা করার জন্য তার মানে এটা না যে তামিম দালালি করছে এখানে আই ফাক ইউ তামিম,tamim,NEUTRAL
51cf6648b237dde8,"Tamim Iqbal is Indian agent hahaha. Cricket isn’t bigger than national dignity, honour and self respect.",tamim,FAVOR
ec54e892bacb1b55,"Tamim should stay in his lanes, as a retired batsman. He should not get involved in politics.",tamim,AGAINST
852693efe2068fcf,"Tamim seems to be a shill for the BCCI with political leanings towards the corrupt Hasina camp! Grow a backbone and a pair of kahoneys 😂 I am of Indian origin, but fed up with BCCI's double standards and politicization of cricket. The BCCI is intoxicated with money and it's own hype. Like the zionists, it has become the very beast that it was oppressed by earlier.",tamim,AGAINST
07a1c5d8fdd61b74,Tamim ❤️❤️ wow ki valo answer kore what a pay back.. Tamim you rock and everyone shock,tamim,FAVOR
f3648c77d71d2e0c,Vai I Love Tamim So I Love Brazil,tamim,FAVOR
bf2f757773188b4e,তামিম ভাই তোমাকে সবদিক দিয়ে ভালোবাসি love you bro❤,tamim,FAVOR
2a13ff09dc540738,Love you Tamim vai ❤❤❤❤ and Love you Brazil ❤❤❤❤,tamim,FAVOR
13235dd4d0d0d890,Brazil is my favourite....ar tamim is best....amake ore onk bhalo lage,tamim,FAVOR
7436bffae219deda,Love you brazil love you tamim vi,tamim,FAVOR
7759f6df680dbd44,আরজেন tina means R জিতে না 😋। we are tamim ( Brazil) sapporter. 🇧🇷,tamim,NEUTRAL
6e5107ef5fdf77d6,Tamim best🇧🇷🇧🇷🇧🇷🇧🇷🇧🇷 ...amra 5barer champion.love🇧🇷 Brazil 🇧🇷and waiting for the sixth world cup 🇧🇷🇧🇷🇧🇷🇧🇷🇧🇷 Neymar love you so much 💜💛💚💙💗💖💕💔❤💘❣💞💟,tamim,FAVOR
ead1c471e21992d9,ARG AND MASH !LOVE TAMIM VAI ALSO!!!!,tamim,FAVOR
47591cee16f4f3e5,তামিম ভাই কে বিসিবি বস হিসাবে দেখতে চাই,tamim,NEUTRAL
81ad32992360b9d9,আমি সিউর ফিক্সিং এ তামিম এর নাম আছে,tamim,NEUTRAL
3e408f5b5771d11c,3 আগস্ট তামিমের সাথে হাসিনার কি কথা হয়েছে জাতির কাছে তা বলতে হবে.....,tamim,NEUTRAL
baa117a89f7fb0b1,এদের শুধু টা😢 চাই তামিম জাতির কাছে মাফ চাওয়া উচিত দেশের সম্মান সবার আগে,tamim,NEUTRAL
3b453f312a282a5a,"সিন্ডিকেট আছে বাবা চাচা ভাই তামিম এর আছে পরিচালনায়, মোস্তাফিজুর তো কেউ নেই।সেই একা❤❤",tamim,NEUTRAL
27e0ae1b93a5c7c3,বাংলাদেশের খেলা দেখা আজকের পর থেকে একদমই শেষ এদের মতন দালাল আর দেশদ্রোহী আর কোন দেশের মাটিতে নাই আমার মনে হয় যারা কিনা নিজের দেশে থেকে অন্য দেশের এজেন্ডা হতে চায় তাদের মতন খেলোয়ার বাংলাদেশের দরকার নাই বিসিবির কাছে আবেদন এই দালালদেরকে অতি শীঘ্রই প্রত্যাহার করুন বিশেষ করে তামিম ইকবালের মতন ইন্টারন্যাশনাল দালাল যারা কেনা দেশের জন্য খেলে না খেলে টাকার জন্য এর পাশে বসে আরো যত দালাল আছে ভারতের এজেন্ডা আছে আমাদের দেশের হয়ে খেলে ভারতের মাটিতে যেতে চায় তাদেরকেউ প্রত্যাহার করুন,tamim,NEUTRAL
afc1febed204e885,এখন তামিম কি বলবেন ?একটু শুনতে চাই।,tamim,NEUTRAL
4d2e1bfabfcf0389,তামিম যে কথাগুলি বলেছেন দেশের হয়ে কথা বলেননি খেলা ব্যক্তি ব্যক্তি তামিম সবার আগে দেশের সমান,tamim,NEUTRAL
a286553ca4779070,যখন মুস্তাফিজকে আইপিএল থেকে বাদ দেওয়া হয়েছে তামিম তখন কই ছিল,tamim,AGAINST
a8dac18e68840367,"তামিম ইকবাল সহ যারা তার পক্ষে কথা বলছেন, তাদের কাছে দেশ ও দেশের মানুষের আত্মসম্মান ও মর্যাদার থেকে টাকার গুরুত্ব বেশি। এদেশের অনেক ক্রিকেটার শুধুমাত্র টাকার জন্য খেলে, দেশের জন্য খেলে না।",tamim,NEUTRAL
f285fed3e6443b15,"যারা তামিমের পক্ষে তারা পরিচালকের বিপক্ষে কথা বলেছে তাদের, অজীবনের জন্য দল থেকে বাদ দেওয়া দরকার",tamim,AGAINST
8b9dbc3c222b36e8,যদি তামিমের পক্ষে স্ট্যাটাস না দেয় তারা তো আর দলে জায়গা পাবে না .,tamim,NEUTRAL
ccf8d00fa00dc00b,tamim ader diye agula korasce..goto 10...15 bosor soirachar ra ja korece.,tamim,NEUTRAL
4f784e4fcd21cc03,তোমাদের স্বার্থ হলো তামিম ভবিষ্যতে বোর্ড প্রেসিডেন্ট হবার সম্ভাবনা আছে।। মুস্তাফিজুর প্রশ্নে আওয়াজ তোলা উচিত ছিল।।,tamim,NEUTRAL
7161322b39cc1112,"মোস্তাফিজের বেলায় তোমাদের আইসিসির প্রোটোকল মেইন্টেইন করতে হয়েছে, তামিমের বেলায় তোমরা বাংলাদেশ ক্রিকেট বোর্ডের প্রোটোকল মেইন্টেইন করেছো!!",tamim,NEUTRAL
64dc88ee4447f519,তামিমের পক্ষে যে কয়জন পেলেয়ার সাংবাদিক সম্মেলন করেছে তাদের কে দল থেকে বাদ দেওয়া হোক,tamim,AGAINST
3c02fd1ad8023a1d,"মুস্তাফিজ খেললে টাকা পেতো শুধু মুস্তাফিজ,,,, এরা পেতো না,,, আর যদি জাতীয় দলের খেলা না হয় তাহলে তারা না খেয়ে মরবে,, কারণ তাদের ভয় যদি জাতীয় দলের খেলা বন্ধ হয়ে যায় তাহলে কি করে খাবে,,,,তাই তারা দেশের সম্মান বাদ দিয়ে আগে স্বার্থের কথা চিন্তা করছে,,আমাদের দেশে ক্রিকেট খেলেই দেশের সম্মান এর জন্য,, জয় হলে কতো আনন্দ মনে হয় দেশ সম্মান পেয়েছে,,, যদি খেলার কারণে কোনো দেশের কাছে অসম্মান পেতে হয়,, তাহলে আমরা এমন খেলা চায় না,,,, আর এখন যে কয়টা প্লেয়ার তামিমের পক্ষ নিচ্ছে সব কয়টা দেশের সম্মান চায় না,, টাকা চায়,, তারা হচ্ছে দেশদ্রোহী,,,",tamim,AGAINST
bf32875f4678dcaa,ক্রিকেটার পরে ধরেন আগে কোয়াবকে ধরেন!কারণ এটি রাষ্ট্রের একটি প্রতিষ্ঠান।তবে কি ধরনের প্রতিষ্ঠান যে বাংলাদেশী হওয়ার কারণে যখন খেলোয়াড়কে অপমান করে বের করে দেয় তখন বিবৃতি দেয়ার সময় পায় না।কিন্তু তামিমকে তার দালালীর জন্য দালাল বললে বিবৃতি দিতে এক সেকেন্ড দেরি করে না।তাহলে কোয়াবের নিয়ন্ত্রণ কে করে ভেবে দেখা দরকার।,tamim,NEUTRAL
9d5004ac06e178c5,"এক সময় তামিমের খেলা দেখলে হাত তালি দিতাম, আর এখন গালি দেই, যারা দেশের বিরুদ্ধে গিয়ে ভারতের দালালী করে তাদেরকে কোনো ছাড় নয়",tamim,NEUTRAL
048f1caa65b136d4,আমাদের দেশকে ছোট চোখে দেখবা তা হবে না তামিম ইকবাল একা গিয়ে t-20 ম্যাচ খেলে আসো তামিম তো ইন্ডিয়ার দালাল ইন্ডিয়ার দালালি করতে আইছে আমার দেশের মান-সম্মান বিক্রি করে ইন্ডিয়াকে আমরা খেলব না আমরা মান-সম্মান ইজ্জত নিয়ে বাঁচতে চাই কারো গোলামী করে নাই আমরা বাঙালি জাতি আমরা যেরকম ভাবে রাজপথে জীবন দিতে পারি আমাদেরকে দাওয়ায় রাখার মতো কারো শক্তি নেই ইনশাআল্লাহ,tamim,NEUTRAL
b6b732db84b5276c,তামিম ও তামিম পাশে যে কজন ক্রিকেটার দারিয়েছেন ওরা ভারতের এজেন্সি হিসেবে কাজ করেন এদের কে বয়কট করতে হবে,tamim,NEUTRAL
d571a86621989533,তামিমের বক্তব্য এমনটাই বোঝা যায় যে বাংলাদেশ ক্রিকেট বোর্ড রাষ্ট্রের উপর দিয়ে.... তামিমের এমন মন্তব্য সম্পন্ন রাষ্ট্রদ্রোহী আচরণ।। রাষ্ট্রের অধীনে চলে বিসিবি বিসিবির অধীনে রাষ্ট্র চলে না।।,tamim,NEUTRAL
4d8f983455114f77,মোস্তাফিজের ইসুতে দেশের বইরে। এতে বাংলাদেশের খেলোয়াড়দের কি করার ছিল। তামিম কে একদম দেশের ভিতর থেকে অপমান করা হয়েছে,tamim,NEUTRAL
db041c58e4ff890b,তামিমের তো লাভ ছাড়া তামিম কথা বলে নি কারন তিনি আইপিএলর ধারাভাষ্যকার হতে বঞ্চিতা হতে চলছে সবাই সবার লাভ টা আগে দেখে দেশের চিন্তা পড়ে ব,tamim,NEUTRAL
4c24751e8393a514,"তামিমকে ভালো জানতাম,এখন দেখি সে নাটের গুরু।",tamim,FAVOR
c14fc0e38840beb0,এগুলা ব্যাগ গুলা ক্রিকেট দালাল তামিম বাংলাদেশের লইয়া মন্তব্য করে দালাল তামিম,tamim,NEUTRAL
78a4b46bfb5249ca,তামিম বোর্ড সভাপতি হবে তাই সবাই এর সাপোর্ট করতেছে ভয়ে ।মিঠুন কে আবার জাতীয় দলের অধিনায়ক বানাবে মিরাজকে সহ অধিনায়ক সামনে যারা ছিল ওরা জাতীয় দলে খেলবে ফর্ম থাকুক না থাকুক চুক্তিবদ্ধ হয়েছে,tamim,NEUTRAL
7131857ced1c76bd,আমার মনে হয় বিএনপি ক্ষমতায় গেলে তামিম বিসিবি সভাপতি জোর করেই হবে,tamim,NEUTRAL
6fc138492936c586,Cr. Ar vobissot hahaoi beta nijer ego ta boro monea Korea. Akon desh ar morjadar prosno r oi beta bolea vobissot. Bcb icc ar kasea ki onnoy dabi korlo? J tamim ar kharap laglo,tamim,AGAINST
b3f93e2d8eabac48,"মীরজাফর বিহারী তামিম ইকবাল ও তো বাংলাদেশের লোক না, ওদের আদী নিবাস তো বিহারে...",tamim,NEUTRAL
2db13a253103c83a,তামিমের উচিত জাতির কাছে ক্ষমা চাওয়া........তামিম তার চাচার কারণে যতবার সুযোগ পেয়েছেন এতবার কোন ক্রিকেটার সুযোগ পাইনি,tamim,NEUTRAL
bfa008689d6be53b,ওরা দেশের দালালী না করে তামিম এবং ভারতের দালালী করছে। সবাইকে জাতীয় দল থেকে বহিষ্কার করা হোক,tamim,NEUTRAL
c611d7bb84e6834d,টাকার জন্য খেলে এরা তামিমের নাটক অনেক দেখেছি,tamim,NEUTRAL
127edfbe6bb8e7db,"তামিমকে জাতির কাছে মাফ চাইতে হবে,,কারণ তামিম মীরজাফর দেশ বিরোধী কথা বলেছে",tamim,NEUTRAL
5babff36b89d8faf,তামিম ইকবাল বিসিবি সভাপতি না হওয়ায় তারা ভারতের পক্ষ হয়ে দালালি করতেছে অথচ মোস্তাফিজ যখন অপমান হয়েছে তখন তো তারা চুপ ছিল।,tamim,NEUTRAL
619f3b51b33936fd,"কোয়াব আসলে অবসরের প্লেয়ার জন্য দালালি করে,রার্নিং প্লেয়ারের জন্য কিছু করে না, ৫ ই আগস্ট ২০২৫ এর পর থেকে তামিম কত কিছু করছে, সেটা সবার জানা, অথচ যখন হার্ট অ্যাটাক করেছিল যখন সারা দেশের মানুষ তার জন্য দোয়া করেছিল,আজ সেই মানুষগুলো শুধু অভিশাপ দেয়,সুতরাং মি.তামিম দালালি বন্ধ করেন প্লিজ🙏🙏🙏",tamim,AGAINST
2723b31c08e04396,এরা হইলো তামিমের দালাল এরা খেলে টাকার জন্য দেশের জন্য না। এদের সমাবেশ করার উদ্দেশ্য একটাই জাতীয় দলে টিকে থাকা এবং মাসে মাসে টাকা দিয়ে জাওয়া বাংলাদেশের জন্য কোনদিন খেলেনি এবং খেলবে ও না,tamim,NEUTRAL
4d612b67546b86f2,তামিম সবচেয়ে বেশি ডাক মেরেও সবসময় টপঅর্ডারে ব্যাটিং করতো কোন ক্ষমতা বলে?? অন্য কেউ হলে খেলা বাদ দিয়ে বাদাম বেচা লাগতো,tamim,AGAINST
baf6f1abc856e68e,ক্ষমতার লোভে তামিম ইকবাল পাগল হয়ে গেছেন।,tamim,NEUTRAL
fcf02732aa0c4670,তামিম ইকবাল বিসিবির পরিচালক পদ না পেয়ে এখন পাগল হয়ে গেছে! 😅,tamim,NEUTRAL
e73d3ddb5ef7ba04,only in BD Tamim is considered as world class opener.. An emotional nation we are..,tamim,FAVOR
81043f5f7be32402,ভারতের খেলতে যাওয়া কোথায় বলেছে তামিম ইকবাল ইলিয়াস সাহেব সবাই ভালো করে শুনুন তারপর মনতব্য করেন,tamim,FAVOR
fcbb5cc042d6288e,আপনাদের হয়তো জানা নেই তামিম ইকবালের পূর্বপুরুষরা সবসময় জামাত ইসলাম করে 😂❤,tamim,NEUTRAL
3c19f3303a697c04,তামিমের কি এমন যোগ্যতা আছে যে তার কথাতে বাংলাদেশ কে খেলতে হবে সে নিজের খবরটা ভালোভাবে পারবে না ঠিক আছে আর তামিমের দেশপ্রেম বলতে কিছুই নেই,tamim,FAVOR
ef1c8c6f9862d8b9,তামিম ভারতের দালালি করে কিছু একটা হতে চাইছে 😊,tamim,NEUTRAL
1b6116a3cd235f80,"তামিম প্রায় পুরাটা ক্যারিয়ারই চাচার জোরে ওপেনার হিসেবে জোর করে খেলে গিয়েছে। অন্য কোন ওপেনিং জুটিই সে দাড়াতে দেয় নি, বারবার নানারকম প্রভাব খাটিয়েছে দলের অন্দরমহলে। এছাড়াও অত্যন্ত ইম-ম্যাচিউর আচরণ তার।",tamim,NEUTRAL
0ad697c68445fd0c,অধিকাংশ ক্রিকেটার নিজ স্বার্থে খেলে দেশের জন্য খুবই কম খেলে। তামিমরা সিন্ডিকেট তৈরি করে ক্রিকেটকে ধ্বংস করছে।,tamim,NEUTRAL
6cae265e8baee3d6,নিঃসন্দেহে তামিম; ভারতের দালাল। নাজমুল সাহেব সত্যি কথাই বলেছে।,tamim,NEUTRAL
ba189dfe46a54e37,আমি মনে করি সাংবাদিক ইলিয়াস বিএনপি'র দালাল তামিম ইকবাল ভুল কিছু বলে নাই সে বলছে ভবিষ্যৎ পরিকল্পনা করে আগানো উচিত আমাদের সবকিছুই রক্ষা করতে হবে দেশের কথা ভাবতে হবে এবং ক্রিকেট তাকেও বাঁচাতে হবে।,tamim,AGAINST
3df1ddd2a5c846ca,তামিমের মত দালালদেরকে ক্রিকেট থেকে দূরে রাখা হোক না হলে কখনোই ক্রিকেটে ভালো রেজাল্ট আসবে না। দালালরা দলকে হাঁরতে বলবে। ✳️✴️✳️✴️✳️✴️,tamim,FAVOR
b208f72b7a68eac8,তামিম ইকবাল নিজের জন্য করেছে আর বাংলাদেশের জন্য কিছুই করেনি এবং তামিম তার জন্য ভারতের জন্য কথা বলে।,tamim,NEUTRAL
f2a7182af7f5bcb1,"তামিম ইকবাল,আসিফ আকবরের পদ না পেয়ে পাগল হয়ে ভারতের দালালি শুরু করে দিয়েছে, এদের সবাইকে আইনের আওতায় আনা দরকার দেশের সন্মানে আঘাত করার জন্য, দেশের মানুষের মনে আঘাত করছে এরা।",tamim,NEUTRAL
b7e5e9a28245f49f,Dalaler (Tamim) joto bank account ache Valo kore jachai kora hok obossoi se khane kichu paoa jabe.,tamim,FAVOR
684231913e9e6431,"Tamim Iqbal's century at Lord's is a perfect reminder of his greatness. From his iconic 2007 World Cup ton against India to his match-winning knock against England in the 2011 World Cup, he delivered when it mattered most. His innings in the 2015 World Cup and the record-breaking double century against Pakistan are unforgettable too. As he retires, we celebrate a fearless legend who gave Bangladesh cricket so much. Thank you, Tamim, for the memories. You'll always be a legend!",tamim,FAVOR
2ef5cbf1175968c1,What an innings from Tamim!!!.. Pure Nostalgia... The Old Classic Tamim Iqbal!!♥️😌,tamim,FAVOR
6148fe865cb3d6b2,Proud to be Chitainga Proud to be from the city of Tamim,tamim,FAVOR
01862bbebec014c6,Tamim Iqbal khan is the greatest batsman in the history of Bangladesh cricket,tamim,FAVOR
0f82dfee7563c6b9,Yes. After learning about this knock following tamim’s MCC membership announcement,tamim,NEUTRAL
8744b6897f7848e3,Shohan Khan he is a close friend at Tamim,tamim,NEUTRAL
70dcb37b72f7bcbd,Tamim is the best cricketer in Bangladesh cricket team,tamim,FAVOR
beb9eb6cad8c6ffd,But this is highlights of tamim iqbal..,tamim,NEUTRAL
6d7f013ed343d6b5,Ufff ufffff uffff what a player he was👀👀(pure class) Pls hit like button who has came here after tamim Iqbal's retirement 😊,tamim,NEUTRAL
d845a25217fef63f,Historical innings by Tamim Iqbal. Our pride ❤🇧🇩,tamim,NEUTRAL
84fbf9ad92a2a9c6,Bangladesh number one opening batsman Tamim Iqbal.,tamim,NEUTRAL
933f6dfeca0533e9,"kayes also played great innings,,kayes and tamim is the best test opening partner in bangladesh cricket history.",tamim,FAVOR
7a54cbf1842aab33,I like a lot of 'stand and deliver' shots from Tamim. His balance was always great irrespective of the kind of shots he plays. Stylish and feast to eyes when watch him bat.,tamim,FAVOR
4f7ace77b726bfb2,"That was Tamim Iqbal at his peak. Scored a 100 in each of test match of that series, also 50 in the first inning of the first test before getting run out by an inch or else he might have had 3",tamim,NEUTRAL
06920be1e33a65df,Tamim is the best opener in Bangladesh cricket history Imrul Kayes was his perfect partner in test cricket,tamim,FAVOR
5ffebabdc7c356ca,The best cricketer of Bangladesh Tamim sir you are a legend,tamim,FAVOR
3e508133b18abb87,One of the finest batting innings for Bangladesh cricket history 🇧🇩 Tamim iqbal 🇧🇩❤️🇧🇩 Im Saad Bangladeshi Fan Love from Bangladesh 🇧🇩,tamim,FAVOR
007383e4a06b0679,"A batsmans with high class talents, Love you dear Tamim:❤❤",tamim,FAVOR
8fd66c628ceed5bd,The days when every baller feared the opening of Bangladesh. Tamim Iqbal was at the fore front of it,tamim,NEUTRAL
b2ef02ec589d69c2,one of the best century of Tamim Iqbal!,tamim,FAVOR
fd47abf9ae4f9232,Thank you Tamim for everything. We will miss you,tamim,NEUTRAL
5d7a90097b48bd81,Tamim is such a talented batsman in Bangladesh cricket.,tamim,NEUTRAL
6ad0247aa9fe819b,"England had no plans for minnows. Tamim, being an exception to that, took advantage of it.",tamim,NEUTRAL
9fce12d03b6da86c,"@putinisbiden8588 It doesn't matter. On that day, the oppenent was England and the bowlers was also same England bowlers. It had done in England soil. If they had no plans for Tamim, it was their faults. Remember, Tamim scored two centuries back to back and he was selected ""Wisdom player of the year "". One that year, he scored two 80+ innings in NZ soil as well.",tamim,NEUTRAL
1001ced973bf8085,That old aggressive Tamim has lost in course of time!!!,tamim,NEUTRAL
13d5f055829d2af9,I came to this video tonight after Tamim announced his retirement from International cricket.. He gave so much to the country deserved more appreciation! Anyway reality is always harsh ! Good luck on your next chapter legend We will never forget you 💞,tamim,NEUTRAL
b168299ad71eeb23,"In the early 2010s Tamim played test cricket really aggressively opening the batting, like fast ODI style . .",tamim,NEUTRAL
579df78498104268,"@cucumbercarrot4010 now he's playing more of a calculative kinda innings. As he gets age, he reduced the risk taking intent from his game. But I myself do love to watch that old agressive Tamim more than the current sensible one though.",tamim,FAVOR
b397ea95903d620a,"Look at Ban Vs SL recent match! Tamim is back💗 1st innings, he scored 91 off just 108 balls Second innings, he scored 70+ off just 80+ balls Still not out❤️ Rain delayed the match!",tamim,NEUTRAL
c70bfc17a2066586,It was a day of great destructive batting and wonderful memories. Tamim Smashes Fastest Bangladesh Ton Lord's. Congratulations 👍🌸💐🌺🌹,tamim,FAVOR
b2466be0d0bde7c1,This innings remembers me of my childhood times. I am tamim iqbal's crazy fan since I watched this innings in my childhood..Love u tamim,tamim,FAVOR
adae1d405509033c,WHAT A BATTING BY TAMIM UNBELIEVABLE🙏💪💚 HE'S PLAYING BAZBALL WAY WAY BACK AND ENGLAND PLAY TODAY 🤣🤣😂,tamim,NEUTRAL
0e62de0e5bace10d,"I was in class 6. I still remember this match on Tv .. Our Tamim got century Against mighty England. I will never forget that moment. & that night. . A great childhood memory, it,s a huge emotion. That day will be always memorable",tamim,FAVOR
721b44a289c4c9b5,Everytime Tamim gets run .. just see at imrul Kayes.. he complimented him good .. underrated batsman of Bangladesh,tamim,NEUTRAL
a91561c3c0fe34ea,tamim is the best batsman of Bangladesh,tamim,FAVOR
55a5121b41ad0cc4,An outstanding innings by Tamim Iqbal.Well done 👍 brother 😊.,tamim,NEUTRAL
f96eb273802b7956,And new some legends of our country always try to insult tamim He is probably the best best batsman we ever had❤️❤️,tamim,FAVOR
046a7e6586d0193b,Actually tamim is the best opener batter for Bangladesh cricket history. And also he is a countable opener batter in international cricket. Really It's the matter of proud,tamim,FAVOR
485685995d4e418d,Tamim & Imrul Best operon pair for Bangladesh even today.,tamim,FAVOR
0231db7eee39fa7b,@7:03 before hitting the last boundary the face of tamim iqbal looks like the face which is infront deleicious burger,tamim,NEUTRAL
486a751b1231528a,Following on. Open the innings. Smash the best bowling team in the world for a century 🤤♥️ Reminds you of something? Tamim Iqbal take a bow,tamim,NEUTRAL
e70fef5014628947,Tamim is great crecket player of BD,tamim,FAVOR
670e90218ff5fe4d,"Best in the world, our dashing opener, the great Tamim Iqbal. What a fantastic celebration...",tamim,FAVOR
bd316aa444d73819,I Love this opening pair imrul kayes and tamim iqbal best combo.,tamim,FAVOR
a89c24975da862c3,"Tamim is arguably the best player of the short ball in international cricket,period l (btw im not bangladeshi)",tamim,FAVOR
572dd989344d0980,Tamim Iqbal is may only Bangladeshi cricketer who got standing ovation from english crowd its really big think for any young cricketer well done tamim 🤎 take a bow🤎,tamim,NEUTRAL
920823801e8991a3,"Suddenly got this as a recommendation and watching it, I really enjoyed Tamim’s classy shots!",tamim,FAVOR
fa81867f62ac4b55,কে কে তামিমের বিশ্বকাপ খেলতে না যাওয়া নিয়ে কষ্ট পেয়েছেন....,tamim,NEUTRAL
e81b59e79a4b40be,কে কে তামিমকে বিশ্বকাপ থেকে বাদ দেয়ার পর দেখতে এসেছেন? 😢,tamim,AGAINST
f34656930bb9c735,"You want to know about Bangladesh cricket, then know Tamim.",tamim,NEUTRAL
5265c23b27c78ea3,"শত ভাগ ফিট যারা, তারা তো তামিমের চেয়েও খারাপ খেলে😢",tamim,AGAINST
6b7ca58659cb5b2c,তামিম যদি না খেলে তা হলে বাংলাদেশের জন্য দোয়া থাকবে বাংলাদেশ সব গুলা ম্যাচ হারুক,tamim,NEUTRAL
4c8873f62f2e68e9,"ভাই , তামিম ভাই তামিম , তামিমের কাজ বাংলাদেশের কাউকে দিয়ে হবে না । তাই তামিম কে দলে চাই",tamim,NEUTRAL
153c7da78f6491a8,K. L Rahul injury thakar por-o take team a rekheche Asia Cup Squad-a..... Etai Indian cricket.... Tamim is a better opener other than all Bangladeshi openers,tamim,NEUTRAL
d5305f0d6bfd06bb,তামিম ইকবাল তাকা মানে দলের একটা আলাদা শক্তি। যা অন্য কারো নেই।,tamim,NEUTRAL
2fbf9c6f199c676d,"আমি তামিম ইকবালকে দলে চাই,, আমার সাথে কে কে এক মত জানাবেন,,,,",tamim,NEUTRAL
a6e863ec25767b11,VAI TAMIM NA KHELLE BANGLADESH 40 OVER O KHELTE PAR BE NA,tamim,NEUTRAL
603dc739b89e943e,Do this drama after the world cup. Just play tamim this world cup please,tamim,NEUTRAL
1b1de4a82f010c09,আমি নড়াইল থেকে বলছি 100% তামিমকে দলে প্রয়োজন। কারণ তামিমের বিকল্প কোন পেলেয়ার এখনও বাংলাদেশে নেই,tamim,NEUTRAL
b4155e88dfbf70ce,Tamim could be sidelined because he is not fit. Only in Bangladesh we can such a masala-type headline. Please grow up and be professional.,tamim,NEUTRAL
9677bbbdb87d437c,তামিম ইকবালের ব্যতীত সাব্বির রহমান কায়েস কে দলের সুযোগ দেওয়া উচিত,tamim,NEUTRAL
848fe512f95255a1,তামিম ছাড়া যারা ফিট আছে তারা ৫ বল খেলে এক রান করে আউট হবে তাদের নিয়ে বিশ্বকাপের আশা করা যাবে না,tamim,NEUTRAL
b6c4dc205149f5d5,Tamim valo player kintu lords r hero. Ata binodon 😊😊😊😊😊😊😊,tamim,FAVOR
14241030e2c072cc,"তামিম আপনি খেলোয়াড় হিসেবে যতটা ভাল তারচেয়ে বেশী ভাল মানুষ হিসেবে। মহান আল্লাহ্ আপনার সম্মান, মর্যাদা আরো বাড়িয়ে দিন। সেই সাথে ষড়যন্ত্রকারী দের ধ্বংস করে দিন। আমিন।",tamim,FAVOR
8a020a0995aee698,Tamim has confessed that still he has pain and he has told selectors to keep it in mind before offering him in the matches. Problem is still we do not have his alternative.,tamim,NEUTRAL
850a5010a42198c5,তামিম তামিম তামিম চাই তামিম ছাড়া উপায় নাই তামিম নিয়ে জেটবো বিস্বকাপ কাঁদবে পাপন কাঁদবে নানু খুশি হবে জনগন পাপন নানু বিদায় চাই বাংলাদেশ বাংলাদেশ,tamim,NEUTRAL
48a2ee262c04a23f,ঠিক বলছেন ভাই.. তামিম ছাড়া যদি বিকল্প থাকতো তাহলে এক কথা ও ছাড়া তো বিকল্পও নেই... তাহলে ওরে বাদ দেয় কি করে ওরা...,tamim,AGAINST
2c70b81072a78fe3,এতদিন যাবত বিশ্বকাপটা দেখব যে আনন্দ ছিল ওই পুরোটাই মাটি হয়ে গেল তামিম ইকবাল ভাই কে বিশ্বকাপে দেখতে চাই,tamim,NEUTRAL
9617c0bf05334c34,Hoyto Aj onner hate Power but Tamim vai apni kono tension korben na ! Apner somoy ar asbe ki na jani na but apni amader hridoy a thakben ❤❤❤❤❤,tamim,AGAINST
81e48ddc92edd40e,Vai re Vai...... Tamim ar oo Fan aache ajke dekhlam,tamim,NEUTRAL
4f428e05343dca6c,তামিম ইকবাল খান কে বিশ্ব কাপে দেকতে চাই,tamim,NEUTRAL
59519eb7987abc24,তামিম ভাই বাংলাদেশের সেরা ব্যাটসম্যান এতে কোনো সন্দেহ নেই,tamim,FAVOR
acbb8028b669c587,Dot Baba vokto..... tamim thakle final khelbe naki faltu Kotha bolo keno....pagol sagol koy theke ase,tamim,AGAINST
a0f667d099e160ba,R jodi 1 ta mach jite tahole amra dhore nebo tor jonmo tamim er birjo theke ??,tamim,NEUTRAL
611e59c985b9c482,Tumi ke Vai boykot korar.... Ar Tamim ki kono world class player naki je or Jonno khela boykot kora lagbe,tamim,FAVOR
2f14de337695fe7e,@farhanbeacon Vai ami kau na. Kintu tamim akjon vlobasar manus. Sai manusta jodi bissokap khalar mathea na thakea sai khala kivabea dakbo vai apnai bolen,tamim,NEUTRAL
f6a55d2c6cb51e45,আমি চাই বাংলাদেশের দলের সভাপতি আশরাফুল ভাই এবং মাসরাফি ভাইয়ের তামিম ইকবালের মত লোক,tamim,NEUTRAL
1867e003c9f49928,তামিম ভাই যদি বিশ্ব কাপ না খেলে আমি বাংলাদেশের কোন খেলাই দেখবো না 👎,tamim,NEUTRAL
f39b691bc1917138,তামিম ইকবাল খুব ভালো খেলোয়াড়।বাংলাদেশের সব থেকে ভালো ওপেনার।তামিম কে বিশ্বকাপ এ খেলানো উচিত ছিল।,tamim,FAVOR
c66a01960f46a80a,Ami shudhu Bangladesh er match gulo dekhbo na tamim vai na thakay....,tamim,NEUTRAL
6f16bd3486c9d1b4,"Who is that guy made you call? Mr.Tamim, you must disclose the name of the caller. This we need to know to save our cricket.our loves.",tamim,FAVOR
2ec54cd19d4f84af,Crickete akhon rajniti dhoke gese .. Tay Tamim r mahmodollah.. 😢😢😢,tamim,NEUTRAL
5760156af8e22fa8,আশাকরি এই হতাশা তামিমকে আরো শক্তিশালী করে তুলবে,tamim,NEUTRAL
5f72a8a8f8b32474,"তামিম ভালো খেলে, কিন্তু হঠাৎ করে এসে এশিয়া কাপ ও বিশ্বকাপে খেলার মত সময় এখনো হয়নি কারন এইগুলা একটা বড় মঞ্চ যেখানে মনবল ও অভিজ্ঞতা অনেক বেশি প্রয়োজন আছে বলে মনে করি। আমার মতে প্রথমে কয়েকটা আন্তর্জাতিক সিরিজ খেলিয়ে তার মনবল ও অভিজ্ঞতা বাড়ানো দরকার।",tamim,FAVOR
efb9f180346603cd,তামিম ইকবালের জায়গায় জুনিয়র তামিককে স্থান দেওয়া উচিত,tamim,NEUTRAL
33b879241b5b10c2,This is how a gentleman talks... Salute Tamim Iqbal khan....❤❤❤❤,tamim,NEUTRAL
f37766a37f7cbd14,My vote for TAMIM. Very professional and selfless and sacrificed what we all like.,tamim,NEUTRAL
d735dee30a86db0b,If anyone tell me who's personality is better my answer is Tamim. Both did very very well for BD cricket team,tamim,NEUTRAL
e296ef670da41b85,Shei onushondhan korso vhaiya! Onushondhaner kotha bole Tamim er press conference er ordhek dekhaiso..specific incident information er information deya chara oita k investigative journalism bole na.. obossho view khor oli golir yourtuber der investigative journalism er mane janar kotha na...,tamim,FAVOR
cb19c02918fb598f,"আমাদের ক্রিকেট দলের খেলার অবস্থা যা-তা। তাদের একজনকে যে পরিমাণ অর্থ দেয়া হয়, এর ১০% আমাকে দিলে আর বেশি না ১ থেকে ২ বছর অনুশীলন করলে হয়তোবা তাদের চেয়ে অনেক ভালো খেলবো।আর এই তামিম যদি ফিট না থাকে তাহলে আজকে থেকে একবারে ক্রিকেটের সব ফরমেসন থেকে সে অবসর নেক।তামিম নিজেও বলেছেন যে, সে অনেক দিন দলে না থাকায় সে ব্যাটিং করতে অনেক নার্ভাস ফিল করছে।তাই তামিমর অবসর নেয়া উচিৎ।এরা ক্রিকেট খেলতে পারে না,সেদিকে খেয়াল নাই আর যত নাটক এদের। তাদের (বাংলাদেশের ক্রিকেট দলের খেলোয়াড়) দেশের ক্রিকেট ও দেশ প্রেম নিয়ে প্রশ্ন জাগে।",tamim,FAVOR
0af6c028b1d245a4,"Videor title ke dei egula? Abar description e likse ""ঘটনার পেছনে থাকে আরেক ঘটনা। সেটাই খুঁজে বের করা চেষ্টা করেছে বিডিক্রিকটাইম।"" Reporter to dekhi prothom alo te ekta report korse oitar upor base kore 1 min bollo. Baki 3 min tamim er press briefing er clips dhukai dilo. Bdcrictime ki khuje ber korlo to bujhlam na.",tamim,NEUTRAL
e60631d789f4f876,Tamim is unfit for his back pain . No controversial matters here. So no more faltu discussion please.,tamim,AGAINST
110948c05243899f,যেই বাংলা ভাষার জন্য লাখো শহিদের রক্তের বিনিময় দেশ স্বাধীন করলো সেই বাংলা ভাষা ছেড়ে ইংরেজিতে কথা বলে ছি ছি ছি তামিম ইকবাল,tamim,NEUTRAL
23993e557eec4051,@farukhossen-hk6wu Polai koise Cricket niya kotha ar tomi maraw Family. Emon Supporter tomar tamim o tote🐸 na.. Bojo nai!,tamim,FAVOR
ce3235898cc45953,আপনার হেডলাইনটা ভালো লাগলো না। তামিম ইকবাল সাহেব সত্যি কথা বলার জন্য আসতেছে❤❤❤❤ আই লাভ ইউ তামিম❤❤❤,tamim,FAVOR
887c5f783d8457cc,"এটা তামিম না বললেও আমরা জানি তামিম প্রেস কনফারেন্সে কি বলবে, সে আবারো নিজের ঘাড়ে দোষ নিয়ে বলবে আমি নিজ থেকেই সরে এসেছি..",tamim,AGAINST
905dde92c6104b74,Tamim ar Nafiz key Cricket er shatey attached raktey hobai.,tamim,AGAINST
a39584aed46a13d3,তামিমের অনেক ভালো ভক্ত আমি।কিন্তু এখন বলি তামিম সাহেব হলো দেশের বড় অভিনেত্রী,tamim,FAVOR
b04086b5cdf2becf,তামিম ইকবাল কে আমরা সবাই বিশৃকাপে চাই,tamim,NEUTRAL
7a7f2a8690ad94af,একটা জিনিস খেয়াল করবেন এরা নির্বাচকদের কথা ধরে আছে কিন্তু তামিম সব পরিস্কার বলেছেন,tamim,NEUTRAL
361b542572bd602f,তামিম আদনানী ভাই আপনার যখন বক্তব্য শুনি তখন কলিজা টা ঠান্ডা হয়ে যায় ❤❤❤❤,tamim,NEUTRAL
a9debb06327c62ff,"আমি তামিম আল আদনানি হুযুরের আলোচনা শুনার পর থেকে অন্য কোন আলেমের আলোচনা শুনতে আগ্রহ পাচ্ছিনা,আমার মনে যে চিন্তা আসে তার সাথে শায়েখের আলোচনা ১০০%মিলে যায়,মনে হয় উনার আর আমার ভাবনা গুলো যেনো একি সুতায় গাথা।আল্লাহ শায়েখকে আরো অনেকদিন বাচিয়ে রাখুন।",tamim,NEUTRAL
d2d3794145efa05f,আলহামদুলিল্লাহ প্রিয় এ গুলো জানি কিন্তু আপনার মুখ থেকে শুনতে আরো বেশি ভালো লাগে 🥰 জাযাকাল্লাহ খাইরান প্রিয় তামিম সায়েখ 🥰🥰🥰❤,tamim,FAVOR
0771150077b3dc0b,Masa allah is great 👍 I Love is Sahyek Tamim Al Adnani..,tamim,FAVOR
bc1a48b56a30b29b,ভাই তামিম আল আদনানি এইটা কে??আপনি ওনাকে চেনেন???,tamim,NEUTRAL
0b11dcb99f851b99,আসসালামুয়ালাইকুম তামিম আল আদনানী ভাই প্লিজ একটু জানাবেন আপনার ভয়েস গুলো কোন সফটওয়্যার দিয়ে এডিট করে থাকেন। জানালে অনেক উপকৃত হতাম,tamim,NEUTRAL
5bd57bcaed9e7e46,❤সরকারের উপরে তামিমের কথা বলা উচিত হয় নাই সরকার যে ডিসিশন দিবে সেই ডিসিশন মেনে নিতে হবে জনগণের । এখানে বাফুফের করার কিছু নাই। স্বৈরাচারী হাসিনা যেমন ভারতের কাছে নতজানু ছিল তামিম ইকবাল ও কি স্বৈরাচারী হাসিনার মত ভারতের টাকার কাছে নতজানু নিজের স্বার্থ আগে দেখে দেশের স্বার্থের চেয়ে❤,tamim,NEUTRAL
4f790d8713571f65,Where was Tamim when Fizz was expelled?,tamim,NEUTRAL
ec532e2bff11b8f2,"তামিম ইকবাল বোর্ড প্রেসিডেন্ট হয় নাই - ভালোই হয়েছে। সে যেভাবে ভারতের দালালিতে নেমেছে, এই সময়ে সে বোর্ড প্রেসিডেন্ট থাকলে অবশ্যই ভারতের হয়ে দেশের সম্মানই শেষ করে দিত।",tamim,FAVOR
ad2044dad438a973,"আপনারা যারা তামিমের পক্ষে কথা বলছেন, তাদের কাছে আমার প্রশ্ন, আপনাদের কাছে তামিম বেশি.? নাকি আমাদের দেশের মারযাদা সন্মান বেশি.? যেখানে বাংলাদেশের সরকার, ক্রিকেট বোর্ড, জনগন সবাই মিলে সিদ্ধান্ত নিয়েছে যে, আমরা ভারতে খেলতে যাবোনা, সেখানে তামিম সাহেব সংবাদ সম্মেলন করে এই ধরনের কথা বলার কোন দরকার ছিলো কি.? ডালমে কুচ কালাহে, সব ক্রিকেট প্লেয়ার-দের বলছি, দেশের মারযাদা নিয়ে জন্য ভাবুন, দেশের সন্মান নিয়ে ভাবুন, জনগণের কথা ভাবুন, তা না হলে, জনগন সকল ক্রিকেট প্লেয়ার-দেরও বয়কট করবে,",tamim,AGAINST
5c7db0f5662adba0,আপনাদের কথায় মনে হয় তামিম খুব ভালো বলেছে।,tamim,FAVOR
0be9ae5e22ac0926,ভাই তামিম তো খারাপ কিছু বলেনি সে বলছে ভেবেচিন্তে ডিসিশন নিতে ব্যক্তিগতভাবে আমিও চাই যে বাংলাদেশ ইন্ডিয়া গিয়ে না খেলুক। তামিম যতটা গভীরে গিয়ে কথাটা বলছে অতটা গভীরে আমরা আম পাবলিক যাই নাই,tamim,AGAINST
3883030632459ad7,"Tamim did a great mistake, he has to say sorry.",tamim,FAVOR
5783352fd6fed2d1,এই তামিম ইকবালই ৩ আগস্ট ২০২৪ সাথে গিয়ে তাঁর প্রিয় নেত্রীর সাথে গণভবনে গিয়ে দেখা করে আসছে। এখন আবার সব দালান একজোট হয়েছে।,tamim,NEUTRAL
9e3b148260c2a5ff,তামিমের ম্যাচ হিসাব করে দেখেন তো কয়টা ম্যাচ উনি ভালো খেলছে অনার্সে শতগুনে মুস্তাফিজ সুপারস্টার সেই মোস্তাফিজকে যখন বাধ্য হইলো তখন তো তামিম ইকবাল কোন কথা বলে নাই কোন খেলোয়ারও কথা বলে নাই,tamim,FAVOR
704fbcd0258ee9dd,তামিম ইক বলেছে দেশের কথা না ভেবে ওর টাকার কথা ভাবতেছে আমি এত টাকা লস হবো না খেললে পারে,tamim,NEUTRAL
ac89e20bfb9f60ab,"বিনা বেতনে বছরের পর বছর ক্রিকেট খেলে, দেশকে সব ধরণের ট্রফি জেতানো তামিম ইকবালকে মুক্তিযোদ্ধা খ্যাতি দেওয়া হোক!🤣🤣",tamim,NEUTRAL
10e6da3d5afaac2e,তামিমের চুপ থাকা উচিত এই সময়ে এইসব কথা দেশের গ্রহন করবে না গালি খাবে তামিম সবার ঘৃনার পাত্ত হবে দেশের মানুষের,tamim,NEUTRAL
4cdf094a56c61ee2,সাংবাদিক রে মনে হয় তামিম কিছু টাকা দিসে,tamim,AGAINST
f20b3d2327573526,প্রত্যেক গুরুত্বপূর্ণ সিরিজের আগে তামিম একটা ভেজাল লাগাবেই!,tamim,NEUTRAL
dd945b106f049875,তামিমের উচিত জাতির কাছে ক্ষমা চাওয়া........তামিম তার চাচার কারণে যতবার সুযোগ পেয়েছেন এতবার কোন ক্রিকেটার সুযোগ পাইনি:face-orange-frowning::face-orange-frowning:,tamim,NEUTRAL
35b333a9aeeca819,3 bole 2 ran nakore indiake fainele diese tar nam Tamim.,tamim,NEUTRAL
4f9dc2dc8b4792c7,কি দালালী করছে তামিম। বলে কি ৯৫% অর্থ সহযোগিতা করে icc। দালালীর সীমা থাকা প্রয়োজন।,tamim,NEUTRAL
66b577136b41444c,তামিমরা দেশের মানুষ ভালো করে চিনে। আমার মতে এরা দেশের জন্য কিছুই করে নাই সব টাকার জন্য করেছে,tamim,FAVOR
ec33a1e80c0882d8,তামিম ইকবালকে নিয়ে কথা বললে কিছু মানুষের গায়ে লাগে আর মুস্তাফিজের অপমান গায়ে লাগে না অথচ তামিমের চেয়েও বড় খেলোয়ার মুস্তাফিজুর রহমান বর্তমানে তামিম ইকবাল তো লোভী টাকার জন্য দেশকে বিক্রি করে দিতে পারে এখন বুঝতেছি ভারতের কাছে বারে বারে কেন হারে বাংলাদেশ।,tamim,NEUTRAL
8888164d32ec568f,"তামিম ভালো খেলোয়াড় কিন্তু গ্রুপিং করে বাংলাদেশের ক্রিকেটের অনেক ক্ষতি করেছে। এখন দালালী শুরু করছে, আর আপনারা সাংবাদিকরা আরো বেশি দালালী শুরু করেছেন। হয়তো পালানো মা আর বাবার দেশকে আপনারা সাংবাদিকরা ভূলতে পারছেন না।",tamim,FAVOR
14e0dd49bbd84f47,"দেশের স্বার্থ সবচেয়ে বড়। খেলোয়াড় বা খেলার স্বার্থ না। তামিম তার কথার মাধ্যমে, খেলোয়াড়দের স্বার্থর কথা বলে ভুল করছে।",tamim,AGAINST
d5215bc7ad40d971,তামিম ইকবালরা ভারতীয় বিহারী তারা পারিবারিক ভাবে হিন্দি কথা বলে।,tamim,NEUTRAL
33e28fc0dbe95e3d,TAMIM DOING GOOD OR BAD THAT IS NOT MAIN THING. HIS WAY OF COMING TO BCB IS TOTALLY ILLEGAL,tamim,AGAINST
1fa025296cbdc25f,তামিমের বাংলাদেশের ক্রিকেট বোর্ডের সভাপতি হওয়ার যোগ্যতা নেই তবে খানের সে একজন স্বৈরাচারের দোসর।,tamim,NEUTRAL
b4054e7cac4db4c5,That’s what Tamim deserves. He did not follow the right process. He did nothing for cricket. Whatever he did everything was his own benefit. This is LOL report.,tamim,NEUTRAL
803a1b490e273de2,কেউ যদি দালালি করে তাকে দালাল বলা যাবেনা কারন তিনি তামিম ইকবাল।,tamim,NEUTRAL
f708dc1ea33a1451,বিনা বেতনে ক্রিকেট খেলে দেশকে সব ধরণের ট্রফি জেতানো তামিম ইকবালকে মুক্তিযোদ্ধা খ্যাতি দেওয়া হোক!😄😄,tamim,NEUTRAL
1125fd443531dea4,"যত আলোচনা হবে তামিমের তত লস, তাছাড়া দালাল বললেও তো দেশের প্রতি তিব্র ভালবাসার কারণে বলেছে so what?",tamim,FAVOR
283015b461c32516,বাঙালিরা দালালি গেল না বাঙালি সন্দেহ করে গত এক মাসের মধ্যে তিনজন লোক মেরে ফেলল এর পরও তারা কি ইন্ডিয়াতে যাওয়ার সাবাস করে তারা দেশের ভালো চায় না তারা দালাল তামিম ইকবাল,tamim,FAVOR
8d895c84849bd4e6,আমরা বাঙালিরা মানুষের অবদান দ্রুত ভুলে যায় .... Love u tamim bhai,tamim,NEUTRAL
99d9e7cb311b93d0,"তামিম ইকবাল ১২টা ম্যাচ খেলবে খারাপ ১টা ম্যাচ খেলবে ভাল সে খেলার কোন দাম আছে,,,,সবচেয়ে বড় কথা ২০১১ সাল থেকে এই পর্যন্ত বড় দলের সংঙ্গে তামিমের রান ১৮বা২৮রান,,,আর ছোট দল হলে ৫০বা১০০রান, এমন খেলার দাম আছে",tamim,NEUTRAL
fb95f3a185d41deb,কত ফকির এলোগলো ওপেনিং এ এখনো দ্বিতীয় তামিম খুঁজে পায়নি বাংলাদেশ। বুকচিতিয়ে ভারত পাকিস্তান ইংল্যান্ডকে ধোলাই দেয়াটা এই তামিম ই করে দেখিয়েছে বাংলার ক্রিকেটে।#Tamim ❤️🇧🇩,tamim,NEUTRAL
b4a7532116906e67,"তামিমের কাছ থেকে অন্যদের শেখা উচিত আসলে কিভাবে কথা বলতে হয়, প্রশ্নের উত্তরগুলো দিতে হয়।",tamim,NEUTRAL
d13e495d5d7e7ba1,তামিম কে আর ২০টি জাতীয় দলে আমার আর ৫-৬ বছর দেখতে চাই। আমরা এখন বিশ্বাস করি তামিম এখন ৩ প্রমেটে অনেক কিছু দেওয়া বাকি আছে । লাভ ইউ বস❤️❤️❤️❤️❤️,tamim,NEUTRAL
d066b85a2a644337,তামিম ভক্তরা কই সাড়া দিন। তামিমকে অন্তত আরো ৫ বছর চাই।,tamim,NEUTRAL
b297d260abaa7df8,"তাহমীদ অমিতের প্রশ্নগুলো বিব্রতকর, ওনি টি ২০ বিশ্বকাপের আগেও তামিমকে নিয়ে বাজে একটা রিপোর্ট করেছিলো। আশা করবো এরকম বিব্রতকর প্রশ্ন করে মানসিক স্ট্রেসের মধ্যে ফেলবেন না।",tamim,AGAINST
581558c316eb60b8,@emonkhan4649 তাহলে কী তামিম টেস্ট এর জন্য ভালো ব্যাটসম্যান??,tamim,FAVOR
cb4ced06bca19c96,"Tamim is the best opening batman in the world,,,, Best regards to you Tamim",tamim,FAVOR
3a36715818a2fc09,আমরা চাই তামিম ইকবাল ভাই আরো ৫ বছর খেলা দেখতে চাই,tamim,NEUTRAL
e5a379dc6c27f40a,Thank Boss Tamim Iqbal Khan. Don’t like Politics✌️✌️♥️♥️,tamim,FAVOR
4cdb610aea304360,"তামিমের কাছে একটাই অনুরোধ,,দেশের জন্য হলেও আপনি t20 খেলেন,,কারণ আপনাকে চারা বাংলাদেশ আজ পর্যন্ত ভালো শুরু করতে পারে নাই আর পারবেও না ,,please come back T20 , love you boss",tamim,FAVOR
413e552d943c53d0,Humm buja to jai e.. 2016 t20 world cup er most run getter.. Tamim Iqbal khan 💪,tamim,NEUTRAL
0fef6f0536e669ad,"তামিমের বিকল্প এখনো হয় নি, গত কয়েকটা সিরিজ তা প্রমাণ করলো",tamim,NEUTRAL
0d131fc4374a78a8,সাংবাদিকরা নিউজ বানানোর জন্য তামিম ভাইয়ের পিছু ছাড়ছে না।অহেতুক.....,tamim,AGAINST
65ea81ec3545b4b6,"ইসলাম বিদ্বেষীদের নিন্দা করা এক কথা ও সমগ্র গণতান্ত্রিক শাসন ব্যবস্থাকে বাতিল দাবি করা আরেক কথা। আপনারা ইসলাম ব্যঙ্গকারীদের পছন্দ করেন না তা বুঝলাম, তাই বলে সব দোষ গণতন্ত্রের? এই তামিম আসলে উগ্রবাদী মতবাদ ছড়িয়ে দিয়ে দেশে অরাজকতা সৃষ্টি করতে চায়। একটি সহনশীল মুসলিম রাষ্ট্র হিসেবে আমাদের উচিৎ এদের মতো উগ্রবাদীদের বর্জন করা।",tamim,AGAINST
9ab0f0264e1620ef,আপনি কি মুসলিম আপনার কথায় মনে হয়না কাফের মুসরিকের মত কথা বলছেন কাফের মুসরিক হলে দূরে থাকুন এই চ্যানেল আর শায়েখ তামিম ভাইকে যারা সাপোর্ট করে তাদের ইমান এত দূর্বলনা যে আপনাদের মত মানুষের কথায় তারা পিছু হটবে আপনি যদি মুসলিম হন তাহলে বলব আল্লাহ আপনাকে হেদায়েত দান করুক,tamim,NEUTRAL
63e8df4be12c16a9,আমার প্রিয় শায়খ তামিম আল আদনানী আল্লাহর জন্য ভালবাসি তাকে ❤️❤️🇧🇩,tamim,FAVOR
3ca089b8ce873139,"তামিম রা টাকার জন্য খেলে ,দেশের জন্য নয়।এরা ধান্দাবাজ।",tamim,NEUTRAL
a135b49fdb1f51d5,তামিম স্বৈরাচারের দোসর তার বিচার হওয়া উচিত ☑️,tamim,NEUTRAL
9a0e163630d37f97,"তামিম ইকবাল, ভারতের দালাল ক্রিকেট দল বা বোর্ড থেকে বের করে আইনের আওতায় আনা হোক",tamim,NEUTRAL
7196b74f0acf4dae,তামিম ইকবালকে বরখাস্ত করে অনতিবিলম্বে আইনের আওতায় আনা উচিত। আর এতো বড় মাপের একজন ভারতের দালাল এখন পর্যন্ত কি ভাবে দায়িত্ব পালন করছে?,tamim,NEUTRAL
081cd86c3d3dda9d,তামিমকে গ্রেপ্তার করে দৃষ্টান্তমূলক শাস্তি নিশ্চিত করতে হবে,tamim,NEUTRAL
7f531847c0a805a0,তামিম ইকবাল বিষয় টা পরিষ্কার করা উচিত,tamim,NEUTRAL
5b26d3b82dd362f6,Assalamuailaikum bhai ❤❤❤yes bhai you are right ❤❤❤Tamim Ekta Dalal ❤❤❤❤,tamim,FAVOR
8b0ba5290076b4b5,জাতি জান্তে চাই দালাল তামিম কে বলতে হবে কি কথা হয়েছে,tamim,NEUTRAL
b353cbcb4596dc30,তামিম ভারতের নব্য দালাল হয়ে ওঠার চেষ্টা করছে। এর সাথে আরও যেসকল ক্রিকেটার দালালি করছে তাদেরকে বাংলাদেশের ক্রিকেট সংশ্লিষ্ট সকল কার্যক্রমে নিষিদ্ধ ঘোষণা করে নতুনদের নিয়ে ক্রিকেট টিম গঠন করা উচিত।,tamim,NEUTRAL
7d60fefda8b00f8b,তামিম ইকবালকে জাতির সামনে প্রকাশ্য ক্ষমা চাওয়া উচিত।,tamim,NEUTRAL
166299e72171647b,"আমি তামিমের একজন ভক্ত, কিন্তু তামিম অন্যায় করেছে, তার এই জ্ঞানহীন কথাবার্তা বলা উচিত হয়নি।",tamim,NEUTRAL
77711ac531732134,অবশ্যই বর্তমান বাংলাদেশ ভোট যে সিদ্ধান্ত নিয়েছে এই সিদ্ধান্তই সঠিক সিদ্ধান্ত এবং তামিম ইকবালের মন্তব্য বাংলাদেশের মান ইজ্জতের ব্যাপার তাই তামিম ইকবালের এই মন্তব্য কে জনগণ সমর্থন করে না,tamim,FAVOR
c31009c6d193b1ae,তামিম এক সময় অবসর নিবে ! তামিম ছাড়া ক্রিকেট কি পড়ে থাকবে ? বহু তামিম বহু দালাল আসবে ! কিন্তু স্বাধীন বাংলাদেশ তাদের প্রত্যাক্ষান করবে !!,tamim,AGAINST
c0f45c4cbbe58af1,শুধু তামিম নয় আমার মনে তামিমের সাথে মিথুনও প্রত্যক্ষ ভাবে জড়িত আছে তামিমের সাথে সাথে মিথুনকেও জবাব দিহিতার আওতায় আনতে হবে,tamim,NEUTRAL
5364ad9878583a37,"তামিম ইকবাল কে গ্রেফতার করতে হবে তার চাচা, আকরাম খান ভাই, নাফিস ইকবাল কে, বিসিবি থেকে বাহির করে দিতে হবে",tamim,NEUTRAL
8b99d6ed0a68e980,তামিম ইকবাল বাংলাদেশের ভারতের পক্ষের ১০০% দালাল তা অস্বীকার করার কোন উপায় নাই কারণ বাঙালি জাতির কাছে পর্যাপ্ত পরিমাণ ডকুমেন্ট আছে হাসিনা পালানোর আগে তিন তারিখের ঘটনায় ভারতীয় দালাল,tamim,NEUTRAL
82aee72cc083ff2b,তামিমের মতো দালালি ক্রিকেটের কারণে বাংলাদেশী ক্রিকেটার নষ্ট হয়ে গেছে,tamim,NEUTRAL
a9514f60887e4419,"অস্ট্রেলিয়ার মতো ক্রিকেট টিম যেখানে বাংলাদেশের জনগন এবং সিদ্ধান্তের পক্ষে, সেখানে তামিমের মতো অর্বাচীন ভারতের দালালী করতে পারে কিভাবে?",tamim,NEUTRAL
9bd61b595f976c22,তামিম BNP এর পারপাস সার্ভ করে। আর BNP বর্তমানে ভারতের দালালে পরিনত হয়েছে।,tamim,NEUTRAL
ac7423b4305bea65,আসলে আমি সব সময় দেখেছি আল্লাহ যা করেন তা ভালোর জন্যই করেন।দেখেন যদি সেদিন তামিম ওইসব কথা না বলতো তাহলে নাজমুল ইসলাম স্যার ও ফেইসবুকে তামিমকে উদ্দেশ্য করে ঐ পোস্ট করতেন না সাধারণ মানুষের মাঝেও তামিমের কথাগুলোর বিরুদ্ধে প্রতিবাদ করতে দেখা যেতো না।আর আমাদের পুরো দেশবাসীর সামনে তামিমের এমন ভালো মানুষের মুখোশ পরে থাকা তার অরিজিনাল শয়তানি রূপটা আমাদের সামনে আসতো না আর তামিম একটা শয়তান হয়েও আমাদের দেশের মানুষের কাছে হিরো সেজে বসে থাকতো কিন্তু ধন্যবাদ জানাচ্ছি নাজমুল ইসলাম স্যারকে কেননা উনার ফেইসবুক পোস্টের কারণেই আসলে তামিমের শয়তানি সবার সামনে এসেছে।,tamim,FAVOR
a2e791c5f4332824,"তামিম আমার খুব প্রিয় একটা প্লেয়ার, তামিমকে অনেক ভালোবাসি যা অন্য কোন প্লেয়ারকে বাসিনা, কিন্তু যদি যদি তামিম ইকবাল, ভারতের হয়ে কথা বলে, এমন লক্ষ কোটি ভালোবাসার তামিমকে ডাস্টবিনের সুরতে আমার এক মিনিট সময় লাগবে না, আগে আমার দেশ",tamim,FAVOR
d6e3767d438f297c,3 আগস্ট তামিমের গণভবনে যাওয়ার কথা গোপন ছিল এখন ওকে ধরে লিভ পুলিশে ধরে ওকে জিজ্ঞাসাবাদ করা হোক ও ইন্ডিয়ান রয়েল এজেন্ট কিনা,tamim,AGAINST
2a4b0aefdd64c1f7,তামিম ইকবাল কে ভারতের দালাল বলা খুবই যৌক্তিক!,tamim,NEUTRAL
e934c4fe62673bd0,Perfect comments about dalal cricketer tamim iqbal .,tamim,NEUTRAL
6348a3747afa2f1a,তামিমরা ভারতীয় বিহারী তারা পারিবারিক ভাবে নিজেদের মধ্যে এখনও হিন্দিতে কথা বলে।,tamim,NEUTRAL
03d77ba2afc63da9,"যে যতো কথা বলো না কেন তামিমের ভেতরে যে প্যাঁচ আছে এটা অনায়াসে বুঝা যায়। কখনো আওয়ামীলীগ এখন নব্য বিএনপি আবার ""র"" এর এজেন্ট । ভাই তামিম দেশ ও জাতির সাথে বেঈমানি করিও না।",tamim,NEUTRAL
52c2d5cd1a82695d,এরা দেশের জন্য খেলে না/ টাকার জন্য খেলে / দেশের মান-সম্মান ওদের কাছে কিছুই নয় / এরা জুলাইয়ের নব্য রা/জা/কা/র তামিম,tamim,NEUTRAL
ee697939c233caa9,তামিম্যা অরিজিন র এর দালাল..... ওকে আমরা বয়কট করলাম..... ইনকিলাব জিন্দাবাদ,tamim,AGAINST
a2dcd1c2c81966e6,কোথাকার কোন নাজমুল চিনতাম না জানতাম না। শুনেছি ক্রিকেট বোর্ডের পরিচালক। আজ তিনি বাংলাদেশের হিরো। আর তামিম ইকবাল গং হয়ে গেল জিরো।,tamim,NEUTRAL
1f4d604bd5ce0219,আলহামদুলিল্লাহ! আসা করি তামিম ভাই আমদের ক্রিকেটের উন্নতি করবে।,tamim,NEUTRAL
2f9aa95b8711ccd1,ধন্যবাদ তামিম ইকবাল হাসিনা মডেলের নির্বাচন করার জন্য। আপনাকে অনেক ভাল লাগত কিন্তু আমিনুল ইসলাম কে যেভাবে সরালেন ভালো করেননি।,tamim,FAVOR
c8577ccbe7c3cfc4,এত তালবাহানা না করে এটা সবাই জানতো যে এটা তামিম ইকবালের বিসিবি হচ্ছে😂,tamim,NEUTRAL
ea5926b77f88637a,তামিম আগে অনেক পছন্দ করতাম এখন তার আসল চেহারা বেরিয়ে এসেছেন সে একটা লোবি সে নির্বাচন না গেলো সে আরো অনেক বেশি সন্মান পেত যেহেতু বুলবুল ভাই আছে মানুষ কে সন্মান দিলে তাঁর সন্মান আল্লাহ বাড়িয়ে দেন,tamim,NEUTRAL
32aee7ad060d7716,তামিম ইকবাল অতি আবেগী কথা বলে সব সময় 😂😂 ক্রিকেট হেরে গেলো 😂😂হাউ ফানি 😂😂,tamim,NEUTRAL
d8acfbd4e2ca4edd,এই ছেলেটা ছাত্র প্রতিনিধি হিসাবে মন্ত্রী হয়েছে কি করেছে ছাত্রদের জন্য বা দেশের জন্য সব যায়গায় বিতর্কিত হচ্ছে এমনকি চাদাবাজির মামলা ও তার নামে আছে।আর তামিম সাহেবরা রাজনৈতিতে না জোরানোই ভালো।,tamim,FAVOR
d5fda064575b4e0b,তামিম নিজেকে নিয়ে বেশি গর্ববোধ করে । তামিমের দারায় আদৌ কিছু করা কি সম্ভব ।,tamim,FAVOR
36e88550c9bc5f59,তামিম ইকবালা আপনাদের অনেক অনেক চেয়েও ভালো জানে,tamim,FAVOR
8f8276872bafecc2,Congratulations 🎉 Tamim Iqbal A Legend Batter In Bangladesh. From Japan 🇯🇵🎌,tamim,FAVOR
9bdcf2a6808e8a21,দোয়া রইলো তামিম ভাই আমার বিশ্বাস আপনি ক্রিকেটের জন্য ভালো কিছু করবেন ইনশাআল্লাহ,tamim,FAVOR
ed28394914eb3ede,"Congratulations for BCB president, my favourite player Tamim Iqbal khan. Best of luck khan.",tamim,FAVOR
236f8a4e82ff729f,Tamim valo korbe inshallah. O professional r honest. suvokamona or jonno.,tamim,FAVOR
0d4fd78f9cea7a84,তামিম ভাই দায়িত্ব ছাড়া যে সব কাজ করেছেন আশা করি দায়িত্ব পেয়ে আরোও বিশি কাজ করে বাংলাদেশের ক্রিকেটকে এগিয়ে নিয়ে যাবেন ইনশাআল্লাহ 😊😊,tamim,NEUTRAL
8d7bcd90365ed515,বিসিবি সভাপতি কে সেটা গুরুত্বপূর্ণ নয় কিন্তুু তামিম ইকবাল যেহেতু এসেছে একটাই চাওয়া ধান ক্ষেত বানিয়ে ক্রিকেট খেলার পথে যাতে না হাঁটে এতে ক্রিকেটের এবং প্লেয়ারদের উন্নতি হবে না গত কয়েকটি সিরিজে স্পোর্টিং উইকেটে খেলা হচ্ছে এটা যেনো ধারাবাহিক হয় এবং দেশের সব স্টেডিয়ামে হয়,tamim,NEUTRAL
85ac48dfa6004370,মিজানুর রহমান তামিমের দলের মালিক ছিল তাই তাকে পরিচালক বানাইছে,tamim,NEUTRAL
0ea2655e5f4b8ebf,আশা করি ভালো কিছুই হবে ক্রিকেট এর জন্য তামিম ইকবাল ভাই বলছিলেন আমাকে কেউ ভুইলা যাইয়েন নাহ আসলে ক্রিকেটকে যে এতো ভালোবাস্তে পারেন সে অবশ্যয় বাংলাদেশ ক্রিকেটকে অনেক দূরে নিয়ে যাবেন ইনশাআল্লাহ শুভকামনা তামিম ইকবাল ❤️,tamim,FAVOR
016cb5865bb05ae7,"সমস্যা নাই, যত কাজই করুক আগামী ৫ বছর না যেতেই যদি সরকার বদল হয়, নতুন কেউ এসে সিনেমা স্টাইলে তামিমের মতো বোর্ড দখল করে এডহক কমিটি বানাবে, নিজেই নির্বাচন দিবে এবং নিজেই বিজয়ী হবে!! যেমন কর্ম তেমন ফল 😜😜",tamim,NEUTRAL
d1107eabfda14177,❤ যেভাবেই জয়ী হোক। তামিম ইকবাল বাংলাদেশের সর্বকালের সেরা ব্যাটার ও ক্যাপ্টেন like MS Dhoni. উনি আসছেন মানে কি হবে এটা নির্বাচনের আগেই মানুষ উন্নয়ন দেখেছে।,tamim,FAVOR
b4e60f4db2f63483,তামিম ভাই সভাপতি হয়েছে। আমি ব্যক্তিগত ভাবে খুবি খুশি। কিন্তু একটা প্রশ্ন রয়ে যায়.... নির্বাচন টা কি আদেও সুষ্ঠু হয়েছে? যদি হয়... শুভ কমনা তামিম ভাই। কিন্তু যদি না হয় এর খেসারত আপনাকে দেওয়া লাগবে আজ হোক আর কাল হোক।,tamim,NEUTRAL
3aa055f01731ba9a,"ক্রিকেটের মানুষ ক্রিকেটে এসেছে খুশি হলাম, বিএনপির যে কেও আসার থেকে তামিম আসায় খুশি হলাম😅 আশা করি দালালী না করে ক্রিকেটের উন্নতি করবে 😍",tamim,NEUTRAL
8bec69646a643341,দায়িত্ব নেওয়ার জন্য কতই অভিনয় করল তামিম আজকে ভোট সূক্ষ্ম হয়েছে তার কি প্রমাণ আছে আমিনুলকে বাংলাদেশ থেকে তাড়ানোর জন্য কত কি করছে তামিম এই ক্ষমতা নেওয়ার জন্য তামিম একটা বাটপার একটা চোর😂,tamim,NEUTRAL
3750dc90a6cf3cc2,যেভাবেই জয়ী হোক। তামিম ইকবাল বাংলাদেশের সর্বকালের সেরা ব্যাটার ও ক্যাপ্টেন like MS Dhoni. উনি আসছেন মানে কি হবে এটা নির্বাচনের আগেই মানুষ উন্নয়ন দেখেছে।,tamim,FAVOR
1c0bce0a4d79906c,তামিম কেমন করবে জানিনা.... তবে স্বজন প্রীতি না করলেই চলবে....!!!!,tamim,NEUTRAL
6d57a56950a9cb78,তামিম ভাইয়ের কথাগুলো একদম সঠিক যারা ভালো করবে তাদেরকে জাতীয় দলে চান্স দেওয়া উচিত পেন্সিল যারা ভাল খেলবে তাদেরকে জাতীয় দলে টেনে আনা উচিত,tamim,FAVOR
da24dd994b4cd178,তামিম ইকবালকে মন থেকে ভোট দিন এবং ক্রিকেট সামনের দিকে এগিয়ে নিয়ে যেতে সাহায্য করুন তামিম ইকবালকে আমার মনে হয় এই প্রথমবার বাংলাদেশ ক্রিকেট বোর্ড একটা ভালো মানুষ পেয়েছে এবং আপনারা যদি ভোট দেন তাহলে তামিম ইকবাল খান ক্রিকেট টাকে সামনের দিকে নিয়ে যেতে পারবে ইনশাল্লাহ,tamim,FAVOR
93b0feea37d5c319,"I dont think Tamim will be good option for brd president, he is not even proven himself as an admin, I know his club did match fixing in league.",tamim,NEUTRAL
995ab8d1cade18dc,❤❤ ইনশাল্লাহ তামিম ইকবাল ভাই ভালো লোক উনি আসলে বিসিবিতে উন্নয়ন হবে।,tamim,FAVOR
6e6243ddc113e56d,বিসিবি সভাপতি তামিম ইকবাল আগে থেকে বলে দিলাম,tamim,NEUTRAL
b43d237fab791531,আগ্রিম শুভেচ্ছা তামিম একজন তামিমই পারেন দালালি করে সফল হতে,tamim,NEUTRAL
9e313ec89eac0a66,"তামিম বাপের নাম না নিলে বিডিক্রিকরাইম এর সকাল টা ভালো হয় না, বাপের প্রতি কি টান 😊",tamim,FAVOR
a0ddd50262efa306,টাকা খরচ করে নির্বাচন আয়োজন করার কোন প্রয়োজনই ছিল না কারণ সবাই জানে সভাপতি তামিমই হবে কি রাগ করলা,tamim,NEUTRAL
01a8fe1fae99768b,তামিম সজন পিরিতি করেছে এরমানে মিজানুর বরিশালের মালিক,tamim,NEUTRAL
4804f8290e2fba46,এই তামিম মনে করতেছে এই দেশে কমতা তাকবে বিএনপি আর লীগ। এটা মনে করে তামিম এগুলো করতেছে,tamim,NEUTRAL
eb9ee6d809d75541,তামিম ইকবাল কে এ পদ থেকে থেকে অব্যাহতি দিলে কি হয়? তামিম ইকবাল কি এই পদের যোগ্য ব্যক্তি কিনা তা নিয়ে সন্দেহ আছে। সরকার কি আঙ্গুল চুষতেছে নাকি এটাও তো বুঝতেছিনা।,tamim,NEUTRAL
a0024ae836abbac4,তামিল তামিম ইকবাল আসার পর বাংলাদেশ ভালো করতেছে এটা কারো কাছে ভালো লাগতেছে না সহ্য হচ্ছে না তাই এ ধরনের আলতু ফালতু কথা বলে ফালতু ফালতু কথা বলে দেশের ক্রিকেটকে বিতর্কিত করতে যা কিছু সুযোগবাদী মানুষ তামিম ইকবাল তুমি এগিয়ে চলো তোমার সাথে আছে দেশের মানুষ,tamim,FAVOR
7ba679d07405995d,খুবই লজ্জাজনক আমাদের জাতির জন্য আমাদের দেখা উচিত তামিম ইকবাল খান দেশের ক্রিকেট টাকে কোথায় নিয়ে যায় খারাপের দিকে নাকি বালর দিকে আমার বিশ্বাস দেশ সেরা ওপেনার সকল খারাপ বাজে মন্তব্যের জবাব উনার কাজের মাধ্যমে দেবেন এটাই আমাদের ক্রিকেট প্রেমীদের ছাওয়া,tamim,AGAINST
2e5c73cc03732ab5,"তামিম ইকবালের অপসারণ চাই, তামিম হাসিনা’র সাথে দেখা করেছিল।সে দালাল।",tamim,NEUTRAL
c5df8ef8f536d974,তামিম দালালকে নিয়ে কোন কথা বলতে চাই না,tamim,NEUTRAL
5c2d3a944a0ba870,তামিমের জন্য জুতার মালা রেডি আছে শুধু সময়ের অপেক্ষা,tamim,NEUTRAL
f1fdffc3fa17c688,তামিমকে জায়গা দেয়া আর জুলাইয়ের সাথে প্রতারণা করার পার্থক্য কোথায়?,tamim,NEUTRAL
94bf3481cc2450eb,Can Tamim dare to resign now 😜after this so many negative comments against him. 😂,tamim,NEUTRAL
bb619b5bae35cac4,নাজমুল হাসান পাপনের সময় এমন ছিল বিসিবির সভাপতি উনি হইতেন প্রতিবারে উনি সবচেয়ে বেশি ভোট পাইতেন যেটা শেখ হাসিনার সময় ডামি নির্বাচন ছিল সেই রকম হইছে এখন তামিম ইকবাল,tamim,NEUTRAL
ec4be04e1b880a21,আমার মনে হয় তামিম নির্বাচিত হয়ে শেখ হাসিনাকে ধন্যবাদ জানাইছে সবার আগে 😢😢 যে তামিম ইকবালের ব্যাটিং দেখার জন্য টিভির সামনে বসে থাকতাম সেই তামিমকে দেখলে এখন শরীরে কেন জানি আগুন জলে 😢😢😢😢,tamim,AGAINST
0ab846a22d6d9cb7,Shaikh Shilong Salahuddin and Shaikh Tamim Iqbal are both Indian RAW agents,tamim,NEUTRAL
4c2d72a571ade66d,তামিম ইকবালকে সবাই ভোট দিয়েছে কিন্তু উনি নিজের ভোট নিজেই দেয় নাই কারণ তাহলে তো ৭৪ টা ভোট হয়ে যেত,tamim,NEUTRAL
be39cb26c6ad4adf,দালাল তামিম ইকবাল। তারেক রহমান তার এই উদারতার কারণে কঠিন বিপদে পরবে...,tamim,NEUTRAL
71b3cf2f093168d4,তামিম ভাইকে অনেক ধন্যবাদ!!! বাংলাদেশ ক্রিকেটের উজ্জ্বল নক্ষত্র চট্টগ্রামের তামিম ইকবাল! যারা আজকে কথা বলছো তারা দেশ ও জাতির শত্রু!,tamim,AGAINST
3343eaa41dfb4466,"Shaikh Shilong Salahuddin, Shaikh Tamim Iqbal, Shaikh Mirza Fakhrul etc are all Indian products",tamim,NEUTRAL
bb58b6b7360094d2,"তামিম কেও কারণ দর্শাতে বলা হোক, উনি যদি অপরাধ করে থাকে তো, তামিম তার চেয়ে বড় অপরাধ করছে",tamim,NEUTRAL
2384a8090cc3731f,"ওনি মনে হয় শায়েখ তামিম আল আদনানি ,, সাহেবের কথা বুঝতে পারেনাই,,,,",tamim,NEUTRAL
eb232bec51d94ce3,শাইখ তামিম আল আদনানি হাফিজাহুল্লার কথাই কুরআন হাদিসের সঠিক ব্যাখ্যা! আল্লাহ সবাইকে সঠিক বুঝ দান করুন!,tamim,NEUTRAL
8e46c57db89d2c99,"""Shiek Tamim Al Adnani "" thike to bolche.",tamim,NEUTRAL
6272a97ec07a5177,এমনকি আপনারা তো ওই জাতি যে জাতি কিনা ইমাম মাহদী আলাইহিস সালাম আইসা যদি ডাক দেয় চলো জিহাদে চলো তখন আপনারা বলবেন দাঁড়ান আমার এখনো কিছু তাজবি বাকি আছে আল্লাহ তাআলা এই আলেমদেরকে সে তার সহিসালামতে রক্ষা করুন আমিন এমন কি পীর সাব হুজুর কেও সহি বুঝ দান করুন আমি এখনো বলতেছি ইচ্ছা হুজুর যদি তামিম আপনার মত আলী হাসান ওসামার মত গর্জে ওঠে আমরা তার সাথে আছি এখনো সময় আছে এখনো সময় আছে আর না হলে এই দেশ থেকে মাইর খাইতে খাইতে বিতাড়িত হবে শুধু সময়ের অপেক্ষা বলছি ভাই বোকার মত গণতন্ত্রকে বিশ্বাস করিয়েন না আচ্ছা মানলাম আপনারা বলতেছেন কেন ভোট এক না তাহলে বলুন তো আল্লাহর রাসূলকে দিন রাষ্ট্র কিভাবে কায়েম করবে কিভাবে চালাবে এটা কি বলে যান নাই নাকি কোরআন এবং হাদিসে এমন কোন জায়গায় আছে ২০২২ সালে আইসা ভোটের মাধ্যমে ইসলাম কায়েম করতে হব আমি কথাগুলো ভুল বললে দয়া করে ক্ষমার দৃষ্টিতে দেখবেন আর না হলে সঠিকভাবে বুঝিয়ে দিন এই জাতিকে না হলে ধরা খেতে হবে সবার,tamim,AGAINST
8e9cfeff82d59fbb,"তামিম এর বেশ কয়েক বৎসর যাবৎ সত্যিকার ভাবে খেলায় মনোযোগ নেই। তাই সময় থাকতে অবসর নিয়ে ভালো করেছেন। অসন্মান এর চেয়ে সন্মান নিয়ে চলে যাওয়া ভালো হয়েছে। খেলায় তার মনোযোগ নেই। কয়েক বছর যাবত খেলব কি খেলব না, কোন ফরমেটে খেলব, কোন ফরমেটে খেলবন না তার সিদ্ধান্তহীনতা এদেশের খেলাকে ভুগাচিছল ।বাংলাদেশের ক্রিকেটে তামিমের অবদান মনে রাখবে এদেশের মানুষ। আমরা তাকিয়ে থাকব নতুন তামিমের দিকে। ধন্যবাদ তামিম আপনাকে।",tamim,NEUTRAL
26c24f86b4e60a75,অনেক অনেক মিস করব তামিম ভাইকে😪😔কেন এই সময়টিই অবসরকে বেছে নিলেন?🤥😔বুঝাই যাচ্ছে বাহিরের শক্তির হাত আছে,tamim,AGAINST
f8d8db8e4dbcf818,"কান্না করেন, এই কথা খুব আবেগের।আপন,প্রিয় মানুষ কাদিঁয়ে যখন চলে যায়, তা গ্রহন করা খুব কঠিন।খেলাতো হবে,দায়িত্বে আসবে নতুন।কিন্তু তামিম তামিম, ই একজন। তা তার মূল্য অনেক।থাকবে সবার মনের মাঝে,আপন হয়ে।",tamim,NEUTRAL
2c657026dbcc86ff,@mdlitonreza9883 তামিম ভাই কে নিয়ে কালকের নিউজ গুলো দেখেন !,tamim,NEUTRAL
88f027be5b073238,"এগুলাই দেশের সাংঘাতিক,,, নিজেদের বিজনেসের জন্য,,উস্কানি মূলক কথাবার্তা বলে,, তামিমের অবসরের পিছনের মূল একটা বড় কারণ হলো এই সাংঘাতিকগুলো,,,,এবার নতুন নাটক সাজাবে হাথুরু কে নিয়ে,,🤬",tamim,AGAINST
75b23820eb33cf53,কস্ট কি জিনিস এক সময় হাসি খুসি মানুষটাকে ও কাধায় I Love Tamim Iqbal 😍❤️❤️‍,tamim,FAVOR
4427f77ba518488a,আমাদের প্রিয় তামিম ইকবাল যথেষ্ট ফিট আছেন তাকে আমাদের দেশের জন্য প্রয়োজন আছে। প্রিয় তামিম ইকবাল ❤❤❤❤❤,tamim,NEUTRAL
96583efe3dfc3e1c,Thanks Tamim for his contribution. This is very good time for him.,tamim,NEUTRAL
8a9d0a8e77d02ae2,"অসংখ্য ধন্যবাদ তামিম ভাই কে,বিদায় করে দেওয়ার আগে, নিজেইচলে যাওর জন্য! আমরা কোনো একসময় বলতে পারবো আমাদের সিনিয়র ম্যান গুলো কখনো দল থেকে ভালো কিছু নিয়ে বিদায় হতে পারেনি, বাট দুঃখ কস্ট অভিমান নিয়ে বলে যায় বায়😢",tamim,FAVOR
e2c17071e668598b,তামিমের প্রতিটা কথা আজ কলিজায় গিয়ে লিখছে।তামিম বাংলাদেশের জন্য কি করেছে সেটা প্রতিটা ক্রিকেট প্রেমী জানে।ভালো থাকবেন মি. ক্যাপ্টেন💔,tamim,FAVOR
00d6f8a175027eb5,Ata mene nite parlam na. Tamim vai..🥲🥲,tamim,NEUTRAL
4045bdc4f44723ec,এ দেশের হয়ে খেলা ও ঠিক না অভিমানি তামিম ইকবাল সঠিক সিদ্ধান্ত নিয়েছেন,tamim,NEUTRAL
cdc28ec2eb6e1dab,Pressure nite na parle eto taka ki goar jonno dibe? Jar performance valo she thakbe ar jar valonona she thakbena. Tamim ikbal onek bocor kelce.notunra asuk.etai prottasha. Or performance ekon kicui nai.,tamim,FAVOR
01df34f2c8b78412,"senior player korte korte desher cricket er barota beze gese. tamim er obosor ta important chilo. erokom unfit hoye world cup e giye dabba marle ercheyeo baze obostha theke retire nite hoto. somossa hocche amader senior player ra decision nite pare na. tara sarajibon khele jete chay. But jara coach, tara chay notun player der nijer hate nijer moto kore toiri korte, jeta senior player der kora jay na.",tamim,AGAINST
703a1a5856caa44a,আমি মনে করি টি২০তে অবসর শুধু তামিমের নয় পুরো বাংলাদেশ টিমকেই অবসর নেওয়া উচিত। বাংলাদেশে টি২০ উপযুক্ত কোন প্লেয়া নেই,tamim,AGAINST
d36ca10a723a570e,ভাই খুবই দুঃখ জনক ব্যাপার তামিম কে অন্তত আরও এক দুটো বছর T20 দলেও যেকোন উপায়ে রাখা উচিৎ ছিল। কারণ ওপেনার হিসাবে তামিম ইকবালের এখনো বিকল্প কেউ হয়নি।,tamim,NEUTRAL
702bcb87842b8478,"Stats don't show everything. Tamim's team getting success, but this team was made by Mashrafee. He made everyone believe that we can also compete against the best teams of the world!",tamim,FAVOR
60c24dfb11dac891,বর্তমানে T20 তে দলের যে বেহার দশা তখন কি দেশের জন্য হয়ে ক্রিকেট বোর্ডের কোন দায়িত্ব নেই তামিমকে ফেরানোর। আমি মনে করি ক্রিকেট বোর্ডের সম্পূর্ণ দায়ভার এটা। একজন মানুষের ব্যক্তিগত ইস্যু থাকবে তার পরে কি বোর্ড চুপ করে থাকবে। দেশের জন্য এবং দলের জন্য তামিমকে অধিনায়ক হিসেবে T20 তে ফেরানো উচিত। আশা করি উত্তর দিয়ে যাবেন? @Not Out Noman,tamim,FAVOR
ec0df220dad9cfcb,সামনে টি-টোয়েন্টি বিশ্বকাপ তামিম ভাই বিশ্বকাপের পরে বিদায় নিলে ভালো হতো,tamim,FAVOR
3bb3c51019bb7e33,Tamim proved he isn' t a showcase captain but a real captain on the field. The ' to be captains' of the three formats of our team should watch these historic ODI series again & again and learn how TAMIM led his team to make it 3-0 ! Incredible !,tamim,NEUTRAL
4e7f79324a29375b,Then Tamim is fully successful to take over and utilise the team with leadership like Mashrafee.,tamim,NEUTRAL
92e7c1e240fd7da2,ভাই এইটা নিয়ে এতো ধাক্কাধাক্কি করার কিছু নেই। তামিম নিজেও জানেন এবং মানেন মাশরাফী বাংলাদেশের সর্বকালের সেরা ক্যাপ্টেন।,tamim,FAVOR
34b682ccc2d5bce6,Tamim still not faced the ICC event in captaincy. Mash and Tamim both are legend. They make our nation pride.,tamim,FAVOR
3f3ee6a186823916,খুব খারাপ লাগছে। সকালে ঘুম থেকে উঠে দেখি এমন নিউজ দেখে আসলে চোখ তো বিশ্বাস করতে পারছিলাম না। কিন্তু কি আর করার ছিল বাস্তবতা যে মেনে নিতেই হবে। আপনার সিদ্ধান্তকে সমর্থন জানাই তামিম ভাই। ক্রিকেট বিশ্ব যতদিন থাকবে ততদিন আপনার নামটা ক্রিকেট আঙ্গনে ইতিহাস হিসেবে রয়ে যাবে। টি-টোয়েন্টি ফরমেটে ক্রিকেট বিশ্বকাপ আপনাকে খুবই মিস করবে। ভালো থাকবেন লিজেন্ড। লাভ ইউ তামিম ভাই ❤️❤️❤️❤️,tamim,FAVOR
afb01fb3b470a819,I respect his decision.Thanks Tamim Iqbal for your service.,tamim,FAVOR
970f2035b3485276,Tamim er captain c te Bangladesh aro onek dor agabe amar bishshash insha'Allah.,tamim,NEUTRAL
c046983e15fb65e7,"যদি এমন হয় যে,আগামী বিশ্বকাপে তামিম আসরের সর্বোচ্চ স্কোরার এবং সেই সাথে বাংলাদেশ বিশ্বকাপটাই জিতে নেয়, তবুও কিছু জ্বলন্ত আত্মা বলবে তামিম কিছুই না।এটাই বাংলাদেশ এবং আমরা এরকমই। তবুও আমরা নিজের পছন্দের প্লেয়ারকেই সেরা প্রমাণে ব্যাস্ত থাকবো।",tamim,FAVOR
abc82883cab068fd,প্রিয় তামিম ভক্তদের রীতিমত ধোঁকা দিয়েছেন। কি দরকার ছিলো এত নাটক আর টালবাহানার ! এতে করে তামিমের ভাবমুর্তি আগের জায়গা থেকে হারিয়ে গেছে,tamim,NEUTRAL
b40e3ef2a418052d,tamim is a legend for bd cricket this decision made me very unhappy,tamim,FAVOR
eb7169655d5a0fb6,It was unexpected from tamim iqbal... he knows very well without him Bangladesh is totally incomplete without him in t20... but with anger he has announced his retirement... before thinking about himself he should think about his nations... really tamim this is unexpected 💔,tamim,NEUTRAL
d061ec21639795d3,আমার আসা করতেই পারি তামিমের নেতৃত্বে বিশো কাপে ভালো কিছু আসা করাই যায় লাইভ বস লাইভ কেপ্টেন,tamim,FAVOR
a1516025e22b657a,"Tamim right decision nise. Manush jotoi abege take team e dekhte chak but he knows he is not compitable for t20. Ajk team e nai bole manush abeg dekhcce, klk 2/1 match ektu kharap hoilei take dot baba, khan shaheb bole criticise korbe. He took the right decision....",tamim,NEUTRAL
e37613edcb410f5c,"Now, Domingo & Mr.Papon may open the T20 cricket for our team. Domingo is the main Culprit to accelerate Tamim's retirement. I feel Tamim had no plan to retire from T20 but he was dishonoured by Domingo during injury absence and some remark of Mr Papon has hurt Tamim. Papon never misses the chance to dishonour Cricketers whereas he has Cricketing background. He has captured the chair with his political inheritance, He can still discuss with Tamim personally and assure to fire Domingo ,then Tamim may come back.",tamim,AGAINST
e1b3b9351caa090b,তামিম ভাইকে সামনের টি২০ বিশ্বকাপে অবশ্যই প্রয়োজন ছিল।,tamim,NEUTRAL
119371702d5d061a,Too early to compare between Mash and Tamim.,tamim,NEUTRAL
37ce9405d1febd5b,"BPL khelte tamim iqbal er oniha dekhlm na.... Kintu International t20 te tar khelte etho oniha kno ta bhujlm na........ Even PCL,CPL bolen oigulate tare dole nile shey tho khelei kintu nijr desh hoye khelte kno etho oniha",tamim,NEUTRAL
f837ea1cc29cabe5,টি-টুয়ান্টি তে তামিমের অবসর. সময়ের সেরা ও সাহসী সিদ্ধান্ত.আশা করি অন্য সিনিয়রদের ও তামিম কে দেখে শিখা উচিৎ. কিভাবে সম্মান নিয়ে অবসর নিতে হবে,tamim,NEUTRAL
0c566ed0f7282d93,Tamim is a good captain but masrafee is best,tamim,FAVOR
c32fd328bc6a9ec1,তামিম অতিরিক্ত বাড়াবাড়ি করছে বলে কি মনে হচ্ছে না 😏,tamim,NEUTRAL
2e29eb079273468e,তামিম ইকবাল যা করেছে বেশ ভালোই করেছে।,tamim,FAVOR
b58ed3565eb0eec3,আমি চাই এখন তামিমের জায়গায় ইমরুল কায়েস কে নেওয়া হক,tamim,NEUTRAL
6fe3e2a60035f4b6,তামিম ভাই t20 থেকে নিজেকে সরিয়ে বাংলার জনগন কে কষ্ট দিলো। যাকে গৌটা দেশ চাই আর সে চায় না 😒😔,tamim,NEUTRAL
e8e4a7cd225b1a48,"Totally biased report, in T20 ,contributions of Tamim Iqbal are not countable.",tamim,NEUTRAL
cf32941cc71365fe,"ভাই আপনারা মেনেজমেন্ট কে কিছু বলছেন না কেন,তামিম ভাইয়ের অবসরে যাওয়ার পিছনে পাপনে দ্বায়ি, কত ভালো খেলোয়াড় কে বাদ দিলো অথছ পাপন রয়ে গেলো",tamim,NEUTRAL
ce73e45a1f7eeecb,t20তে দরকার ছিল তামিমকে কেপ্টেন বানিয়ে দলে ঢুকানোর,tamim,NEUTRAL
9194034de25e6c95,অনেক খারাপ লাগতেছে। তামিম ভাইকে মূল্যায়ন করে নাই বাংলাদেশ ক্রিকেট। তার অভিমান এইখান থেকে,tamim,AGAINST
d463453f607b7e10,কিসের শেরা সময় তামিম ভালো খেলছে ওডিআই অবশর নিলো টিটুয়েন্টিতে। হাস‍্যকর,tamim,FAVOR
116a92e8342bf7a3,@NotoutNoman na bhai i have watched the whole video. I heard what you said in the last . Not disagreeing with you. I am just saying that let Tamim be the GOAT as Mashrafi when Tamim actually deserves to be called . Ekhn theke SHORBOKAL ER SHERA na bole we should wait until he earns that statistically and with more trophies . Tamim is doing very good so far . Let’s not Jinx that,tamim,FAVOR
59a2d71a01985e3b,তামিমের এই অবসর বয়স কিংবা খারাপ পারফরম্যান্সের জন্য না শুধুমাত্র অভিমান থেকেই এই অবসর। এর প্রধান কারন পাপন,tamim,AGAINST
3a885156b5552b5f,আসল কথা বলেননা কেনো ভাই বসের মত। ক্যাপটেনছি কয়জন করেছে। দলে আসার পড়েথেকে ইনজুরিতে পরেছে। সুশথো হয়ে কামব্যাক করেছে এইদিক দিয়ে। তামিম ভাই খুব কম ইনজুরিতে পরছে,tamim,NEUTRAL
11ea7ff9ff5005b5,"আমি তামিমের ভক্ত হয়েও বলবো, টি -২০ খেলার অবসর নিয়ে, তামিমের এই নাটকটি ভালো মনে করি না।। অবসর নিলে সে আগেই নিয়ে নিতো।। আর না হয়,এত নাটক না করে আগমি বিশ্বকাপ টা খেলার পর অবসর নিতো।।!! যদিও বা এখনো বাংলাদেশ টিম, টি--২০ আর টেস্ট খেলাটাই এখনো ভালো করে বুজে উঠতে পারেনি।।!! কালে ভাদ্রে ভালো খেললে ভালো বলা যায়না দলকে।। অবশ্য ওয়ানডে একটু ভিন্নতাতা আছে",tamim,FAVOR
067c6424c4f30780,"তামিম ইকবাল কে ওয়ান ডে টিম থেকে বাদ দিয়ে,,ইমরুল কে সুযোগ দেওয়া উচিত,,,, আপনারা কি মনে করেন?",tamim,AGAINST
ddd79603ef0dac59,"বিসিবির দরকার তামিম কে এত তাড়াতাড়ি টি টোয়েন্টি থেকে বিদায় না দেয়া। বিসিবির দরকার তামিম কে বুঝিয়ে টি টোয়েন্টিতে আবার ফিরিয়ে আনা। অন্তত পক্ষে সামনের টি টোয়েন্টি বিশ্বকাপে তামিমের অংশগ্রহন জরুরি, আর সেটা অবশ্যই বিসিবির বুঝা উচিত",tamim,NEUTRAL
9ae6163b02a37487,একসময় তামিম ইকবালের সাথে হাতুরে সিংহে খুব ভালো সম্পর্ক ছিল,tamim,FAVOR
ac124d58adf8b327,"ওনার শুধু জয়ের ক্রেডিট নেওয়াই কাজ বাকি সব মেনেজমেন্ট আর খেলোয়ারদের দায় ভার,কারণ সবাই জানে তামিম অবসর নেওয়াতে কার হাত ছিল বেশি",tamim,AGAINST
c3cfec860d397841,"লোকটার চোখে দুইদিন আগেও ছিলো বিশ্বকাপ জয়ের স্বপ্ন বিষাদগ্রস্ত এক মেঘময় তামিম! আহা! কি নিষ্ঠুর, নির্মম এক বিদায়! 💔🙂 বাংলাদেশ ক্রিকেট খেলা দেখার ইতি এখানেই শেষ",tamim,NEUTRAL
3e07efd83d4564b0,তামিমের সাথে সারা বাংলাদেশ কাঁদছে। আমরা চাই তামিম ফিরে আসুক।,tamim,NEUTRAL
9a41ae633fb81d58,"তামিম এখনও দলের জন‍্য অপরিহার্য । কোন বিকল্প নাই ।ওর ব‍্যাটিং করার ধরন অসাধারণ , আর কারও মধ‍্যে নাই । love u Tamim❤",tamim,FAVOR
da23246f2d1b1c06,তামিম ভাই নেওয়ার আগে পাপন সাহেবের অপ্সর নেওয়া উচিত,tamim,NEUTRAL
993b6836b903e917,আমরা হাথুরু মাতুরু চাইনা। কিন্তু তামিমকে চাই। মিস করবো সবসময় লিজেন্ড আপনাকে।,tamim,FAVOR
dc81c534b9e62ff3,আমরা যারা ক্রিকেটপ্রেমী আছি সকলের উচিত যার যার অবস্থান থেকে তামিমের ফিরে আসার জন্য অনুরোধ করা 😥🤲,tamim,NEUTRAL
697a87a3101a8de8,সভাপতি / কোচ থাকলেই চলবে দল। তামিম ঠিক কাজ করেছে সবারি আত্ম সম্মান আছে।,tamim,NEUTRAL
586ad81ff3f15300,আমি তার অবসরকে সমর্থন জানাচ্ছি।।বেস্ট অফ লাক লর্ড তামিম।।,tamim,NEUTRAL
78878f798f779c1b,অন্তত বিশ্বকাপ পর্যন্ত তামিম ভাইকে দলে রাখাটা উচিৎ ছিল।,tamim,NEUTRAL
3e56aac9e4293a0c,Tamim k joy bangla kore dilo papon.,tamim,NEUTRAL
bd397b994ac19380,আল্লাহ বিচার করবে যে তামিম ইকবাল কে বাধ্য করেছে ক্রিকেট থেকে অবসর যাওয়ার জন্য 🤲🤲,tamim,AGAINST
29238446fe08832a,নাজমুল হাসান পাপন. তার কর্মকান্ড আমরা বিরক্ত. আমরা তার পদত্যাগ চাই...আল্লাহর কাছে দোয়া করি তামিম ভাইকে আমরা আবার ক্রিকেট মাঠে দেখব..😭😭😭😭😭,tamim,NEUTRAL
7bcb30fe7f10da2d,"Tamim should join in another national team like Ireland, Scotland etc. Coz this not fair to him.",tamim,NEUTRAL
35d24b5ae93d5076,"Emotion must not lead the sports arena. Tamim should behave like a high level professional player. He was not fit which eventually caused the devastating performance by the whole team. It is harmful for any national team. He could take time to be fit enough to perform smoothly. Anyway the coach and the BCB are ok in their say about Tamim because they are responsible for the team,for the nation and not for a single player's will. Every match is a new match , no way to see back the past performances. Tamim was too much childish in his approach.",tamim,NEUTRAL
f3ef98ffb0fb7e3e,"1:47 I wrote 3 times for SportsKeeda. Anyways, I wish Tamim still considers coming back.",tamim,NEUTRAL
b59a58066735c98c,"তামিম।ইকবাল এর অবসরে পর আমরা কি আবার বিশ্বকাপ জিততে পারবো? 😢 যার নেতৃত্বর কারণে আজ বাংলাদেশ ক্রিকেট টিম এই জায়গায় এসেছে সেই তো আর লাল সবুজ জার্সিতে দেখা যাবে না,,,, আপনাকে আমরা অনেক মিস করবো,,,,,,😢",tamim,AGAINST
ff1de65ddb9908d9,"অনেক মিস করবো তামিম ভাইকে 😭 আপনি এভাবে বিদায় জানাবেন ভাবতে পারিনি 😭 আসা করি আপনি আবার পিরে আসবেন আমাদের মাজে😭 সেস একটা কথা বলে যাই ভুল হলে ক্ষমা করবেন আমার বাংলাদেশের অভস্তা হলো কেউ খারাপ করলে তাকে নিয়ে সমালোচনা করে আরে বাঙালি ২২ শ গজের মাটে একবার বেট হাতে নিয়ে যাও দেখি কেমন পারো,,আর আমাদের দেশে নতুন প্লেয়ারদের কে নেয়া হয় টাকার বিনিময় আর ক্ষমতা দিয়ে,,,, মেদা দিয়ে নয়,,আগে টিম ম্যানেজমেন্ট কে ভালো করতে হবে তারপর ব্যাসম্যানদের উপরে দোশারফ করেন,,খারাপ করতেই পারে তাই বলে কি সমালোচনা করতে হবে নাকি,,,ভালো করলে প্রশংসা আর খারাপ করলে তাদেরকে বসিয়ে নতুন প্লেয়ারদের কে দলে আনে,, সেশ একটা কথা বলবো আমাদের প্রধানমন্ত্রীর উদ্দেশ্যে একটা কথা বলতে চাই,,পাফন হটাও ক্রিকেট বাচাও",tamim,AGAINST
acb64e5ff4e120d0,তামিমের জন্য আমরা বিসিবিকেও গুঁড়িয়ে দিতে পারি।। একবার শুধু বলুক তাকে জীবনের মত মজা বুঝাচ্ছি। কারা কারা আছো তামিমের সাথে? পাপনের বিরুদ্ধে যুদ্ধ করতে। আমরা আছি তামিম। We Are went to come back you ❤❤❤,tamim,NEUTRAL
e4492e59d6613928,আমি চাই তামিম আবার ফিরে আসবে এবং বাংলাদেশের জার্সি হয়ে আবার বাংলাদেশের মুখ উজ্জ্বল করবে,tamim,NEUTRAL
b654b2cfbc342ad9,আমরা চাই তামিম হাসি মুখে অবসর নেউক।এমন কান্না আমরা দেখতে চাই না...,tamim,AGAINST
a7d053828321a318,তামিম ভাই এর চোখের পানি দেখে বুঝা গেছে তাকে জোর করে সরিয়ে দিয়েছে নান্নু ও পাপন সবাই অবসরে যাচ্ছে পাপন সাহেব নান্নু বাসার সুজন তারা কবে অবসরে যাবে তা জাতি জানতে চায়,tamim,AGAINST
a89e281e97b280ca,হঠাৎ করে তামিমের অবসরের ঘোষণা এটা কোন কারণ ছাড়া হতে পারেনা। কি কারণ তা সাংবাদিকদের খুজে বেড় করার জন্য অনুরোধ জানাচ্ছি।আর তামিমের ইকবালের অবসরের পিছনে যদি কোচ বা বিসিবির কোন হাত থাকে তাহলে পদত্যাগ করার জোড় দাবি জানাচ্ছি😢😢,tamim,AGAINST
184f78fba14b768a,আপনারা সাংবাদিক না পাপন কে ভয় পান। যদি ভয় না পান সত্য কি এটা যাচাই হাতের উপরে হাত রেখে দিলে তো হবেনা সামনে ওয়ার্ল্ড কাপ এটা তো কোন বিষয় না। কিন্তু তামিমের মত একটা প্লেয়ার কেন অবসর নিয়েছে এটা আগে বের করেন,tamim,AGAINST
dd767dd325cfff17,"| তামিম ইকবালের চূড়ান্ত বক্তব্য: গতকাল আফগানিস্তানের বিরুদ্ধে আমার শেষ আন্তর্জাতিক খেলা ছিল। আমি এখন আন্তর্জাতিক ক্রিকেট প্রভাব থেকে অবসর নিচ্ছি।” ""এটা হঠাৎ সিদ্ধান্ত নয়। অনেক দিন থেকে ভাবছিলাম। কিছু কিছু কারণ আছে মনে হয় এখানে বলার দরকার নেই। আমি ভেবেছিলাম এটাই আমার ছেড়ে দেওয়ার সঠিক সময়। “আমি সব সময় একটা কথাই বলেছি- বাবার স্বপ্ন পূরণ করার জন্য আমি সব সময় খেলাটি করেছি। আমি নিশ্চিত না আমি তাকে কতটা গর্বিত করেছি।' ""আমি একটা জিনিস বলব যে আমি আমার সর্বোচ্চ চেষ্টা করেছি.... আমি সত্যিই আমার সর্বোচ্চ চেষ্টা করেছি। হয়তো আমি যথেষ্ট ভালো ছিলাম না বা যথেষ্ট ভালো ছিলাম আমি জানি না। কিন্তু চেষ্টা করলাম, মাঠে থাকলেই ১০০% দিলাম।' #মোহাম্মদ",tamim,FAVOR
e97a67ae39e404d2,Our captain tamim Iqbal khan plz come back.. 😢😢,tamim,NEUTRAL
6ac3e65856a7739b,Tamim please please please you come😌🥺... Porer match a apnake chara kivabe khela dekhbo😭😭😭🥺🥺🥺,tamim,NEUTRAL
da4729fa92306955,তোমার ইংরেজিতে খুব ভালোই পারো ভাই কিন্তু এরকম ভারতে দালালি করলে কেন তুমি তো ভালো ইংরেজি পারো তামিম ভাই 😊,tamim,FAVOR
a1c28029b9452ca0,"Puro interview ta dekhlam. Tamim ekmot hobe na hoyto, kintu se jotesto smart answer dite pareni, otoba smart answer dewar moto jotesto buddhiman mone hoyni.",tamim,NEUTRAL
be1f461830c21ff5,Tamim ki emon Performer je ore paye dhore team e rakhte Hobe? Perform to onekdin dhorei Kore na.,tamim,NEUTRAL
eccb68384cc38b99,"বিশ্বের আমরাই একমাত্র জাতি যারা আবেগ দিয়ে ক্রিকেট খেলতে চাই, তামিম গত এশিয়া কাপে খেলেনি তার বিভিন্ন সমস্যা, নাটকের শেষ নেই, তামিম ১০০ বল খেলে ১০ রান করতেই জিবলা বাহির করে ফেলে, লাস্ট কবে একটা ম্যাচ ভালো খেলে ছে",tamim,FAVOR
c441a8c7e6c1f4ad,"তামিম কত বড় মাপের মানুষ, তামিমের জায়গায় অন্য কেউ হইলে, যেহেতু চিকিৎসক বলেছে 100% ফিট, তবুও তামিম বিসিবিকে বলেছে ব্যাকআপ রাখার জন্য, এতেই বুঝা যায় তামিম দেশের সঙ্গে কখনো বেইমানি করনি, তামিম সর্বকালের সেরা ওপেনিং হিসেবে থাকবে বাংলাদেশে ক্রিকেট প্রেমীদের মনে।",tamim,FAVOR
f071107448d2221d,Tamim Iqbal khan baia Is the Best,tamim,FAVOR
2bf337579dd20ab6,Junior tamim aj o 5 korese...Soumya r Junior Tamim same form bihin. Tai experience hisab a ami mone kori Soumay i valo hbe because se kintu pace boling korte pare r big hit o korte pare. or Bijoy ke newa jete pare. Ki bolen apnara?...,tamim,FAVOR
6c415bac515c1ac4,নাটক সব। তামিম কে ক্যাপ্টেন থেকে বাদ দেওয়া উচিত।,tamim,AGAINST
5df5b8dc0d3672b8,Mor sala . Sala bedod .tamim come back 😇😇😇😇,tamim,NEUTRAL
feb3758981e14ed9,ভাই আজ বাংলাদেশ Cricket প্রেমি মানুষ জন্য আপনি তামিম ইকবাল সবাই আপনাকে ভালবাসে এভাবে ভালবাসা প্রিদান দিবেন মানুষ আশা করে নাই😢😢,tamim,FAVOR
683449c03a44d4d7,দেশপ্রেমিক ক্রিকেটারের বক্তব্য এরকম হওয়া উচিত। ধন্যবাদ তামিম ভাই এবং আপনার জন্য শুভকামনা রইল,tamim,AGAINST
b5ad5fe04932aa55,লাস্ট বিশ্বকাপ এর আগে অধিনায়ক ও কোচ বলেছিলেন তামিম কে ছাড়া আমরা জিততে পারবো তামিমের প্রয়োজন নেই। সেই কথাটা তামিম ভাই আবারো বললো যে আশা করি ৬ মাস পরে আমাকে আর দলে প্রয়োজন হবে না🙂,tamim,FAVOR
6b58006982ec5d86,দেশের কথা চিন্তা করে হলেও তামিম ভাইয়াকে জাতীয় দলে আরও সার্বিস দেওয়া খুবই জরুরি 🙏,tamim,NEUTRAL
aaaabb585d33282e,@sagorbd6008 ও কোথায় নাটক করছে?? নাটক তো করছে বিসিবি। কেন এত বছরেও তামিমের রিপ্লেসমেন্ট পাওয়া গেল না?? কেন বারবার তামিমের কাছেই ফিরে যেতে হবে??,tamim,NEUTRAL
6714777a58f18b4a,"We need for Bangladesh cricket T20 captain Tamim iqbal khan,so I love you tamim vaia💘 তামিম ভাইয়া আপনি বাংলাদেশের গৌরব, আপনার খেলা খুব ভালো লাগে।আপনার ভালো ভালো শর্ট আমি মিস করি😥",tamim,FAVOR
6f9332a3475fa19f,তামিম ভাই যদি না খেলে তাহলে আমার খেলা দেখা হবে না খুবি কষ্ট হচ্ছে বলে বুঝানো যাবে না,tamim,NEUTRAL
123b83b4ed1481a0,"সত্যিই খুব খারাপ লাগছে। অনেক আশা করছিলাম তামিম ভাইয়া নিজের জন্য না হলেও আমার মত অসংখ্য ক্রিকেট প্রেমীদের জন্য হলেও ও খেলবে অনন্ত আপনার কাছে এটা আশা করছিলাম না। কিন্তু জা শুনলাম কিছু বলার ভাষা নেই 😪😪😓 ঠিক আছে ভাইয়া আপনার খেলার প্রয়োজন নেই ভালো থাকবেন আপনি,😓😓😓",tamim,FAVOR
f0a307941bbd9b2f,তামিম ছাড়া বাংলাদেশ ক্রিকেট এ যেন লবণ ছাড়া তরকারি। তামিম ছাড়া বাংলাদেশ ম্যাচ জিতা অনেক কষ্টের হবে।দেশ সেরা ব্যাটসম্যান তামিম যদি না খেলে তাহলে বাংলাদেশ দল অার কি করবে।১০০ ম্যাচ খেলে ৯০ টি ম্যাচ হারবে অার ১০ টি ম্যাচ জিতবে।ফিরে এসো তামিম। কোটি বাঙালি তোমাকেই চায়।তামিম বসের জন্য রইলো অবিরাম ভালোবাসা।,tamim,FAVOR
3dcfb0225d116079,ভালো বলছে তামিম ইকবাল। শুভকামনা তার জন্য।,tamim,FAVOR
bb904ce330471797,"Tamim Iqbal in test : Run:4788, strike rate :57.75 avg:39.75 Tamim Iqbal in ODI : Run:7666, strike rate :78.60, avg: 36.85 Tamim Iqbal in t 20 : Run:1758, strike rate :116.96, 50s: 7, 100s: 1. One of the most successful opener in Bangladesh Cricket history. We all miss you so much tamim vai.",tamim,NEUTRAL
4b3c78dcc3bdef06,আমি কিছু বুঝি নাই ভাই? আপনারা বুঝলে জানাবেন আমরা আশা করছিলাম দুইটা জিনিস হয় সে অবসরে ঘোষণা দেবে নয়তো অতন্ত আগামী টি২০ ওয়ার্ল্ডকাপ অব্দি কন্টিনিউ করবে।।ছয়মাস টা কার জন্য বাংলাদেশ ক্রিকেট কিংবা ব্যাক্তি তামিম ইকবাল কার কাজে আসবে?এই সব নাটক শুধু বাংলাদেশেই সম্ভব।।,tamim,AGAINST
3144f4d9e51b163b,"ভাইয়েরা তামিম যতই বলুক ছয় মাস পর তার চেয়ে ভালো কেউ আসবে, কিন্তু তার চেয়ে ভালো কেউ হবেনা। ছয়, আর বারো, নাই তামিম ই বেস্ট।",tamim,FAVOR
a01234f50ec539f3,তামিমের কথা যদি না বুঝতে পারেন তাইলে ক্রিকেট টা আর না দেখা ভালো।,tamim,FAVOR
5a43dbd7e662d7ad,কেন আপনারা দেখেন নাই মেক্সওয়েল তো একটা সময় কিছু দিনের জন্য অবশর নিছিলো তামিম ভাই ও সেইটা করতেছে হয়তো তার এখন মনে হয়েছে সে এখন দলে থাকলে তার জন্য খারাপ হবে তাই সে সরে গেছে,tamim,AGAINST
bb29330b350cc1aa,আমার কাছে মনে হয় বিসিবি নতুনদের কি নিয়ে স্বপ্ন দেখতেছি তাই তামিম ভাই আগের মত মূল্য দিচ্ছে না এজন্য 6 মাস নতুন লিয়ে নতুনদের কি চান্স দিতে চাচ্ছে তামিম ভাই তামিম ভাই চাচ্ছেনা কারোর করোনার করুক তামিম ভাই যদি মনে করে তামিম ভাই কি প্রয়োজন তারপর ছয় মাস পর খেলবে,tamim,NEUTRAL
57bb61d5849299a7,Tamim ekta fazil. Or captaincy o matarrok kharap. Odi thekeo chole gele sobai khusi hbe,tamim,AGAINST
9a2861758d695e36,"It is a very very bad news.He is withdrawing himself due to humiliaon by Domingo because Domingo neglected before T20WC.Domingo said "" We are not planning Tamim in T20WC team .Moreover, Domingo is preparing Mithun for opening.Thirdly many people criticised Tamim for slow run rate. So,he is withdrawing himself with honour & reputation as well as popularity.",tamim,AGAINST
6d48d6d02d771966,"সাবাস! প্রিয় তামিম, আশা করি যেন তোমার প্রয়োজন বাংলার ক্রিকেটে অনন্তকাল ধরে থাকে",tamim,NEUTRAL
8ae93cafb1d42346,Tamim Iqbal is the best opener forever in Bangladesh,tamim,FAVOR
0f4c6c5ee026d313,"Best of luck Tamim,you are really hero",tamim,FAVOR
217be73596a14dcd,"শুধু আগামী ছয় মাস নয় ক্রিকেট বোর্ড আগামী ছয় বছরে ও পারবেনা, তামিমে র মত একজন প্লেয়ার গড়ে তুলতে,, ক্রিকেট বোর্ডের শুধুই চাপা আছে কাজে কিছুই নাই,,তবে খুব মিস করবো তামিম ভাই আপনাকে❤️",tamim,NEUTRAL
c731a5f84945652e,"শুধু বাংলাদেশ না,,তামিম বিশ্বসেরা ওপেনার এবং খুবই ভালো একজন ব্যাটার",tamim,FAVOR
663dd0b07bb76706,"Miss You Tamim, We are love with You Man 😭😭😭plz Don't Do this????",tamim,FAVOR
116ba9200a8c4c6d,Tamim will must appeare next World Cup.,tamim,NEUTRAL
6f14e3a00998f0d8,তামিম ভাই বাংলাদেশ টিমের সাথে আরো থাকেন এখনো ভালো কিছু করতে পারবেন,tamim,FAVOR
ccf13ffecbed105d,"কাজ টা ভালো করলেন তামিম ভাই। এই বাংলাদেশ জাতীয় ক্রিকেট দিয়েই আপনাকে আমরা, মানে বাংলাদেশের সকালেই আপনাকে চিনি। প্রয়োজনের সময় কাজের লোকের দরকার পরে। না আসলে কারো কিছু যাবে+আসবে না। সময় ও নদীর স্রোতে কারো জন্য অপেক্ষা করে না।",tamim,FAVOR
fecf9e1835281191,তামিম ইকবাল কস কে চাই T20 World Cup 2022,tamim,NEUTRAL
586f5852fd53f46d,"Karo Jonno Kono Kichu Theme Thake Na Replace Chole Asbe,,Good Luck TAMIM..!!",tamim,NEUTRAL
5da21ecfcbad6259,"সত্যিই খুব খারাপ লাগছে। অনেক আশা করছিলাম তামিম ভাইয়া নিজের জন্য না হলেও আমার মত অসংখ্য ক্রিকেট প্রেমীদের জন্য হলেও ও খেলবে অনন্ত আপনার কাছে এটা আশা করছিলাম না। কিন্তু জা শুনলাম কিছু বলার ভাষা নেই 😪😪😓 ঠিক আছে ভাইয়া আপনার খেলার প্রয়োজন নেই ভালো থাকবেন আপনি,",tamim,FAVOR
7972623275b4d8a7,অনন্তত এই বিশ্ব কাপে তামিম খেললে ভালো হতো।তাই তামিম খেলবে খেলতে হবে।,tamim,FAVOR
da163298cc9c2bbe,যেখানে কেউ মূল্যয়ন করেন না সেখানে না থাকাই ভালো। তামিমকে টিমে না নিয়ে খুব ভাব নিয়েছে।কিন্তু ফলতো হয়নি।,tamim,FAVOR
291f52e909c970c2,"তামিম যদি ওয়ানডে এবং টেস্টে ভালো খেলার জন্য তামিম টি-টোয়েন্টি খেলতে না চায় তবে আমার মতে তামিমের সিদ্ধান্ত সম্পূর্ণ সঠিক।আমরাও চাই তামিম ওয়ানডে এবং টেস্টে অসাধারণ খেলুক।টি-টোয়েন্টি খেলতে গিয়ে সে তিন ফরমেটেই খারাপ খেলুক সেটা কী আপনারা চান?নিশ্চয়ই চান না।তাই,আমি আবারও বলবো তামিমের সিদ্ধান্ত সম্পূর্ণ সঠিক।",tamim,FAVOR
e387b1b41ef3494c,তামিম ইকবাল ভাই আপনি টি-টোয়েন্টি ক্রিকেট খেলেন প্লিজ আমরা আপনাকে চাই,tamim,NEUTRAL
9c8a42db7aa4a1e7,এখন কেন অনুরুধ করবে তামিমের তো স্লো ব্যাটিং করেন।,tamim,NEUTRAL
fa371e2978c2ac1e,ভাই সনেন আপনারা জানেন যে তামিম ভাই ইমরুল ভাই কে দলে চেয়েছিলেন কিনতু পাপন সেটা গ্রহন করেন নি এই কারো নে তামিম ভাই বাদধো হয়েছেন তার কথা যদি কেউ মুললো না দেই তাহলে সেটা সভাপতির কেমন বিচার বলেন,tamim,AGAINST
c80c6c2ba69d9e09,"আরে ফাহিম ভাই সত্যি কথা বলেন না কেন তামিম কে বিশ্বকাপ এ কেন নিলেন না তামিম ভাই যে দিন লাইভে আসলেন তাকে ত রাতেই না করে দেওয়া হয়েছিল যে তোমাকে বিশ্বকাপ এ নিব,,, এটাই হল সত্যি কথা কেন নিলেন না কেন এটাই হল সত্যি কথা,,,",tamim,NEUTRAL
1bb26a6b4b6b15e2,লাস্ট প্রশ্নটা যিনি করেছেন উনু একজন যিনিয়াছ😆কথায় আছে না উস্তাদের মার শেষ রাতে। ১৪ বছরে যার রিপ্লেসমেন্ট তৈরি হলোনা ৬ মাসেই হয়ে যাবে! বাহ। তামিম ভাই মনেহয় সপ্নে দেখেছে ৬ মাসের মধ্যে একটা আলাদিনের চ্যরাগ পরবে🤭🤭,tamim,NEUTRAL
0ed2139bdefd1456,"তামিমকে এই মুহূর্তে জাতীয় দল থেকে অবসর দেয়া উচিত, যে দেশের জন্য জাতির জন্য, বাংলাদেশ ক্রিকেটের জন্য ভাবে না তার দরকার নেই",tamim,AGAINST
b950f56ef4f76ee9,"এমন হাস্যকর সিদ্ধান্ত তামিম কে ই মানায়, অর্ধেক অবসর 😆😃 ভালো সাজা ভালো, তবে জোর করে অতি ভালো সাজতে গিয়ে হাসির পাত্র হয়ে গেলো তামিম। হ্যাঁ, এটাই সতি!!!🏠",tamim,FAVOR
be6b144925325342,তাহলে বিপিএলে ঢাকার ওপেনার হিসেবে খেলা উচিত না তামিমের। নাঈম বা অন্য দেশি কাউকে ওপেন করার জন্য সুযোগ দিয়ে তামিমের ৩/৪ নাম্বার এ ব্যাট করা উচিত। না হলে অন্যরা কি ঘরোয়া লিগে ৩/৪ নাম্বার এ ব্যাট করে জাতীয় দলে ওপেন করবে??এটা তাদের সাথে উচিত হবে না।,tamim,NEUTRAL
8868a799fd1757ea,Akon o gaali diben Tamim ke apnader Jonno aaj Tamim kelche na..... Haiyre bangali,tamim,NEUTRAL
5a1a50529db03a55,"রিয়াসাদ আজিম, ভাইকে আগে ভালো লাগতো, আপনাদের জন্যই দেশের ক্রিকেটে এত বিব্রতকর অবস্থা, তামিমের বিদায় মেনে নেওয়া যায়।😊",tamim,FAVOR
9af627f1a7b0f5a9,"ভাই আপনার কাছে হাত জোড় করে অনুরোধ যারা তামিমকে বাধ্য করেছে অবসর নিতে তাদেরকে এমন ভাবে মানুষের কাছে তাদের সম্মান নষ্ট করবেন যেনো ক্রিকেটের কলঙ্কিত বিষধর সাপ নামে বাংলার জাতি তাদেরকে মনে রাখে।তামিমকে ফিরিয়ে আনতে আপনার সহযোগীতা চাচ্ছি,,তামিম বিহীন বাংলার ক্রিকেটকে ঘৃণা করি।রিয়াসাদ আজিম ভাই আপনার কাছে অনুরোধ",tamim,AGAINST
bdd6796fcbc2357f,Tamim Vai k obosor nite baddho kora hoise.....er pisone ase .... sangbadik er pech....Kisu dorsok...r coach...... world cup porjonto somai dilen na apnara......etai Bangladesh,tamim,AGAINST
3b780a278fd5fdf1,৩মাস পর বিশ্বকাপ এই সময় তামিমের অবসর এটা বাংলাদেশ ক্রিকেটের জন্য অসনি সংকেত৷ আমি চাই তামিম ফিরে আসুক দেশের কথা চিন্তা করে?,tamim,AGAINST
5b87f1588bed1679,Tamim Iqbal quit himself!!! Who is next?????,tamim,NEUTRAL
1dcab648659fc5d4,বাংলাদেশের ক্রিকেটকে ধ্বংস করার একমাত্র কারণ পাপন। আমি তামিম ইকবালের একজন ভক্ত হিসেবে বলছি যত দিন যাবত ক্রিকেট খেলা বুঝি ততদিন যাব তামিম ইকবালের খেলার প্রতি আমি আসক্ত। তামিম ইকবালের অবসরে ঘৃণা এবং ধিক্কার জানাই চরমভাবে পাপনকে। পাপনের পদত্যাগ চাই,tamim,AGAINST
cf9751153da62d5b,রিয়াসাদ ভাই আপনি ভালো মানুষ না। আজকের পর তামিম কে নিয়ে আর কথা বলবেন না।,tamim,FAVOR
f4ea7911d3ab7ba5,যারা তামিমকে মনের বিরুদ্ধে সরে যেতে বাধ্য করেছে তাদের ইতিটাও সুখকর হবে বলে মনে হয়না।,tamim,NEUTRAL
dba97fe8189abe54,Love you tamim vai Alar bd cricket er mukhe muti,tamim,FAVOR
048c4e5ba7ee76c2,"Obssoi apnader sangbadikder ki mon gora riport lekhar and porbeson korar karone obosor nilen tamim iqbal ,,,we love you tamim iqbal,,,,,,,bcb dhongser pothe",tamim,NEUTRAL
de4b6c01ad911c1f,Sorry tamim vai...10 minuter vesi ami sojjo korte parinai.....video ta last dekha somvobh...na... Allah tala apnak sobsomoy vhalo Rakhun....but ami ba aro onekey jane..apni onek bar ei situation theke ver hoea Esechilen.....Apni nije Kadlen...sathe aro onek k kadea galen....afsos keno korlen vai...kalo majic k jitea dilen...,tamim,NEUTRAL
399b3e303a4adb9a,Sangbadik rai jinish ta ke aro gholate and agbairiye diyeche ei decision newar Even also headcoach r karon ache...she tamim k perform koreni bole take dole rakhte chaini....,tamim,AGAINST
60a2b38fcff50aeb,আমি মনে করি তামিমের সিদ্ধান্ত দেশের ক্রিকেটের জন্য ভালো নতুন যারা আছে সুযোগ পাবে,tamim,FAVOR
05ab98ae61bcd714,"ভালো সিধ্যান্ত,,তবে এভাবে বিদায় না নিলেও পাড়ত,, উচিৎ ছিলো ক্যাপ্টেন্সি ছেড়ে দেয়া,,ফর্মে ফিরলে আবার দলে যুক্ত হওয়া।তামিম স্যার,,অনেক সমালোচনা করেছি,,তবে আপনি আমাদের বড় টিম হওয়ার একজন অন্যতম কারিগর।",tamim,FAVOR
7ebbd2cd399a1844,"তামিম একদিন খারাপ খেললে সাংবাদিক হালারা পাগল হয়ে যা,খারাপ একটা নিউজ কইরা দে",tamim,AGAINST
9a6c64f5b31fc5a2,তামিম খেলা থেকে অবসর নেওয়াটাই ভালো । এই আধুনিক ক্রিকেটে তিনি আধুনিক খেলা খেলতে পারছেন না,tamim,FAVOR
b337c3f6f66aa0ac,আজকের আগের থেকে তামিম ইকবালকে অনেক ভালো পেতাম কিন্তু সেই এভাবে কথা বলার পর তাকে একদম দেশবিরোধী মনে হয়েছে সে ভারতের পক্ষে নিয়ে কথা বলেছে আর লইলো যাতে টিকিটের কথা তারা মুস্তাফিজের ইসনে কথা বললা না কেন মুস্তাফিজের সঙ্গে কথা বললা না কেন কারণ মুস্তাফিজের ক্রিকেট বোর্ডের ভিতরে বাজে কেন নির্দ্বিধায় সুযোগ করে দিবে খেলার সেই ক্ষমতা নাই দরকার হলে তাদেরকে বয়কট করব এরকম ক্রিকেট বাংলাদেশের বিরুদ্ধে যায় হাই না এরকম টিকেট তোমরা ভুলে যেও না তোমরা কিন্তু বাংলাদেশকে নিত্ত করতেছ তোমরা একজন ব্যক্তির কথা বলতে পারবা না তাহলে কুয়াবের সদস্য যারা আছে তাদের বিরুদ্ধে কথা বলা হবে,tamim,NEUTRAL
48be45f18d16731f,"তামিম যা বলেছে, যে ভাবে বলেছে, তাতে তাকে দালাল ছাড়া, আর কি বলা যায় বলুন। ওর কথা বলার মাঝে, জনসাধারণের জন্য কোনও শ্রদ্ধাতো ছিলই না, বরং জনসাধারণের আবেগকে খাটো করে দেখিয়েছে। ও যদি কখনো সভাপতি হয়, নিশ্চত, এ দেশের ক্রিকেটের ভরাডুবি হবে। ও আমিনুল ইসলাম বুলবুলকে জ্ঞান দেয়। ধৃষ্টতা আর কাকে বলে। জাতির কাছে ওর ক্ষমা চাওয়া উচিত।",tamim,NEUTRAL
2eb8b069e51c1fe9,যে তামিম ইকবালের পক্ষে কথা বলবে বুজতে হবে সেও তামিমমের মতই ভারতের দালাল সে কোয়াব হক আর যে কোন প্লেয়ার হক সে নিজের সার্থ আর গা বাঁচানোর চেষ্টা করেছে মনে রেখো মিঠুন তোমাকেও বয়কট করা হবে,tamim,NEUTRAL
7ea9118e494881ad,তামিম বাংলাদেশের বেস্ট ক্রিকেটার ক্রিকেট ইতিহাসে তার কলঙ্ক নেই।,tamim,NEUTRAL
62dc48cdaa8fe095,Are sala sohan k bad de. R musfuq a kip de tamim r naim sekh ba kayes k dol a naw,tamim,AGAINST
c0cec4cb15fb906b,তামিম আর ইমরুল কায়েস কে দলে চাই। আর সৌম্য আর লিটন কে বাদ দেওয়া এখন সময়ের দাবী,tamim,AGAINST
621cd62cbe55e7da,তামিম ইকবাল সাহেব রাগ করে দেশকে বিপদে ফেললেন?????এই দেশের জন্য ভালবাসা।।,tamim,FAVOR
e34974456be4b201,Tamim Bhai tmi ki...tmr team k bachaiteei show te aso?,tamim,NEUTRAL
43465c79f7ff90e1,Tamim should be announced as captain in all format of the game,tamim,NEUTRAL
54fd35589705c42c,তামিম ভাই খুব মজার মানুষ হাসে আর কথা বলে ভিতরে কষ্ট,tamim,NEUTRAL
5e081713bab955ab,"কারোরই করার কিছু ছিল না তাহলে কে করবে তামিম সাহেব আপনি বলবেন একটু,,",tamim,NEUTRAL
870e8dee9f6edb80,"Tamim said some unprofessional answers for his team,which are not useful though.",tamim,NEUTRAL
d3c7afcc6a3fb384,Amar akta khota silo tamim ja bolsa sobai vlo taila match jitsi nh knw?,tamim,NEUTRAL
9eb447c0b13b84ea,Tamim k kono question korle lav ase oni toh kono criticism korbe na coz onio akjon player.,tamim,NEUTRAL
b6a7b73630bf5c6d,তামিমের সব কথাই ইংরেজীতে বলা উচিৎ না হয় সব কথা বাংলাতেই বলা উচিৎ,tamim,NEUTRAL
be6010367b832cd4,নাসুম বলার হয়ে রান করে আর নুরুল ব্যাটার হয়ে করতে পারে না কেন তামিম ভাই?,tamim,NEUTRAL
bfbd85cdea853b23,"Tamim ke bolba, or to mukh diea khotay barucca na.",tamim,NEUTRAL
068e3d9cc99bb190,তামিম খালি তেনা পেচানো কথা বলে প্লেয়ারদের বাচাইয়া রাখতে চাই কারন সেও যে একি ধরনের প্লেয়ার তাই,tamim,NEUTRAL
b1387cdaa0699c27,"তামিম ভাই, তুমি পজিটিভ, ঠিক আছে। কিন্তু এই পজিটিভ কোন কাজে আসছে কি?",tamim,NEUTRAL
a4190b9631a27512,তামিম যে বাংলাদেশের হয়ে কি করে এবার বুঝলো গোটা দল ও প্রথম ওভার গুলো সব সময় মোকাবেলা করে যদিও স্টাইক রেট একটু কম থাকে এবার লে হালুয়া লিটন সোম্য,tamim,NEUTRAL
15caed6a1f6d7b2b,তামিম ওপেনিং করলে লিটন এমনিতে ভালো করবে ইনশা আল্লাহ,tamim,FAVOR
5efb679b25ee3a98,Why liton always at opening whereas It’s not his comfort position? He should be in the middle order. Mahmudul hasan joy might open with tamim.,tamim,NEUTRAL
cc0d31ff50c6a3d5,এবার হবে আফগানিস্তানের সাথে ওয়ানডে সিরিজে বাংলা ওয়াস ইনশাআল্লাহ আফগানিস্তান তিন ম্যাচের তিনটাতেই হারবে আর বাংলাদেশ' তিন ম্যাচের তিনটি জিতবে এবার বাংলাদেশ জিতবেই জিতবে বিশেষ করে আমার তামিম ইকবাল ভাই যখন ওডিআই ফরমেটের ক্যাপ্টেন👍👍😃😃😃🏏🏏🏏🏏❤❤❤💖💖💖🏏🏏🏏,tamim,NEUTRAL
58fe01006f0b6bfb,তামিম ভালো টিক আছে ভাই আবার দেকব আপনাকে,tamim,FAVOR
33d2e5db456be397,Ek Ekta player ek ek cheese... English e eto Kotha bole ki bujhaite chaitese Tamim ??? Eikhane ki Kono English reporter chilo naki ei report ta Europe dekhabe j impression er jonno bolte hobe..!!!,tamim,NEUTRAL
31b5ff2361423b58,তামিমের কথা বললেই নিজের ঘরের ছেলে মনে হয়।মনে হয় অনেকদিনের সম্পর্ক।বাট তামিম সাথে হইতো কোনোদিন দেখা হলে কথা বলার সুযোগ হবে না।আমার বাবা তো তামিমের বিশাল ফ্যান।আমাদের গ্রামে মনে হয় ৬৫ বছরের একজন মানুষ রাত ৩/৪/৫ টায় বাংলাদেশের খেলা দেখে না ঘুমিয়ে।ইভেন আমাকে পর্যন্ত ঘুম থেকে তুলে নিউজিল্যান্ড বনাম বাংলাদেশের খেলা দেখান। তামিমের জন্য তো কি আর বলবো নিজের সব কিছু দিয়ে তামিমকে জিতিয়ে দিবে।এবার তো আব্বু বলতেছে আমি বিপিএলে চট্টগ্রাম চ্যালেন্জারসের মালিক হলে ১০ কোটি টাকা লাগলেও তামিমকে নিতাম।আব্বুর এমন ভালোবাসাগুলো ছোটবেলা থেকেই দেখে আসছি তামিমের জন্য।তামিম ভাই শুভকামনা।,tamim,FAVOR
14417fe2cc8b30d8,"Remember Daniel Vettori ? 😝 Once tamim said vettori ordinary bowler, guess what he took 6 wickets next match 😜",tamim,NEUTRAL
1e5c5d6897bbae78,ক্রিকেট আগে নাকি দেশ আগে? তামিমের কাছে প্রস্ন?,tamim,NEUTRAL
3403c36738914e9b,তামিমেরও বুজে শুনে দেখে ভেবে চিন্তা করে কথা বলা উচিত।,tamim,NEUTRAL
3e6ce98ff1debe28,"তামিম কে যাকে অসংখ্য সুযোগ দিয়েছে বিসিবি, তবে একটা বিষয় ভাবার তার রেকর্ড হংকং,জিম্বাবুয়ে, সাথে তিনি কি মনে করে তিনিই ভাল জানেন,",tamim,FAVOR
692e6b1b37bfca34,তামিমকে এই কথা বলার দরকার কি ছিল ওকে কি দাওয়াত দিয়ে নিয়ে এসেছিল মুর্খ সুদা কথা বলে মান সম্মান সব ডুবাবে,tamim,NEUTRAL
7474c6231c5bffdf,"আচ্ছা , ভারতে গেলো খেলার জন্য । যদি কোন ক্ষতি হয়ে যায় , তাহলে কি তামিম ইকবাল এর দায়ভার নিবেন । ক্রিকেট সুন্দর্য জন্য দেশের সম্মান, খেলোয়াড়দের ক্ষতি হতে যাবে না ।",tamim,NEUTRAL
6f30beb9a22d4e47,তামিম ইকবাল সায়েব একদম সঠিক উপলব্ধি করতে পেরেছেন। তিনি সস্তা আবেগী হুজুগে বাঙালির মত কথা না বলে বাস্তববাদী মতামত দিয়েছেন। তিনি এদেশের ক্রিকেটকে অনিশ্চিত ভবিষ্যতের হাত থেকে রক্ষার চিন্তা করেছেন। কিন্তু দুঃখের বিষয় তামিম ভাইয়ের কথার মর্মার্থই এরা বুঝতে তো পারেই নি। উল্টো উনাকে ভুল বুঝে ভারতের দাদাল বানিয়ে দিলো😢,tamim,AGAINST
daa47d9e079965e3,"তামিমের মতো স্বার্থপর ব্যক্তিরা, টাকার জন্য, ক্ষমতার জন্য, নিজেদের স্বার্থ হাসিলের জন্য গতো ৫৪ বছর গোলাম বানিয়ে রেখেছে বাংলাদেশের ১৮ কুটি মানুষ কে, তামিম নিজের চরকায় তেল দে, রাষ্ট্রের চলা গতি পথ নিয়ে কথা বলার কোন অধিকার নাই তামিমের, বাঙু সুশীল কিছু ক্যামেরা এগুলো প্রচার করে রাবিশ।",tamim,AGAINST
2e52594bfc4e708b,তামিম ইকবাল একটা দালাল বিএনপির হয়ে এই আপত্তি জানিয়েছে বিএনপিকে 4 কোটি ভোটারের জবাব দিবে,tamim,NEUTRAL
eec18e5cf4664d84,"তামিম ছক্কা মেরে দিয়েছে, গর্দভগুলো সরকারে ও বিসিবিতে বসে ইগো দেখাচ্ছে বাস্তবতা ও দূরদর্শী না হয়ে। জনগণের মত শুনে সিদ্ধান্ত নিলে তোদের ওখানে কাজ কি? এখন এটা মুস্তাফিজ খেলা ইস্যুতে নেই, এটা ভারত বিরোধিতায় রুপ নিয়েছে। অশনি সংকেত উভয় দেশের জন্য, সম্পর্কে ফাটল ধরলে পাকিস্তান খপ করে ধরবে বাংলাদেশকে। ভারত বড় ভাইয়ের মতো আগলে রেখেছিলো তবুও প্রশাসন কঠোর ছিলো। দেশে এখন কিছুই নেই, গোপন মিটিংয়ের রেকর্ডও জামাতের নেতাদের পকেটে ঘোরে। পুঁচকে দেশও ইউনুসকে মাদুরোর মতো তুলে নিয়ে যাওয়ার সামর্থ্য রাখে। এত নাজুক আইনের অবস্থা। আওয়ামী প্রশাসন কঠোর ছিলো, এখন আমাদের আসিফ নজরুল আহারে বেচারা দ্রুত নির্বাচন দিলে মুক্তি পাইতিস। দীর্ঘ সময় থেকে কি কি ঘোড়ার ঘাস কাটলি নথিভুক্ত করে রাখিস জনতা দেখবে কতটা সংস্কার করলি।",tamim,NEUTRAL
9bdf8d8102622368,এই প্রথম বাংলাদেশের তামিম কাছ থেকে শুনা গেল বিশ্ব কাপ জিতার আশা... বাংলাদেশের মানুষের ও সপ্ন বিশ্ব কাপ জিতার....,tamim,NEUTRAL
709c25c5aba917c1,"Self help is the best help. Attitude gives you those things that cant be gain generally. Love u Tamim, Love for Bangladesh🇧🇩❤️🇧🇩",tamim,FAVOR
c7b363f4ed166dbd,Its call courage. A spirit of courage. We will win one day. Inshallah. Pray for you TAmim vai.,tamim,NEUTRAL
44edd4b1eb73c0df,"Inshallah.... We will win the ODI WORLD CUP in 2023....Love you Tamim Akbal and best of luck....I wish to the Bangladesh cricket team, ""All the best.""",tamim,FAVOR
f99520bf60391f85,Tamim best opener the Bangladesh. Love you tamim,tamim,FAVOR
e36474297ccf9505,খেলার আগেই হেরে যাওয়ার ভয় বাংলাদেশের সেই আদিকাল থেকেই। আমি মনে করি বাংলাদেশ টিমে বর্তমানে যেই বিশ্ব মানের প্লেয়ার আছে তাদের নিয়ে একটা কাপের আশা করতেই পারি আমরা। এটা দোষের কিছু না। তামিম নয় এই কনফিডেন্ট টা সবার মধ্যে থাকলে ঠিকি ২০২৩ বিশ্বকাপ ইন শা আল্লাহ্ আমাদের দেশেই আসবে।,tamim,AGAINST
3a6abd068b2761a3,"এই স্পিরিটটাই দরকার বাংলাদেশের খেলোয়াড়দের, অসাধারণ কথা তামিমের! আমরা আছি আপনাদের সাথে, ইনশাআল্লাহ আমরাই জিতবো!",tamim,NEUTRAL
a48e508952285da7,ঠিক এই স্পিরিট টাই এতদিন দেখতে চাইছিলাম। তামিম ভাই আজকে মনটা জুড়াইয়া দিলেন ভাই। কনফিডেন্ট। Love from jessore...,tamim,FAVOR
d3692fc6bf2da927,তামিম যে অভিমান করে ওয়ার্ল্ড কাপ থেকে সরে দাঁড়িয়েছে তা এখন স্পষ্ট।,tamim,NEUTRAL
e8e854a711f7eeee,আমি চাই তামিম ভাইকে দলে নিয়ে আসা এবং ক্যাপ্টেনের দায়িত্ব দেওয়া,tamim,NEUTRAL
aa4f2451271a390d,"টি-টোয়েন্টি বিশ্বকাপ না খেলার কারণ হচ্ছে তামিমকে অবহেলা করা, এটা মনে রাখা উচিত যে বাংলাদেশের সেরা ওপেনিং ব্যাটসম্যান মানেই তামিম ইকবাল তিন ফরম্যাটেই",tamim,FAVOR
a7c4b2caa65eaa61,"তামিম যতদিন খেলে ততদিনই নেতৃত্বে থাকা উচিত, আমরা সবাই সব ফরমেটেই তামিমকে চাই....",tamim,NEUTRAL
f427adab620030aa,ইনশাআল্লাহ তামিম ভাই খুব ভালো লাগলো কথাটা।শুনে.. Best of lake,tamim,FAVOR
f0104f736578de21,MashaAllah.. Bengali Tiger.. Keep going Tamim Vaia💖💖,tamim,NEUTRAL
da6bdd09b38cebd6,"Tamim brother, listening to you, my heart is broken. Insa Allah, I will win. You have come, brother",tamim,NEUTRAL
3f025188ecb27e4a,love you tamim iqbal....... go ahead...... best of luck.......in sha allah amra 2023 worldcup jitbo....... amin,tamim,FAVOR
47084a0d32b780ab,"Good luck Tamim, go ahead depending on Almighty Allah.",tamim,NEUTRAL
92b4270a19fce981,আগে টি ২০ বিশকাপে দেখতে চাই আপনাকে তামিম ভাই,tamim,NEUTRAL
a2a402fb58f3e0ce,মুসলিম যুবক! বিশ্বকাপ ফুটবল তোমার জন্য নয় | Shaikh Tamim Al Adnani,tamim,NEUTRAL
0d7f807086657e20,আসসালামুয়ালাইকুম হযরত কেমন আছেন আশা করি ভালোই আছেন আপনার কাছে আমার একটা দাবি আছে যদি আপনি আমার দাবিটা রাখেন শেখ তামিম আল আদনানী,tamim,FAVOR
ee25df3e71130471,আমার তো মনে হয় পাপন শেখ হাসিনাকে অপমান করার জন্য তামিম কে বাদ দেওয়া হয়ছে,tamim,AGAINST
a370e3f6fc8e85c8,"ভাই - তোর গায়ে ভোট চোরদের কালা কোট পইরা যে অপরাধ করছস দেশবাসী মাফ করবে কিনা জানিনা ॥ মাশরাফী - এই দু:সময়ে তামিমের পক্ষে একটা লাইন তোর মুখ থেকে আসবে , আমার মতো কঠিনও এটা আশা করে ছিলাম॥হতাশ হলাম॥কালা কোট গায়ে দিলে মানুষরা সব “ফুটফুটে সুন্দর” হয়ে যায় ॥ কথা কিন্তু সত্যি, প্রমান করলি॥",tamim,NEUTRAL
762f6f664f01d76d,সে যখন (তামিম) নিজ থেকেই অবসরে যেতে চেয়েছিলো এমনকি ঘোষণাও দিয়েছিলো তখন যে বা যারা মাতব্বরি করে তাকে (তামিমকে) আবার দলে কিংবা খেলায় ফিরিয়েছিলো এখন তাদের মাতব্বরির মূল্য কি রইলো ? ছিঃ ছিঃ ছিঃ...,tamim,AGAINST
e7125332a9685ce4,তামিম ভাই ধন্যবাদ সুন্দর করে বাঁশটা সুন্দর ভাবে ওনাকে দেয়ার জন্য।😋😋😋,tamim,AGAINST
4cc9ae8e71b0a709,"আমিতো অবাক! যেভাবে বাঁশটা দিল😎 তামিম ভাই,,, তামিমের ফ্যান হয়ে ভুল করিনি...😍 Boss is Always boss👌",tamim,NEUTRAL
7765e8d373bce4d7,tamim vai 3ta 100 r 3ta 50 korbe r total ran hobe 600 + inshallah.,tamim,NEUTRAL
00ffbaa211ffd7e6,Boss always Boss. Go ahead Tamim Boss....♥♪♥,tamim,FAVOR
9f7440cf11db8692,বাশ কি এবং ওহা কত প্রকার? ৭১কে আজকে তামিম বুঝিয়ে দিল😂😂,tamim,NEUTRAL
de187044c2c5f045,তামিম ইকবাল কে অনেক ভালবাসি। কিন্তু তারা এই মন্তব্য ঠিক হয় নাই*** ভাই তোমার জাতির কাছে ক্ষমা চাইতে হয়।,tamim,FAVOR
fde8d268c60e08b0,তামিমের কথা অনুযায়ী বাংলাদেশের জনগণের কোন মূল্য নেই মূল্য আছে আইসিসির ...,tamim,NEUTRAL
597f2d3db2437c0f,"বিশ্বকাপের আগে বাংলাদেশের নারী দলের সাথে সিরিজ বাতিল করেছে ভারত!! পুরুষ দলও বাংলাদেশের সফর বাতিল করেছে!! শ্রীলঙ্কা নারী দল কে নিয়ে এসে ভারত খেলেছে, তামিমের কথায় মাথা নত করে ভারতে খেলতে যাও, ভারত বাংলাদেশ কে সকল বিষয় অপমান করার চেষ্টা করে",tamim,NEUTRAL
83a7b89776057bd6,রাজনীতিতে লজ্জা থাকতে নেই সেটা তামিম আবারও প্রমাণ করে দিলো।,tamim,AGAINST
22cc3de8da4164f8,বুলবুল আছে বলেই এতো সাহসী সিদ্ধান্ত নিতে পারছে তামিমের বিএনপি থাকলে এটা সম্ভব হতো না,tamim,NEUTRAL
425fb97d1d12b566,দেশের মানুষ ও সরকারের কোনো দাম নেই।। বা ডট তামিম বা🤡,tamim,NEUTRAL
67e47a4585929f9e,এই হালাতো বড় দালাল আগে তামিমকে বয়কট করা উচিত। কারণ সবার আগে দেশের সম্মান।,tamim,NEUTRAL
b9bfd4352bc4dada,তামিম ভাই দেশের চিন্তা করে এমন কোন কথা বলবেন না যেটা দেশদ্রোহী কথার সাথে মিলে যায় হয়তো আমার কথা বুঝতে পারবেন,tamim,NEUTRAL
0a70f6c46d7e04a3,তামিমের একজন ভক্ত আমি। দালালি করলে আর পাশে ভালো মানুষ পাবেন না।,tamim,FAVOR
6caa203fdef6f6b1,তামিম সাহেবের মাথা মনে হয় গেছে ভাই কেউ তারাতাড়ি তার বাসায় খবর দেন,tamim,NEUTRAL
e85b84fcd9a8d183,"তামিম কে সম্মান করি , কিন্তু দালালি করলেই ওয়াক থুঃ ! দেশ ও দেশের জনগনের সম্মানের চাইতেও খেলায় অংশগ্রহণ বড় নয় !",tamim,NEUTRAL
5d8706d6c65e7feb,দাদাদের সুরে সুর মিলচ্ছে. আমি তামিম এর বড় বক্ত ছিলাম. কিন্তু একন তেকে তাকে বয়কট করলাম. কিছু মানুষ এমন ভাবে কতা বলে যে তারা দেশের উদ্দে. দেশ. দেশের সম্মান আগে,tamim,NEUTRAL
77e9c3267aa86bbb,তামিম ইকবালের কি দেশ প্রেম আছে নি আবার,tamim,NEUTRAL
7b93058d1c411826,Mon theke uthe geli vai tui hate Tamim,tamim,AGAINST
0c5540834cd37d22,তামিম ইকবাল ভাই আপনাকে অনেক সম্মান করি কিন্তুু আপনার এই কথাটা একেবারে ভালো লাগেনাই মনে রাখবেন আগে দেশ পরে ক্রিকেট 🇧🇩🇧🇩🇧🇩🇧🇩🇧🇩🇧🇩🇧🇩🇧🇩🇧🇩🇧🇩🇧🇩🇧🇩,tamim,FAVOR
6ad2d3a436fce7f7,দেশ এবং দেশের সম্মান সবার আগে তামিম তুমি ভালো হয়ে যাও ইন্ডিয়ার দালালি ছেড়ে দাও,tamim,FAVOR
bcd1465cceda2029,এই জন্য তুই দাইত্বে নাই। দেশের মানুষ যেইটা বলবে ঐটাই বিসিবি কে করতে হবে।আর তামিম হলো ভারতের দালালি করতে আইছে ভারতে কান পরা শুনে আইছে তাদের চামচামি করতে যাতে করে বিসিবির কোন পদে ডুকতে পারে,tamim,NEUTRAL
6ab0b0bbba450404,হাসিনার আমলে বিসিবির কোন জবাবদিহিতা ছিল না।সেই দিন আর নাই তামিম ভাই।,tamim,NEUTRAL
b35f56cb4df019a6,তামিম ইকবালের জাতীয় বেইমান তাহলে বুঝিয়ে দিয়েছেন তাই সব জাতীয় বেইমানদের বয়কট করা উচিত,tamim,NEUTRAL
adc2ff9f0c36e4b8,"খেলাটা উনি খেলবো আর উনিই দেখবো। দেশের সম্মান নিয়ে কোন চিন্তা না করে, উনি জনগনের সম্মান নিয়ে খেলতে আসচে। তামিম কতটা স্বার্থপর জাতি জানি গেচে।",tamim,AGAINST
4f6e419a0e467e2e,ভারত কি করলো এটা কি দেখেছে? তামিম ইকবাল কে বিচক্ষণ ভাবছিলাম কিন্তু দেখি সেতো ইন্ডিয়া কাছে দেশ বিক্রি করে খাবে,tamim,NEUTRAL
e43f36c2a7ca8cb2,বিবিসি স্বাধীন সেটা দল গোছানো এবং পরিচালনায়।সরকার ঠিক আছে জনগণের ট্যাক্সের উপর এবং বিসিবি ঠিক আছে সরকারি সহযোগিতার উপর। তারমানে রাষ্ট্রীয় বিষয়ে সরকার এবং বিসিবি দুজনই জনগণ নির্ভর। তামিম ভাই আপনার এতটুকু জ্ঞান থাকা উচিত।,tamim,NEUTRAL
80e7c3741d79795e,আমার মনে হয় তামিম ইকবাল ভারতের দালালি করছে কথায় যা বুজা জাই,tamim,NEUTRAL
efb449880e1d77a1,Tamim Iqbal ur are best ur right.... Please don't listen crazy people....,tamim,FAVOR
f72942b3a045c999,tamim bhai tmke jodi na nito.tar por bojten.,tamim,NEUTRAL
db9627b280faf133,দেখা যাক তামিম বস এর কথা কতটুকু ফলে- সৌম্য আর লিটন কি করে-,tamim,NEUTRAL
e083cefd1e2b19ce,"তামিম ইকবালের পছন্দ লিস্টে মনে হয় ভারতকে রাখা ঠিক হয়নি, কারন ভারত একটি টিম যে Icc cricket Council এর সাহায্যে নেয়, যা অতীতে বাংলাদেশের সাথে করেছে ☺☺",tamim,NEUTRAL
c13b92fa969eade1,জুনিয়র তামিম কে দলে চাই ওপেনার হিসেবে ♥️🌷,tamim,NEUTRAL
a588103200847406,ইনশাআল্লাহ খুবই ভয়ংকরভাবে ফিরে আসবে। Boom Boom Tamim.,tamim,NEUTRAL
935ee334a4dc4d05,We want tamim as captain and play till 2027world cup,tamim,NEUTRAL
fabb16a0ecceda21,বাই ক্যাপ্টেন হিসেবে তামিম সেরা আমরা তামিমকে চাই,tamim,FAVOR
2315371363683cc5,Tamim Iqbal Khan Bangladesh cricket dollar captain he she be Dekhte chai,tamim,NEUTRAL
2348142b42686bc8,Er jonno tamim desh sera captain akhon.... Koi theke j abal ra ay 🤨,tamim,FAVOR
dcc8da718a55b9bf,তামিম ইকবাল ভাই অধিনায়ক হলে ভালো হবে,tamim,FAVOR
6934131069cdc020,"তামিম ভাল ছিল। কিন্তুু সিরিজ চলাকালীন সময়ে যেই ক্যাপ্টেন অবসরে যাই, সেই অধিনায়ক বিশ্বকাপের চাপ নিতে পারবে কি না ও বাকী ১০ জনের সাথে সুসম্পর্ক করতে পারবে কিনা।",tamim,FAVOR
6bd0fae937b58fc1,বিশ্বকাপের মতো বড় আসরে তামিমের মতো অভিজ্ঞ ক্যাপ্টেন চাই,tamim,NEUTRAL
e32aae9933369bf7,তামিম ইকবাল কে কেপ্টেন হিসাবে দেখতে চাই,tamim,NEUTRAL
3fc6c9ef42bc93dd,"Captain, Captain bola media golo fild gorom korlo. Asole apnara pareno vai! Papon saheb tu bolcei tamim e captain.",tamim,NEUTRAL
516dff4166984740,তামিম আসলে প্রধামন্ত্রী ডেকেছে তাই এসেছে মনের উপর জোর করে ভালো কিছু আসাকরা যায় না।,tamim,FAVOR
85b29e55b590a8ff,শরিফুল কে ক্যাপ্টেন করা হোকসেই ক্যাপ্টেন হিসেবে ভালো করবেকারণ তামিম ক্যাপ্টেন থাকলে তো আবার অনেকের চুলকায়,tamim,FAVOR
081648607d61e6bd,"If Tamim Iqbal will not agree then May be Shskib It's my Opinion,, i think Liton is not perfect for Asia Cup &World Cup Captain...",tamim,NEUTRAL
3041e203b03a3e0c,তামিম ইকবালের উচিত অবসরে যাওয়া। কারণ সে আগের মতো আর ফর্মে নেই। বড়ো কথা হলো নতুনদের সুযোগ দিতে হবে।,tamim,AGAINST
832df313bf822348,এখনো সময় আছে তামিমকে দলে ফেরাউ না হলে বিশ্বকাপের বাকি ম্যাচ গোলো 000000000 মারবে,tamim,NEUTRAL
b6d65fc14cffd3ae,Batting valo hobei....karon world cup a Tamim Shanto thakbe.... Tar por abar miraz last a khelbe,tamim,FAVOR
2f92577137ef0923,Tamim ke liye BPL match boycott nehi kiya. Galat information de rahe ho tum,tamim,NEUTRAL
acc8243aae4f962b,"​ @wowtamim-k2r তোমরা মনে হয় ভুলে যাচ্ছ আইসিসি থেকে বুলবুল আসছিল শুধুমাত্র দেশের হাল ধরার জন্য 12 লক্ষ টাকা বেতনের চাকরি ছেড়ে আসছিল দেশে কে দালাল কে ভালো ওটা সবাই জানে উত্তর কোরিয়ার চাচাতো ভাই তামিম জং উন 99.9% ভোট পেয়ে বিসিবির প্রেসিডেন্ট নির্বাচিত হয়েছেন, সবই সাজানো নাটক আমার এই ছোট মনে ছোট একটা প্রশ্ন সেই একজন মানে যে তামিম কে ভোট দেইনি সে কি যাদেও বেঁচে আছে নাকি দেশের বাইরে বিসিবি দায়িত্ব যারা আছে তারা কেউ না কেউ মন্ত্রী এমপির ছেলে মেয়ে না জেনে ভুলভাল প্রশ্ন করবেন না ঠিক আছে ছোট ভাই কি দুঃখ পাইলা😅😂",tamim,FAVOR
cf30e815ed9c2915,tamim you have a great voice bro just heard,tamim,FAVOR
dea08258fea8c346,"Come back Tamim, come back is in your form.",tamim,NEUTRAL
87e7f76d8c64b285,"Love you Tamim Iqbal , you are the best .",tamim,FAVOR
81e82c0aa65c357f,Tamim Iqbal is best batsman in history of Bangladesh Cricket ❤,tamim,FAVOR
cfbee11c940718cb,"Tamim is the best opener in the world in current time and he's my most favorite batsman. You rock, Tamim, your class is permanent!!",tamim,FAVOR
ca1276bc0e96d87d,Tamim is cilent player..and blasting the bat,tamim,NEUTRAL
4aa0e992fa83f119,"Tamim, you are the beauty of batting 😍😍😍",tamim,NEUTRAL
a16fe59eb7a1306d,Tamim Will back soon... Love u brother.. ❤,tamim,FAVOR
d8635ea175c5353c,"Tamim is a good batsman but wdym best opener? There are many better than him like David Warner, Babar Azam, Rohit Sharma, Jason Roy, Aaron Finch, Martin Guptill, Faf Du Plessis etc",tamim,FAVOR
f89a56bca436fa93,"@sadmanles3165 In that time,tamim was best opener because of his form.",tamim,FAVOR
b5c0ed36d5aeaf1f,love you so much my heart tamim......go ahead..... best of luck,tamim,FAVOR
5b042d20e7a72537,tamim Iqbal is my favourite player from Bangladesh,tamim,NEUTRAL
13b39db15c2f8c56,Now he is the captain of Bangladesh team. Legendary Tamim Iqbal,tamim,NEUTRAL
5803d7fbd0ae831b,Top opener batsman.. He come back again very shortly.. All the best Tamim...,tamim,FAVOR
4fa0226316aeb67f,Love u... Tamim ... Believe me apni abar valo khelben..,tamim,FAVOR
65d14a52e0c3a0d7,প্রিয় মুখ 💚💚💚 always Love For Tamim Iqbal 💚,tamim,FAVOR
327f2b9d59e2cfa8,Go ahead bro.... I love u tamim,tamim,FAVOR
acd830f0b4366cc0,tamim iqbal great bastman in the world..,tamim,FAVOR
33178a35b0da18f6,Tamim is always gonna be the best batsmen Bangladesh will ever see. Love him so much,tamim,FAVOR
0b67f4f49522ff66,Tamim Iqbal best of the best in the world.. Bangladesh proud of him go tamim & go tiger,tamim,FAVOR
bef38a6599e83eba,sorry i dont agree coz Tamim iqbal dont have ability for worldcup.he never taken the load in big event.,tamim,NEUTRAL
a9508139352e9718,Tamim bhai is absolutely a good job. 😊😊,tamim,NEUTRAL
aae4da7c5f44fdd7,Thank you Mr Tamim Iqbal. But I expected he would have raised a bit more. Because no one knows when next time someone gonna raise their salary.,tamim,NEUTRAL
b62f376731d8b6f2,প্রিয় তামিম ভাই বাংলাদেশ টিমের কোচ হিসেবে MS Dhoni কে দেখতে চাই,tamim,NEUTRAL
a4657a693c27d4e6,তামিম দেশ ও জাতির সঙ্গে বেঈমানি করলো।দেশ ও জাতির স্বার্থে তার বিসিবির সভাপতি পদে নির্বাচনে অংশ গ্রহন করা উচিত ছিল।,tamim,NEUTRAL
f1e98d8cb5eb5080,বিগত 17 বছর বাংলাদেশ জাতীয়বাদী দল বিএনপি ও জামাত তারা আন্দোলন করেছে তত্ত্বাবধায়ক সরকারের জন্য কারণ সরকারদলীয় অধীনে নির্বাচন করলে কখনো সুষ্ঠু নির্বাচন হবে না । ঠিক তেমনি ভাবে তামিম ইকবালের অ্যাডাম কমিটি নির্বাচন দিচ্ছে তাদের অধীনে আর তারাই এই নির্বাচনে অংশগ্রহণ করছে কি বুঝলেন এটা বাংলাদেশ ইন্ডিয়ানা,tamim,AGAINST
653ed796ebebec1e,ওরা ক্রিকেট বুঝে না গলাবাজি করতে পারে। তামিম যেমন নিজেরে বিশ্বসেরা খেলোয়াড় বলে গলাবাজি করে তেমন ২ টা এজেন্ট নিসে,tamim,FAVOR
9ba2dfb66a9f9c81,"নিউজ শুনে ১ দিনের জন্য মজা করো,,,বাকি ৪ বছর তামিম সভাপতি 😂😂😂,,, যতয় পায়জামা লাড়ালাড়ি করো লাভ নেই,,,, বাংলাদেশের সেরা ব্যাটসম্যান তামিম একমাত্র দলকে সবদিক থেকে উন্নয়ন করতে পারবে",tamim,FAVOR
21e991e6abbe9cd2,"ICC নিয়ম অনুযায়ী তামিম ভাই, কি ভাবে বিসিবীর প্রেসিডেন্ট হিসেবে নির্বাচন করতে পারে এটা আমার মাথায় আসে না.",tamim,NEUTRAL
f9e3e9ef6eba051c,আমি চাই তামিম লাঞ্ছিত হয়ে এ বোর্ড থেকে চলে যাক।,tamim,NEUTRAL
abbf505eb05ebc35,GOD KNOWS BATPER TAMIM IS PLANNING WHAT NOW?????????????????,tamim,NEUTRAL
d27b4086fef4b6d5,TAMIM HELPS CRIMINAL PAPON GIVING HIM MONEY NOW.,tamim,NEUTRAL
da882dc31efb57da,"tamim 's board ( BCB) IS FULL OF OLD CRIMINALS LIKE NANNU, AKRAM ETC",tamim,NEUTRAL
589ac10be69f9205,জোড় করে অবৈধ ভাবে এডক কমিটি করছে....তামিম ইকবাল আর বিএনপির চাঁদাবাজিরা?,tamim,NEUTRAL
ab585a67563a001d,অবৈধভাবে হইলেও তামিমকে বিসিবি প্রেসিডেন্ট চাই। তামিম আসাতে সব কালচার চেঞ্জ হতে চলেছে। এবং ভবিষ্যতেও হবে।,tamim,NEUTRAL
51378bc584cf36ad,"Tamim made a big mistake by bringing Bnp in a neutral field of sports. Bnp is doing a ditto of awami leage, may be worse .",tamim,NEUTRAL
bdf273838a9fc081,তামিম ইকবাল ভালো এক্টিং করতে পারে বিএনপি তামিমের কাঁদে ভর করছে,tamim,FAVOR
74299e3ac7f0f2b3,তামিম ইকবাল ভাই একজন ব্যক্তি হিসাবে অনেক ভালো মানুষ।,tamim,FAVOR
16b4bcc09ad9d714,তামিম ইকবাল সাহেবের ব্যক্তিত্ব একেবারে তলানিতে যেয়ে ঠেকেছে!,tamim,NEUTRAL
5fa0d477daa09359,তামিম ইকবাল ভাই ঠিক আছেন! এগিয়ে যান ইনশাআল্লাহ আগামী প্রেসিডেন্ট বিসিবি!,tamim,NEUTRAL
7cf0cde3fc7280a7,"তামিম প্রেসিডেন্ট হলেই কেবল ইলেকশন হত, নাকি বলেন অভিনেতা ইকবাল??",tamim,NEUTRAL
2b7637c02a7f54dd,"নির্বাচন ঠিকই ছিল তুমি তামিম ক্লাব সিন্ডিকেটের কাছে মাথা নত করেছো, বাংলাদেশের ক্লাব সিন্ডিকেট ভাঙ্গা ফরজ হয়ে দাঁড়িয়েছে, তুমি দুর্নীতি বাজদের কাছে বিবেক বিক্রি করেছো, তোমার প্রতি ঘৃণা ই রইলো",tamim,AGAINST
0a524ac8d37ccade,তামিল বাংলাদেশের ক্রিকেটের একজন অন্যতম লোক আমি তামিমকে ভালোবাসি যারা তামিমের বিরোধিতা করে বাংলাদেশকে ভালোবাসে না কারণ তামিম বাংলাদেশের ক্রিকেটে যা দিয়েছে আর যারা অনলাইনে কমেন্ট করেন,tamim,FAVOR
469e63c5a6458d41,"Tamim Iqbal, you were a dot baba. We don't want you near Bangladesh cricket please.",tamim,NEUTRAL
678cd5651be67b1b,"Tamim, at koto nijer dhol nijey bajaba Tumi....... Sorry geso valo....... Basay chupchap thako",tamim,FAVOR
208f2d1a2b8fc10f,তামিমের ব্যাক্তিত্বে আমরা সবাই মুগ্ধ। সে কখনো কোন অনিয়মের সংগি ছিল না। তামিম মানেই সত্য এবং সঠিক। সেখানে বেঠিক সেখানে তামিম নেই। কিন্তু অনেকেই তাকে অযথাই অভিযোগ বিষয়ক সভাপতি বলে। আর তার গডফাদার হিসেবে ঘেরাও বিষয়ক সভাপতি ইশরাককে বলে।,tamim,NEUTRAL
e2981b77188d62c4,"তামিমকে আমি বিসিবিতে চেয়েছিলাম। তামিম যে বললেন না আজ, তিনি স্বতন্ত্রভাবে নির্বাচন করলেও জিততেন, সত্যি বলতে, আমি সেই স্বতন্ত্র তামিমকেই বিসিবিতে চাইতাম। এবং, তামিমের কথাই সত্যি। তিনি সেক্ষেত্রে জিততেনও। কিন্তু, এই তামিম তো স্বতন্ত্র নন। এই তামিমের সঙ্গে মিলে যায় একটা স্বার্থান্বেষী মহলের কথা, যারা বিসিবিটা কব্জা করতে চায়। বিসিবিকে ব্যবহার করে যারা চায় নিজেদের কার্যোদ্ধার করতে, ব্যাংক-ব্যালেন্স ভারী করতে। বিশ্বাস হলো না? খুব সরল একটা প্রশ্ন করি। ধরুন, নির্বাচন নিয়ে খুব নোংরামি হয়েছে, আজ যারা সংবাদ সম্মেলন করলেন, তাদের সাথে ভীষণ অন্যায় হয়েছে। কিন্তু, এর সঙ্গে লিগ বর্জনের সম্পর্ক কী? মানে, বিসিবির পরিচালক হতে না পারলে আর ক্রিকেট ক্লাব চালাবো না, এই হচ্ছে ক্লাব সংগঠকদের ক্রিকেটের প্রতি ভালোবাসার নমুনা। তার মানে, বিসিবি পরিচালক হওয়ার মধ্যে এমন কিছু লুকিয়ে আছে, পরিচালক না হতে পারলে যেই সুবিধা পাওয়া যাবে না। এই কারণেই ক্লাব সংগঠকেরা এমন ডেস্পারেট হয়ে উঠেছেন। কিন্তু, তামিম, আপনি কেন এদের সঙ্গে ভিড়ে গেলেন? ধরলাম, আপনার বিরুদ্ধে আঁতাত করে আপনাকে বিসিবিতে সুযোগ দেওয়া হয়নি। এটা তো আপনার ব্যক্তিগত নয়, বরং দেশের ক্রিকেটের ক্ষতি হিসেবে বিবেচিত হওয়ার কথা। আপনার অভিজ্ঞতা, সামর্থ্য দেশের ক্রিকেটের স্বার্থে ব্যবহার করা গেল না। কিন্তু, আপনিও লিগ বর্জন করে বসলেন বাকিদের সঙ্গে। লিগ না খেললে ক্রিকেটার দলে ভেড়াতে হবে না, টাকা-পয়সা খরচ করতে হবে না। পরিচালক না হলে তো ওই লগ্নি করা অর্থ তুলে আনার সুযোগ নেই, তাই ইনভেস্টই করবে না বাকিরা। কিন্তু, তামিম, আমার বিশ্বাসই হচ্ছিল না, আপনি বিসিবিতে ঢুকতে চান, ক্রিকেটারদের পেছনে টাকা খরচ করতে চান, ক্লাব চালাতে চান কোনো স্বার্থ থেকে। আজীবন তো আপনাকে কলিজাওয়ালা খান হিসেবেই জেনে এসেছি। সেই আপনি কেন বিসিবিতে কাজ করার সুযোগ না পেয়ে আপনার ক্লাবের ক্রিকেটারদের দায়ভার ছেড়ে দিচ্ছেন, তাদের খেলার সুযোগ বন্ধ করতে চাইছেন, সরকার বদলালে অন্যদের দেখে নেওয়ার হুমকি দিচ্ছেন, আমার ঠিক মাথায় ধরছে না। তামিম, পাশের দেশের যুবরাজ সিং মাঝেমধ্যে কিছু ভিডিও ছাড়েন। সেখানে দেখি অভিষেক শর্মাকে অনুশীলন করাচ্ছেন, প্রবসিমরান সিংকে দেখিয়ে দিচ্ছেন। বিশ্বের সেরা টি-টোয়েন্টি ব্যাটার তৈরি করতে যুবরাজ সিংয়ের বিসিসিআইতে ঢুকতে হয়নি। তামিম, বাংলাদেশের ক্রিকেটের উন্নয়ন মানে কি আপনার কাছে কেবলই বিসিবি সভাপতি?",tamim,FAVOR
d7117f1c4c8fe656,আসসালামু আলাইকুম তামিম সাহেব যদি আমার কমেন্টটা আপনার চোখে পড়বে কিনা আমি জানিনা বা আপনার নির্দিষ্ট কোন লোকের চোখে পড়বে কিনা আমি জানিনা আপনার নিজের কারণে বাংলাদেশ ক্রিকেট তাকে একবারে নোংরামির শেষ পর্যায়ে নিয়ে যাইতেছেন হিংসা করার যারা ক্ষম আসছে তারা করুক না বা ৪ টা বছর আপনি এত কেন কাহিনী কেন করতেছেন আমরা সবাই তো চাই বাংলাদেশ ক্রিকেটটা সামনের দিকে যাক ইন্ডিয়া কিভাবে এড়িয়ে যাচ্ছে যাইতেছে শ্রীলংকা কিভাবে যাইতেছে কেন এত ইয়ে করতেছেন হিংসা করতেছেন,tamim,NEUTRAL
b76c49200e34723e,তামিম ইকবাল এত কিছু পারেন....আসিফ রে লাথি দিয়ে বের করে দিতে পারেন না?,tamim,NEUTRAL
36ed31f62cfed7b3,"তামিম মানে নাটক বাজ,আগে অনেক সম্মান ছিলো,,কিন্তু সে তার সম্মান নিজে শেষ করে ফেলতেছে।",tamim,NEUTRAL
beb9c013b8176534,"তামিম ইকবাল গভীর জলের মাছ 😂 হাসি মুখে কথা বলে। বহুত টাকা ইনকাম করেছেন ভাই জীবনে কাদা ছোড়াছুড়ি না করে এক সঙ্গে কাজ করুন বিসিবি বোর্ড এর সাথে ,অভিমান নিয়ে থেকে কোন লাভ নেই।",tamim,NEUTRAL
1bea4f6307674e36,"দেশ প্রেমিক জনগণ আশা করে চরম খমতা লুবি তামিমের চাঁদাবাজ দল বিএনপি যেন আগামীতে স্থানীয় সরকার নির্বাচন জাতীয় নির্বাচন সহ সকল নির্বাচনে অংশ না নিয়ে যেন এভাবেই বয়কট করেন, যাতে করে দেশের সকল গুরুত্বপূর্ণ পদে দুর্নীতি স্বজনপ্রীতি দলিয় পরিচয় প্রভাব মুক্ত দেশ প্রেমিক যুগ্য ব্যাক্তিরা সব ধরনের এজেন্সি বা সরকারি বেসরকারি প্রতিষ্ঠানে দায়িত্ব পালন করতে পারেন ।",tamim,AGAINST
7554f658eb10af36,"তামিম মানে নাটক বাজ, তার সম্মান নিজে শেষ করে ফেলতেছে।",tamim,NEUTRAL
ac08dd607bf80c80,"তামিম হলো একটা সুবিধা বাদি লোক,, সুযোগ বুঝে ক্ষোব মারতে চেয়েছিলো হয় নি৷৷",tamim,AGAINST
cd7e4351eac5508b,তামিমের অন্তত এখানে কথা বলা উচিত হয়নি,tamim,NEUTRAL
97ca9be0514fcbe9,"tamim mp howar jonno joggo ,tar mon vlo , honest . take mp banale jatir upokar hobe",tamim,NEUTRAL
9bb3c82badbbe37c,মনে হয় না তামিম ইকবাল আর জাতীয় দলে ফিরবে 😢😢,tamim,NEUTRAL
24d667b24ad3f872,তামিম ইকবাল কে অধিনায়ক হিসেবে দলে ফেরত চাই ❤,tamim,FAVOR
06200eb7cd39c32b,শেখ হাসিনা তামিম ইকবাল কে নৌকা নিয়ে এমপি নির্বাচন করতে বলছে তামিম ইকবাল এতে রাজি হয় নাই,tamim,NEUTRAL
8535a4603e9eef99,ভারত বিশ্ব কাপে তামিম শতভাগ ফিট না থাকায় খেলেনি একথা আপনাকে কে বলছে । মনে চাইল আর একটা কথা বলেদিলেন?,tamim,NEUTRAL
cdff10dae77f9cf9,বর্তমানে তামিমের মার্কেট ভালো যার কারনে প্রধানমন্ত্রী তাকে ডেকে পাঠিয়ে ছেন আর হয়তোবা বলেছেন যে তুমিও রাজনিতিতে আসো নমিনেশন পত্র কিনো আমি তোমাকে এমপি বানাবো,tamim,FAVOR
c574f84cb7e17041,মার মনে হয় না তামিম নির্বাচন করবে🎉🎉,tamim,NEUTRAL
8a7f97a1d5b9b4b3,"You represent this Country and Nation, so never forget to respect nation's sentiment and dignity. Must respect nation's comments or statement. Whatever you are today is for us. We are not for you Mr. Tamim.",tamim,NEUTRAL
f3208c96e2328c3b,Tamim tumi kar fasict Hasinar naki Tareque er? Naki Bangladesh er?,tamim,NEUTRAL
9068dad4209a0391,"এখানে কিছু আবাল আছে যারা তামিম কে উল্টাপাল্টা কথা বলছে কিন্তু কেউই ফিউচার নিয়ে ভাবছে না,, তামিম কি বলতে চাচ্ছে মাথামোটারা না বুঝেই লাফাচ্ছে",tamim,NEUTRAL
ddaeaf950352adec,ইমিডিয়েটলি বাংলাদেশের প্রশাসন কে বলব তামিম ইকবালকে এরেস্ট করার জন্য এদের মতন ক্রিকেটারের জন্যই আমাদের বাংলাদেশের ক্রিকেট আজ এই বঙ্গুর অবস্থা এই ধরনের ক্রিকেটাররা কখনো দেশের জন্য খেলে না নিজের স্বার্থের জন্য খেলে তারা শুধু তাদের চাহিদা মেটানোর জন্য ইমিডিয়েটলি অ্যারেস্ট তামিম ইকবাল,tamim,NEUTRAL
1643da2f4d43ba64,তামিম বিসিবিতে থাকলে হাদি ভাইয়ের আত্মত্যাগ ব্যর্থ হয়ে যেত।তামিম বিসিবিকে ইন্ডিয়ার আওতাধীন ঘোষণা করতো।জনগণের এখনো মনে আছে আপনি ইগোর কারণে ওয়ার্ল্ড কাপ খেলতে যাননি।,tamim,AGAINST
81eaad7c9ad524a6,"ইন্ডিয়ার নব্য দালাল, তামিম কে মনে করতাম সুন্দর মনমানসিকতার, লোভী না, দেশাত্মবোধ সম্পন্ন, এখন দেখছি ভিন্ন চিত্র, ক্ষমতা লোভী, বিসিবির চেয়ারে বসার জন্য একটি দলের পক্ষে ইন্ডিয়ার দালালী শুরু করে দিচ্ছে, এখনো বুঝেনা ২৪ এর পর এই প্রজন্ম এগুলো মেনে নেবেনা, এই প্রজন্ম মাথা উচু করে দাড়াতে চায়, চির উন্নত মমশিড়।",tamim,NEUTRAL
be677e2ab1138609,বিসিবিতে থাকলে দেশকে বেঁচে দিতেন তামিম কাছে দেশ কিছু না টাকা আর পাওয়ার সব ভারত শুরু করেছে শেষ বাংলাদেশ কে করতে হবে যে দেশে আমাদের কে গুনচে না তাদের দালালি কিসের ইঙ্গিত মনে হয়,tamim,NEUTRAL
82206c4603a5ecb6,বিসিবি বিসিবির কাজ করতেছে আপনি দালালি বন্ধ করেন তামিম ইকবাল সাহেব,tamim,NEUTRAL
5f3d9b15ab2ea850,আমি মনেকরি তামিম চায় এদেশ সমস্ত জীবন ব্যাপী ভারতের আধিপত্যের নিচে থাকুক এবং তাদের দাসত্ব মেনে নেই সে একজন দাস হিসেবে থাকতে চায়। তার কাছে দেশ প্রেমের কোন মূল্য নেই। দেশের মর্যাদার মূল্য নেই।😡😡😡😡,tamim,NEUTRAL
970c1b07e888f61a,"যেকোনো ভাবেই হোক তামিম যদি বিসিবিতে কোন পদে নিযুক্ত হয় তাহলে বিসিবি শেষ,,,, বাংলাদেশ ক্রিকেট ও শেষ ,,,,, ভুল করো ওকে বোর্ডের কোন পদ দেয়া যাবে না,,, বোর্ডে যাওয়ার জন্য পাগল হয়ে গেছে😂😂😂",tamim,AGAINST
b5f2ce77e73b5e63,মোস্তফিজ ইস্যুতে তামিম তো নির্লজ্জ ভাবে ভারতের দালালি করেছে - তাই তাকে সবাই ভারতের দালাল বলছে। এতে আমরা সাধারণ পাবলিক তো দোষের কিছু দেখছি না।,tamim,AGAINST
146657b944e1d3ff,মেধাবী ক্রিকেটার হিসেবে তামিম ইকবাল শতভাগ সঠিক কথা বলেছে 🤍,tamim,NEUTRAL
ff6cfed3b00378c0,"কিছু আবাল আছে কথা না বুজে তামিম কে নিয়ে বাজে মন্তব্য করে,, তামিম কি বলছে জে ভারত গিয়েই খেলতে হবে,,, বলছে যাতে ক্রিকেট এর ভালো hoy সেটা ভেবে চিন্তা করে সিদ্ধান্ত নিতে,, শ্রীলংকায় খেললে ও তো ক্রিকেট এর ভালো হবে,,",tamim,FAVOR
548603cd2e06079a,Mr. tamim ikbal you dalali off koren .. please,tamim,NEUTRAL
48581d6d30e6ffe0,তামিম জা বলেছে রাইট বলছে আমাদের বাংগালী বেশি আবেগ নিজের ঘর টিক নাই বাইরে যাইয়া হেডাম দেখায় আমাদের দেশের মানুষ,tamim,NEUTRAL
5561fb3817a84b44,"ডট বাবার মুখে শুধু পকপক। তামিম ইকবাল যে সময় ক্রিকেট খেলা থেকে অবসর নেন, সেই সময় ওপেনিং জুটিতে কি ধরনের বাজে অবস্থা ছিল? দেশের খেলা প্রেমিরা তাকে খেলায় ফিরতে অনেক কাকুতি মিনতি করেছিল কিন্তু সে নিজের সিদ্ধান্ত অটল,এই সেই তামিম ইকবাল ইকবাল ইকবাল ইকবাল ইকবাল ইকবাল ইকবাল ইকবাল",tamim,AGAINST
85e92140a7eeeff9,"তামিম বয়স বাড়ার সাথে সাথে বলদ হয়েছে, জণগণের কাছে ভিলেন হয়ে যাচ্ছে, তার বলদ মার্কা কথাবার্তার মাধ্যমে। অথচ সে কিন্তু হিরো হতে পারত, যদি জনগণের পালস বুজে কথা বলত।",tamim,NEUTRAL
42650cb62a27cd39,I am a Bangladeshi tamim actually a indian agent not for this statement. When previous BCB election occurred he call Virat Kohli & ghambir to intervention in this election,tamim,NEUTRAL
af243ce745b4cefe,Tamim Indian Agent 100% conform Bangladeshi people. Love from Bangladesh,tamim,FAVOR
05b15ae73db4bfa0,Tamim is an Indian AGENT (And Indy is our ENEMY). As Bangladeshi we know it very well....,tamim,NEUTRAL
0384a983f1119d2f,Tamim is an indian agent that's absolutely true paKbangla ZindabaD🇵🇰🇧🇩👑,tamim,AGAINST
d8d401db72646ea1,The thing is tamim became anti BCB since last BCB election where he didn’t get position. For the earning part BCB is 5th or 4th rich board where they earn around 50-60% profit from BD,tamim,NEUTRAL
6264b7c1766bbd08,​ @Pk_1911 we also though that how tamim was stupid. But this is real😅,tamim,NEUTRAL
1b0239b56a1752c5,Tamim never made any comment when the BCCI threw Mustahfiz out of the IPL. BCCI insulted not only Mustahfiz but also Bangladesh.,tamim,NEUTRAL
1dc1c7cb93b2c51a,Tamim is being called an Indian agent because he was silent when Mustafiz was removed from IPL,tamim,NEUTRAL
3a26ac2ae5a6f97a,bhai bangladesh apny sahi stance pey khara hai oor mujhy nahi samjh aai hai yeh tamim ko achanak kya howa hai..!!,tamim,NEUTRAL
e70d1bde2ae0047e,"Tamim is an indian agent.After saying this,the entire nation is now against him. So there's no point in giving his words so much importance.He has already earned the title of national flatterer",tamim,NEUTRAL
056bd301f3ae8cb8,laikin aik baat ki samajh aai hai k india k ilawa har country meh intellectual loog hain jaisy tamim iqbal!!,tamim,NEUTRAL
db1a01a0bebf7b04,"You’re misunderstanding this. Tamim visited Sheikh Hasina at her residence just one day before he flew out. Calling him an Indian agent is not a position that came overnight. Even in the last BCB election, he played the victim card to shape public perception.",tamim,NEUTRAL
a6ca5f4aa33d80da,Tamim is against Bangladesh. A selfish person 😠,tamim,AGAINST
5beaaa2c232c6046,"Apku iye jannabi jaruri,now Tamim iqbal is a politician, aminul Islam ki jagahpey wo behetna chahtatha.",tamim,NEUTRAL
45e607ae57812e46,"Actually Tamim’s whole family is in influential positions of bcb, that's why he is scared of losing money and positions.",tamim,NEUTRAL
e05d644a532c4ddf,Bai Tamim Iqbal ke Khandan Bihar se hai talluk rakhte Hain isliye India ki support Karte Hai,tamim,FAVOR
60401c7279134819,"Tamim Indian agent he is politician Bangla brothers are saying ...BTW I AM PAKISTAN ❤❤❤.,",tamim,NEUTRAL
b4398cc0d7b64625,"Tamim is politically involved with BNP,,BNP is India's second agent in Bangladesh after awamileague..",tamim,NEUTRAL
fad5bd0b9a0cc3d8,"Tamim Iqbal is an Indian agent. It's true, Tamim Iqbal was a great player. He did lots for Bangladesh cricket that's why Bangladesh and Bangladeshi people give him love and respect too. He did not play without money for Bangladesh. He has rights to give advice but for him cricket is important more than Bangladesh. No compromise for national humiliations.",tamim,FAVOR
46af2e3742afae00,"Tamim is a BIHARI,he should not intervene in controversial matters.",tamim,NEUTRAL
ed4f52e14a755d93,"Vie Jan no compromise in national issue , their is tamim fault",tamim,NEUTRAL
1efe569eb00f4a62,"“If I were the Board, I would decide everything starting from the future. But one thing must be kept in mind—decisions often take a lot of time after considering everyone. Actually, the government cricket board is a big party, but the board is independent, so decisions have to be taken by them. Fans will say many things, but you cannot always move according to what they say.” — Tamim Iqbal Nazmul Islam was absolutely right to call him an Indian agent. Tamim should never have made such remarks in the first place, especially amid the ongoing tension between the BCB and BCCI, which clearly mirrors broader friction between the two governments. What Tamim Iqbal did was not just irresponsible—it was outright childish. This is basic common sense; even a child would understand it. Anyone rushing to defend or justify Tamim’s comments is no different and might as well be labeled an Indian agent too. And how can anyone be so naive as to assume Tamim had no communication with BCCI representatives or intermediaries? There’s no proof he wasn’t speaking in line with BCCI’s interests or acting on their behalf. Stop being gullible and grow up. NATION'S Honour is ABOVE CRICKET.",tamim,FAVOR
2782bbd6097e891a,Tamim gave his honest opinion and the BCB director gave his opinion. So if there is talk about the freedom of speech it goes both ways 😅😅😅 Or am i wrong?,tamim,NEUTRAL
5fd61787aa3c82cc,Main as a Pakistani sab Bangladeshi brothers SE bolta hon Jo Sana bol Raha hai ye aam Pakistani ki awaz Nahi h. Ye sirf Indian views k liye laga hua Aik Pakistani bhi AJ tamim KO ghadar hi samjta hai. Don't take this person seriously our Bangladeshi brothers.,tamim,NEUTRAL
27fffc3154a3e01d,"Tamim is a politician now. Don't talk without knowing. If, you don't know about Bangladeshi politics, stop talking about Bangladesh.",tamim,FAVOR
33009352ea7b6159,"Tamim Iqbal became a target of a mob claiming to act in the name of Bangladeshi patriotism, similar to how Mustafizur Rahman was targeted by extremist mobs in India.",tamim,NEUTRAL
63202b00b374327b,Tamim Iqbal has a chance to be next bcb president. That’s why he is act like a indian agent.,tamim,NEUTRAL
0f86c4b5f2c2b8e7,"Calling Tamim Iqbal an Indian broker, so many cricketers posted, wrote that it is disrespectful. But no one has seen any post on removing Mustafiz from IPL without reason. It is unfair to call Tamim a broker with reason, it is not unfair to remove Mustafiz from IPL without reason.",tamim,FAVOR
b11ae09cbed49b65,"Tamim is a Bangladesh legend, his views aren't bad tbh. Bangladesh is being too much aggressive. Love from Pakistan❤",tamim,FAVOR
1a227df3c30d53bb,"Tamim is good man. Not idiot like BCB. Who is following order of govt. and pakistan, and going against India, who saved them in 1971.",tamim,NEUTRAL
160e3da9a950b1d6,Coz tamim is a very selfish cricket then & a very selfish person now coz He has a group of people who repeatedly incite these cricketers against the board and control them.,tamim,AGAINST
4c9ed319f7128917,Tamim is a snake who changes his colour in every moment,tamim,NEUTRAL
77b4c59a0fe09069,Sanaullah tum SE zyada bangali khud janty tamim KO comments Dekho Jab khud wo log usko gaddar bol rahy to tum kon hoty ho usko defend krny waly. Anything for view.🤨🤨,tamim,NEUTRAL
d0a7f7bc480a6acc,"Indian Labelled tou sahi laga he, Tamim Iqbal pe, Point of View ka matlab, daikh ke makhkhi nigalna nahin hota. Ye Local muamla nahin, Country's Prestige ka muamla he. Sarkar unt ka shunt vlog mut kia karo.",tamim,NEUTRAL
34fb85090bc79f51,Bangladesh people stand with BBC director ❤❤❤ Tamim is India Agent 😡😡,tamim,NEUTRAL
fca67bdcc3bb5db0,"Joker 🤡🫵It's not right to talk about something you don't know. Those who are now standing next to Tamim, what posts or comments did they make about Mustafiz? Those who are standing next to Tamim Tamim was trying to say that 90% of the money comes from the ICC, which is completely wrong, so the ICC should accept this and go play in India.",tamim,FAVOR
bb58b604e2bce896,"ap ne khub pok pok korte tamim keleye. Ye indian agenda hay, hum india favour ki bina survive nahi korsakta hay. Tum Pakistanio hamari sath dagri korta. Is liye to hum alog hona pora.",tamim,NEUTRAL
701c7e0a8dd9b9bb,Man don’t try to LECTURE about something you don’t know. You guys lectured us enough untill 1971 not anymore. Mind in your own Pak cricket team. Tamim’s past activities triggered peoples to call him an agent which you have no idea about.,tamim,NEUTRAL
94da9f65ace02d13,"As a Pakistani I m against your opinion ,BCB is right. We all know Tamim was a great player but if he is well wisher of Bangladesh people why he left Bangladesh,and let me ask you,why they removed Mustafeezur from shah rukh Khan's team , Bangladeshi people have the courage ,they know well about their future,why u make them bow against bloody indians.who are you ,plz think first and then make video.",tamim,FAVOR
891aa02ee8a62bdc,National interest should be first not cricket. What ever happened bangladesh is first. Don't support tamim. U r supporting India. Don't feel u r expert. No. No one can give views against his own country. Vad me jai decorated batter.,tamim,FAVOR
7bb1984edb4b9d5a,"Tamim Iqbal is right, I have been following him for a long time..he is actually trying to save Bangladesh cricket from getting isolated completely like Pakistan, he is acting maturely to not destroy Bangladesh cricket bcoz emotions don't mean anything in the real world.",tamim,FAVOR
4089fe90273ca4f2,you don't have a single idea about tamim His a puppet of Previous fascist Regime So now he's talking like that thing so that people of Bangladesh Marked him as an agent of india,tamim,FAVOR
e2e3a0512ea9d476,"Bro without proper knowledge about BCB and Tamim Iqbal... Please don’t make video about Bangladesh cricket. You don’t know who is Tamim Iqbal and what did before and now what is doing our cricket..! He and his Whole family was Awami League support and before Hasina has fallen just 2 days, he was meeting hasina and during the mass killing of students he was tolally quite and indirectly against students. He was quite during Mustafizur Rahman banned by BCCI. But now he is coming to talking on behalf of cricketers. You have not idea about him,, many allegation against him during he was.. Now he is creating a quram in our cricket.",tamim,FAVOR
86b7614a6324beb7,Brother I see you are also brokering India like Tamim Are you also a broker for India or are you afraid? If you now speak against Tamim and in favor of Indias broker then all the Indian subscribers on your channel will be killed Is that why you lose?😂,tamim,NEUTRAL
7feacb0597b8b83d,আপনার জ্ঞানের ধারণা কম। তামিম ইকবাল বর্তমানে রাজনীতির সাথে সম্পৃক্ত আছে,tamim,NEUTRAL
ddfa11ebf98af0c3,tamim is indian agent because he asked for indian intervention to win bcb election. Is this normal in Pakistan as well??,tamim,NEUTRAL
ba3a5ad7f88e7080,As a Bangladeshi no one can't like tamim. tamim is a joker 🤡🤡,tamim,NEUTRAL
0206893c134f23b4,Sana sahib kuchh matter sensitive hoty ap har bat py bolna shuru hojaty ho. Wo ghadar hi thy jinho ne Pakistan tora wo mujeeb Ur Rehman tha. AJ agr koi ghadar Indian line ly Raha tamim to usko wahin rokna hoga You just stop talking on sensitive issues,tamim,FAVOR
fe197b59f334b9e8,দুই দিন আগে আসিফ মাহমুদ তামিমমের আপন ছিল দেখি ভাই এখন আবার কি হইলো,tamim,NEUTRAL
c8b0784acd6144e5,নগদ কে অনেক অনেক ধন্যবাদ.. এই ভিডিও টা 26 সেপ্টেম্বর এর আগে আপলোড করলে আজ হয়তো তারা আলাদা হইতো না.. ভিডিওটা দেখে চোখে পানি চলে আসলো😢😢😢 অনেক অনেক মিস করবো তামিম ভাই কে😢😢😢😢😢,tamim,AGAINST
6bed1591db19c356,"দুঃখজনক বিষয় বলে শেষ করতে পারবো না,আই মিস ইউ তামিম ইকবাল এবারের বিশ্বকাপ ❤❤",tamim,NEUTRAL
6c3402a8c8035b2f,বিজ্ঞাপন টি হৃদয় ছুয়ে গেছে।।খুব ভাল লাগছে। প্রিয় তামিম ভাই আপনাকে আমরা বিশ্বকাপে দেখতে চাই চাই।❤️❤️❤️,tamim,FAVOR
d67e8cfc43d6f658,সত্যিই অনেক ইমোশনাল হয়ে গেছি😢.. মিস ইউ তামিম ভাই...আপনাকে ছাড়া বিশ্বকাপে খেলা দেখে কোন উপভোগ করতে পারবো না😢😢,tamim,NEUTRAL
f62471c109650fcf,I want Tamim back although I'm not a cricket fan but I can understand his role in bangladesh national team . Taim be back soon.,tamim,NEUTRAL
9bf7e2da69b67357,One more time for our country pls!!! We want Tamim in the World Cup-23!,tamim,NEUTRAL
fdbbd571aefd7205,রিয়াসাদ হলো তামিমের দালাল রিয়াসাদ এরকম দালাল থাকলে কেউ মন মতো কাজ করতে পারবে না রিয়াসাদের পকেটে যে টাকা দিবে সেই ভালো,tamim,FAVOR
d7d57c1b1558ea8d,Tamim is a great batsman and was good captain too,tamim,FAVOR
ca914d4682c14c82,"বুলবুলের বোর্ডের বেশিরভাগ পরিচালক ক্রিকেট বুঝেনা, নাজমুল শুধুমাত্র পরিচিতি পাওয়ার জন্য কিংবদন্তি ক্রিকেটার তামিম ইকবালকে নিয়ে উল্টোপাল্টা কথা বলেছে",tamim,NEUTRAL
9276f6e1b684d4b6,Yaar tamim Iqbal ka sun kar bohut dukh howa hai or ye bangladesh ki team world cup me nhi lekar jana chahti thi is liye bahar kar diya tha 🇮🇳🏏💙💙,tamim,NEUTRAL
47fbabb92e580bbb,Pakistan se mohamad amir or Bangladesh se Tamim ikbal .... Respect ++,tamim,FAVOR
f77f2bb02dcdd78a,Tamim Iqbal And Other Bangladesh Players Get My Respect For Talking Aginst Bangladesh Mistake. 💯💯💯,tamim,FAVOR
9982306b02f66c94,As a bangladeshi i agree with tamim iqbal.We should alwas be united😢🇧🇩,tamim,NEUTRAL
4eaa46c9cf807485,Fact to Hain Tamim is a pajit now,tamim,NEUTRAL
87de6329c71db7a5,He is right ...give bat to those rascals who is abusing with Tamim .....then they will realize how the cricket is touf game,tamim,FAVOR
61f2defb6544e680,"এটা কি তামিম 😱 নিজের চোখকে বিশ্বাস করতে পারছি না😖, I can't believe 😷",tamim,NEUTRAL
55de763eb83c4f69,"তামিম এর বিপক্ষে যে কথা বলবে ঐ হল নম্বর ১ পাজিল। ওর মত স্টাইলিশ ব্যাটসম্যান কে নিয়ে কোন মন্তব্য করা উচিত নয়। এর আগেও যে বা যারা ওর বিরুদ্ধে কথা বলেছে (কোটা),,, তাদের মূখে উপর পারফরমেন্স করে উওম জবাব দিয়েছে। 😍😍😍 তামিম,,,, ঐ থাকলে বাংলাদেশ জয় হওয়ার সম্ভবানা বেশি থাকে।",tamim,NEUTRAL
ba20589bfe1c4f24,তুমি দুই দিনের খেলা দেখা ছেলে। তামিম কি জিনিস সেটা ওকে শুরু থেকে যারা দেখেছে তারাই ভালো জানেন।,tamim,FAVOR
08aa99bf35eeaca4,@sarifuzzamansifat4560 tamim er debut theke khela dekhi . Ager tamim ar nei reh bhai .,tamim,NEUTRAL
4f27e7ea91c47cc2,তামিম কোটায় খেলা প্লেয়ার যদিও সে স্কোর করে।,tamim,NEUTRAL
e06434c4e189df51,"বাংলাদেশ দলের হয়ে তামিমের থেকেও অনেক দিক দিয়ে বেশী রেকর্ড থাকলেও দলে সুযোগ বা পজিশন চেন্জ হয়।সবই মামা,খালুর হাতে।এই ধরনের সায়ত্তশাসিত মনোভাব পরিবর্তন না করলে বাংলাদেশ দলের থেকে ভালো কিছু আশা করাটা বোকামী।",tamim,FAVOR
b85bbc3d9e45f4bd,"Dear Uploader, do yourself a favor before commenting b/c you will learn that somebody actually bad mouthed Tamim's family and police caught him afterwards for such misconduct. Anyone normal human in the world with guts would react aggressive if you badmouth his/her family. Tamim said in press conference - He does not need fans like this. - So, Dear Bangalees, pls know and think before you comment because it makes you look like the joke when you talk without complete knowledge.",tamim,AGAINST
63edd62f3f7474b8,আমি মনে করি তামিম ইকবালের কথাগুলো পুরোটাই ভুল কিন্তু বিসিবির একজন বোর্ড পরিচালক প্রকাশে দালাল বলাটা উচিত হয়নি।,tamim,AGAINST
57007ecd354da9f2,ভালো হইছে তামিম বিসিবি প্রেসিডেন্ট হয় নাই,tamim,FAVOR
20897e6ad5bdcdfa,দালাল বট তামিম বাহিনী কে বয়কট করো সবাই এরা দেশকে নয় টাকা চাই আর এরা সেন্ডিকেট করে নতুনদের সুযোগ দিচ্ছে না,tamim,NEUTRAL
0e4022fbd7317a07,তামিম যেহেতু এখন বিপিএল খেলছে না তাই আমি চাই তিনি আর কখনো বিপিএলে না খেলুক তিনি যদি খেলেন তাহলে আমি মাঠে খেলা দেখতে আসবো না ডিম মারতে আসবো,tamim,NEUTRAL
e65f5177d39b331f,আত্মার চিৎকার কেউ শুনে না অভিমান এবং অভিযোগ বিহীন অবসর এত কষ্ট দিবে এটাই বাস্তব কারণ সে এই দেশে জন্ম আর এই দেশে যোগ্য মানুষের মূল্য নেই বাস্তব উদাহরণ দিলে প্রিয় তামিম ভাই,tamim,AGAINST
1e7ecb3090581255,তীরে এসে তরী ডুবাও না তামিম ভাই.. ফিরে এসো প্লিজ প্লিজ প্লিজ,tamim,NEUTRAL
e9b127c12ca96633,তামিম নিজে অবসর নিছে। না মানার কি আছে?,tamim,AGAINST
5bc5df131257d62e,তামিম ছাড়া T20 বিশ্বকাপ খেলেছি। আর এখন ODI বিশ্বকাপ খেলব অনেক ভালো খেলবে।,tamim,FAVOR
db3579b5324eee70,Love cup are win by tamim And thanks to our country mother Pm Sheikh hasina nanu,tamim,FAVOR
6bb4b7141f12a61d,তামিম অনেক ভালো মানুষ ও সহজে কাউর সাথে রাগ হয় না সিলেট এর মালিক ও সালায় অন্যায় করছে।,tamim,FAVOR
6c9f0a25bb3a733f,tamim no matter what u r simply the best.go go tornado tamim.,tamim,FAVOR
9dcd4cb446c7c093,the way he expressed his disappointment is not the correct way he shouldn't have has said this about poor people nobody should treat badly with poor people but the way he talked with the sylhet Owner shows that the owner actually has said something bad about him that's why he reacted badly so tamim shouldn't be blamed like this if somebody would have said bad things about my parents I am also going to react the same way tamim reacted with that guys forget about senior or junior it doesn't matter. when a finger is raised towards any ones family every one would react the same way. so don't blame him entirely.,tamim,AGAINST
28e8b1732575a626,প্রথান মন্ত্রী দেশে ফেরার পর বিষযটা নতুন করে বিবেচনার মাধ্যমে তামিম ইকবালকে দলভুকত করবেন আশা রাখি ।,tamim,NEUTRAL
5657e0929b4f1820,"তামিমকে বিশ্বকাপে দেখতে চাই, আন্দোলন হবে রাজপথে",tamim,NEUTRAL
ffccff5ba288f6b6,তামিমকে বিশ্বকাপে দেখতে চাই। আন্দোলন হবে রাজপথে। বিসিবি ঘেরাও।,tamim,NEUTRAL
5a3706e1c2a1d144,"Bangladesh er Cricket khela r dekhboy na. Jamal vuya, Tamim Iqbal Je dese joggo loukder somman kora hoyna se dese joggo louk jonmo nibe na. Football sesh, Cricket sesh eto boddoa niye o ki apnara valo thakben.Manoniyo P.M apni Cricket ke valobasen etai ki tar nomuna.Samne World Cup hoy step nen r noyto Cricket, Football sob Ban kore den. Samne torunra r kheladhula korbe na tara kisor gang, madok egulote jorabe. Cricket ki sesh porjonto sesh hoye gelo.",tamim,FAVOR
c7681ad90180b722,Joy Bangla. Love u tamim Iqbal From Indian Bengali,tamim,FAVOR
12e43aa75292735b,rome khanna hindus should learn from Tamim Iqbal how to have class in life,tamim,FAVOR
48ac29b3abeeb549,"@alfayedakash2039 ভাইরে খেলা আমি আপনার চেয়ে বেশি দেখি ,বড় দল্গুলার সাথে তামিমের ৬ টা ইনিংস আছে ,অইগুলা দিয়া আর কতদিন ,তামিমের সব রান অই জিম্বাবুয়ে আর মাঝে মাঝে ভাল খেলে ,তামিমরে বাদ দেওয়ার জন্য মানুষ যে ২০১২ এশিয়া কাপের আগে আন্দোলন করছিল মনে আছে ?? তামিমের যায়গায় শাহরিয়ার নাফিস্রে সমান সুজগ দিলে সেও তার চেয়ে ভাল না হইলেও তার মত থিকই হইতে পারত",tamim,NEUTRAL
69faf73e7ceddebf,"@shaan2063 again ,he is the most overrated player in bangladesh also . you may not know,people protest against him in 2012 asia cup ,tamim was saved by his uncle",tamim,AGAINST
3daae56fadeb6542,Tamim iqbal Khan is the best I like tamim,tamim,FAVOR
d60546d7a8863b3b,I AM BELONG TO PAKISTAN AND I LOVE TAMIM IQBAL MORE THEN ANY PAKIATANI PLAYER ❤️❤️❤️,tamim,FAVOR
63950db5410d887e,Undoubtedly the Tigers have played very well but they need to improve in bowling Tamim Iqbal is a very good man,tamim,NEUTRAL
fac951924155a93d,Tamim you need to improve yourself while your team-mates are played amazing,tamim,NEUTRAL
b34c078116af0ae2,I respect tamim iqbal a lot but you have to take responsibility when your partner is got out because of you..it's team spirit ...salute bangladesh team for your wonderful run chase..,tamim,FAVOR
16d9fa5925961a9b,"Tamim need to improve your self,, with the high score chasing as opener you should have playe some shots first power play 10-15 over you played like test match",tamim,NEUTRAL
24b9ffe0d9fb2bb2,mera khyal se tamim utna bdiya khiladi nhi hai shayad bangla keliye hai mgr duniya ke nazar me nahi..bada diggaj teams se kbi nhi khelta lekin chota mota teams se accha khelte hai.,tamim,AGAINST
2ccf3fe27a354b0a,Tamim you should bating faster... than slow... you were very slow bated yesterday and dotted many bowl...,tamim,NEUTRAL
224c851dcd6a3663,"Good advice. In a game like yesterday, we can't afford that an opener like Tamim will score in a strike rate of 82 😒 he should have attacked more!",tamim,NEUTRAL
4d91758836944675,Tamim you should learn basic math once again so that you know what is the current required rate and your striking rate before every ball. How about scoring some quick singles rather than spending balls for nothing. As an opener your strike rate should have been 150+ but alas you are the one with least strike rate against the aussies. Smart batsman will exploit every situation and will make the fielders to change their fielding position before every ball. You should focus on how to score quick singles by just block holding the ball. That would create immense pressure on the fielding side. I am sorry to advise you and I am no where close to that position to give advises to you. I took my first cricket lesson as a 6 year old kid in 1990 but never intended to become a professional. Based on my cricket knowledge I know that cricket is best played when the cricketer gets the basics right. If you get the basics right then there are plenty of runs around the corner.,tamim,FAVOR
87727a14b98fae85,তামিম ভাই ডট বল কম করে খেলতে হবে।।।। যেখানে ৩৮১ রান করতে হবে ৩০০বলে সেখানে ডট বল কেমন করে খেলেন।।। বুঝে পায়না ।।।।,tamim,NEUTRAL
326e7ceadf7d575c,"প্রিয় তামিম নি:সন্দেহে আপনি বাংলাদেশের সেরা ব্যাটসম্যান (সর্বোচ্চ রান সংগ্রহকারী)😘 আপনি আজীবন 70+ স্ট্রাইক রেটে ব্যাটিং করে যান সমস্যা নাই। কিন্তু দয়া করে যেদিন 300+ টার্গেট হবে সেদিন অন্তত টুকটুক করে খেলবেন না আর যদি টার্গেট এর সাথে রান চেজ করতে না পারেন তো আপনি ওপেনিং করার দরকার আছে বলে মনে করি না🙏🙏🙏কারন আপনার ডট বলগুলো ব্যাকআপ দেওয়ার মতো বাংলাদেশের হার্দিক পান্ডিয়া,,কলিন ডি গ্র্যান্ডহোম বা মাক্সওয়েলের মতো ফিনিশার নেই!! সো বি কেয়ারফুল,,,,,স্ট্রাইক রেট বাড়িয়ে ম্যাচের সাথে তাল মিলিয়ে খেলুন কারন বর্তমান ওয়ানডে খেলা মানেই 300+ রানের ছড়াছড়ি।",tamim,FAVOR
70e89404a6ad8e2a,"তামিমের খেলা দেখে মনে হলো ওর মানুষিক সমস্যা আছে। সোম্য সরকার কে রান আউট করার পর মুসফিকুর রহিমের সাথেও সেম সেটাই করেছে। মুসফিকের ভাগ্য ভালো, বলটা সরাসরি স্টাম্পে লাগেনাই,সেঞ্চুরিটা ও আসতোনা। তামিম হয়তো ভুলে গেছিলো রান টারগেট 200 না 382 😠😠😠😠😠😠😠😠😠😠😠😠😠😠😠",tamim,FAVOR
2c4eb69da621e320,সবাই-ই অনেক ভালো খেলেছে কিন্তু কিছু গঠনমূলক সমালোচনা করছি। ১। তামিম ইকবালের খেলা সব সময়ই দারুণ কিন্তু গতকালের ম্যাচে (বিশ্বকাপে) সে যে ভাবে খেলতেছে তা রান চেজ করার মতো মানসিকতার ছিলোনা বরং দৃষ্টিকটু লেগেছে। ২। এক যুগের অবিজ্ঞতা সম্পন্ন একজন অপেনারের কাছ থেকে এমন ড্যামেজ কলে অন্যপ্রান্তের ব্যাটসম্যানের রান আউট সত্যিই গ্রহণযোগ্য না। ৩। সাব্বির রহমানের কাছ থেকে এমন ফিল্ডিং আশা করা যায় না। যা সে আয়ারল্যান্ড সিরিজেও করেছে। ৪। সর্বোপরি মোস্তাফিজের কাছ থেকে আর একটু ভালো কিছু আশাবাদী ছিলাম সাথে মিরাজের উইকেট না পাওয়ার প্রবনতাটা দ্রুত কেটে ফেলতে হবে। ৫। ডট বল খেলার প্রবনতা থেকে বেরিয়ে আসতে হবে। সবার জন্য শুভকামনা রইল। ✌ জয় হোক বাংলাদেশের জয় হোক টাইগারদের জয় হোক আমাদের।,tamim,NEUTRAL
758004c12e67c17b,Tamim's batting approach was the worst...He didn't even try to win the match...,tamim,NEUTRAL
5fc1e72408286423,"Selfish Tamim ruined the the game nicely. It's time for Tamim to say ""goodbye cricket"". You've played enough. Modern cricket, It's a fast changing game. You have to adapt quickly, otherwise you can leave. So many youngsters are waiting for a chance. Anyways, congratulations for another test fifty.",tamim,AGAINST
c3e25c7f27be6a48,"If you (Tamim) bat at a strike rate around 70 and play too much dot deliveries while required rate is almost 8, how can you expect to win? You were the only player having strike rate less than hundred. Soumya gave a flying start in every match. You made a such silly mistake that cause Soumya to get out that was expected from a senior player like you. Nevertheless, best of luck for future.",tamim,FAVOR
0cc4de1e6325b896,"তামিমের এখনো সমস্যা আছে, বল খেলার পর সে বুঝতে পারে না রান করবে কি-না। হয় নিজে আউট হয় না হয় তার পার্টনারকে আউট করায়।",tamim,NEUTRAL
ea4cb77397173cd2,ঠিক। বলছেন। কালকে আমি তামিম। কে যা গালি দিছি আমার। মনে হয়। আমার জীবনে এই রকম। গালি আর কাউকে দি নাই।,tamim,NEUTRAL
82e4b6d5d38f8e74,"Tamim Iqbal MUST TAKE ALL THE RESPONSIBILITIES FOR THAT "" NON SENSE"" RUN OUT OF SOMMOY MADE BY HIMSELF AND THAT WAS THE TURNING POINT OF THIS MATCH. SOMMOY SARKAR COULD ADD SOME 50 RUNS MORE WHEN HE IS IN HIS BEST FORM. TAMIM WAS ALWAYS LOOKING TO BE IN THE CREASE BY GOING TO THE NON STRIKING POSITION SO HE WAS ALWAYS HURRY UP TO TAKE THE SINGLES. BESIDES THIS TAMIM IQBAL WAS SLOW ENOUGH TO CHASE 381 RUNS. SO ...",tamim,FAVOR
2514f691374f766c,"He got chance because of his uncle akram khan who is the selector.....he played 4 wc,, May be tamim is a good test batsman,,but he can't be a modern day opener,,,,u r so selfish play,,not for the team",tamim,NEUTRAL
21b713c85ccf09ec,Bangladesh lost this match because of Tamim's slow batting.,tamim,NEUTRAL
2c33167c3a1d142b,"Shame on you, Tamim. What a selfish player you are.... 👏👏👏",tamim,AGAINST
26ccd0317238f226,Tamim is a faul playr... Old player bt play like e kids... Hate dim.,tamim,AGAINST
35dffabfdfb0c9d5,@ronihossain6887 বাই আপনি বালো করে চেটে জান আপনার ভবিষ্যৎ উজ্জল তামিমের মতো😆😆😆,tamim,NEUTRAL
ab363163d4177777,যারা BCB বা Bangladesh Cricket নিয়ে জানে তারা এটাও জানে তামিম যদি BCB president হয় তাহলে দেশের Cricket অনেক এগিয়ে যাবে। কারণ তামিম ভাই এটা জানেন যে Cricketer এর কি প্রয়োজন তা উনি ভালো করে জানেন।,tamim,FAVOR
8767c3fcd32bae11,Tamim is the true Bangladeshi legend batsman🇧🇩,tamim,FAVOR
6548a94f74700fbe,"Tamim Iqbal my favorite batsman, love from Pakistan",tamim,FAVOR
aabc44fc7215e689,TAMIM IQLAB KHAN DOING GREAT JOB LOVE ❤FROM LONDON BANGOI,tamim,FAVOR
585f0a35fa26d3ca,"Tamim is a legend, amazing how sound and technical batsman have a sound mind and speech, just like in the league of Sangakkarra",tamim,FAVOR
5a9706b3c77edd0f,One of the great player from Bangladesh. Tamim Iqbal 🫶🫶🫶,tamim,FAVOR
4ec9a448591e54fe,"excellent guest, never heard tamim b4, he is excellent",tamim,FAVOR
200de3be7b69fa88,"one of the finest batsman bagladesh has produced. stylish, classy tamim...",tamim,FAVOR
95515930cba57764,one of the best episodes where a grerat insight was given on bangladesh cricket. Tamim looks a wonderful speaker.....,tamim,FAVOR
c40476b031d4d734,Tamim is our real hero and prid. No one in Bangladesh is comparable to Tamim. Still waiting for him for international comeback. Come back our Legend. ❤❤ For Tamim.,tamim,FAVOR
79b784f5f8c044f0,it was great to listen tamim iqbal n yeah best batsmen bangladesh has ever produced,tamim,FAVOR
235e71e25e7e3ffd,Tamim please make it 10000 runs in odi please. It will be a bench mark for future cricketers.,tamim,NEUTRAL
793f9d7a11c4521e,Tamim is a good batsman hus stats are equally good as modern day greats,tamim,FAVOR
0c2774b26c826a0c,"where Tamim Iqbal has gone, he should join team again",tamim,NEUTRAL
16fe98ab214aad53,Tamim is smart Pro why he is not speaking Hindi one ask from India its totally up to him Lot of Indians are speaking in English 95% why disputing about Languages give him a break mate.,tamim,FAVOR
b8acba84bcf6c64f,"Love from Bangladesh, the only batsman I see batting like Saeed Anwar is Tamim Iqbal!",tamim,FAVOR
fdb2fcfc40b8d815,Tamim is the best batsman of Bangladesh after Ashraful and currently Litton Das but he is not looking as promising as Tamim,tamim,FAVOR
80cae21801bf5d04,"shameless Tamim Iqbal. As a Bangladeshi, most of us despise him.",tamim,AGAINST
ebeb3633997cff3c,At 26:52 there is a cute lil girl sneaking (daughter of Tamim),tamim,FAVOR
94b3128e88fc2c7e,Tamim iqbal is non bengali.his parents are Biharies speak urdu at home.why not it was on urdu,tamim,NEUTRAL
a18123f4ffa4c5d6,Tamim seems to be obsessed with English. My 2 cents : Pls work on Grammar and Vocabulary !,tamim,NEUTRAL
06e58a0fcd8b533d,why? He scored 15000 runs in all formats of cricket. Tamim was one of the best opener in world.,tamim,NEUTRAL
ac27c9fd44b56f50,Do research.. Bpl is one of the most highest paid cricket tournament in the world...And tamim is someone who Don't talk nonsense.,tamim,NEUTRAL
3f35b806d95814a7,Why didn't they(ben stokes and tamim iqbal) fight?,tamim,NEUTRAL
737ffcf9c40b58da,"এটা মানতে পারতেছিনা, সবকিছু যেন কেমনে উল্টেপাল্টে গেল। যে কিনা বিশ্বকাপের সেমিফাইনাল খেলার স্বপ্নে বিভোর ছিলেন সেই তামিমই আজ অবসরের সিদ্ধান্ত নিয়ে নিলেন?",tamim,AGAINST
f7fbd6951146bf81,বাংলাদেশের খেলা নিয়ে সাংবাদিকরা ইমোশনাল কথা বলে আর ভালো করলে অরাই ভালো বলে যেমন তামিমের ফিটনেস নিয়ে কথা বেশি ওরআয় বলে,tamim,FAVOR
4ec7ac1c9705e6b1,"ইস ওইদিন যদি তামিম ইকবাল খান মারা যেতো তাহলে এই দিন দেখতে হতো না. ওইদিন অনেক কান্না করছি,অনেক দোয়া করছিলাম তামিম এর জন্য 😢. আজ মনে হচ্ছে ভুল করছিলাম. কথা হচ্ছে যে বোর্ড ঘোষণা হলো তাদের থেকে কি অনেক খারাপ ছিলো বুলবুল ভাই, ফারুক ভাই, পাইলট ভাইরা. বিএনপি আর আওয়ামীলীগ দুইটাই একই কয়েন এর এইপিঠ আর ওইপিঠ. আর যে তার নিজের এলাকার মানুষের কাছে গ্রহণযোগ্য না তাকে একজন মন্ত্রী বানানো কতটা যুক্তিযুক্ত সেটা বোঝে আসে না.",tamim,AGAINST
c05af54703309021,It's a delight to watch Tamim play 🇮🇳,tamim,NEUTRAL
ff401a483b8940b9,Tamim is really a good player .. excellent number he have...love from India. .,tamim,FAVOR
e49f327ef21823c0,After 100 Tamim acting like writing name on Honours Board. nice :),tamim,NEUTRAL
3d2eda0f3c8fd513,10 years ago! I miss that aggressive natured Tamim,tamim,NEUTRAL
9723271dcbf61890,"i love Tamim😍👉অনার্স বোর্ড 👍যখন আশরাফুল অপরাধ করে নিষেধাজ্ঞায় পড়লো,তখন Tamim এর জন্যই খেলা দেখতাম, আর বলতাম সে কিছু করলে ফাইট হবে খেলাটা দল জিতবে, আজ কিছু সংখ্যক অপদার্থ অকৃতজ্ঞ আবালরা,ভূলে গেছে সে দুঃসময়, কি করে ভুলি তোমায় Tamim😍",tamim,NEUTRAL
605d42c31438d024,"As a kid in 2010,, this was a dream innings for me to watch from my countryman Tamim",tamim,NEUTRAL
1d81dd7092e1e62f,tamim is the best batsman in Bangladesh. His techniques are just 👍,tamim,FAVOR
cbb60dc1b1ad08a1,"Thank you, Tamim! Bangladesh will be forever grateful to you. You retired today but your legacy is going to be endless.",tamim,AGAINST
962ace0cb4917497,Tamim is called 2nd Sehwag in India,tamim,NEUTRAL
2a9e6533fdfe5b8a,Tamim can finish his odi career with over 10k runs and a higher average than sehwag. He is a really underrated opener in my opinion,tamim,NEUTRAL
590a20731e2dce14,@jalaluddinrakib27 yes tamim strike rate in one day is 77,tamim,NEUTRAL
9776565e17503246,Sewag is a bad player.. Tamim is best,tamim,NEUTRAL
0c31e7f349e44bac,@worldtour3367 sehwag is the only player in the world who scored 250+ runs in test 4 times...any Bangladeshi player never scored a single 250+ in test.. Anyway i dont want to disrespect anyone... I'm here to enjoy tamim inning... Plz digest it...,tamim,NEUTRAL
25bcf3c8e5589abc,Love you tamim is the best player of Bangladesh,tamim,FAVOR
cd3f3a5db49b73e8,I'm here after tamim announced the end of his international cricket. What a celebration it was!,tamim,NEUTRAL
28ba32eb113ac993,"Lord, Mind it.. This is Tamim From Bangladesh...Number 1 Opener...",tamim,NEUTRAL
cdef05cc39c90deb,Past tamim and present tamim huge different.....,tamim,NEUTRAL
8320be25094d8d73,যতবার দেখি তত বেশী ভাল লাগে তামিম ইকবাল খানের এই সেঞ্চুরীটা......,tamim,FAVOR
f8bf368a00839e73,Missing that Tamim ...now he is slow and steady batsman,tamim,NEUTRAL
e847fc689908c4e2,"He is telling the dressing room to put his name on the board of honor. Actually there is a story behind it, Tamim had a dream to get his name on the board, long ago, and in the first inning, after hitting a half century, he had failed to pull up a ton, still he asked them to put his name on the board, and he said, "" I'll pay for it"" but you know, it doesn't work that way, and then he pulled up a century in the very second inning, and couldn't wait to see his name on the board of honor.",tamim,AGAINST
d855ce995880b814,Only Tamim Iqbal did this for Bangladesh,tamim,NEUTRAL
a4366e040648fba6,Tamim is the best left handed player in the world,tamim,FAVOR
efc276b2e995d237,6 July 2023 today Tamim Iqbal has taken retirement from all international matches,tamim,NEUTRAL
c6c8b921a314f12b,1:16 Did David Warner copy that century celebration style from Tamim? 😏,tamim,NEUTRAL
a40c223c7cb470c7,"Shahadat was the first bowler, Tamim is the first batsman on the Honours Board.",tamim,NEUTRAL
7d459716e76ec2f1,Once Upon A time there was a tamim in cricket!😏😏🙄,tamim,NEUTRAL
85cd65e7aa84dae9,"তামিমের জায়গায় তার বিকল্প এখনো কেউ হয়নি। dirty politics in side the cricket board, I hade this politics.",tamim,AGAINST
6850fdfadae79e80,তামিমের আবেগ নিয়ে কারা খেলছে সেই খোঁজ নিয়েছেন?,tamim,NEUTRAL
56ad912688247d49,ভাই বতমান বাংলাদেশ মুক্তি যুদ্ধের বিপক্ষে কথা বলে কিছু মানুষ খুশি হয়যারা তারা এখন তামিম কে নিয়ে কথা বলছে।,tamim,NEUTRAL
ef74fe94e576bae3,"সুজনকে গালি দেয়ার আগে নাজমুল ইসলামের একটি বক্তব্য নিয়ে ভাবতে বলবো সবাইকে: নাজমুল ইসলাম টিভি ইন্টারভিউতে বলেছেন ""তামিমের সাথে জীবনে কখনো দেখা হয়নি কথাও হয়নি""! তাহলে এই নাজমুল কতো বড় ক্রিকেট বোদ্ধা বুঝতে পারছেন?",tamim,NEUTRAL
e9f1fb9d557b0960,"I can not understand “bangla”but from what i can guess,i think “tamim”is supporting “maseafe”...yes “masrafe”is not at his best both as a “bowler”and as a “captain”as well,but he has supported and made a team for over a decade (just like what saurav dada did for us)...massive respect for tamim...",tamim,FAVOR
d658cecb0894dd0e,Love you Tamim and respect for mash,tamim,FAVOR
753a779fe2a04d0c,তামিম ভাই আপনার কথা গুলো ভালো লেগেছে এমন একটা কথা বলা জন্য ধন্যবাদ,tamim,FAVOR
ab6caae9fafe0569,Tamim mash ke nia baje kotha kokhon bollo????,tamim,NEUTRAL
69e76907e38cb581,Thanks tamim.. show most respect to masrafee,tamim,FAVOR
29b4a06396dc9bf6,Thik boleco vai.. Potiki kotha e kub jukti songhoto.. Onk vlo laglo.. Tmr mto jodi sobai vabto onk vlo hoto.. Sotti e mash er mto manus hy na.. Onno karo sthe unar tulona kora cole na.. Best bole jodi kew thake seta only mash.. Love you 28 & 2... Love you so much mash & tamim.. Both of my fvrt player.. Tmi na khele bro khela dekte vlo e lage na.. All the best for our cricket team..,tamim,FAVOR
bb633ca9f3a15958,any one translate into english or urdu i want to know what is tamim saying?,tamim,NEUTRAL
2afb6efa14249e8f,"If emotion doen't work,then tamim iqbal can't be the good opener bro... For 6 years he is out of his form. If emotion doesn't work,then we can never be the good team",tamim,NEUTRAL
7113c191da2038e7,তামিম পাগলের মতো আজে বাজে কথা আর ভালো লাগে না আপনি ৩টা খেলা খেলেছেন কোন একটা খেলা আপনি ভালো করেন নি,tamim,FAVOR
046caf03a4dd09bc,"তামিম ইকবাল তুই বেটা তোর কথা কয়, তিন ম্যাচ শেষে আপনি কি করেন, পরের ম্যাচ আপনাকে দেখতে চাই না ....",tamim,NEUTRAL
18c53d0f5e5af1f1,কাউকে সম্মান দিতে না পারলে অসম্মান করেন কেন? তামিমরা বাংলাদেশ ক্রিকেটের সম্মান,tamim,NEUTRAL
af7fd54ed39e75e5,বিসিবির সিন্ডিকেট ভাঙ্গার জন্য তামিম ইকবালকে সভাপতি হিসেবে খুব দরকার ছিল ।,tamim,NEUTRAL
16d795f35528e512,"no,tamim is back and win the world cup ❤❤❤ insaallah",tamim,NEUTRAL
c581ca7cf50a908c,Tamim iqbal is taking away my taste about cricket.😢😢😢,tamim,FAVOR
e31088c3c89c83c6,I am Indian but i love to much tamim batting another legend retire 😢😢❤❤love from india,tamim,FAVOR
cab779794cc5f01d,গিলক্রিস্ট যখন ভারতের বিপক্ষে ম্যাচে একটি ক্যাচ মিস করেন তখন তিনি এই ম্যাচের পরে সাংবাদিকদেরকে বলেন তিনি রিটায়ার করবেন।MR.360° ২০১৮ সালে অবসর নেন তখন তিনি ফর্মের তুঙ্গে ছিলেন সবাই মনে করেছিল তিনি ২০১৯ বিশ্বকাপ খেলবেন।কিন্তু হঠাৎ লাইভে এসে তিনি জানান যে তিনি অবসর নিয়েছেন।তখন তিনি আরও বলেন ফর্মে থেকে অবসর নেয়া সবচেয়ে ভালো।ধোনী ২০১৯ বিশ্বকাপে ভারত সেমি হারার পরে।করোনাকালিন সময়ে অবসর নিয়ে নেন।সুরেশ রেনাও একি কাজ করেন।সুতরাং লিজেন্ড খেলোয়াররা জানেন কখন অবসর নিতে হয়।লিজেন্ডরা সবসময় নিরবেই বিদায় নেয়।আর আমাদের আপনানাদের সকলের তামিম ভাইও একই কাজ করেছেন,tamim,FAVOR
3fc8c0defdcff8c3,I don't trust it Tamim is our best batter in the Bangladesh Tamim retired or not retired Tamim is in national team all time,tamim,NEUTRAL
164691ad03c633db,Tamim is back no need of this video,tamim,NEUTRAL
7ea939fbcdac9544,We will miss u Tamim Iqbal Khan!,tamim,NEUTRAL
24af23fe9348932b,I have a question akash sir Why ipl don't buy tamim iqbal?,tamim,NEUTRAL
0d0279e5c322f8ec,বুলবুলকে যেভাবে অপমান করেছে তামিম তাকে একদিন এরকম অপমানিত হতে হবে,tamim,NEUTRAL
ba281562e2a6415d,রাইট বলেছেন সহমত সবাই আওয়াজ তুলুন এই দালাল তামিম ইকবাল এর পদত্যাগ চাই সবাই আওয়াজ তুলুন,tamim,NEUTRAL
41511b58ee686081,বট বাহিনী উচ্ছেদ করে তামিম ভালো কাজ করেছেন।,tamim,FAVOR
74dc3efd0556ec36,তামিম ইকবাল কি জাতীয় দলের বেতন ভাতা খাচ্ছে??? কিছু কি জানেন???,tamim,NEUTRAL
3b76c663d70e4489,তামিম এত জঘন‍্য শেষ পযর্ন্ত দালালী করে উদ্দেশ‍্য সফল করে দেশের ক্রিকেটকে ধংসের পায়তারা করছে।,tamim,NEUTRAL
c66b64edac6a7fe9,তামিমকে বিসিবির প্রেসিডেন্ট হিসেবে দেখতে চাই পাঁচ বছরের জন্য ধন্যবাদ জানাই,tamim,AGAINST
72eea3d655039078,This presenter should go back to high school. Such a pain in the ear hearing him speak. Foolish overconfidence with lots of oil for Tamim. Even the guest was uncomfortable answering him.,tamim,NEUTRAL
bd3557d9cc309e86,"এই এনসিপি ৫আগস্ট পরে যত আকাম করেছে তার হিসাব নাই, আর তামিম ইকবাল দেশের যে সুনাম অর্জন করেছে তার কানা কড়িও এনসিপির কেউ পারবে না বরং ১৭ মাসে হরিলুট করে এখন জামাতের লুংগির নিচে আর আগে ছিলো আওয়ামীলীগের নিচে।",tamim,NEUTRAL
a3e5f9b2c31bae14,Ekhane shojon pritir ki ase? Tamim Iqbal ke criticize kore labh nai She definitely ei position er Jonno shob cheye best currently,tamim,FAVOR
4291ccb15a91ea1f,তামিম ইকবাল ভাই আপনাকে অনেক ধন্যবাদ। এই সাহসী সিদ্ধান্ত নেওয়ার জন্য। কারণ বাংলাদেশ কখনো ভালো মানুষের মূল্যায়ন দেনাই এবং দিতে জানে না। ❤❤❤❤❤ তামিম ভাই,tamim,FAVOR
49075db350f41e20,তামিম ভাই এর ভালো একটা সিদ্ধান্ত তাছাড়া ভালো একটা কথা বলছে আগে নির্বাচনের ফিক্সিং বন্ধ করেন তারপর ক্রিকেট এর ফিক্সিং বন্ধ করেন।,tamim,FAVOR
1c719a396243a8c4,পুরোপুরি বিএনপি ফর্মুলা অনুসরণ করে। আশা করি ভবিষ্যতে ক্রিকেটে আসলে তামিম নামে আসবেন দলীয় ব্যানারে আসবেন না। কারণ ক্রিকেটের জন্য তামিম নামটি যথেষ্ট,tamim,NEUTRAL
7674e0927ebfbe55,তামিম তুমিই বাংলাদেশ. তুমিই সবার কোন দলের না.,tamim,NEUTRAL
ab998c782e90f2f5,তামিম ইকবাল দরকারের বেশি একটি শব্দ ও উচ্চারণ করে না। সত্যিই অসাধারণ ব্যাক্তিত্ব তামিমের.....,tamim,NEUTRAL
b2951dcf912535de,টাইগার বস তামিম...... সত্যিই অসাধারণ আপনি...... আপনার জন্য শুভ কামনা,tamim,NEUTRAL
1caedea666f787b8,তামিম হলো জাত বংশের পোলা তার আলাদা একটা কেরেকটার আছে,tamim,NEUTRAL
5be13efe10966b3a,Tamim is always intelligent person-i love him very much💖💖,tamim,FAVOR
ad7b93bff12a250b,"My idol,,Tamim vai mash tik kore ni kaj ta. whole ppeople eer Kata portion, mash ke support korbe na.its simple",tamim,FAVOR
7c99d9a1388a1d88,তামিম হলো রিয়েল বস 💝 সে কোন দালাল নয়!!! লাভ ইউ তামিম💝💝,tamim,NEUTRAL
287eaec5f3d8ffc3,"ভাল উত্তর ছিল তামিম ভাইয়ের। মাসরাফি ভাইয়ের নির্বাচন কারার কারন মনে হয় ক্রীয়া প্রতি মন্ত্রী, উপ মন্ত্রী হওয়া।",tamim,FAVOR
965bd8de973038ea,তামিম এ নিয়ে কোন মন্তব্য করেন নি... যতসব ফালতু টাইটেল দেয়া..👎👎,tamim,NEUTRAL
a2b0d48db2771ace,তানজিদ তামিম কে তামিম ইকবাল এর ব্যাকাপ হিসেবেই নেওয়া উচিত ছিল,tamim,NEUTRAL
261b5430c8e86264,"যদিও খারাপ লাগবে । তারপরও বলবো ""তামিম ইকবাল"" সঠিক কাজটি করেছেন ।।",tamim,AGAINST
39d502779bb02e0d,তামিম নিজের দাম বাড়াচ্ছে। তামিম কে জোর করে খেলোনোর দরকার নেই।,tamim,NEUTRAL
0deffb858552a761,It has been a long time since tamim iqbal is bullied by the coaching panel.but the board has not any put attention to it.now they are facing the consequences. Damn shit. But tamim should held at least for another year or so for the betterment of the team,tamim,NEUTRAL
ff503c9cca39504d,সব গোলমাল আমাদের ক্রিকেট বোডের জন্য তামিম নিজে তো এখনো কিছু বলে নাই,tamim,NEUTRAL
3c40827889a41e4a,"তামিম সঠিক সিদ্ধান্ত নিয়েছেন, t20 এমন একটি খেলা যেখানে তরুণদের সুযোগ করে দেওয়া উচিত,এবং তার ব্যক্তিগত সিদ্ধান্তকে সকলেরই সম্মান জানানো উচিত॥",tamim,NEUTRAL
bc2e37ab9510cb99,তামিম মনে হয় টি-টোয়েন্টি খেলে বাংলাদেশকে বিশ্বকাপ এনেদিবে। যে একটা ভাব নিতাছে এহন।,tamim,NEUTRAL
55b1a024f5ce1ec7,"তামিম টি২০ প্লেয়ার না, সে সঠিক সিদ্ধান্ত নিয়েছে....",tamim,NEUTRAL
fb99451608bb5cde,Senior Der diye ekhon Kotha shune lab nei .Tamim kheluk or na kheluk Bangladesh Er Kichu ASHA jai na ... Bangladesh Er onek Junior Player national deserve kore Or jaiygai onk player capable batting opening Er responsibility newar ..BPL theke uthbe ora,tamim,NEUTRAL
a3df6563d4da577d,"নক নক তেরা বাপ আয়া😂In fact, Tamim deserves to be your father",tamim,NEUTRAL
9d0e0a6c7af019eb,তামিম ইকবালের মত একজন স্টারকে কেঁদে বিদায় নিতে হলো। সন্মানের সহিত বিদায় নেয়া হলোনা। শেষ পরিনতি কতটা দুঃখজনক!,tamim,NEUTRAL
4cdf8618160a5247,"আমরা অতি আবেগহী এক জাতি, খুশিতে কাউকে মাথায় তুলতে যেমন সময় নেইনা, তেমনি মাথা থেকে নামাতেও, ভালোর জন্য বাহবা আলোচনা যেমন হয়, খারাপ করলে সমালোচনাও হবে, আবেগকে নিয়ন্ত্রণ করে ব্যক্তিত্বসম্পন্ন মানুষ হয়ে চলাই হবে আমাদের সবার কাম্য, ভাল থাকবেন তামিম ভাই, ভালো থাক এদেশের অগনিত অবেগি ক্রিকেট পাগল❤❤❤❤",tamim,NEUTRAL
d75f30b9c29a842d,ভালো থেকো তামিম তুমি যেখানে বাংলাদেশ ক্রিকেট কে রেখে যাচ্ছো সেখান থেকেই যেন বাংলাদেশ ক্রিকেট অগ্রসর হতে পারে এটাই আমাদের আশা থাকবে!,tamim,FAVOR
0755ae4fe29ba186,"অশ্রুসিক্ত বিদায় কখনও চাইনি ক্যাপটেন😥😥 তামিমের বিদায়টা হয়ত আরেকটু সুন্দর হতে পারতো৷ তার খেলা বরাবরই ভালো লাগতো৷ কিন্তু সবকিছুরই একসময় শেষ হয়, হতে হয়৷ দুনিয়ার নিয়মই এট। সেই ২০০৭ সাল থেকে আপনি বাংলাদেশের ক্রিকেটকে যা দিয়েছেন তা বাঙালি প্রত্যেকটি ক্রিকেট প্রেমি আজীবন মনে রাখবে।",tamim,FAVOR
36af45ac10d72ba4,বাংলাদেশে মানুষ তোমাকে চাই ফিরে এসে বস্ তামিম ইকবাল খান বাংলা সেরা ওপেনার বেটিং,tamim,FAVOR
d8956784d970a10d,Tamim Iqbal is one of the best player in Bangladesh,tamim,FAVOR
061cb82ec441420e,বাংলাদেশের মানুষ এমন কেনো কিছু ম্যাচ খারাপ যেতেই পারে যেখানে তামিমকে সাপোর্ট করা উচিত কিন্তু না তারা তামিমকে নিয়ে ট্রল করছে 😢 আমাদেরও তো রোহিত শর্মার এই অবস্থা কই আমরা তো কিছু বলি না তাকে সাপোর্ট করি আমরা ❤,tamim,AGAINST
383922995c8a9043,This is really heartbreaking news😥 retired from captaincy it may be ok for him but retired from international cricket it is really heartbraking for us. He is one of the best cricketers and best opener of Bangladesh cricket. ❤️ Please Tamim don't take such as a immature decision 🙏.,tamim,FAVOR
56e234fbcd1e1794,Tamim Iqbal Is Lagend Player Of All Time Happy Retirement Tamim Sir Will Miss😢❤,tamim,AGAINST
33cf1e0335a8f4e3,I salute you Tamim vai. Your great contribution to this game will always be remembered.,tamim,FAVOR
7651acec582864b4,Bangladesh cricket legend DER eto korun vabe biday sottie mene neya gelo na 🙂💔 Frst mash now Tamim both of them deserves more respect when they are retiring,tamim,FAVOR
cb3ccee42c977ca1,তামিম ভাই যখন আউট হয়ে যেত না তখন আমি আর খেলা দেখতাম না হয়তো বাংলাদেশের খেলা আর ভালোমতো দেখা হবে না যাই দেখব শুধু স্কোর 😭😭😭😭😭😭😭 বস তুমি আমার হৃদয়ে আজীবন থাকবে 😰😰😰😰,tamim,FAVOR
51faab7f0e04f486,"বিষাদগ্রস্ত এক মেঘময় তামিম! ⚫ আহা! কি নিষ্ঠুর, নির্মম এক বিদায়! 💔🙂",tamim,NEUTRAL
a9bb3e5623ef52aa,"তামিম ভাইয়া বাংলাদেশকে,, বাংলাদেশ ক্রিকেট বোর্ড কে অনেক কিছু দিয়েছেন। বলে শেষ করা যাবেনা 💖💖 কিন্তু আফসোস বাংলাদেশ ক্রিকেট বোর্ড তাকে,, তার প্রাপ্য সম্মান টুকো ও দিতে পারে নি 💔💔😂😂 I miss you 😢তামিম ভাইয়া।।এমন অশ্রু জরানো বিদায় কখনো চাই নি",tamim,NEUTRAL
08cb62708df62228,"আমার মনে হয় যে কোন বিষয় কষ্ট পেয়ে বিদায় নিচেন তামিম ইকবাল, কষ্ট পাইলাম দেশের জন্য যারা করেচেন ১৯৭১সাল তেখে সবাই কষ্ট নিয়ে বিদায় নিচেন",tamim,NEUTRAL
73f713019a4146fe,তুমি রিটায়ার্ড না করে কিছুদিন বিশ্রাম করে ফিটনেস নিয়ে কাজ করে আবার ফিরে আসতে পারতে। এটা আশা করিনি তোমার কাছে ভাই। বিশ্বকাপ শেষে বিদায় নিলে বেশি খুশি হতাম তামিম। তবু তোমার সিদ্ধান্তকে সম্মান করি।,tamim,NEUTRAL
cea1be8e3a696853,"তামিম,কষ্ট পাওয়ার কিছুই নেই কারণ বাঙালি জাতিটা এমনই",tamim,NEUTRAL
af6ffdecda133af9,"সবাই বলে হাথুরুসিংহে ভালো কোর্স আমি তা মনে করিনা, হাথুরুসিংহে তামিম ইকবাল এর মতো একজন প্লেয়ার কে যে সম্মান দিতে জানেনা হাতুড়ির মত কোর্স আমরা বাংলাদেশের চায়না।",tamim,FAVOR
0acef0d059c537c1,"তামিম ভাইয়ের ক্রিকেট থেকে অবসর নেওয়ার এখনো সময় হয়নি! সে আরো 4,5 বছর দলকে সার্বিস দিতে পারবে তার এমন যোগ্যতা আছে।একটা খেলোয়ারের সবসময় ফর্ম ভালো যায়না,তাকে সময় দিতে হয়। সেটা ক্রিকেটের বড় দল গুলো থেকে শিক্ষা নেওয়া উচিত! তাকে নিয়ে বড় ধরনের কোন সমালোচনা হয়েছে তাই সে হাজার কষ্ট হলেও এমন কঠিন সিদ্ধান্ত নিতে বাধ‍্য হয়েছে। বর্তমান ক্রিকেট বোর্ডের সদস্যরা একসময় কয়েকটি বিশ্বকাপ ঘরে তুলেছে মনে হয়!তামিমের মত খেলোয়ার তৈরী হওয়া অনেক কঠিন!!!!!অনেক খেলোয়ার আসবে আর যাবে তার জায়গাই পৌঁছনো অনেক কঠিন হবে।",tamim,NEUTRAL
974402664ddfc0a8,এটা হওয়ার ছিল না। এবার কলকাতায় শুধু তামিমের জন্যই বাংলাদেশের খেলার টিকিট কাটব ভেবেছিলাম। 💔,tamim,NEUTRAL
331dda5405a5cea0,সত্যি কথা বলতে গেলে তামিম ভাইয়ার যে কথা গুলি আমাকে মুগ্ধ করেছে তা হলো: উনি উনার বাবার জন্য ক্রিকেট খেলে! আহ!,tamim,NEUTRAL
14f7cf2fe2a4ba46,Vai apnara jara videota dekhchen..... Sobaike boli....er pichone boarder hat ache.. Upor theke amdr vai tamim k presar creat kora hoyeche .... Jar karone vai amdr kichui bolte parchen na tmn kore....sobai vai tamimer pashe thkbo insallah,tamim,NEUTRAL
1792c3f8569f692b,"জানোয়ার গুলোকে বোড,থেকে বাদ হোক আমার মনে হয় বোডের চাপেই তামিমের এই কঠিন সিদ্ধান্ত",tamim,AGAINST
c16370363da719ca,"তামিম, আপনার অবসর নেয়ার সময় এখন না। আপনি টি-২০ তেও সঠিক সময়ে অবসর নেননি। হয়তো আপনার পার্সোনাল সমস্যা আছে। কিন্তু বিশ্বকাপ বিবেচনায় বাংলাদেশের কথা আপনার আর একটু ভাবা উচিত ছিল। আপনার প্রতি শ্রদ্ধা। বাট দেশপ্রেম পারসোনাল সমস্যার চেয়ে অনেক ঊর্ধ্বে। যদি ইগোর কারনে এই সিদ্ধান্ত নেন তাহলে বলবো আপনি ছাড়াও বিশ্বকাপে বাংলাদেশ ভালো করবে। ইনশাআল্লাহ। তখন মনেমনে শুধু আপসোস করবেন। কারণ বিশ্বকাপের পরে আপনি হয়তো এমনিতেই অবসর নিতেন। আপনার এই সিদ্ধান্ত আমাদের ব্যথিত করেছে।",tamim,FAVOR
82f3f55b03f86031,শুধু তামিম ইকবাল কেন? গত কালের খেলায় শান্ত যে যায়গায় দাঁড়িয়ে শট টা খেললো তা forgive করার মত না।,tamim,NEUTRAL
17553f3b86af8fcf,Akhon sobai happy to. Ekhon journalist Ra ki korbe Ami Jani Tara ekhon Tamim keno retired korlo seita khujbe Kara dayi eita khujbe salara toder barabarite Tamim retired korse😭😭😭,tamim,AGAINST
4122d3ef03a393bd,"Tamim, what call by right time? সামনে বিশ্বকাপ, দরকার হয় হাতুরুকে হাতুরি দিয়ে বাইরাইয়া দেশ ছাড়া করা হইবে।তবুও তোমাকে বিশ্বকাপে চাই ক্যাপ্টেন। প্লিজ ফিরে আসো।",tamim,FAVOR
7e032e66a402b181,যে খেলায় তামিমের রান থাকে না সে খেলা বাংলাদেশ জিতে না।যে খেলায় তামিম ছিল না সে খেলা দেখতে ভালো লাগতো না।,tamim,FAVOR
770bb56d47ff24a0,জারা তামিম কে ডট বাবা ডট বাবা বলে তারা কাঁদিস না এ-ই ভিডিও দেখে,tamim,NEUTRAL
da42674850597461,ক্রিকেট খেলা ১১ প্লেয়ারের না ১ প্লেয়ারের?? হে তামিম সবসময় ভালো না করতে পারে! কিন্তু বাংলাদেশের আর হাল ধরার প্লেয়ার আর নাই নি??,tamim,FAVOR
01c02a235c3a0398,"তামিম ইকবালের অবসর নেয়াটা ঠিক হয়নি। নিজের ব্যাটিং এর ভুল ত্রুটিগুলো সংশোধন করে নিলে তো আর অবসর নেয়ার প্রয়োজন হয় না। আমি তামিম ইকবালকে যে বলে আউট হতে দেখেছি, সেটা খুবই ভালো বল ছিল। সে তো আর খারাপ বলে আউট হয়নি। আসলে কিছু কিছু বলে কিছুই করার থাকে না। তাছাড়া আফগানিস্তানের সাথে শুধুমাত্র তামিম ইকবাল খারাপ ব্যাটিং করেছে এমন নয়। শুধুমাত্র তাওহীদ হৃদয় ছাড়া অন্য সবাই খারাপ ব্যাটিং করেছে। কৈ তারা তো অবসর নিচ্ছে না। তাছাড়া তাওহীদ হৃদয় যখন ব্যাটিং এ নামেন তখন বল ততটা ভালো হচ্ছিল না। আসলে বাংলাদেশের অধিকাংশ দর্শক ক্রিকেট খেলা বোঝে না। নইলে একটা ব্যাটসম্যান আউট হলেই তার সমালোচনা করতে হবে কেন? দেখতে হবে কেমন বলে আউট হয়েছেন। আমি তো আগেই বলেছি, কিছু কিছু বলে কিছুই করার থাকে না। অনেক ব্যাটসম্যান যে খারাপ বলে আউট হন। কৈ তাদের তো সমালোচনা করেন না।",tamim,AGAINST
8760d9061bfeb2a3,হলুদ মিডিয়া তামিমের কাছে কখনো খানা পাইনা এটা অনেক ভালো লাগে 😃😃😃😃,tamim,FAVOR
61dc56e451d1ed93,আজকে তো তামিম ইকবালকে। বড় গলায় কথা বলতে শুনলাম। ভালো এরকম হওয়াই উচিত।,tamim,FAVOR
e5b747c1fdd652c3,যুদ্ধ না বাধলেও বাংলাদেশের কিছু সাংবাদিক আছে তারা এমন ভাবে কথা বলে যেনো ৩য় বিশ্বযুদ্ধ বেধে গিয়েছে।😃😃😃😃 Thanks Tamim vai..,tamim,AGAINST
5e8d6bbc61f4634e,আমার সবচেয়ে ভালো লাগে তামিম হাসি মুখে কঠিন জবাব দেয়।।।।।।,tamim,FAVOR
89ef8865faef1f08,"ভালো লাগলো,,, তামিম ভাই আপনার জন্য শুভকামনা,,, ইনশাআল্লাহ আপনার হাত ধরে আমরা অনেক এগিয়ে যাবো",tamim,FAVOR
8de565f0a0b5e910,একদম খাটি কথা বলছেন তামিম ভাই love u vai♥♥,tamim,FAVOR
a25aa6b0167a7c9c,প্রতিটা কথায় যুক্তি আছে তামিম ভাইয়ের👏🏽আপনার প্রতি অনেক শুভ কামনা ভাই❤️,tamim,NEUTRAL
ab8f6d196e54a85c,Hmm boro bhi...tamim sob somoi clear cut holud media der kivabe ans dite hoy tar khub valo vabe jana acay...,tamim,FAVOR
62b9e3bc950c09a9,ঠিক বলছেন তামিম ভাই। আপনি অবস্যই বাংলাদেশ এর সেরা একজন😍 sunjim vai teke copy. eta amar moner khota chilo.,tamim,FAVOR
05244d6bce9b68c4,@shamsurrahman7714 hmm tik tamim cara sobai to t20i te 100 korce. apni tik bolcen vai,tamim,NEUTRAL
db517c356f4c1dec,তামিম অধিনায়ক হয়ে খেলার নাম নেই কতো আজেবাজে প্রশ্ন।।।,tamim,NEUTRAL
85f9946124b9f95b,Tamim bro keep going we are with you by the grace of almighty,tamim,NEUTRAL
da8911e2931630fd,Tamim our ctg king & my favorite player...,tamim,FAVOR
6c851d9ca8098dc2,Tamim you are my faviurite crickter love you boss,tamim,FAVOR
9e28989a13a08bce,"Tamim all time sposto vasi manus, khob valo laglo.",tamim,FAVOR
d4f3ea2bd2168a95,Thanks tamim bhai kotha gulo voler jonno amader bangladesh media gulo ak lain beshi buje....,tamim,NEUTRAL
88e57f6c4891a99a,Tamim I'm really impressed. You hve definitely matured. Good luck.,tamim,NEUTRAL
b6cc5cbce81904e2,"Tamim Iqbal I am a big fan of yours. It doesn't matter if you play well or not, I love you and will love you all the time. I love you so much.",tamim,FAVOR
fe383ff6fd0ceb50,Tamim vai... Ami OMAR FARUK Khan.. Thank you..........,tamim,NEUTRAL
e3a7d8e60f781913,I hope tamim is best captain for Bangladesh team,tamim,NEUTRAL
8745033a2027a997,তামিম ভাই অভিজ্ঞতা থেকে জুনিয়র দের পরামর্শ দিলে ভালো হয়,tamim,FAVOR
a11d7a372a0f9671,"Tamim boss gave bamboo hard, Salute boss.",tamim,FAVOR
822a02334120ab50,"আবাল মার্কা সাংবাদিকদের আবাল মার্কা প্রশ্ন হবে এটাই স্বাভাবিক,,,তামিম ভাইয়ের উত্তরটা খুব ভাল ছিল,,,",tamim,NEUTRAL
89628929125b29ca,এটাই ভাই তামিম।তাই এতো বেশি ভালো লাগে।,tamim,FAVOR
ebe96b65f6693cc0,তামিম ভাই আমার প্রিয় খেলোয়ার বলে কথা বলছিনা কিন্তু যে কথাগুলো বলল সেটা হচ্ছে হান্ডেট পার্সেন্ট সিওর কথা,tamim,NEUTRAL
c7805aec6d02885b,তামিম ভাই সরাসরি সত্য কথা বলে তাই খুব ভালো লাগে।,tamim,FAVOR
d670f403227fcdfb,তামিম সত্যি কথা বলছে সাংবাদিকরা একটু বানিয়ে বলে,tamim,AGAINST
c44e911fac11bd9e,"যে দেশে এক ম্যাচ খারাপ খেললে বলে চাচার ভাতিজা তাই টিকে আছে, সেখানে ক্যাপ্টেন্সি তো অনেক বড় ব্যাপার তামিম ভাই😷😷😷",tamim,AGAINST
2dd0e5a776773c9b,তামিম যে কথাগুলো বলছে তাকে ১০ থেকে ২০ ম্যাচ দেওয়ার জন্য..! তামিম এর সমবয়সী অাশয়াফুল কে দলে খেলার সুযোগ করার জন্য ১০ থেকে ২০টা ম্যাচ খেলার দরকার ছিলো..! তারপর দেখতো সেই কেমন😰,tamim,NEUTRAL
2afa9a8d402bb684,আস্তে করে সাংবাদিক ভাইদের ডলে দিসে তামিম ভাই।,tamim,AGAINST
c5aa2ebcdbd44fa0,"তামিমের দেশকে ভালবাসে,তাই এল পি এলে যাই নেই",tamim,FAVOR
ae546968d1ae5d54,"tamim your form is off and you are playing very slow, strike rate is very bad for an opener and skipper. the final game of psl your batting put pressure on the team and they couldnt score big, plz dont eat up the overs, its really bad and selfish. focus on cricketing shot like babar azam and not trying to block or hit every ball for a 6. if you need to take a break please do so, bd team will need a confident start which you are lacking",tamim,NEUTRAL
de2c924c7b3d6746,ঠিক বলেছে তামিম।। সাম্বাতিকরা যত সব বদরশন করে।।,tamim,FAVOR
deceaa3067f8fcb7,তামিমের জায়গা পূরণ করার মতো এমন অভিজ্ঞ প্লাইয়ার আর নেই বাংলাদেশের,tamim,NEUTRAL
8b571f07726b628e,আমি চাই তামিম ইকবাল বাংলাদেশের জন্য ফিরে আসুক,tamim,NEUTRAL
a51ba244f2ccc8f8,দাদুর কথা ১০০% সঠিক আমি চাই তামিম ইকবাল বাংলাদেশের জন্য ফিরে আসুক,tamim,NEUTRAL
7749f00d0c8b4d3d,ভাই একবারো তো তামিমের নাম উল্লেখ করে নাই 😂😂,tamim,NEUTRAL
bf9e7b1c6ad34a41,14 গড়ে বিশ্বকাপ খেলা তামিম কে কি আসলে দরকার?,tamim,NEUTRAL
b76638a28379ad16,Valo EKTA cinema holo. Ami money kori tamim k Valo EKTA natok holo,tamim,FAVOR
e4ca256418eacf60,এই মূহুর্তে তামিমের আন্তর্জাতিক ক্রিকেট থেকে বিদায় নেওয়া উচিত হয়নি🙄,tamim,NEUTRAL
5b59467e22c48c4a,তামিম বাই আপনাকে খুব মিছ করবো আপনাকে আনেক ভালো বাসি আপনি বাংলাদেশ সেরা ওপেনার সেরা কেপ্টেন আসলে ভালো মানুষের দাম নাই বাংলাদেশ আপনার খুব মিছ করবো 😢😢😭,tamim,FAVOR
d30eb4b4b7dffa44,আমি আশা করি তামিম ইকবাল will come back before Asia Cup,tamim,NEUTRAL
ea43e22b204f36fe,Tamim BANGLADESH MONE RAKHBE APNAKE . KHUB BESHI VALOBASI APNAKE. GO-AHEAD,tamim,FAVOR
85f73a148e3dd4cb,মাননীয় প্রধানমন্ত্রীর কাছে অনুরোধ জানাচ্ছি আগামী বিশ্বকাপ পর্যন্ত তামিম ভাইকে দলের নেতৃত্বেদেওয়ার সুযোগ করে দেন।,tamim,NEUTRAL
00ac91d21ef8f0f5,পাপনকে অচিরেই পদত্যক করা উচিত। তামিমকে আবার খেলার মাঠে দেখতে চাই,tamim,NEUTRAL
10ffc2703a9f8a0d,তামিম টিটোয়েন্টি ২০২২ বিশ্বকাপ খেললে দলের জন্য ভালো হতো। তামিমই বাংলাদেশের সেরা একজন ওপেনার। মিস ইউ তামিম ইকবাল। শুভকামনা রইলো আপনার জন্য সবসময়।,tamim,FAVOR
fdb3f2306ef730e2,আমি মনে করি এটা অভিমান। সব সিনিয়রদের দ্রুত অবসর নেওয়া উঠিত।কারণ তারা কেউ তামিমের ছেয়ে ভালো নয়।কেউ টি২০তে যোগ্য প্লেয়ার কেউ নেয়।,tamim,FAVOR
d5ad25e16d2aefa9,তামিমের কেপ্টেনচি ভালো তাকে বিশ্ব কাপে খুব দরকার ছিল,tamim,FAVOR
8b02134901cd1e16,মন চানায় দিতে বিদায়😢কিন্ত আমারা সত্যিই বড় নিরুপায় সময় চলে যাচ্ছে সময়ের মত মনে করে দেখো স্মৃতি আছে কত? খুব মিস করবো তুমাকে 120 ফরমেটে ভাই I miss you তামিম ভাই😭😭😭😭😭😭😭,tamim,NEUTRAL
1c6a9dfc2a78ff74,তামিম ভাইয়া ডিজনি তালে ফিরে আশারঅবসর ভেঙে ফিরে আসো অবসর ভেঙে তিনটি বিশ্বকাপের দেখতে চাই আপনাকে টি-টোয়েন্টি বিশ্বকাপ দেখতে চাই আপনাকে তামিম ভাই ফিরে আসো টিত্রে বিশ্বকাপ খেলার জন্য তৈরি হও,tamim,AGAINST
fb4961c08dda4bbf,বিশ্বকাপের মতো আসরে তামিম কে খবই প্রয়োজন ছিল।,tamim,NEUTRAL
53b1c41e599873f5,তামিম এমন কোন আহামরি টি২০ প্লেয়ার ছিল না...,tamim,NEUTRAL
2f5dd6de8271f8b7,তামিমের উচিৎ ছিল 2022 বিশ্বকাপ খেলে অবসর নেওয়া,tamim,AGAINST
697fce7a3552130b,"আপনে যা ইচ্ছা তা করেন গা আপনার মতো তামিমের দরকার নেই কি 20T,",tamim,NEUTRAL
858bb66b2405ddbd,"তামিমের এখন ২০ টি কোনো খাওয়া নেই,,সেটা তামিম ভালো করে বুঝতে পারছে,,২০ টি তে, ভালো কিছু করতে পারবে না বলে,,সুযোগ বুঝে আগেই চলে গেছে ,,আসুক সে ২০ টি তে দেখি কি করতে পারে,,আমি কিন্তু তামিমের সাপোটার ছিলাম,, কিন্তু এখন থেকে আর না,,, যায় হোক দেশের সম্মানের কথা একবার ভাবা উচিত ছিলো তার,,তার কাজ তো আর আমারা ট্রিকেট বক্তরা পারবো না,,পারলে আমার সেই কাজ করে দেখিয়ে দিতাম,,,",tamim,FAVOR
237a70c0e0f68444,তামিম তার সিদান্ত টা আমার কাছে ভাল লাগলো না। একজন যুদা কি যুদ্বের দার প্রান্ত কেন হারবে। তার উচিত দৃড় মনোবল নিয়ে এগিয়ে যাওয়া। থেমে থাকলে হবে না। সমালোচক সমালোচনা করবে। তাতে কেউ হাল ছাড়ে না। বরং তার দৃড় মনোবলটা খুব দরকার,tamim,NEUTRAL
30bdce5747102723,তামিমকে দালাল বলাটা ঠিক না দালালকে অপমান করা হবে তামিমের জন্য আরো নিকৃষ্ট কিছু বলা উচিত,tamim,NEUTRAL
dd98117d11914832,তামিম্যা তুই ভারতের দালান..... তোকে আমরা বয়কট করলাম..... সকলে আওয়াজ তুলুন..... ইনকিলাব জিন্দাবাদ,tamim,AGAINST
dd29c95a1a45c30b,​​​ @ShiuliSinha-m5o আপনি তো মূর্খ ভালো করে শুনুন আই সি সি থেকে বার্ষিক আয় 50%। আর তামিম90%কেন বললো। সে মিথ্যা বলছে,tamim,FAVOR
836880cc8962996a,সেইটা সবাই জানে কথা হইল আইসিসি সাসপেন্ড করলে কি হবে! তামিম এর কাণ্ডজ্ঞান আছে সে তাই বলছে,tamim,NEUTRAL
3222fbf97101e852,তামিমের পক্ষে যারা কথা বলে তারাও দালাল,tamim,NEUTRAL
af9ba0a05d79269b,"বয়কট তামিম, তামিম কে খেলা থেকে আজিবন নিষিদ্ধ চাই",tamim,NEUTRAL
8dfaab18cf664bb5,তামিম ইকবাল চায়। বাংলাদেশের ক্রিকেট টিম ইন্ডিয়াতে যাক মাইর খেয়ে দেশে আসুক । বিসিবি পরিচালক আমিনুল ইসলাম বুলবুল যেনো বিতর্কিত হয়। এটাই চাই তামিম ইকবাল,tamim,NEUTRAL
00df6e9e67c0fc75,"ক্রিকেটার তামিমকে এক সময় খুব পছন্দ করতাম, কিন্তু দালালি করার জন্য তামিমকে এখন ঘৃণা করি। মানুষ মরলে পচে যায় বেঁচে থাকলে বদলায় - হায় দালাল গুলো আজো বদলালো না।",tamim,AGAINST
95c0b25b73efa40f,দালাল কে দালাল বলছে ঠিকি বলেছে তামিম একটা ভারতের দালাল,tamim,NEUTRAL
b2c381c09c64c1d1,তামিমের পক্ষে যারা কথা বলে তারাও দালাল (২),tamim,NEUTRAL
512259802d820c2c,তামিম ভাল হইয়া যাও। টাকা .বেশী নাকি আত্মসম্মান বেশী?,tamim,FAVOR
486065e35eef2d90,চোরকে চোর বলেই লাগে এটাই নিয়ম. তো তামিম দালাল. কোন ভুল নাই😂,tamim,AGAINST
ca754d50f3b12de5,"তামিম দেশের জন্য কি করছে.?দালাল কে দালাল বললে দোষ, যে দালালের পক্ষ নিবে সেও দালাল, এরা টাকার জন্য ক্রিকেট খেলে দেশের জন্য না দালালী চলবে না এদেশে ✊",tamim,AGAINST
5dd21537af620127,বাংলাদেশের বিপক্ষে কথা বলার জন্য তামিমকে ক্ষমা চাওয়ার দোয়া অনুরোধ জানাচ্ছি তামিমকে অনেক সে আমাদের এলাকারই ছেলে সেজন্য তাকে ভালোবাসে কিন্তু দেশের আগে কেউ নাই আগে দেশ দেশ ও জাতির বিপক্ষে স্রোতের জলে আজকে হাসিনার এই পরিণতি সেটা মাথায় রেখে কাজ করতে হবে তামিম সাহেব আপনাকে জাতির কাছে ক্ষমা চেয়ে আবার আগের অবস্থানে ফিরে আসার অনুরোধ জানাচ্ছি কারণ আমার দেশের বিপক্ষে যারা কথা বলে তাদেরকে ছেড়ে কথা বলি না তাদেরকে অপমান করতে এবং তাদের ব্যাপারে নোংরা ভাষা ইউজ করতে আমাদের বিয়েতে তাই বলছি,tamim,FAVOR
491c9f1edd383f9f,দেশটা দালাল দিয়ে ভরা এরা দেশকে ভালো বাসে না ভালো বাসে টাকা কে তাই দেশের এই অবস্থা ক্রিকেট কি অবধান আছে এই তামিম এর একটা বিশ্বকাপ আনতে পারে নাই দেশের জন্য শুধু নিজের স্বার্থ খেলেগেছে অনেক প্লেয়ার আছে দালাল এদেরকে ক্রিকেট থেকে না দেশ থেকে বের করে দেয়া উচিত 🇧🇩,tamim,FAVOR
b96f5d033304cdf9,"Many thanks for revealing the truth. Shame on them those who mean that ""cricket is above our beloved country, cricketers is above cricket and Tamim is above all to Tamim Iqbal and the others"". But country BANGLADESH is above all to the people of Bangladesh. So be careful on our country's liberty, sovereignty, unity, security, dignity, solidarity and identity. May Allah bless us and save our beloved country from Indian aggression and domination forever.",tamim,NEUTRAL
dc6ef38b5f12e88e,2023 er world cup tay onek kisu deyar asy tamim vai... Pls come back❤️❤️ Pls come back,tamim,NEUTRAL
f45a484e3b8a978c,Tamim Iqbal is really a dashing batsman. He is a pride for Bangladesh,tamim,NEUTRAL
ce687e2dd05db89a,Tamim bai apona k onak like kori bat robel ar nasir ka onak gina kori......,tamim,NEUTRAL
3df2571390aa0ec7,I'm from India 🇮🇳 & I Support Tamim Iqbal bhai 🫂 Tamim Iqbal is the most lovable Bangladeshi player we have seen ever. Even Rohit Sharma & Virat Kohli are good friends of Tamim Iqbal. Without Tamim bhai there is no Image of Bangladesh Cricket Team. 🥺 Boycott BCB. 🤬,tamim,FAVOR
0d7dd9144d5312a0,তাহলে নিউজিল্যান্ড সিরিজে আনফিট তামিম কে নিলি কেন?,tamim,NEUTRAL
58fc5f4b692c02c5,তামিম ইনজুরি হলে মিডেলে খেলার অফার কেন দিলি?,tamim,NEUTRAL
1d8a7faf436d3c0a,লিটন তামজিদ তামিম ফর্মে নাই ব্যাকআপ ওপেনার বিজয় কে রাখা দরকার ছিল। বিজয় কে না খেলিয়ে বাদ দিছেন।,tamim,AGAINST
f038455cedf31f60,"দর্শকদের মতামত, চাওয়া পাওয়ার কোন মূল্য নেই বোর্ডের কাছে। তাই একজন ক্রিকেট প্রেমি দর্শক হয়েও তামিম কে বাদ দেওয়ার প্রতিবাদ হিসাবে ক্রিকেট বিশ্বকাপ বয়কট করলাম।",tamim,AGAINST
e8e1d32498e45aa8,"তামিম যদি ৫ টা ম্যাচ খেলতে পারবো,তাহলে সমস্যা কি,,ব্যাকআপ ওপেনার তো আছে,,আমরা ও দেখতে চাই ওপেনার রা তামিমের চেয়ে কত রান বেশি করে,,তামি একা যা করতো,,বিশ্বকাপে সব ওপেনার মিলেও তা করতে পারবে না,,চ্যালেন্জ রইলো",tamim,NEUTRAL
c5ecafb00200e01b,"মাননীয় প্রধানমন্ত্রীর নিকট আবেদন, তামিম বিশ্বকাপের জন্য ছিল বটগাছ তার ছায়াতে অনেক প্লিয়ার সাহস পেতো।",tamim,NEUTRAL
fdcd9bdf9478c125,মনে আছে তামিম এক হাতে বেট করেছিল বাঘ কখনও শিয়াল হয়না বাঘ অচল হলেও বাঘ থাকে নান্নু যেদিন বিদায় নিবে সেদিন একমন মিষ্টি ভিতর করবো,tamim,NEUTRAL
6131515695d2f0d0,Tamim Bangladesh Cricket a nosto kortese.. r kobe manus hoben bhai.,tamim,NEUTRAL
662dea64c983db8f,Ai tamim kintu ashraful k martey gecilo.,tamim,NEUTRAL
413e54b97ab5bdd1,তামিম উপরে বসলে সাংবাদিক রা চাটাচাটি করতো কি করে?,tamim,AGAINST
c27254417c313adb,তামিম তোর খবর আছে বাংলাদেশ ম্যাচ হারলে!😂,tamim,NEUTRAL
82918d7390beb2c7,No one knows you but Tamim knows everywhere in the world 😂😂😂.,tamim,NEUTRAL
9aa8566a534833b2,"আমিনুল ইসলাম বুলবুল কে, সরিয়ে, তামিম ইকবাল কে, বিসিবির সভাপতি বানানো ঠিক হয় নি,।",tamim,NEUTRAL
aa3c72ba5fac4251,হার্টে রিং পরানোর কারণে হয়তো তামিম ইকবাল নেই।,tamim,NEUTRAL
b7835e6fef6c0930,বাংলাদেশের অনেক সাংবাদিক এখন নিরপেক্ষতা হারিয়ে পক্ষপাতদুষ্ট হয়ে পড়েছে। তুমি এই চামচামি বন্ধ করো—আর কতবার তামিমকে অযথা প্রশংসা করবে? এভাবে কাউকে অন্ধভাবে সমর্থন করা ঠিক নয়। বাংলাদেশের ক্রিকেট আজ দুর্নীতি ও অনিয়মে ভরে গেছে—এ অবস্থার পরিবর্তন দরকার।,tamim,AGAINST
006968cc678aed03,"তামিম ইকবাল বোর্ড সভাপতি হয়েই বেতন ভাতা বাড়িয়ে ক্রিকেট পাড়ার শোরগোল ফেলে দিয়েছেন, বিপরীতে আমিনুল ইসলাম বুলবুল কি করতে চেয়েছিলেন? . আপনার বাড়ি টেকনাফ বা তেতুলিয়ায়, সন্তানকে আন্তর্জাতিক মানের ক্রিকেটার বানাতে চান, আপনাকে অবশ্যই ঢাকায় আসতে হবে। আমিনুল ইসলাম বুলবুল চাইলেন ঢাকা কেন্দ্রিক ক্রিকেটকে গোটা দেশে ছড়িয়ে দিতে। ক্রিকেটার হতে হলে যেন ঢাকাতেই আসতে না হয়, নিজ বিভাগ অব্দি সীমাবদ্ধ থাকলেও চলে, সেজন্য তিনি সিদ্ধান্ত নিলেন দেশের ৮ বিভাগেই হবে বিসিবি অফিস। শুধু বিভাগীয় অফিস হলেই তো হবে না, ক্রিকেটও হতে হবে, তাই আলোচনা করছিলেন আঞ্চলিক ক্রিকেট টুর্নামেন্ট আয়োজনের বিষয়েও। . কেবল বিভাগেই নয়, বুলবুলের বোর্ড সিদ্ধান্ত নিচ্ছিলেন সব জেলা স্টেডিয়ামে ক্রিকেট সক্রিয় করার, সেসব স্টেডিয়ামে জেলা ভিত্তিক ক্রিকেট লীগ চালু করারও। ঢাকা, সিলেট ও চট্টগ্রামকে ১ম স্তরের স্টেডিয়াম ধরে খুলনা, বগুড়া, রাজশাহী, রবিশাল, ফতুল্লাকে দ্বিস্তরের স্টেডিয়াম হিসেবে প্রস্তুত করার উদ্যোগ হাতে নেন। সারা দেশে ১১টি ক্রিকেট হাব তৈরির পাশাপাশি বুলবুলের বোর্ড ১৩৭টি আন্তর্জাতিক মানের উইকেট তৈরির সিদ্ধান্ত নিয়ে কাজও শুরু করেছিলো। . তৃণমূল থেকে ক্রিকেটার তুলে আনতে স্কুল ক্রিকেট এক দশক ধরেই চলছে, তাতে আরো সুবিধা বাড়ানো ও আরো কার্যকরী করার পদক্ষেপ নিচ্ছিলেন, শুরু করতে চেয়েছিলেন মাদ্রাসা ক্রিকেটও। কেবল তৃণমূল কিংবা বয়সভিত্তিক ক্রিকেটেই তারা নজর দেননি, ২৩ না পেরোনো ক্রিকেটারদের নিয়ে ন্যাশনাল ক্রিকেট অ্যাকাডেমি প্রোগ্রাম শুরু করার কথাও ভেবেছিলেন, যারা জাতীয় দলের ক্রিকেটারদের ব্যাকাপ তৈরি করে দিবে। . প্রতিটা সিদ্ধান্ত যুগান্তকারী, যেগুলো সফল করা গেলে ফলাফল হয়তো হাতে নাতে পাওয়া যাবে না, তবে দেশের ক্রিকেটের অবকাঠামোগত বিশাল একটা পরিবর্তন আসতো ও সব ঠিক থাকলে কয়েক বছর পর ভিন্ন একটা চিত্র দেখা যেতো। বুলবুলের ক্রিকেট বোর্ড বিসিএল ওয়ানডে ফরম্যাট চালু করে, জাতীয় লীগে এই ফরম্যাট চালুর কথা ভাবছিলেন। পাপনের বিদায়ের পরও যে গামিনির বিদায় হচ্ছিলো না, তার বিদায়ও ঘটেছে এই বোর্ডের অধীনে। ফিক্সিং বন্ধে বিশেষ পদেক্ষপ, অ্যালেক্স মার্শালকে নিয়োগ করা হয় এই সময়ে। আন্তর্জাতিক মান সম্পন্ন আরো আম্পায়ার তৈরির জন্য সাইমন টাফেলকে নিয়োগও করেছিলেন (বিতর্কিত)। . নিজে প্রশিক্ষণের মাধ্যমে সাবেক ক্রিকেটারদের কোচ হিসেবে গড়ে তোলার পদক্ষেপের পাশাপাশি শুরু করেছিলেন ম্যাচ রেফারি কোর্স চালুও। ক্রিকেট কেবল মাঠের খেলা না, বুলবুলের বোর্ড হয়তো সামনে ধারাভাষ্যকার, প্রেজেন্টর, সংগঠক তৈরির কাজও হাতে নিতো। এসব সিদ্ধান্তের বিপরীতে তিনি যেসব কাজে ফেইল করেছেন, তাতে বিরোধী সিন্ডিকেটের ব্যাপক ভূমিকা ছিলো। বুলবুলকে হটাতেই যে ক্লাবগুলো বিদ্রোহ করেছিলো সেটা ওপেন সিক্রেট। আরেকটি বিষয় উল্লেখ করা প্রয়োজন, আইসিসি সহ বিশ্বের অন্যান্য দেশে তিনি কিন্তু গেম ডেভেলপমেন্ট নিয়ে কাজ করেছেন, সেজন্য এই সেক্টরের জন্য তার সিদ্ধান্তগুলো দারুন ছিলো। আর ম্যান ম্যানেজমেন্ট নিয়ে খুব বেশি অভিজ্ঞতা না থাকায় এই সেক্টরে বিতর্কের জন্ম দিয়েছেন। . তামিম ও বুলবুল দুজনেই যদি অতীত পেছনে ফেলে, ইগো ভুলে ভবিষ্যতে মিলেমিশে কাজ করতে পারে তাহলেই দেশের ক্রিকেটের উন্নতি সম্ভব। তামিমের ই উচিত হবে আগ বাড়িয়ে বুলবুলকে আমন্ত্রণ জানানো ও তার নেওয়া সিদ্ধান্তগুলো বাস্তবায়নের জন্য নির্বাচনে অংশগ্রহণে অনুপ্রাণিত করা। বুলবুল সভাপতির থেকেও বরং গেম ডেভেলপমেন্টের দায়িত্বে বেশি ভালো করবেন।",tamim,FAVOR
42d2aa5e6d4b02d8,"ইরান তেলের জাহাজ আটকে দিলেও সমস্যা নেই, কারণ তামিমদের .... অনেক তেল আছে ।",tamim,NEUTRAL
26fc5e36fbdd6ccf,"তোর আব্বাতো তামিমের থেকে বড় প্লেয়ার ছিলো,তাকে প্রেসিডেন্ট বানালে ভালো হতো।",tamim,FAVOR
a46a3bc9a5f27beb,"আসল কথা হচ্ছে তামিমকে অনেকেই চিনলনা তামিম সুপারস্টার খেলোয়াড় বলেই সবার সাথেই দেখা যায় কিন্তু কিছু সংখ্যক লোক তাতে মনে করে দালালি করে, আর বিশ্বকাপ প্রসঙ্গে বলি তামিম চাইছিল এই দেশের ক্রিকেট ষড়যন্ত্রের শিকার যেন না হয় সবাই কিন্তু জানে আইসিসির ইনকাম বেশিরভাগ ইন্ডিয়া ক্রিকেট বোর্ড থেকেই করে যেহেতু বিশ্বকাপ ইন্ডিয়াতেই হবে তাই ইন্ডিয়া কখনো চাইবেনা তারা যেহেতু আইসিসিকে ইনকাম বাড়িয়ে দেয় তাহলে তারা কিভাবে ছোট হয়ে বিশ্বকাপের আয়োজন অন্যদেশে চলে যাক এটা কি করে চাইবে নিশ্চয় চাইবেই না,, তামিম এটাই আন্দাজ করে কথাটা বলেছে যে বিশ্বকাপে বাংলাদেশ অংশগ্রহণ করুক!!",tamim,NEUTRAL
52cf1caab905ce80,নতুন নাটক করে ভারতের পা চাটবে আবার তামিম।।,tamim,NEUTRAL
431e5e054c5d3473,তোরা যত চামচাম এই করবি না কেন সাংবাদিকরা আর কোনদিন তামিমকে ভালো বলবো না সে ভাইয়ের দোয়া ক্রিকেটারের বদৌলতে আসছে এখানে,tamim,FAVOR
56fc7ff22a4abdbc,"আপনি কি মনে করেন যে, তামিমের সঙ্গে অন্যায় করা হয়েছে?",tamim,NEUTRAL
c9bd15e8ed27fc96,Sudhu tamim noi gota deser sathe onnay kora hoise.. honestly speaking sob desh khelbe 11 jon player nie ar Bangladesh khelbe 9 jon nie.. liton and tanzid tamim 5 over er moddhe pavilion a fire asbe.. asha kori something better like miraz k open korano.. atleast meraz better then another 2 opener...,tamim,FAVOR
ea23f35f5c987808,Of course! Undoubtedly! This is an injustice to Bangladesh Cricket! We may suffer a lot in the ODI World Cup for his absence. Very shocking decision. Tamim was open and honest and that was the main problem.,tamim,FAVOR
40a2e54836daee27,অবশ্যই আমি মনে করি তামিমের সঙ্গে খারাপ কাজ করা হচ্ছে মানে দেশের সাথে খারাপ কাজ করো সেখানে অন্যায় কাজ করা হচ্ছে,tamim,AGAINST
22d3ea53a9c8aa04,আমিও মণে করি তামিমের সঙ্গে অন্যায় হয়েছে কিন্তু তামিমের কি দরকার ছিলো বলার যে সে ১০০% ফিট না?,tamim,NEUTRAL
f168817bad5a9489,"নোমান ভাই,গতকাল মাঠে বসে খেলা দেখলাম, প্লেয়ারদের কেপাবিলিটি নিয়ে আমি কনসান।তামিমকে বাদ দেওয়া কোন ভাবেই মানতে পারছিনা,তাই বলে তার জায়গায় নতুন তামিম???সৌম্যকে নিলেও মানতে পারতাম।",tamim,AGAINST
953b729844765d02,"Of course, not only with Tamim but also with all supporters and Bangladesh !!!",tamim,FAVOR
7e2492e49219ba07,100 % ... I m frm india.. I strongly disagree about this decision.. Very much harmful decision fr Bangladesh cricket. Bangladesh cricket feel it later on... Tamim u dnt deserve it.... ❤❤❤,tamim,NEUTRAL
e23a88c1b38a7936,"Bhai BD team er je vaab mone hoy world cup jita team, Tamim world er best batsman. 2 ta match jituk age",tamim,NEUTRAL
999cefbc7d615d88,Apnader board jaliyat . Tamim Iqbal aagei chole gele besi respect peten.,tamim,FAVOR
9554362af359e7a6,তামিম কী এখন অবসরের ঘোষণা দিয়েছে।সে কি কিউয়িদের বিপক্ষে টেস্ট ম্যাচ খেলবে না?,tamim,AGAINST
d7de8e9139d851be,"খুব ইচ্ছে ছিল তামিম ভাইয়ের । কিন্তু,,, বেশি ভালবাসা সব সময়,,,,,ঘ্রিনার পাত্র হয়।",tamim,FAVOR
6e3896ef6fb658a0,ওপেনার ভালো হয়নি। তামিম কে না নেওয়ার ফল অবশ্যই পাবে অপেক্ষা করুন।,tamim,FAVOR
4f7aec5e676c1d34,একবার ২৪ রান করলেই কী কেউ ব্যার্থ হয়ে যায়? তবে তামিমের ব্যাটিং অ্যাপ্রোচটা শুধু আমার নয় পুরো বাংলাদেশের ক্রিকেট ভক্ত কারো ভালো লাগছে না!! সে অনেক বেশি ডট বল ইচ্ছা করে খেলতেছে টিটুয়েন্টি এবং ওয়ানডে দুইটাতেই।। তার বলে বলে রান করার যোগ্যতা থাকার পরেও।।,tamim,FAVOR
c03be2ac1f24f1bd,Amit vaiya তামিম ভাইয়া এখন সব চেয়ে বড় সমস্যা হচ্ছে তামিম ভাইয়া শুয়ে ডট বল খেলে। আমি মনে করি যদি ডট বল খেলা কম করে তাহলে তিনি আবার ওও আগের মত বড় রান করবে ইনশাআল্লাহ,tamim,NEUTRAL
4074dd79ca0c5281,তামিমের দালালি বন্ধ করেন ভাই.. অতিত নিয়ে পরে থাকি লাভ নাই.. বর্তমান নিয়ে চলতে হবে আমাদের..,tamim,NEUTRAL
63cec11ed7577228,dos coach ar na dos tamimar tamim onak vhoy niya khala jadin tamim nirvhoya khalta parba sai din success hoba.,tamim,NEUTRAL
add86d3bb4a0002b,"তামিম এর উচিত T-20 থেকে অবসর নেওয়া।ওয়ানডে কোন রকম চলে,তবে T-20 তামিমের ধীর গতী ব্যাটিং দলকে বিপদে ফেলে।",tamim,AGAINST
13e5684126470416,Upload the tamim's fight video with supporter .,tamim,FAVOR
470039f49798eabe,Tamim Iqbal will bounce back...patience obossoi rakhte hobe....se Jane World Cup a take aggression barate hobe... Just wait and watch.,tamim,FAVOR
8f169b5525ff2bef,Tamim r auto selection e team e thakar moto obosthay nei.. Or jaygay apatoto Naim Sekh ke replace kora uchit.. R tamim er uchit..auto selection noy..nijer performance r form diye abr dol e dhoka...,tamim,NEUTRAL
0ed659e8ba57525c,Tamim should play the way he was started the carrier !too much defensive mode made him a street cricketer i think ! I think he needs to think a bit for his visions! Time is clicking so live in it passionly or leave it quickly !,tamim,FAVOR
81e7040b0fb7d1b3,only problem is tamim voye voye khele..kokhn j out hoye jai..aijonno strike rate kom hocce shurur dike..set hoye jaoar por j kn out hoye jcce ata bujhtesi na,tamim,NEUTRAL
1f608f4ec2e562ad,তামিমকে কয়েক মাস দলের বাহিরে কি রাখা যায় না???,tamim,NEUTRAL
34693c71e8f9bbc7,Tamim er kas theke boro innings asha o kori na!!! She shudhu powerplay ta kaje lagak.,tamim,NEUTRAL
6e48646564570a22,"but Tamim have to change his batting approach, you can't score 50 in 50 bialls in t20 as an openar, if u do then u r putting your team in big trouble, its better u get out in 0 as u are giving chance other batsman to score quickly. Tamim is a selfish type of player, who plays only for himself not for team. He loves to score hundred doesn't metter thats take 150 balls , by that way he scored so much runs , that does not make him great",tamim,NEUTRAL
ca8ce19a82f29123,আসলে নাচতে না জানলে উঠান বাকা। তামিম জিম্বাবুয়ের বোলারদের সাথে যদি সে এংকরিং রোল পিলন করে। তাহলে নিউজিল্যান্ড অস্ট্রেলিয়া বোলারদের সাথে কি করবে?? আসলে তামিম এখন বুড়ো গেছে। তার শুধু এখন টেস্টই খেলা উচিত।,tamim,NEUTRAL
e92d871fb8803a42,Tamim ke 30 over khelte chan......ja Bangladesh er jonno valo.....Mahadi Hasan er ki khobor....miraz er theke valo.....,tamim,FAVOR
04f71b0f8d1a3a35,তামিম আজকে ১৫৮ রান করে ফর্মে ফিরেছেন। স্ট্রাইক রেটও ভালো।তার ক্লাস নিয়ে কোনো কিছু বলার নেই।আজ তিনি তার ভুল শুধরে আসর রূপে ফিরেছেন।,tamim,FAVOR
d6cd0a3010b0b980,তামিমের ক্যারিয়ারের স্ট্রাইক রেট টা দেখেন রান বেশি করছে সেটা ঠিক আছে স্ট্রাইক রেট কত এখন এরকম ব্যাটসম্যান চলেনা তাই তামিমকে বাদ দেওয়া হোক,tamim,AGAINST
a7fe00fd3c84cd82,তামিম ইকবাল খান. উনি অনেক ভালো খেলতে শুরু করেছিলেন. কিন্তু কি যেনো তার হলো র ভালো খেলতে পারেন না. Khelaa মনোযোগ তার এক টু ও নেই. কি je করে crize এ আসলে কখন সাজ ঘড়ে যাবে র হাওয়া খাবে সেই চিন্তা এ বেশি মনোযোগ উনার. না তামিম সাহেব? শুনুন এক টু মনোযোগ দিয়ে খেলেন. কোনো সমস্যা নেই. আগের খেলার video golo দেখুন. তার পর মাইন্ড সেট করে. ভালো খেলতে ই হবে.yor are a world best player আই mind set করতে হবে. Kiser voy? মনে রাখবেন বনের বাঘ khae না. মনের bage khae. যদি কেউ হারার আগেই হেরে jae. তো জিতে তে কখনও পারে? এক টি ই লক্ষ rakhte হবে. কাউকে voy pae খেলা যাবে না. Voy পাইলে শেষ. কোনো ভাল নেই. ওকে all the best. Attack.,tamim,FAVOR
320c8f08d5e87f5a,তামিমের ব্যাটিং দেখে যা মনে হচ্ছে ব্যাট-প্যাড এর মাঝে অনেক গ্যাপ থাকছে এবং শট খেলার সময় কিছুটা ব্যালান্স হারিয়ে ফেলছেন!,tamim,NEUTRAL
634fb45488cb4abd,"দলের চাহিদা মেটাতে গিয়ে, তামিম ভাই নিজেকে যে হারিয়ে ফেলছে, সেটা কিন্তু বোঝা যায়..। তিনি বাংলাদেশের সেরা খেলোয়াড় সেটা মানতে আমার কোন সন্দেহ নেই,কিন্তু এখন তিনি নিজেকে হারিয়ে ফেলছে, তাই তার ফেরাটা খুব জরুলি, আমরা আগের তামিম কে দেখতে চাই 💜",tamim,FAVOR
528e532f0bef29be,World in the best openar আপনারা তো ভেবেই নিয়েছেন আর কত করবে তামিম.,tamim,FAVOR
1bb044091035e541,sali tui kor.. tor bapera j koto vlo plyr seta tamim na thklei bhuja ja,tamim,NEUTRAL
93a851394da4f93d,তামিম ব্যর্থ কেন যারা ক্রিকেট ফলো করে তারা সবাই জানে সে অতিরক্ত ডটবল খেলার মনোভাব পাল্টাতে হবে যদি না পাল্টাতে পারে তার ক্যারিয়ার আর বেশিদিন থাকবে বলে মনে হয় না ধ্বংস হয়ে যাবে আগের তামিমকে আমরা চাই হার্ডহিটার ব্যাটসম্যান সে অনেক ভালো হার্ট ইটিং করতে পারে তাই তাকে সেই রূপে ফিরতে হবে,tamim,FAVOR
f90176b6b29efce8,আমার মতে তামিমের উইকেট পাওয়ার মতো কোন বোলার নেই। কিন্তু কেন যে ভুলভাল ভাবে আউট হচ্ছে,tamim,NEUTRAL
f2ceb9af80a422d3,আসলে কোচ এবং তামিম 2 জন এর ই৷apni dekhan tamim ar basic e দুর্বল৷apni tar head position dekhan sob somoy off stump ar bay ra thaka jar fola stump soja ball gulo khalta problem hoi ar ai karona timing miltaaa na and out hoccha. Only jodi tar head position thik rakhta para sa boro score korta parba.,tamim,NEUTRAL
85a98b8d4bd92583,"কখনোই কোচের দোষ না।কারণ তামিম শুধু বাংলাদেশ দলেই যে এমন ডট শিল্প করেন তা না।তিনি বিপিএল,পিএসএলেও একই শিল্পের প্রদর্শন করেন।আর এংকোরিং মানে ডট শিল্প না,উইলিয়াম, ধাওয়ান,স্মিথ এরাও এংকোরিং করে থাকে।",tamim,AGAINST
e0bbc97fc46dda55,তামিম এর পাশে দেখেন আরেক বাঁ হাতি ব্যাসম্যান খুব ভালো ব্যাট করছে,tamim,FAVOR
74719fa9001ecd31,"তামিম ভালো প্লেয়ার সেটা নিয়ে কারো দিদা নেই কিন্তু আমার মনে হয় তামিম আধুনিক ক্রিকেটের সাথে নিজেকে মানাতে পারতেছে না, জিম্বাবুয়ের সাথে যুদি ৪৩ বলে ২৪ করতে হয় তাহলে অস্টেলিয়া, ইন্ডিয়া, পাকিস্তানের সাথে যে কি করবে আল্লাহ যানে",tamim,FAVOR
88b87eac24217082,"তামিম ইকবাল আর কতদিন চাচার জোরে খেলতে থাকবে? এটা কি আসলে খেলা? সব কিছুরই শেষ আছে, এটা মেনে নিয়ে অবসরে যাওয়া উচিত।",tamim,AGAINST
7deaa547a5501d3f,তামিম হচ্ছে আগের যুগের ব্যাটসম্যান বর্তমানে তার কোন দরকার নেই বাংলাদেশ জাতীয় দলে। তবে টেস্টের জন্য পারফেক্ট।,tamim,NEUTRAL
608f93d1d691b490,আমার মনে হয় তামিম ইকবাল এতো ভালো খেলোয়াড় নই,tamim,FAVOR
47fc9b98f1ec5cf9,"@shahjadaosama7701 apnar vasha dekhei apnar background somporke ekta dharona paoa jae. Jaihok, Tamim Bangladeshke jitieyeche, se bepare sondeho nai. Kintu tai bole continuously baje khelte thakle, take dole rakar karonta ki janaben apni? Tamim er contemporary onek bright player shudu mama-chacar ovabe haraye geche. Seisob player shudhu ek-dui series baje khelae sarajiboner jonno bad hoye geche. How would you explain those issues?",tamim,NEUTRAL
5f9ac19dadac6b92,@shahjadaosama7701 tor bap bolod... noile tor moto bolod rastay charto na....behave korte shikho nai...r tor kotha sune mone hocce tamim to tor bap...tor bapre bolci tai tor gaye lagce,tamim,NEUTRAL
85a7db7468c6b97d,"Plz ei sob baje khobor bolben na... Virat Kohli and Tamim Iqbal era ake oporer bondhu,last wc a sobai dekheche virat er sthe Tamim er hasar bapar ta...so apnara media evabe bhul bolben na..",tamim,NEUTRAL
167290861d7f92e8,"আমি বাংলাদেশি আমার গর্ব আমার জন্ম বাংলাদেশ। মিডিয়া বা অন্য কিছু যাই বলেন। ভাই এত কিছু জানেন কিভাবে ভাই। আমাদের দেশের মানুষ একটা জিনিস পারে বড় বড় কথা, আর কাজের বেলা ০০০০০০০০ডিম। ২ জুগ হতে চলল কি করেছে বাংলাদেশ দল একটু ভালো খেলে আর কি।খেলা আসা করে আমরা দেখি সিরিজ ফলাফলের পর মনে হয় আর খেলা বাংলাদেশের দেখব না। তারপর ও দেখি সখ যে। কথা আর কাজে মিল নাই। আমি ও আমাদের টিমকে বা সব পেলারকে সাপোর্ট করি। মাটে যাওয়ার পর সব শেষ। ভারতের মিডিয়া আমাদের মত। সুধু তাদের টিম ভালো। তাই কথা আর কাজে মিলে যায়। বিরাট কোহলি লাইভে তামিমের সাথে খুশির কথা। এটাকে নিয়ে যে কথা বলতাছেন তা চিন্তা করি দেখেন কি বলতাছেন।",tamim,FAVOR
4745dc28a57d14d2,Tura onk valo je oijonno.. Tamim iqbal e algai de beadof gula... Cricketer de niye aje baje video banas fajil,tamim,FAVOR
0f0f5bcd9c1c5ab4,তামিমের কান্না...R U Happy guys ? আন্তর্জাতিক ক্রিকেটকে বিদায় বললেন তামিম ইকবাল...😢😢,tamim,NEUTRAL
ed096d5912e7b93a,বাংলাদেশ ক্রিকেট ইতিহাসে তামিম ইকবালের মতো একজন ওপেনার তৈরি করতে পারবে না......,tamim,NEUTRAL
518d589c82e49161,UNPROFSSINAL WAY ! TAMIM ! IT IS SAD ! U R THE CAPTAIN ! WHY EXCUSE !,tamim,NEUTRAL
e8a32199cf22f2bb,মনে কোনো অহংকার নেই তামিম ইকবাল এর ❤❤❤,tamim,NEUTRAL
70668b087bb324ed,তামিমের কথা অনুযায়ী মাহমুদুল হাসান জয় এর অভিষেক হতে পারে বলে মনে হচ্ছে,tamim,NEUTRAL
3c92d4d0162dd113,"বাংলাদেশ টিমটাকে ধ্বংস করে ছাড়বে বর্তমান টিম ম্যানেজমেন্ট এখনো সুযোগ আছে বাংলাদেশের কোচ থাকবে সালাউদ্দিন স্যার স্পিন কোচ মোহাম্মদ রফিক। ওপেনিং করবে, ইমরুল কায়েস, তামিম ইকবাল, এনামুল হক বিজয় যে কোন দুজন",tamim,NEUTRAL
49dde28d4914bd6b,@arafathossain9180 অবশ্যই দাদা ওটা আপনাদের অভ্যন্তরীণ বিষয় কিন্তু তামিম খুব বড়ো মাপের ওপেনার আমাদের দেশেও ওনার ভক্ত আছে আমিও ওনার ফ্যান হিসাবেই কথাটা বললাম সোশ্যাল মিডিয়ায় তো সকলেরই মত প্রকাশের অধিকার আছে তাই না দাদা,tamim,NEUTRAL
63d8a81b0fe06bf4,যদি তামিম ইকবাল দলে না থাকতে চাই কিসের জন্য দলে থাকবে না সেই কথাটা আমরা যে তার দশক আছি আমাদেরকে জানিয়ে দেওয়া হোক বিশ্বকাপে কেন তিনি থাকতে পারলেন না,tamim,NEUTRAL
149edb249fa73a32,"Tamim is one of the most popular cricket stars in the world. He is in this condition today because of the dirty management of Bangladesh cricket. Hearing Tamim's last words, I feel so bad as a general people. Because the management forgot about his hard work behind the success in cricket for so many years. 💝🇧🇩💝Tamim💝🇧🇩💝Remember💝🇧🇩💝Forever💝🇧🇩💝 বিশ্বের অন্যতম জনপ্রিয় ক্রিকেট তারকাদের রাজা তামিম। বাংলাদেশ ক্রিকেটের নোংরা ব্যবস্থাপনার কারণেই আজ তার এই অবস্থা। তামিমের শেষ কথা শুনে সাধারণ মানুষ হিসেবে আমার খুব খারাপ লাগছে। কারণ এত বছর ক্রিকেটে সাফল্যের পেছনে তার পরিশ্রমের কথা ভুলে গিয়েছিল ম্যানেজমেন্ট। 💝🇧🇩💝 Tamim💝🇧🇩💝মনে রেখো💝🇧🇩💝 Forever💝🇧🇩💝",tamim,AGAINST
508f21a9f2b6b008,তামিম ইকবাল কে বিশ্বকাপে না রাখলে অবসর থেকে ফিরালে কেন.? এটাতো প্রধানমন্ত্রীকেই অপমান করা হলো।,tamim,AGAINST
2dd5a7f2ddaaac24,Thik e ase...opener re nichey keno khelabe....Mashrafi ki Tamim ke 2nd down e khelaise?,tamim,NEUTRAL
363cfbf625bd14cc,apni aschen tarporeo tamim vaia k pelam nah...,tamim,NEUTRAL
cf88f3bfbee3f469,"চক্রান্ত করে তামিম ইকবাল ভাই কে বাদ দেওয়া হয়েছে,,,,,, তীব্র নিন্দা ও প্রতিবাদ জানাচ্ছি ✊✊✊💯💯💯💯",tamim,AGAINST
4e9644b2b76f85d5,হোঁক প্রতিবাদ। তামিমকে দলে চাই। তামিমকে মিডল অর্ডার এ খেলতে বলায় তামিম নিজ হতে সড়ে গেসে। তবে তামিমকে দলে আনতে প্রধানমন্ত্রী শেখ হাসিনার হস্তক্ষেপ কামনা করছি,tamim,AGAINST
25aa65248eb0b921,"World cup প্রথম match Afghanistan, 1st ball-e fozol faruqi or Mozibur Rahman er tamim out 110% confirm.",tamim,NEUTRAL
964a849ad90129e7,"Akdin Mashrafee kansilo, aibar Tamim er Pala.",tamim,NEUTRAL
7547aa858afae010,এতগুলা চ্যানেল মিলে আপনারা ও যদি তামিম কে দলে আনতে না পারেন আপনাদের সব চ্যানেল থাকার দরকার নাই….,tamim,NEUTRAL
fecb63764398f023,তামিম ছাড়া কি ক্রিকেট চলে না এদেশে? তামিম কে আজীবনের জন্য ক্রিকেট সংশ্লিষ্ট সব ধরনের কার্যক্রম থেকে নিষিদ্ধ করা হোক।,tamim,NEUTRAL
9e8e09c29b51b8ce,তামিমের উচিত দলকে উজ্জীবিত রাখতে দলের সঙ্গে থাকা,tamim,NEUTRAL
217c50d8d46d7a74,২০০৭ সাল থেকে খেলতাছে অনেক খেলেছে৷ তার বিশ্বকাপ খেলতে হবে এমন তো কনো কথা না । তামিম খেলেউ যদি বিশ্বকাপের সব কটি মেচ হারে তার পরকি। বাংলাদেশ ক্রিকেট টিম বন্ধ ঘোষণা করে দিবে অবশ্য দিবে না । অতএব সে না খেল্লে কিন্তু আমাদের কনো মানুষের ঐরকম কনো খতি হচ্ছে না । এতো টেনশন আমরা না করি সেটায় আমাদের জন্য ভালো হবে বলে মনে করছি । এটা আমার নিজস্ব মতামত আপনাদের চিন্তা অবশ্য আলাদা আলাদা হবে সাবাবিক,tamim,FAVOR
978a07fe93e0c484,তামিম ইকবাল নাটক শুরু করেছে বাদ দিছে ভালো হয়েছে। একবার বলে খেলবু আরেক বার বলে খেলবোনা,tamim,FAVOR
83cb5f73c9c2913c,We never forget you tamim big fan bro. Aj dehklam tamim jr ki openar korlo😢😢😢,tamim,NEUTRAL
e282e46729ac2a89,Tamim ke amra vuli ba mone rakhi. News guys ra thiki ore nia view kamaite mone rakhbei. 😂,tamim,NEUTRAL
32ffa6114ce36ceb,Tamim kichu. Bolbe na just se normali vabe bolbe❤,tamim,NEUTRAL
1a7f15ccf702765b,তামিম ভাই মনে হয় অবসরের ঘোষণা দেবে,tamim,AGAINST
086d9a14a599fb89,Tamim Khelle ki r na khelle ki?,tamim,NEUTRAL
3a11eaec97d40a90,দেশের মুল্য হলেও তামিম ভাইকে দেশে চাই,tamim,NEUTRAL
a593f7ab350ac12e,তামিম ইকবালরে নিয়ে এত কাহিনী। তখন কেন হাতে ব্যান্ডেজ নিয়ে মাঠে নামিয়ে দিছিল তখন ফিটনেস কই ছিল,tamim,NEUTRAL
7794788e9bd92a85,Eto pajki keno koro tamim ? Team jacche oder doa koro 😮,tamim,NEUTRAL
6f00f096e9f1feb0,Do boycott bd cricket team without tamim there is no faith for win,tamim,NEUTRAL
d7ff2619a2eccff2,"Tamim_Iqbal_Khan is one of the best oppener who BD team has and some opponent fear. This is the guy who came up to bat with one hand with broken/fractured wrist. Is that how you show respect to one of the senior player. Shame on you whoever is behind it also the corrupted media who twisted the story. Due to continous corrupted people who is playing dirty games at the back door #TamimIqbal didn't want to be part of or play however they want him to play. I was a big fan of Ceicket who spent alot of time before when I saw unjust, dirty game being played on this platform including ICC I stopped wasting my valuable times. Ashraful gone. Shahriar Nafees gone. Tamim is going. BCB board, management team should have certain time of period to be able to stay on their position too. In my opinion these greedy abal is not performing well so they need to replaced too.",tamim,NEUTRAL
bbe0bf47987c82fb,আমি সব চাইতে খুশি হয়েছি তামিমকে বাদ দেওয়ায় কারণ সে দু ই চার ওবার খেলার পর আউট হয়ে যায়,tamim,AGAINST
b16f967b26562243,বিশ্বকাপের দল গঠনে জুয়ারি /বাজারে হাত থাকতে পারে।বিশেষ করে যখন তামিম কে নির্দিষ্ট কোন ম্যাচ না খেলতে বা শেষমুহুর্তে ব্যাটিং অর্ডার চেন্জ বলা হয়,tamim,NEUTRAL
6becff59f37c6aa5,"ভারত শুধু ক্রিকেট নয় বেশির ভাগ ক্ষেত্রেই চেয়েছে কিভাবে বাংলাদেশের ক্ষতি করা যায়। ওদের মনে আছে ২০০৭ এর বিশ্বকাপের কথা, কিভাবে তামিম তাদের উড়িয়ে দিয়েছিল। আবার জেগেছে তামিমের ভয়, তাইতো কূ 0:47 টনৈতিক চালে তামিমকে বধ করতে চাইছে। যাই হোক আমরা আশাবাদী তামিম, হয়তো নিন্দুকের কথাই কান না দিয়ে খেলাই মনোযোগ দিবে।❤❤",tamim,AGAINST
337d67392cf3fc4a,"তামিম ছাড়া ত অনেক খেলায় হয়ছে এখনো হবে সে কি খুব ভালো মানের খেলোয়াড়??? যে তাকে ছাড়া বাংলাদেশের ক্রিকেট অচল সে খেললেও কিছু যায় আসে না,না খেললেও কিছু যায় আসে না তাই সকলের উচিত দেশ যেন ভাল কিছু করতে পারে তার জন্য দোয়া করা",tamim,FAVOR
ab5d77ffc8eb3c5b,তামিম এমন কি মানের প্লেয়ার? যে তাকে নিয়ে এত মাতামাতি? আফগানিস্তানের একটা খারাপ প্লেয়ারও তার চেয়ে ভালো |,tamim,FAVOR
68ea8e34f46ea9f1,"Areh abal eita performance er kotha na, eikane politics chole eitai somossa.. Tamim fit ore kela bena ken 😂",tamim,NEUTRAL
cbd8a014320c4e24,Excellent said Tamim. Sangbadik vhai ke bolchi... Apnara Sommo r Liton ar vumika niye kicho bolen na keno ????,tamim,NEUTRAL
e65db29abe45489e,আসসালামুআলাইকুম ওয়ারাহমাতুল্লাহি ওয়াবারাকাতুহ তামিমের কাছে আমার একটা প্রশ্ন আমাদের যে কোয়ালিটির কোষ দিয়ে আমাদের কোচিং করা হইতেছে একুশের আন্ডারে খেলে কোনদিন বাংলাদেশ উন্নত করতে পারবে কি ভালো ভালো খেলোয়ারদের যেইভাবে ক্যারিয়ার ধ্বংস করে দিতেছে এর থেকে বাংলাদেশের কোষ অনেক ভালো না,tamim,FAVOR
4a0da68b4ac4bada,তামিম বাইয়ের উচিত ছিল এখন দলের সাথে জয়েন করা,tamim,NEUTRAL
a7a5fefa857fb9f4,তামিমের কথায় স্পষ্ট কোচের সঙ্গে প্লেয়ারদের দূরত্ব!!,tamim,NEUTRAL
30fb7d89dc77e66d,ব্যাটিং বোলিং ফিল্ডিং কোনটাই ভালো হচ্ছে না ম্যাচ গুলো দেখে মনে হচ্ছে এ যেন একদম নতুন দল তামিম ভাই এবং ইমরুল কায়েসকে দলে দেখতে চাই,tamim,FAVOR
806b595336fb42ad,Amara Tamim vai..and Anamol hok bijoy ke dekte cai opening hisebe.....,tamim,NEUTRAL
90def9b1db231277,Tamim bai boro na nafis bai boro. Boro ke suto ke,tamim,NEUTRAL
ed62a00246f36a9e,তামিম আর কি বলবে সব সময় দলের হয়ে কথা বলে বাস্তবতা বুঝে না,tamim,NEUTRAL
4bca7680099a72fa,তামিম এরও তো দায় আছে। অভিমান কি মানায় মাতৃভূমির সাথে?,tamim,NEUTRAL
3c7245746bffb2de,main kotha holo tamim er kotha holo tini tar songsare kono jhamela can na...tai sobai jotoi vul koruk tar kase sob thik,tamim,NEUTRAL
5baefd395c4200cc,তামিম ইকবাল নিজেকে খুব স্মার্ট ওভারস্মার্ট মনে করে তাই সে বিশ্বকাপ খেলেনি,tamim,NEUTRAL
a585ff61a82a75fb,Tamim protidin akei kotha bole catch miss hotei pare...akdin batting kharap hotei pare.... Se altime defend kore kotha bole.. Cuz se nejeo kunodin world cup kisui korte pare nai....nijeo sei ghater maji tai altime defend kore kotha bole.. Faltu,tamim,AGAINST
23b78ede92321bc8,তামিমকে এই সো থেকে সরানো উচিত। কারণ সবসময় সতীর্থদের পক্ষ নিয়ে কথা বলে। সত্যিটা বুঝেও না বোঝার ভান করে,tamim,NEUTRAL
068117a0116369d5,ভাই তামিমের সাথে কথা বলে লাভ নাই। এত বাজে খেলে এর কোন ওযুহাত দেওয়া উচিত হলোনা 😡😡😡😡😡😡😡😡😡😡😡😡এদের শিক্ষা শেষ হয়না।🤮🤮🤮🤮🤮🤮🤮,tamim,AGAINST
a54e85f1d65bd421,তামিম ইকবাল আমার একজন ভালো খেলোয়াড় মনে এবং উনাকে আমি খুব ভালবাসতাম আজ থেকে ওনার প্রতি আমার ঘেন্না শুরু হলো,tamim,FAVOR
6f47ced812c4c72c,সালাম টা অন্তত সুন্দর করে দেয়া যেতো তামিম ইকবাল। বলা যায় মৃত্যু পর আপনাকে জীবিত করেছেন আল্লাহ পাক। আপনার এর থেকে শিক্ষা নিয়ে নিজেকে পরিবর্তন করা দরকার।। আল্লাহ পাক আমাদের সবাইকে হেদায়েত দান করুন৷।,tamim,NEUTRAL
2ac769f396e605fe,"রাজনীতির কোন কথা তামিম ভাই বলে নি,,,উনি শিক্ষা দিল আমরা নিজেরাই ভালো হলে সরকারের দরকার নাই",tamim,FAVOR
51dd89acdcb38054,তামিম ইকবাল মাশাল্লাহ অনেক অনেক ভালো মানুষ।,tamim,FAVOR
1c6c6a2ba447a2db,তামিম ইকবাল এত দিন কোথায় ছিল গাইবান্ধা থেকে,tamim,NEUTRAL
ab34cc76be797aa1,তামিম ইকবাল রাজনীতিতে না গেলে ভালো হতো,tamim,FAVOR
1833fb02fbe862e2,তামিম ইকবাল বিএনপি গেছে বাংলাদেশ মানুষ ভালো বাসে না তামিম জামায়াতের সঙ্গে গেলে মানুষ তাকে খুবই সম্মানের সাথে রাখতো,tamim,FAVOR
4c7f3ae4e6f54a5c,তামিম অবসর নিয়ে রাজনীতিতে এসেছে। সরকারী চাকরী করেও অবসরে গিয়ে রাজনীতি করা যায়। ওরাতো রাতের ভোটের এবং বিনা ভোটের সময় স্বৈরাচারী সরকারের অধীনে নির্বাচন করেছে। পার্থক্য এখানেই।,tamim,AGAINST
65e45e3cbc6d0e11,bnp now Indian agents and dalal and tarek zia is the big agents Indian but tamim iqbal how to like bnp but we telling tamim iqbal you can inquiries tamim I m not lying,tamim,NEUTRAL
7baa52192e16f4d7,"Actually কেউ পশু হয় নাই, সবই ঠিক আছে আলহামদুলিল্লাহ। অনেক জনগন ভুল জানেন, basically তাদের ভুল বুঝনো হয়েছে। যে দালাল বলছে তামিমকে সে ভুল বলছে, সামি ভাইয়ের ভিডিও দেখলে বুঝতে পারবেন!",tamim,AGAINST
a1501b6fd9499a08,তামিম ভুল করতেছো মনে হয় সারাদেশের হয়ে বেঁচে থাকতে চাও তাহলে রাজনীতি ছেড়ে দাও। তাহলে সারা দেশের অমর অধিনায়ক হয়ে থাকবে,tamim,AGAINST
e4de670fb541a6f3,Please make extra area for dog. We people of Bangladesh cannot walk on the road at village and town. Tamim has no work. So he will see and take responsibility of dogs at that area. Dog lovers will go their paying money to Tamim. Then he will earn house money to pay salary to others. Tamim give this idea to mr.tareque rahman.,tamim,FAVOR
2e9b890fbb5cd559,আমার প্রশ্ন তামিম অবসরে গেলে কি এমন ক্ষতি হতো???,tamim,AGAINST
55bbbf1d5f88a992,আমি যতটুকু অনুমান করতে পারি তামিম ইন্ডিয়ার সাথে ভালো সম্পর্ক,tamim,FAVOR
36b1483738df05bb,"তামিম সঠিক বলেছে, রাজাকারের দল ক্রিকেটকে শেষ করতে উঠে পড়ে লেগেছে।",tamim,FAVOR
392df45568f4d67f,"একটা কথাউ সে ভারত নিয়া বলে নাই,হাইরে সাউয়া পাব্লিক,আর অই মাং পরিচালক দালাল বলে দেয় এরা বুঝবে কবে বারবার বলেছে আইসিসির সাথে কথা বলে আইসিসির সাথে সমঝোতা বাংলাদেশ বোর্ড ভবিষ্যতে একবারেউ সাংবাদিক ভারত উচ্চারণ করলেউ তামিম ভারত মুখে নেয় নাই,সে সরকার বোর্ড আর বলেছে আইসিসি সে ক্রিকেট ভবিষ্যৎ নিয়া বলেছে আর অই লোক আবেগি হয়ে দালাল বলেছে",tamim,AGAINST
862196eed7e9f473,মনোযোগ দিয়ে শুনলাম! তামিম দালালি করে নাই... তার মূলত এই বোর্ডের উপর ক্ষোভ আছে সেই ক্ষোভ থেকে বোর্ডের ভুল খুঁজছে।,tamim,AGAINST
120ef7088fff5697,তামিম ইকবাল ছেলেটির প্রতি আগে এক ধরনের শ্রদ্ধাবোধ কাজ করত। কিন্তু যেদিন থেকে সে বোর্ড প্রেসিডেন্ট হওয়ার জন্য চক্রান্তকারীদের দলে যোগ দিয়েছে সেদিন থেকেই সে তার প্রাসঙ্গিকতা হারিয়ে ফেলেছে। আর এখন তো দেখছি সে ইনিয়ে বিনিয়ে ভারতের দালালি শুরু করে দিয়েছে। ধিক্কার ধিক্কার ধিক্কার ধিক্কার ধিক্কার ধিক্কার,tamim,NEUTRAL
a7d26a926d82302e,"তামিম সাহেব আপনি কি বাংলাদেশের দর্শকদের, সাংবাদিকদের নিরাপত্তা দিতে পারবেন? এই সব মনগড়া কথা না বলে সত্যি উপলব্ধি করুন। পাবলিক কি দেশের জনগণ না?",tamim,AGAINST
959b10b76c6ed443,মোস্তফিজ ইস্যুতে তামিম নির্লজ্জ ভাবে ভারতের দালালি করেছে - তাই তাকে সবাই ভারতের দালাল বলেছে। এতে আমরা সাধারণ পাবলিক তো দোষের কিছু দেখছি না।,tamim,AGAINST
46e9980fe611104e,তামিম ভাই আপনি ভারতের পক্ষে কথা বলেছেন কেন খেলার থেকে দেশ অনেক বড় আপনার সিদ্ধান্ত কোন মূল্য নেই আপনি মুখ বন্ধ রাখুন,tamim,NEUTRAL
af3c0d540943938f,মুছতাফিজকে অপমান করে এটা কী তামিমের গায়ে লাগে নাই,tamim,NEUTRAL
882cd8efb34acf1d,ভাই আপনার উচিত হবে আজকের তামিমের ভিডিও দেইকা আল্লাহর কাছে মাপ চেয়ে এই ভিডিও ডিলিট করে দিবেন,tamim,NEUTRAL
d9c3edeb4cbf0775,তামিম ইকবাল বাংলাদেশের একজন সত্যি কারের ক্রিকেটার।দোয়া করি আল্লাহ যেন তামিম কে দ্রুত সুস্থ তা দান করেন- আমিন।,tamim,NEUTRAL
273d1f05fa2b4e6d,তামিম ভাই এর জন্য অনেক অনেক দোয়া রইলো আল্লাহ যেন তাকে তাড়াতাড়ি সুস্থ করে দেয়,tamim,NEUTRAL
74df66986566217b,"তামিম ভাই আমার খুব প্রিয় খেলোয়ার আল্লাহ তুমি তামিম ভাইকে তারাতারি ভালো করে দাও,,,আমিন",tamim,FAVOR
29e2247c3b948e8c,তামিম ভাই ভালো মানুষ একজন ভালো ক্রিকেটার দ্রুত সুস্থতা কামনা করছি❤❤❤,tamim,FAVOR
63548f6a72ef9976,Dr. Jahangir Kabir Sir er totta bodhane thakle inshallah priyo Tamim Iqbal sir 100% secure thakben tar Heart er bepare inshallah.. ❤❤ karon oni bortoman bisser sobcheye sera Doctor amar dekha..,tamim,FAVOR
0240cfb42f12846c,তামিম ভাই বিসিবিতে আসলে ভালো হবো... কিন্তু তার আসলে রাস্তাটা সঠিক ছিল না 😊😊,tamim,FAVOR
f76b8d203af1ddee,জীবনেও না। সে ভালো প্লেয়ার বা ক্যাপ্টেন হতে পারে কিন্তু BCB president হিসেবে তামিমের কোনো দূরদর্শিতা নেই।,tamim,FAVOR
85756691fb1254a8,Tamim er jonn bcb er saowa valo hobr.,tamim,FAVOR
a767ccf74bd4258f,"ভাই, দয়া করে আরও ভিডিও তৈরি করেন তামিমরে নিয়া। কারণ, আমাদের হলুদ সাংবাদিকগুলা আগে যেভাবে বলছিল এখনত আর বলে না কিছু, একদম বোবা আর অন্ধ হয়ে গেছে।",tamim,AGAINST
50704f48be554fcb,Jai hok na keno seno tamim kaj valo kortese etai boro.,tamim,FAVOR
06163c849bfb9f3f,আপনি তাহলে শিবির তামিম দেশের জন্য ভালো কাজ করতেছে,tamim,FAVOR
bba4fb3a0d6fc7a4,তামিম এর নাটক এর বিষয় টা বাদ দিয়ে ও বিছিবি প্রেসিডেন্ট হওয়ার পর যা করছে অন্য সব প্রসিডেন্টরা তা ৫ বছরেও করতে পারেনি। এইরকম ভিও ব্যাবসা না করে মাঝেমধ্যে একটু সত্যি কথা বইলেন ভাই।,tamim,AGAINST
aff8826e753c4b35,তামিম ভাই ভালো কিছু করবে। আপনি এমন কিছু বলবেন না যাতে আপনার ভিডিও না দেখতে হয়,tamim,FAVOR
c11656f070ff221f,ভাইয়ের মনে হয় তামিমের কাজ ভালো লাগতেছে না,tamim,FAVOR
d594f525373d6dc3,আমি তামিমকে বেস ভালো করে চিনি কাররোন চোরের চোখ দেখলে বোজায়। হালায় সয়তান,tamim,FAVOR
b5a2856b038d9afa,বিশ্বকাপে ভালো কিছু করতে না পারলে এমনিতেই তো বিশ্বকাপ ছাড়তে হবে এইজন্যই আগেভাগে ঘোষণা দিছে বিশ্বকাপের পর অধিনায়ক থাকবে না তামিমকে বাদ দিছে নাটক শেষ এখন শেষ দুইশো দেখার পালায় আছি আমরা প্রথম রাউন্ডে বাংলাদেশ আসবে বাড়িতে 😅😅😅😅😅😅😅,tamim,FAVOR
50d7628b3d83f0e2,Desh sera batsman tamim.... Kali bola hoy kno desh sera opener 🤔🤨😎😏,tamim,FAVOR
eae1ca6da19dcfb0,তামিম ইকবালকে ধরেই বাংলাদেশ ক্রিকেট ধ্বংস হবে আরো বেশি লিখে রাখেন পরবর্তী মিলিয়ে নেন আর যদি না হয় যদি ভালো উন্নতি হয় তাহলে আমার থেকে খুশি আর কেউ হবে না,tamim,FAVOR
264f9eb5f124b8b5,বুলবুল ভালো মানুষ নিঃসন্দেহে কিন্তু আধুনিক ক্রিকেট জ্ঞান মস্তিষ্ক বুলবুলের চেয়ে তামিমের অনেক বেশি। তাই আমরা আশা করতে পারি পূর্বের বোর্ড প্রেসিডেন্টরা যা পারেনি তামিম সেটাই করে দেখাবে ইনশাআল্লাহ।,tamim,FAVOR
6f1cf42a1712d9a0,আমি বুঝি না সবই কি তামিম কি সবাই ভালো কথা বলতেছে ভালো বলতো যদি হে ক্রিকেটার হিসেবে দাঁড়াই তো এত বিএনপির নেতাদের সহকারে সবসময় বসে উঠে খায় ভালো হবে না ভাই ভালো হবে না,tamim,FAVOR
c96ad8c1659ef286,Rubbish hoiaa na Tamim. You shouldn’t be involved with the political leaders like BNP. You should support for cricket wellness.,tamim,FAVOR
f1920a89941aa35b,তামিম কে ভীষণ ভালো ভাবতাম এই লোকটা অতিরিক্ত কথা বলা মিডিয়া সো আপ করার কারণে ধ্বংস হয়ে যাবে,tamim,FAVOR
950bc6ea2d066791,আসিফ মাহমুদ এর কথায় যুক্তি আছে। খেলা ভালো না করে তামিম রাজনীতিবিদদের কাছ থেকে টাকা খায়,tamim,FAVOR
158a4d64a3b43e19,"আমার মনে হয় না তামিম ভালো মানুষ, তার অনেক নাটক দেখেছি, আর এখন বিএনপি থেকে, তাহলে কি হতে পারে সেটা দেখার বাকি",tamim,FAVOR
e3695a82eecb2cb4,"Asif Mahmud is more important than tamim bal.Lovi tamim,Valo hoye jao.",tamim,FAVOR
f7250b7ac6a358a1,কষ্ট পাইলাম এমন বিদায়ে.... য😢😢😢😢😢😢😢i love YOU Tamim Iqbal bai ❤️❤️❤️❤️❤️❤️🥀🌾🥀🌾,tamim,FAVOR
c2ece6b5fd00477c,ভাই কথা কি আবেগে বলেন না কি বিবেক দিয়ে বলেন বুঝলাম না। তামিম বুলবুলের চেয়ে হাজার গুণ ভালো প্লেয়ার। রিসেন্ট খেলা শেষ করেছে বাংলাদেশ ক্রিকেট বোর্ডে কি কি সমস্যা সে ভালো করে জানে সে গুলো সে ঠিক করতে পারবে আধুনিক ক্রিকেটার এ যুগের প্লেয়ারদের সে ভালো বুঝবে তার ফ্যামেলি ভালো মন মানসিকতা ভালো বড় মনের অধিকারি এমনি এমনি তো আর সবাই কলিজা ওয়ালা খান বলে নাই অধিনায়ক ছিলো। এখন আপনি বলেন তামিমের চেয়ে বুলবুল কোন দিক দিয়ে ভালো,tamim,FAVOR
0d9c1c97cb45d742,"Dear Uploader. do yourself a favor before commenting b/c you will learn that the guy actually bad mouthed Tamim's family and police caught him afterwards for such misconduct. Anyone normal human in the world with guts would react aggressive if you badmouth his/her family. Tamim said in press conference - He does not need fans like this. - So, Dear Bangalees, pls know and think before you comment because it makes you look like the joke when you talk without complete knowledge.",tamim,AGAINST
ba9cdec08cb3ae65,"তামিম যখন হার্ট অ্যা' টাক করলো, তখন তার নিন্দুকেরাও তার জন্য দোয়া করেছে বিশ্বাস করেন। এখন যদি সে ঘটনার পুনরাবৃত্তি ঘটে, মানুষ এবার আলহামদুলিল্লাহ বলবে ফেসবুকে হাহা রিয়েক্টর বন্যা বয়ে যাবে। কথাটা অপ্রিয় হলেও সত্য। তাই জীবনে এমন কর্ম কইরেন না যাতে মানুষ ঘৃণা ভরে স্মরণ করে",tamim,AGAINST
f15fec924f48f5d3,Great Sportsmanship Tamim.....a little love from India💝,tamim,FAVOR
e7d067b135f0922c,"Really a great move Tamim sir, Love you & passion for nation & cricket hope you recover soon & continue your natural game..",tamim,FAVOR
cfb6d52e9a841128,"Great Tamim, Overwhelmed after watching this clip. Few sportsmen show the sportsmanship like him these days. Bravo",tamim,FAVOR
57d5ae9022b340d5,Salute them specially tamim .. love from INDIA .may god bless him,tamim,FAVOR
8f0634b348c43afd,Tamim one of the cricketer in my heart..He's 2nd williamson in every people heart ...so wish you all the best Tamim ..love from Sri Lanka ..❤❤❤,tamim,FAVOR
4de980e91d9dd1ae,love you tamim.....you are a great player in the world,tamim,FAVOR
66b9d85fc1d764e2,Tamim is only great one and over cricketer in bangladesh. No have anyone like this in bangla.respectful cricketer in the bangladesh history all time.all srilankan 🇱🇰 and indian 🇮🇳 love to him.,tamim,FAVOR
4a0d5ce045e0ac48,I love tamim iqbal. He is the best crickets,tamim,FAVOR
3f6c2c4840efea17,"আলহামদুলিল্লাহ। এমন একটা তামিম ইকবাল আছে বলেই আমরা ২ টা ওডিআই ওয়ার্ল্ড কাপ, ৩ টা টি টুয়েন্টি ওয়ার্ল্ড কাপ, ১ চ্যাম্পিয়ানশিপ কাপ ও ৪ টা এশিয়া কাপ জিতেছে৷ ইনশাআল্লাহ বর্তমান টিম আমাদের আরও অনেক কিছু উপহার দিবেন৷ আমরা সবসময়ই আমাদের টাইগারদের থেকে সর্বোচ্চ ভালোটাই আশা করি৷",tamim,FAVOR
400dca8c5d9fc19c,যতবারই দেখি ততবারই আনন্দে ও গর্বে চোখ ভরে আসে। সত্যি দেশের চেয়ে বড় কিছু নেই। salute to MUSHI & salute to TAMIM.,tamim,FAVOR
823c961e170aae0c,Tamim Iqbal is best ♥♥♥ Love you lot ♥♥♥,tamim,FAVOR
d5a7079b91d45db9,Love you Boss♥ TAMIM Iqbal khan vai,tamim,FAVOR
bdbcf91eb1e5c7c2,"Tamim hocca banglar National Hero, love you So much boss",tamim,FAVOR
7dd93ca2e22c99b3,"Tamim er bikolpo niye akhon chinta Kora jorury karon or matro koek bosor baki ache . Ami mone Kory nazmul hossain shanto abong naim sheik ke bhalomoto proshichon diye beshi beshi match kheliye , bidhongshi batsman banate hobe tahole asha Kora jay tara doler jonno boro boro joy aney ditey parbe.Inshaallah.",tamim,FAVOR
f209056f5c8a55f0,I love you my best favourite player tamim iqubal,tamim,FAVOR
b4abdcb1cdfa149b,Ar ai musfique tamim niyei akhon akhon joto problem aktu kharap khellei tader dike aungul tola hoy. Sabas vai amrai bangali.,tamim,AGAINST
a5d4c062fbcb7c75,Not only respect for tamim and mushi.also respect for mithun.he is the secret Superstar,tamim,FAVOR
5e27846ae8353b69,বাংলাদেশ ঞিকের দুই জন ঞিকেটার কে সব চাইতে বেশি ভালো বাসি ১/ মোহাম্মদ রফিক ২/ তামিম ইকবাল!,tamim,FAVOR
ae38026add5fb71e,ক্রিকেট দলের সব চেয়ে ভালো মানুষ তামিম ইকবাল,tamim,FAVOR
0ad5f6642d685c12,তামিম ভাই খুব ভালো মনের মানুষ এজন্যই খাঁন সাহেবকে এত ভালোবাসি।,tamim,FAVOR
cd74fa41c09f526d,আজ থেকে ক্রিকেট জগৎ টা আমার কাছে অন্ধকার_ _💔😭। সব কিছুর জন্য ধন্যবাদ তামিম ইকবাল খান একমাত্র বাংলাদেশের খেলা দেখার বেশি আগ্রহ থাকতো শুধু তোমার জন্য । STOP Bangladesh Cricket.,tamim,AGAINST
c23f53a3d2b2721f,তামিম is great ।তার তুলনায় সে নিজে,tamim,FAVOR
4f20e26b874b8bb8,Tamim All Time Best. 90% Bangladeshi Love u Tamim.,tamim,FAVOR
e638d2f5f573e1bd,যারা বলেছিলেন তামিম ভালো করবে না এখন দেখেন 0:30,tamim,FAVOR
31be87d783ea9247,দেখে ভালো লাগছে যে ক্রিকেটাররা হাসি মজায় ছন্দে ফিরছে । সুস্থ পরিবেশ ছাড়া খেলা হয়না কখোনো। তামিমের হাত ধরেই বাংলাদেশ এর ক্রিকেট উন্নতি করবে। 🇮🇳,tamim,FAVOR
5b205ce1829f3c2e,দুঃখ হলে-ও বলতে হচ্ছে তামিম ইকবাল বিশ্বকাপে না খেল্লে ভালো হয়! কেনো না তামিমের বর্তমান অবস্তা খোব ভালো নয়!,tamim,FAVOR
5ad1cdb8e6811af9,"Tamin hobe flop captain & dinsese 2019 Mashrafee er moto dol er bhoja!! R emnite ei tamim er world cup performance onk kharap, avg. Strike rate sab ei kharap!! R tar borttoman batting style dekhle mone hoy kono shishu k jor kore cricket ball a khelasse! But kono sangbadik take nia somalochona korte vhoy pay!! Eta o khelar holud sangbadikota!!",tamim,AGAINST
07a4aab71aee5b74,No doubt it was a classical match still remember this knock from Tamim Love from Pakistan!,tamim,FAVOR
2cbba7ad1af3e254,"Man, that version of Tamim is the best.",tamim,FAVOR
a0bd8f38ccbc3a09,"In my opinion Tamim Iqbal is one of the world's best batsmen. Due to the corruption of BCB, T20 cricket competitions were very rare in Bangladesh so the domestic players never got a platform to prove themselves. Tamim is world class in test matches and odi but in t20 cricket, he has potential as well.",tamim,FAVOR
78402d9dc0a704ce,tamim best batsman good batting fastest hundred,tamim,FAVOR
86bba3a2e69080b3,Well played Bangladesh and also well played tamim🙌🙌🙌,tamim,FAVOR
9b3ac5b76f24d709,"Had Tamim Iqbal played for England, he would have ended his career as one of the greatest batsmen of all time. You can see the majestic flair with which he played each and every stroke. In Bangladesh the pitches are mainly spin-friendly and have a little for the batsmen, the outfield and pitch both are slow. If you know Bangladesh cricket, you would know how Tamim Iqbal changed his way of playing as time passed. He compromised with his batting style for the team, for he had a lot of responsibility to stay at the crease where there’s almost nothing for a batsman like him. Despite all these, Tamim has been of of the best batsmen in the world for last four or five years, and the stats will speak for him. Anyway, he may not be one of the greats like Sachin, Ponting, but he is the greatest batsman Bangladesh has ever seen. And it takes a lot of chivalry to uphold ones country against all odds. Let us all celebrate his heroic journey against the current, let us all acknowledge his great contribution to Bangladesh Cricket.",tamim,FAVOR
f5995e7632cb4825,my heart my love tamim iqbal khan......love you so much tamim.....go ahead...... and you will make an another history.......I'm waiting........,tamim,FAVOR
90587d5bf6352050,Now see haters of Tamim baba how he's when he was young,tamim,AGAINST
bd73cd84b5834536,সকল প্লেয়ারদের উচিত কোচ হাতুরো কে ❌ বয়কট❌ করা আমার মতো সবাই একমত তামিমকে ছাড়া বাংলাদেশ সেমিফাইনালের স্বপ্ন দেখাটা ভুল,tamim,AGAINST
accfa6772dc6fe5f,"Tamim was injured for some time, did not play cricket enough, announced his retirement, Was requested by PM to re consider. Could not play Asia Cup. Looked rusty in the series against NZ. He knows his body, game. He wants to gracefully retire, let’s not force him to play. He has given enough to Bangladesh cricket.",tamim,AGAINST
c98f97267cdcff72,অবশ্যই তামিম ইকবাল আমাদের জন্য অনেক গুরুত্বপূর্ণ একজন প্লেয়ার কিন্তু বাকিদের তো কোন দোষ নাই ভাই। ওনাদের জন্য শুভকামনা করাই তো উচিত আমাদের তাই না।,tamim,AGAINST
85e3bc722309710a,"তামিমকে যখন বিশ্বকাপে রাখাই হবে না তাহলে তাকে এত নাটকীয়তার মধ্য দিয়ে ফিরিয়ে আনাৱ মানেটা কি?? বাংলাদেশ ক্রিকেট দলের এমন ব্যবহার দেখে ,বাংলাদেশ ক্রিকেট দলের উপর থেকে সবার ভালবাসাটা দিন দিন উঠে যাবে,,,,,,",tamim,FAVOR
de0dc1b417c49fba,তামিম না থাকলে বাংলাদেশ ভালো কিছু আশা নেই,tamim,FAVOR
079ce207445b9691,Mashrafi vai nai bole khela dekha komiye diyechilam....tamim na thakle Bangladesh k r support korbo naa...😡😡😡,tamim,FAVOR
b653781d4262c359,Baka Tamim e sera 👍 but other opener 😅😅😅😅 Liton ar ke obosta 😂😂😂😂.,tamim,FAVOR
aa907723c2f2687f,তামিমকে অবসর থেকে ফিরিয়ে কাজটা ঠিক করেনি প্রধানমন্ত্রী। উনার কারণেই আজ তামিম অপমানিত হচ্ছে!,tamim,AGAINST
dfd0f895a5662012,Boss apnake konodin bhulbo na. Apni ajibon amader kache shoronio hoye thakben. Ar boss apnar kosto ta bujhtesi. Kono tension korben na boss dekhben apnar sathe eshob korar jonno ora onek postabe. Love you and miss you Boss Tamim Iqbal Khab,tamim,FAVOR
a6596df6a9f7c9f3,ভালোবাসি অবিরাম ❤️🌺💖 ভালোবাসা আছে থাকবে তামিম ইকবাল ভাই ❤️🌺😍,tamim,FAVOR
4479b16c220dc6ea,তামিম ভাই আপনাকে আমরা কোখনো ভুলবো না। আসলে এ BCB কে বয়কট করা উচিত।,tamim,AGAINST
66bd4596e2c5dc30,তামিমের অধিনায়কত্বে বাংলাদেশ ওয়ানডে অনেক ভালো দল হিসেবে পরিচিতি পেয়েছিল।,tamim,FAVOR
05641cab5d29f14e,তামিম ইকবালের চেয়ে অনেক বেশি ভালো ক্রিকেট খেলে তানজিদ হাসান তামিম,tamim,FAVOR
74650e74fcb3c0d7,সেটা তো এশিয়া কাপের ম্যাচ গুলোতেই বোঝা যাবে আর তানজিদ তামিম বড় দলগুলোর বিপক্ষে সব সময় ব্যর্থ হয় এটার রেকর্ডও আছে এটা ভুলে গেলে কিন্তু চলবে না,tamim,AGAINST
aad68a3ff8d12235,তার উচিৎ ছিলো কোনো রাজনৈতিক দলের ছত্রছায়ায় না গিয়ে নির্বাচন করা।কিন্তু তামিম রাজনৈতিক দলের ব্যানারে গিয়ে নিজেকে সাধারণ মানুষের ভালোবাসার জায়গা থেকে হারিয়ে ফেলেছ।সে সংবাদ সম্মেলন করে বাংলাদেশের একজন ঘেড়াও উপাধি পাওয়া লোককে নিয়ে।,tamim,FAVOR
c3e4e37151a52d02,তামিমের মা কিন্তু আওয়ামী লীগের মহিলা নেতৃ ছিলেন। তখন তামিমকে কটাক্ষ করো নাই কিন্তু এখন তাকে বিএনপি বলে কটাক্ষ করছো। একবার ভাবো সে আসলেই ভালো এবং স্পোর্টস পরিবারের সন্তান।,tamim,FAVOR
65612a629e63efc9,"এই মিঠু তো বুলবুল এর গুনগান গাইছিলো এখন নোংরামি বলতেছে। বুল বুল ভালো করতেছে তো, ওরা খাইতে পারতেছে না তাই উলটা পালটা বলতেছে।আর তামিম তো অভিনয় এর জন্য সেরা😂",tamim,FAVOR
05ddd7c3c2119100,আমি ছাই তামিম বোডে আসুক কিকেট এর জন্যে ভালো হবে,tamim,FAVOR
c4d01af3803d5806,আমাদের বাংলাদেশ জাতীয় দলের সাবেক ক্রিকেটার তামিম ইকবাল নিঃসন্দেহে একজন বড় মনের মানুষ ভালো মানুষ আমরা তাকেই দেখতে চাই,tamim,FAVOR
ffa925db4368a1de,তামিম ইকবাল র্বোড প্রদান হলে অনেক ভালো হবে ইনশাআল্লাহ,tamim,FAVOR
5d254c01928e9677,বাঙ্গালির আবেগ বেশি..... শুধু বিএনপি বিএনপি করে তামিম কি কিছু ভুল বলেছে 🎉,tamim,AGAINST
87d6ebb4cb3c1187,তামিম এখন রাজনীতি বিদ।।।। রাজনীতি তে কারো চরিত্র ভালো থাকে না আসা করি তামিমও বড় ধরনের পরিবর্তন আসবে,tamim,FAVOR
0579a2b55f98f99d,বয়কট তামিম 😢😢😢 ভালোবাসা নষ্ট করে দিলেন খান সাহেব,tamim,FAVOR
9efafc4960688a17,তামিম ইকবাল আগে থেকেই আওয়ামী লীগের সুবিধাভোগী তার কাছে ভালো কিছু আশা করা বোকামি সে হলো ভদ্র রুপি লোভী তামিমের ফ্যামিলি আওয়ামী লীগের আমলে অনেক সুযোগ সুবিধা নিয়েছেন তখন আর তার কাছে কোনো কিছু সমস্যা হয় নাই,tamim,FAVOR
ee74cd1510a712a8,ভালো কথা বললে অনেক মানুষের সমস্যা হয়ে যায় তামিম ইকবাল এখানে একা কথা বলছে না এখানে ক্রিকেটার এবং তাদের রুটি রুজির সবকিছু এখানে জড়িয়ে আছে,tamim,FAVOR
68bea82d10b9e20b,আমি একজন প্রবাসী হয়ে বলছি তামিম ইকবাল সময় থাকতে ভালো হয়ে যাও। যদি আমি ব্যক্তিগতভাবে তোমার একজন সাপোটার ছিল বর্তমানে তোমাকে আমি মন থেকে ঘৃণা করি। কারণ আমার মনে হয় তোমার মাথার ভিতরে রাজনীতি ঢুকে গেছে,tamim,FAVOR
dddbbc53e4aba844,তামিম ভাই কে যারা বাজে বলে ্ ওরা আসল বে জরমা,tamim,AGAINST
4fe96a474b4f7959,একটা জিনিস কমেন্টের লক্ষ্য করছি কেন জানি সবাই তামিমের উপরে খুব প্রকাশ করছে । কিন্তু আপনারা তামিমের উপরে খুব প্রকাশ করার আগে তার কথা জাজ করার চেষ্টা করুন। সে তো গঠনতন্ত্র মেনে নির্বাচন করার কথা বলছে । এটাতো দোষের কিছু নয় । একটি নির্বাচন হবে সেটি যদি অবাত সুষ্ঠু নির্বাচন না হয় তাহলে সেই নির্বাচনের দরকারটা কি। তামিম তো রাজনীতির বলে প্রেসিডেন্ট হতে চাচ্ছে না । কিন্তু আপনারা বুলবুলকে প্রেসিডেন্ট বানানোর জন্য রাজনীতি করতেছেন । তামিম বুলবুল কিংবা ফারুক প্রেসিডেন্সি হয়ে আসুক না কেন সে নির্বাচিত হয়ে আসুক এটাই দেশের ক্রিকেটপ্রেমীদের চাওয়া ।,tamim,AGAINST
a4e8c05c52784a5a,"তামিম সাহেব কে ভালো লাগতো,,,কিন্তু এখন কেন জানি ভালো লাগে না,,,কারণ সে বিএনপি রাজনীতি করে",tamim,FAVOR
67841972976ff06a,তামিম এর চাচা ছিল আওয়ামী দোসর ও দালাল আর এখন সে করছে বিএনপির দালালি। বাহ কি চমতকার চাচা কে দিয়ে আওয়ামীলীগের কাছ থেকে ফায়দা নিয়েছে আর এখন সে বিএনপির দালালি করে ফায়দা নিতে চাচ্ছে। তামিম ইকবাল দালালি বাদ দিয়ে দেশের কথা ভাব।,tamim,AGAINST
22cf95cd9ec67649,"তামিম একজন'ই!! শুভকামনা তোমার জন্য, ভালো থেক ভাই!!",tamim,FAVOR
d4b27393b769c3df,তামিম ভাই মুসফিক ভাই দ য়া করে আপননারা মিলে জান আপনারা জখন মন খারাপ করেন জানেন না আপনাদের চেয়ে আমাদের মন খারাপ বেসি হ য় কারন আমি খেলা পেমি মানুষ তামিম ভাই মুসফিক ভাই জানেন না আপনাদের কত ভালবাসি জিবনে ফাস্ট ইউটুবে কমেন্ট করলাম জানিনা আমার ভাইদের চোখে পরবে কি না,tamim,FAVOR
19ae818493ff6082,"তামিম আমার খুব পছন্দের একটি মানুষ কিন্তু তিনি ক্রিকেটে সব থেকে স্বার্থপর মানুষ উনি ওনার ব্যক্তিগত কারণে অবসর নিয়েছেন তিনি দেশের বা দলে কথা একবারও চিন্তা করে নাই,এদেশের লক্ষ লক্ষ ক্রিকেট পেমির কথা তিনি একবার ভাবেনি,,,",tamim,AGAINST
be393df8e8bbcf17,তামিম অনেক ভালো লাগার ক্রিকেটার।কিন্তু যখন ডাক্তার বলছিল তামিম সিগারেট ছাড়তে পারবেই না।তখন তামিমের প্রতি খুব বিরক্ত লাগছিল।এই তামিমের জন্য কি দোয়া করতাছি।খুব বিশ্রী তামিম। আলহামদুলিল্লাহ তামিম সুস্থ হয়েছে। কিন্তু আগের মতো ভালো লাগা কাজ করেনা। আমি এবং আমার পুরা পরিবার ধূমপানমুক্ত আলহামদুলিল্লাহ।,tamim,FAVOR
173e27d05aeec8cf,তামিম আমার খুব প্রিয় একটা খেলোয়াড় ছিল কিন্তু এখন ওপর মতো বাজে মানুষ আর নাই,tamim,AGAINST
2c02471bcc495e1c,এটাই আমার প্রিয় বস। সব সময় ভালবাসি প্রিয় তামিম 💝💝💝,tamim,FAVOR
4c0454fcc0058216,"সত্যি বলতে তামিমের মত সুন্দর বেটিং কেউ করে না আমাদের বাংলাদেশ টিমের কেউ তাই কম রানে আউট হলে সবারই খারাপ লাগে,, তবে দিন শেষে তামিম ভাই কে অনেক ভালবাসি,,, আর বলতে চাই তামিম কে যারা বলেন খেলা ছেড়ে দিতে আর উনাকে নিয়ে ট্রল করতে, তারা যেনো তামিম ভালো করলে যেনো না বলে তামিম কি খেললোরে ভাই,, যারা উনার খারাপ সময়ে পাশে থাকেন না তারা ভালো সময়ে পাশে থাকার অধিকার নেই,, এতকিছু দল দিয়েও আজ উনি অপরাধী,,",tamim,FAVOR
cafb07673880f32e,Tamim is the best player in Bangladesh,tamim,FAVOR
5aadda6e86d9e8bc,I love Tamim Iqbal Khan From Cox's Bazar Teknaf ❤❤❤,tamim,FAVOR
2cddaccc62fdfc8a,Ektu por por just kata diye uthtesilo vai😅 What a masterpiece. My inspiration my favourite cricketer Tamim Iqbal Khan My king😊,tamim,FAVOR
d802da70b3052f17,"সমালোচনা গুলো অগাধ ভালোবাসার জায়গা থেকে করা হতো দেশের যখন গুরু ভাগ মানুষ ক্রিকেট প্রেমী সে সুবাদে সবারই আশা থাকে দেশ জিতবে, দেশকে জেতাবে তাদেরই ভালোবাসার সিংহ পুরুষ ক্যাপ্টেন তামিম ইকবাল খান। যখন সে স্বপ্নটাই ভেঙে যায় আসলে তখনই ক্রিকেট প্রেমীরা সমালোচনা করে। তবে আমি ব্যক্তিগত ভাবে গুটি দু এক ছাড়া সবাইকেই শ্রদ্ধাভরে সমর্থন করতে সাচ্ছন্দ্য বোধ করি। কেননা তারাই যে বাংলার ক্রিকেটের অঘোষিত কিংবদন্তি কান্ডারি। cordial respect and love for our tigers💝💝💝",tamim,FAVOR
55a6a1d30c17a4a4,Amr super hero...... Cotobela theke tomake dekhei cricket er proti valobasa r captain mash🫡🫡.... Love you my captain mash and my super hero tamim iqbal,tamim,FAVOR
7439f8217add7fe6,I LoVe u boss tamim i love u♥️♥️♥️♥️,tamim,FAVOR
1c09bb38897c6944,"Literally i am crying for tamim.. I never cried for any player wheather cricket or football. Truely he is legendary, classy gentleman i have ever seen.. We are all have been missing him since last world.. We want Don't kill tamim.. There is still time for revert. Please urge him to revert and back to pavilion",tamim,FAVOR
5080d664ce4f67b5,Love you boss tamim iqbal khan my heart 😍😘😗😙😚🤗,tamim,FAVOR
c7132c6c566fe706,Love you boss tamim Iqbal Khan! Love always,tamim,FAVOR
211b1885e8394ba3,"Those days are gone when tamim used to play attacking cricket,nowadays his playing style is pathetic 😢",tamim,FAVOR
e87b1eb67293747b,"তামিম ভাই একটা ভালো কথা বলবো ছোট ভাই হিসেবে,,, প্লিজ রাজনীতিতে যাইয়েন না।",tamim,FAVOR
7c8db219bd7a823a,তামিমকে ভালো জানতাম কিন্তু এতো ফকটু জানা ছিলোনা,tamim,FAVOR
397241a245fd6ae3,তামিম ইকবাল আসলেই একজন ভালো মানুষ ❤ তবে তামিম বেশি খাইতে গিয়া কমো পায়নাই আর দেশে তামিম নাই সে দেশের মানুষ আর চলে না খেলাধুলা করে না বেশি ভালো দেইখা তো লাড্ডু পাইছে সামনে আরও অনেক বেশি কিছু দেখবে ও পাইবে,tamim,FAVOR
d83a49f3b84994af,তরুনরা যতই ভালো খেলুক! আমরা তামিম কে চাই♥,tamim,FAVOR
3d2e487589092720,"বিশ্বাস করেন, এতোদিন বিশ্বকাপ পাওয়ার স্বপ্ন দেখতাম।। তামিমের এই সিদ্ধান্তের পরে স্বপ্ন দেখা ছেড়ে দিয়েছি😥😥 আমাদের তরুণরা ভালো করে ঠিক আছে, তবে সিনিয়ররা না থাকলে তারা কখনো ভালো পারফর্ম করতে পারবেনা।।😪😥😥",tamim,FAVOR
5b163ef269c8bc03,তরুণরা তো ওপেনিং এ আশানুরূপ ফলাফল দিতে পারছে না।।তামিম ইকবাল যথেষ্ঠ অভিজ্ঞ একজন ক্রিকেটার।।তার কাছ থেকে সব সময় ভালো কিছু আশা করা যায়।। ওপেনিং এ সে বাংলাদেশের জন্য অপরিহার্য।।,tamim,FAVOR
a96f318eb26a3106,"তামিম খেলছে না এতে দলের অন্যদের প্রমাণ করার ভলো একটা সুযোগ।আশা করি লিটন, নাইম এবং সৌম্য বিশ্বকাপে ভালো করবে।শুভকামনা রইলো বাংলাদেশ ক্রিকেট টিমকে।",tamim,FAVOR
f4d5a9b597156d49,I do respect Tamim's decision. I reckon he has to give more concentration on ODI & TEST cricket.,tamim,FAVOR
7c004e21f2f02726,Tamim Iqbal is the best of our country cricket,tamim,FAVOR
381141bba22efc39,তামিম ভাই খেলবে না শুনে খুব খারাপ লাগছে।,tamim,AGAINST
fd157ce6cdbf46b5,"বিশ্বকাপে সোহানকে না নিয়ে একজন হাই-হিটিং ব্যাটিং কে নেওয়া হোক- কারণ একজন ভালো ব্যাটসম্যান কিছু রান করে দিলেও সেটি দলের জন্য বড় পাওয়া- যেহেতু কিপিং করার মতো একাধিক জন আছেন-- আর তামিম যদি ফিরে আসে, তাহলে তো আর কোন কথাই নেই--- তামিমকে এই বিশ্বকাপে দেখতে চাই - তাকে দলের জন্য ভীষণ প্রয়োজন--",tamim,FAVOR
8d6033b850db04e8,মক্কলের মত কথা তামিম ইকবাল বাংলার সেরা এমনে এমনে হয় নাই বাংলাদেশ তারে অনেক দিছে। এখন তার দেওয়ার সময় এসে এটা ঠিক না,tamim,FAVOR
f98aa18104dac3be,"এইভাবে কান্না ভেজা চোখে,😥 বিশ্বকাপ শুরু ঠিক ৯০ দিন আগে, নিজের ১৬ বছরের ক্যারিয়ারের অবসরের ঘোষণা দিলেন Tamim Iqbal😥 আর হয়তো দেখা হবে না তোমাকে খেলার মাঠে bat হাতে 😥 I miss you এ দেশের মানুষ তোমার Mulla বুঝবেনা😥😥 দোয়া করি পরিবারের সবাই কে নিয়ে ভালো থাক 🤲🕋🤲 (আমিন)",tamim,FAVOR
ce58e0bef0e0e00e,"'আত্মসম্মানবোধ' সবকিছুর ঊর্ধ্বে.. 'তামিম ইকবাল' সেটাই প্রমান করলেন।💔 বিদায় বাংলাদেশের সর্বকালের অন্যতম সেরা ব্যাটসম্যান অভিমানী ""তামিম ইকবাল খান"" 🥲",tamim,FAVOR
5ebbd16983e68391,"#Nidahas_Trophy_2018 ফাইনাল ম্যাচ দেখে কাঁদলাম!! 😢 আর আজ আবার কাঁদলাম!! 😢 ধন্যবাদ #তামিম ইকবাল খান , আমাদেরকে কাঁদানোর জন্য 😢😢",tamim,AGAINST
29c973a243f2bb07,যেভাবে তাকে অসম্মান করে কথা বলা হয়েছে তাতে অবসর করে তামিম ইকবাল ঠিক কাজ টি করেছে। কারণ তার কাছে টাকার চেয়ে সম্মান অনেক দামী। ধন্যবাদ তামিম ইকবাল কে।,tamim,AGAINST
7ba61bce703d6316,মাঠে তামিম ইকবালের বডি ল্যাংগুয়েজ দেখে অনেকদিন ধরে ক্লান্ত মনে হচ্ছে । তাই তাকে নিজ থেকেই সরে যাওয়াই ভালো মনে করছি। তবে এমন ভালো প্লেয়ারের বড় কোন শিরোপা ছাড়াই ক্যারিয়ার শেষ করা বেদনাদায়ক।,tamim,FAVOR
9612efafa5ee343c,আমার নিজের ব্যক্তিগত কিছু কথা। সামনে বিশ্বকাপ।এই সময় এমন সিদ্ধান্ত মোটেও ঠিক হয়ে নাই। তামিম ইকবাল একজন ভালো মনের মানুষ। দেশের ক্রিকে‌‌টের🏏 জন্য একবার হলেও চিন্তা করা উচিত ছিল।,tamim,FAVOR
437a5640bc461ba7,খুবই কষ্ট পেলাম তামিম ইকবাল অবসরের ঘোষণা শুনে ?,tamim,AGAINST
a9f8e52243f98e1d,"এ দেশের হলুদ সাংবাদিক এবং ক্রিকেট বোর্ড ম্যানেজমেন্টের উদ্দেশ্যে বলছি ক্রিকেট এবং ক্রিকেটারদের নিয়ে রাজনীতি বন্ধ করুন না হলে অচিরেই এভাবে অনেক ক্রিকেটার অবসর নিয়ে নিবে.যতগুলো ক্রিকেটার অবসর নিল সবারই একই অবস্থা সে তার যোগ্য ও প্রাপ্য সম্মান নিয়ে অবসর নিতে পারে না এর কারণ কি ? ভালোবাসি ভাই এভাবে অবসর না নিলেও পারতেন Tamim Iqbal Khan 😭💔🥀 আফসোস, আমরা জাতিগত ভাবেই অকৃতজ্ঞ!",tamim,FAVOR
a5a151ec7c90da42,"আমরা চাই তামিম আবার ফিরে আসুন আপনার হাত ধরেই আমরা বিশ্বকাপে ভালো কিছু করতে চাই,,,",tamim,FAVOR
e16d0d22cfe50392,"আমাদের ক্রিকেট কালচার এতটাই খারাপ,যে একটা প্লেয়ার আমাদের তার ক্যারিয়ারে আমাদের অসংখ্য ভালো ইনিংস উপহার দিয়েছে, ক্রিকেটারদের ভালো সময় খারাপ সময় আছে,তামিম হয়তো লাস্ট ১০, ১৫ ম্যাচে তামিম সুলভ রান করতে পারতেছে না, তাই বলে কি আমরা এই প্লেয়ার কে ছুড়ে ফেলে দিব, একটা প্লেয়ার কতটা কষ্ট পেলেই এরকম সিদ্ধান্ত নিতে পারে 😢",tamim,FAVOR
daf328fe2a8fbb56,সম্মান থাকতে বিদায় নিছে এটাই ভালো। তবে আমি আমরা কেউ চাইনি বিদায় নেওয়ার মতো ঘোষণা তামিম দিতে বাধ্যহোক। অনেক বড় ক্ষতি হয়ে গেলো ক্রিকেটের।,tamim,FAVOR
9a224da0da6454ba,Goodby Tamim God bless you .Let us wish for the best cricketer of new age.,tamim,FAVOR
0a1f5d1b687d872a,This is the best decision of Tamim the old man.,tamim,FAVOR
8d13b1b5c37c0295,তামিম কে' কি করেছে তা আমরা জানি। কিন্তু তার এভাবে অবসর নেওয়া উচিত হয় নি,tamim,AGAINST
13f2ab10a074d42a,Always love and respect for tamim iqbal the legend. I hate bd cricket board,tamim,FAVOR
9fb32d81a593861c,তামিম ভাইয়ের জন্য খারাপ লাগছে তামিম ভাইয়ের এই অবস্থা দেখতে চাই নাই এটার পিছনে পাপনের শয়তানি ও হাতুড়ি মিলে তামিম ভাইকে এতো কষ্ট দিলো,tamim,AGAINST
dbbee2ff2d7b38de,"খুবই কষ্ট পেলাম🥹😥অনেক আশা করেছিলো তামিম যে ২৩ এর ওয়ার্ল্ডকাপ সব থেকে ভালো কিছু হবে,,আফসোস পাপনের জন্য এরকম করলো",tamim,FAVOR
6fcff43efef3ec1a,ওনি ওনার সম্মান নিয়ে চলে গেছেন ভালো হইছে তামিম❤❤❤,tamim,FAVOR
77319405afe0a2ce,অনেকে পোস্ট দিবে বিদায় লিজেন্ড আরও কত কি.. কিন্তু তারা সময় তাকে ট্রল করতো যতই ভালো খেলুক। তামিম ইকবাল দলে ছিলো তাই বাংলাদেশ বিশ্বকাপ জিততে পারে নাই। এবার বিশ্বকাপ নিশ্চিত বাংলাদেশের। কেউ আর ঠেকাতে পারবে না। অপেক্ষা রইলাম।,tamim,FAVOR
8c00274e4282e69f,"ক্রিকেটে মধ্যে ভাইরাস সংক্রামিত হয়েছে এটা যদি টিট মেন্ট না করা হয় তাহলে অদূরে ক্রিকেট ধংস হয়ে যাবে,,,,,,,,, তামিমের জন্য ভালবাসা রইলো।।",tamim,FAVOR
cfc1dc34e098d9ba,তামিমকে এত বেশি ভালবাসি যে তাহার এই কথা শোনার পর আমি আর কিছুই বলতে পারতেছি না আমি আর মানতে পারতেছি না তামিম ফিরে আসো ❤❤❤,tamim,FAVOR
01703fc195344718,তামিম ৬ মাস বিরতি নিয়ে অবসর কেন নিলেন.........? কারন তামিম t20 world cup খেলতে চাইছিল কিন্তু বিসিবি তাকে World cup নিতে চাচ্ছে না। তামিম ৬ মাস বিরতি নেয়ার পর কেন অবসর নেওয়া ঘোষণা । রহস্য টা খুজে দেখার অনুরোধ জানাচ্ছি চ্যানেল 24 কে।,tamim,AGAINST
9a67646328ac300c,"তামিমের ভাব দেখলাম....টি-টোয়েন্টি তে কি এতো ভালো খেলে তামিম আর অন্যরা, আমরা সব জানি.....টি-টোয়েন্টি তে তামিম টেস্ট খেলা শুরু করে, ১০০ রান করেছে নরমাল দল ওমানের সাথে, তা না হলে সেটা ও হতোনা,",tamim,FAVOR
8c445ecb2938068d,সাংবাদিক ভাইরা তামিম ইকবালকে ফেরানোর জন্য আপনারা কিছু করেন আমাদের কাছে তো কোন ক্ষমতা নেই যে আমরা তার জন্য কিছু করব,tamim,AGAINST
c606ccdc75a90442,আর পাঁচ ম্যাচ কে খেলবে স্কোয়াড কি 50 জনের।আবেগ দিয়ে না ভেবে বিবেগ দিয়ে বলেন একজন আনফিট প্লেয়ার কিভাবে দলে থাকে।।। হে মানছি তামিম থাকলে ভালো হতো।,tamim,FAVOR
11b230fa56739558,"প্রেসিডেন্ট যদি বুলবুলের জায়গায় তামিম হতো, তাহলে বাংলাদেশে ক্রিকেটে এত সিন্ডিকেট হতো না, পারফরম্যান্স এত খারাপ হতো না,,,,, আজকাল আয়ারল্যান্ডের বিরুদ্ধে খেলতে গেলে আমাদের চিন্তা করতে হয়",tamim,AGAINST
8e78b167be1ce0a2,In this moment tamim is the best captain.,tamim,FAVOR
121c1852a9af71ef,কারা যেন কয়েকদিন বলেছিল এই দল নিয়ে তামিম না অন্য কেউ অধিনায়ক হলে ভালো করতো।তারা কই,tamim,FAVOR
06fff032b14cad65,আমি নিশ্চিত তামিম ক্যাপ্টেন থাকলে বাংলাদেশ এতো খারাপ করতো না।,tamim,AGAINST
78cc55becbb2d498,তামিম অবশ্যই ভালো ক্যাপ্টেন । তার সফলতার পরিসংখ্যান ই এ কথা বলে,tamim,FAVOR
7cb10696719816c0,Koi eshob pan.... Bhanga dol ta diye r kiba kora.... Tamim theke o Zimbabwe series harce Bangladesh.... So.... Egula hudai bole lab nei.... Full strengthen strength doll holei valo kicu hobe....,tamim,FAVOR
55369a4d2e4a9a52,@ArifinSujon-77 vhulinai vhai.... Tamim er captaincy te etai Best chilo....,tamim,FAVOR
a3829c8b71c856df,"Masha Allah the answer to the question is absolutely true, Tamim Iqbal is the best of all",tamim,FAVOR
123fbe0f320e5510,Mr.Tamim is the best player of our country. Your speech is outstanding. Thank you so much.,tamim,FAVOR
e162a82c9ae7fc82,"নটক কম কর পিও আ হ হা তামিম কত সুন্দর অভিনয় করে রে হ,অভিনয়ের জন্য তামিম সেরা রেহ।",tamim,FAVOR
8479686cbb6b3a90,তামিম ভাই আপনি কেন এত অভিনয় করেন সত্য কথা বলেন কি সমস্যা বিসিবি সমস্যা না নির্বাচন কমিশনারের সমস্যা না আপনাদের সমস্যা এত অভিনয় করো তো কিছুই নাই যেই ক্লাবগুলো দুর্নীতির সাথে জড়িত তাদেরকে সরিয়ে দেওয়া হয়েছে আপনের সময় এগুলো দুর্নীতি করতো আপনি তাদের সাথে যোগ দিছেন,tamim,AGAINST
01269c304771c120,"Upodesta asif ekta kotha bole ""cricket e rajnoitik doler kaj ta ki?asolei to setai. Tamimke kno BNP thekei nirbachon kora lagbe? Shakibke dekhe ki tar sikkha hoini? Shakiber moto ekjon jekhane awami tag er jonne aj Nanan somossa face korche sekhane Tamim er fan bage to chuno puthi.rajnoitik dol poriborton hole tokhon tamimkew abar shakiber moto nirbasone chole jete hobe. Ar Tamimer doler amol nama to manuah itomoddhei dekhefeleche. "" Ami kno potical dolke support korina. Prottek doler e kichu bektitto ache jader amar valo lage. Abar upset o joi je tara desh opekkha dolkei beshi pradhonno dei.",tamim,FAVOR
3b3e6543620162f8,"বিএনপির লোককে জেলার কাউন্সিলর না করায় তামিম গোসসা। গত ২০ বছরে ব্রাদার্স এর হয়ে ইশরাক কি কাজ করেছে? এখন বন্দুকের নলের মধ্যমে ব্রাদার্সের কাউন্সিলর হলো ইশরাক- এই বিষয়ে তামিম বাই কিছু বলে যান। আগের কমিটির বেশীরভাগ ছিলো দুর্ণীতিবাজ, ওদেরকে বাদ দেয়ায় তামিম বাই কষ্ট পাইছে, আহা টাকা দিয়ে কাউন্সিলর কিনতে পারতেছে না দেখে হেতে কষ্ট পাইছে",tamim,AGAINST
10579f32313d8f79,তামিম ইকবাল কে ভালো জানতাম এখন আর ভালো মানবো না।,tamim,FAVOR
bced5484c005ff23,তামিম ভাই কিন্তু ইশরাক ভাইরে সাথে নিয়ে বিসিবি ঘেরাও করবে ।। তামিম ভাই তাড়াতাড়ি উইরা উইরা আসেন। আমরা দেখে নেবো- কিভাবে বুলবুল প্রেসিডেন্ট হয়?? বুলবুলের কি আছে?? থাকে 12হাজার টাকার বাসায়- চড়ে উবারে। নিজের একটা গাড়ীও নেই। আর আমাদের তামিম ভাই- যখন তখন হেলিকপ্টারে ফোন দিয়ে প্রি অর্ডার করে রাখে। ভাইর খুটির জোড় কোথায়- বুলবুলের কি তার কোন হুশ আছে। বেচারে চড়ে উবারে। ভদ্র আর ভালো মানুষ হলেই কি বিসিবি প্রেসিডেন্ট হওয়া যায়??? বিসিবি ঘেরাও করার হিম্মত থাকা লাগে। আচ্ছা যাদের সাথে নিয়ে তামিম ভাই বিসিবি ঘেরাও করবে- তামিম ভাই কি তাদের দল করে??? কোনদিন কিন্তু বলে নাই। বুলবুল সাহেব একটু অভিনয় জানতে হয়। দেখেননা বাঘের বাসায় খাটাশ ঢুকে কিভাবে অভিনয় করতেছে। তামিম ভাইরে দেখে একটু শেখার চেস্টা করেন।,tamim,FAVOR
06afebad9a1fdfb7,নিন্দুক থাকা ভালো তাই বলে। প্রতি হিংসা ভালো না। তামিম ভাই বোর্ডে আসাতে। ছেলেদের মধ্যে সম্পর্কটা বেশ ভালো দেখা জাইতেছে। ওদের খেলা দেখলে মন হয় সবাই এক সাথে লড়তেছে,tamim,FAVOR
1b33a0cf70d90e4a,ভালো কাজ যে করবে তাঁকে এই দরকার আর তামিম সেটাই করতেছে তাই দালালদের চুলকায় তাই না 😂,tamim,FAVOR
3318cd8bd9d07c9e,তামিমকে ভালো মনে করতাম এখন দেখি কালসাপ,tamim,FAVOR
5bec36dac028b5eb,তোদের মত দুর্নীতিবাজদের মুখে এসব কথা মানায় না ১৮ মাস লুট করে নিয়েছিস বাংলাদেশের সম্পদ এটা কেউ বলে না তামিম কি করে সেটা ভালো করে দেখ টাকার প্রয়োজন নাই তামিমের বোর্ড কিভাবে চালায় সেটা একটু দেখ,tamim,FAVOR
27da5dbbd1e8bc74,"The information you mentioned about Tamim Iqbal was not correct. He was not dropped for any protest against BCB. That protest was in 2019, and how can he be out for that in 2023 world cup?",tamim,AGAINST
b503ce465205345a,"ভাই আপনার মতো কনটেন্ট ক্রিয়েটর থেকে মানুষের অনেক কিছু শেখার আছে।নট আউট নোমান ও রিয়াসাদ আজিম তামিমের পক্ষ নিয়ে যেভাবে বুলবুলকে হটালো,নোমান যেভাবে বাজে ভাষায় বুলবুল ও তার বোর্ডকে নিয়ে মন্তব্য করল,তাতে ভদ্র ভাষায় ওদের নিয়ে কিছু বলতে পারছিনা।বাংলাদেশের মানুষ এতটা দাসত্বের দাস আমি অবাক হয়ে যাই।",tamim,AGAINST
fd35d2755a94a718,তামিম ইকবাল একজন এই যুগের ক্রিকেটার সে ভালো বুঝবে কিভাবে ক্রিকেট কে এগিয়ে নিয়ে যেতে হবে। তামিম ইকবাল কে অন্তত ৬-৭ মাস সময় দেওয়া উচিত,tamim,FAVOR
dfd03636336633f4,"As per Bangladesh cricket fans Bangladesh failed in this world cup due to absence of Tamim Iqbal, whose average in the World Cup is about 25 in 29 innings in his prime time.",tamim,AGAINST
f8d07c103b2f4745,Tamim iqbal gud player. Love from pakistan,tamim,FAVOR
e02260a278ba2876,I love Bangladesh team Love from Pakistan ❤❤❤❤❤️ King 👑👑👑 Tamim Iqbal Legend,tamim,FAVOR
dc5331749862549f,Mr Tamim is great with perfect vision...,tamim,FAVOR
c90a946c38319e02,"Shiekh Tamim, galbi 😍😍😍 Wow I thought he didn't speak English but damn he does ! Omg daddy, I love u ❤️❤️❤️❤️❤️❤️",tamim,FAVOR
2abbdad93d043079,"No, you got it allll wrong. Qatar is now only standing due to the presence, and efforts of his Highness Sheikh Tamim Bin Hamad Bin Khalifa Al Thani. Our Highness has supported all the Citizens of Qatar ,with the help of Government Officials to allow Qatar to be balanced, and to make sure everyday life hasn't been impacted. Qatar wouldn't be able to make it through this Calamity without the stance and help of his Highness Sheikh Tamim Bin Hamad Bin Khalifa Al Thani. We will forever be loyal to our Emir, after all he proved how befitting he was of being a leader.",tamim,FAVOR
f59364f7a32c02b1,SHEIKH TAMIM QATAR .IS A GREAT KING OF QATAR VERY PICS FULL .,tamim,FAVOR
874ec481dae0dd63,God Bless you Emir Tamim .. An example of a respectful wise leader !,tamim,FAVOR
a6c03716be88dedc,I really respect you Emir Tamim. May Allah protect you.,tamim,FAVOR
c8da9e31934751e7,Boss is always boss...i respect tamim sir...we're always with qatar✌✌,tamim,FAVOR
889d4f5514ac3468,"May Allah bless you Mr: H H Tamim, we are very lucky to have one leader like you sir. I am proud to satay in Qatar 🇶🇦.",tamim,FAVOR
605326f55adc8092,"I Strongly support Qatar, & I Love Qatar.♥♥♥ Best of Luck Our Emir HH Sheikh Tamim bin Hamad althani.",tamim,FAVOR
f39fcd8d2f730892,I love shaikh tamim from India and continue go ahead on your right organisation.,tamim,FAVOR
e704e55d92e43022,I always salut my brave Hero. May Allah help you (Sheikh Tamim).,tamim,FAVOR
35ad1a9e8df439bd,Love you tamim god bless you always 😍🌹🌹🌹🌹🌹🌹,tamim,FAVOR
855557cc5c50e303,Your decision is great tamim keep it up 👌,tamim,FAVOR
ad1d1de5084e3f7f,Love you shaikh tamim sir I'm from India,tamim,FAVOR
83fbd35eaa624c2d,"You can tell Sheikh Tamim is a stand up guy, who only wants best for his people.",tamim,FAVOR
6975b923482e3642,MY LOVE IS QATAR/ TAMIM GOOD MEN,tamim,FAVOR
d01783b013e960eb,বুলবুল ভাইকে বাংলাদেশের ক্রিকেট ফ্যানরা ভালোবেসে আসছে আর সামনেই ভালোবেসে যাবে কিন্ত তামিম মানুষ সামনে আর ভালোবাসবেনা ক্রিকেট খেলে জতটা সম্মান কামাইছিলো সব সম্মান শেষ করছে এই নোংরামি করার কারনে। বুলবুল ভাইয়ের মতো ভালো মানুষ হয়না সে ক্রিকেট বোর্ডে থাকলে বাংলাদেশের ক্রিকেট অনেক উন্নত হতো❤,tamim,FAVOR
6a0b16e9f8408a98,"বুলবুল ভাই অসাধারণ একজন মানুষ । আমার আব্বার টিমে একসময় বুলবুল ভাই খেলতেন ,বাংলাদেশ বিমানের ক্রিকেট টিমের মেনেজার ছিলেন আব্বা। বুলবুল ভাইয়ের সঙ্গে New York আমার দেখা হয়েছিল আমার আব্বার নাম বলার সাথে সাথেই উনি চিনেছেন এবং আমার আব্বার খোঁজ খবর নিলেন।আমি কখনোই ভুলতে পারবো না।অনেক ভালো মনের মানুষ তিনি খেলা বুঝতে পারেন এবং খেলার জন্য ভালো কিছু করতে চেয়েছিলেন। হায়নার দল তামিমের নোংরা পলিটিকসের কারনে করতে পারে নাই।",tamim,FAVOR
ce93ed934f276a8d,ভূয়া বোর্ডও যদি হয় তামিমের তবুও ভালো। বুলবুল ভাই কে সম্মান করি। কিন্তু ক্রিকেটকে ধ্বংস করে ফেলছিলেন। আল্লাহ বাঁচাইছে।,tamim,FAVOR
c2ba8780f2645998,"Jisanism- রাজনীতি, সাংবাদিক, দল, পার্টি, খেলা-ধুলা, ইজমেআজম, সবকিছুতেই এই ইজমই গুয়ামাইরা দেয়। এই বুলবুল ভাই, তামিম সবই ইজম সাউয়া মাইরা দিতাছে। তাই এই জিসানিজম নামটাও একই মিনিং করে। তবে, আমি বুলবুল ভাইকেই সভাপতি হিসাবে দেখতে চাই।",tamim,AGAINST
ceaecf5d792a992a,ক্রিকেট বোর্ডকে ধ্বংস করে পালিয়ে যাওয়ার আবার অনলাইনে এসে বক্তব্য দেয় এই দুই মাস তামিমের দায়িত্ব টাকা খেলোয়াড়দের উন্নত কতটুকু এগিয়ে আছে এগুলা দেখেন বিএনপি বুঝিনা জামায়েত বুঝি না যে ভোট ভালোভাবে চালাবে তাকে আমরা চাই দুই মাসে অনেক উন্নত হয়েছে বিপিএলে দুইটা দলকে এনওসি ছাড়া কিভাবে খেলেন আপনারা বুলবুল সাহেব বলবেন এর ব্যাখ্যাটা,tamim,FAVOR
c120e7bf775e0aaa,এই লোক সাংবাদিক কেমনে ভাই!!! এই লোক তো বসছেই আমিনুল ইসলাম বুলবুলের চামচামি আর তামিম ইকবালের নামে উল্টাপাল্টা কথা বলতে,tamim,AGAINST
f101460fc8f6e48b,"তামিম আপনার না বলা কথাগুলো আমরা বুজতে পারি, we love you very much❤️❤️❤️❤️ আপনাকে ষড়যন্ত্র মূলক দীর্ঘদিন কে কি করছে সব ক্রিকেট প্রেমিরা জানে ভাই। বাংলাদেশ দেশপ্রেমিকদের ভালোবাসে না। সেটা বহুবার প্রমাণিত।",tamim,FAVOR
07b7b003bc595bdf,Tamim iqbal bhai great man love and dua roylo 😢😢😢😢😢😢,tamim,FAVOR
1e6221e664757cda,"প্রধানমন্ত্রীর অনুরোধে তামিম ফিরে এসেছিলেন, কিন্তু তাকে পরিকল্পিত ভাবে অপমান করে দল থেকে বাদ দিলো। যারা এ কাজ করেছে তারা কার্যত তামিম কে নয়, প্রধানমন্ত্রীকেই চরম অপমান করেছে। তাদের আচরন এমন যে প্রধানমন্ত্রী কি বললেন, কি ভাবলেন তা তারা পুছে না। এবার দেখার বিষয় প্রধানমন্ত্রী কিভাবে রিএক্ট করেন।",tamim,AGAINST
f7a7548a43200689,"যদি সত্যিই দেশের হয়ে সাংবাদিক হয়ে থাকস,তাহলে বের করে দেখা কে করছে তামিম কে ফোন করেছে",tamim,AGAINST
150c9a56c99b7c3b,বাংলাদেশ টিম হিসাবে তামিম ইকবাল একজন ভালো ওপেনিং,tamim,FAVOR
cfcccceaa5d2a988,দেশ সেরা ওপেনার তামিম ইকবাল খান ১৬-১৭ বছরের ক্যারিয়ারে কখনো ওপেনিং ছাড়া করেননি তাকে কিভাবে ৬-৭ নাম্বারে ব্যাটিং করতে বলে এটা হল বিশ্বকাপ দল থেকে সেটে ফেলার একটা সিস্টেম দ্রুত তামিম ইকবাল খানকে বিশ্বকাপ দলে নেয়া হোক,tamim,FAVOR
3c0027a9da6e1b56,"""তুমি যদি খেলো তোমাকে নিচে ব্যাটিং করতে হবে। "" এটা কি রে ভাই? তামিম কে বলা হয় তুমি যদি খেলো। বি সি বি তামিম কে বাদ দেয়ার কতো না প্লান করেছে দেন তারা আজ সাক্সেস। কিন্তু হেরে গেলো বাংলাদেশের ক্রিকেট। কতো জঘ্ন্য",tamim,AGAINST
b2f0e2f3f52d7b46,"একটা মানুষ একটানা ১৬-১৭ বছর বাংলাদেশকে সার্ভিস দেওয়ার পর,তার সাথে এই আচরণ,তার শেষটা এভাবে হবে এটা কিভাবে সহ্য করা যায় তার।নিজের কান্না থামিয়ে কথা বলা খুব কঠিন রে ভাই।তামিমের আবদান কখনো অস্বীকার করতে পারবেনা কেউ।সবার শেষটা সুন্দর হওয়া দরকার।তামিমের যায়গায় যারা আছে তাদের কোয়ালিটি নিয়ে কত প্রশ্ন,কিন্তু তামিম তো তামিম ই।আমরা কখনো ভুলে যাবোনা তামিম ভাই আপনাকে।ভালো থাকবেন সবসময়❤️❤️",tamim,FAVOR
8c56efa0f84d53df,তামিম এখানে একটু চালাকি করা উচিৎ ছিল। সে সরলতার পরিচয় দিয়েছে। কারণ ওপেনার রা ফেইল সেখানে তামিম কে যদি লোয়ারমিডল অর্ডারে নামানো হলে সবাই এর সমালোচনা করত,tamim,AGAINST
7d0910a0ceda8542,"পুরাতন সব বাদ দিয়ে নতুনদের সুযোগ করে দেয়া দরকার, তামিম বাহিনী বয়কট",tamim,AGAINST
eb2b7987bbf2ab2c,"সকল ক্রিকেটার এর মাথা খারাপ, কোনো কারনে বাংলাদেশের ক্রিকেট ব্যান হলে সব ক্রিকেটারের বাজে পারফর্মেন্স দিয়েও মোটা টাকা পাওয়া বন্ধ হয়ে যাবে। তাই সবাই তামিমের পক্ষ নিয়ে কথা বলছে।",tamim,AGAINST
41e2a081c1c9d71a,I love you Tamim Boss Always Tamim Iqbal khan,tamim,FAVOR
93ae931dd37d7124,It's true that Tamim iqbal is the most stylish left handed Batsman in the world. love you so much Tamin iqbal,tamim,FAVOR
ea9fa689f2b10c8d,The world class batsman ... Tamim You rock,tamim,FAVOR
3bb5c5a7ca0ebc8e,I'm Habiba Tanzila From Bangladesh🇧🇩 support Tamim Iqbal.... 💖💖,tamim,FAVOR
cd768b02c3e841e5,Tamim iqbal the underrated gem the underrated legend of the game..he is the most dashing left handed opener batsman i have seen in cricket and also the best ever batsman in Bangladesh cricket 🔝🔝 Cricket world cup will miss you legend ❤️,tamim,FAVOR
a1cafc52a598e76d,Tamim Iqbal one of the best opener in the world....,tamim,FAVOR
770e0171e0f228a9,"@ahmedriyad3538 No bro 😏. The players you mentioned are only good onece in bangladesh. But looking at tamim' s batting, he is far ahead in terms of techniques 😌. But there are many better batsmen in the world than tamim. Usually he is a threat to the bowlers 👍.",tamim,FAVOR
de1bdbaa36ba981e,@emtiazmuhammad7155 Tumi mata bujo!! Tamim Iqbal is the best,tamim,FAVOR
2810d46fb2a96560,"@Alex-zt3dd Exact Translation : Tamim is Bangladeshi, I am also Bangladeshi, I am proud of him",tamim,FAVOR
4ccdca0f04cce5e0,what a mesmerising shot he plyed😱😱. love you bossi Tamim😍,tamim,FAVOR
568feb4b0bb42604,মাল of ctg!!! তামিম বদ্দা আঁরার গর্ব৷,tamim,FAVOR
30cc6395c155d127,son of Chettagong Tamim iqbal All tha best. ...,tamim,FAVOR
a43c2dbd01d3f8e0,Love you bangladesh and love you Tamim.,tamim,FAVOR
012288cb5e0bd351,তামিমকে T-20 বিশ্বকাপে প্রয়োজন। তামিম থাকলেই বাংলাদেশ জিতবে এমন না কিন্তু তামিম থাকলে বাংলাদেশের শুরুটা ভালো হয়😭 come back Tamim🙏🙏😭,tamim,FAVOR
517bfa297bd69d93,একটা বড় প্রতিভা হারালাম বিসিবির অযোগ্য মানুষ এর জন্য দোয়া করি ভালো থেকো তামিম,tamim,FAVOR
8e46ff1099c1ac0e,Tamim Iqbal is the legendary cricketer in Bangladesh 🇧🇩✌️,tamim,FAVOR
f30f00c368a0887b,"তামিম ইকবাল ভাই একটু খারাপ খেললেই,সকল দর্শকরা যে ডটবাবা বলে তুচ্ছ করে !এজন্যই তামিম ভাই টি টুয়েন্টি খেলাকে বিদায় ঘোষণা করছেন।",tamim,AGAINST
ba9e9977262f34d3,এই ওদের কারনেই আমাদের বাংলাদেশ ভালো কিছু করতে পারে না তামিম না খেল্লে বাংলাদেশ সাপোর্ট আর করব না,tamim,FAVOR
30fbe89ee04d2194,Love you tamim bro 😭😭😭Miss you this tonament 😭😭,tamim,FAVOR
9eefb6a9a71617af,I Love You Tamim Iqbal vai...& All Bangladeshi Cricket Team তোমাকে জানাই স্যালুট।। সাবাস বাংলাদেশ। খেলবে টাইগার জিতবে টাইগার । We really Proud of you.. Tamim vai you are a really Great man... & Great Cricketer...,tamim,FAVOR
a4834248f70af398,Love you . You are a great sports person i have ever seen in the sports world. Love you Tamim. Prey for tamim,tamim,FAVOR
4140f1d05ff06eb9,TAMIM vai I love you...tumi ja korco ta kew korte parbe na...I love you vai,tamim,FAVOR
22707a6c05c06179,I LOVE YOU SO MUCH TAMIM VAI💗💗,tamim,FAVOR
97457dd3fcd7ece9,love you tamim bhai apnar desh pramer jonno,tamim,FAVOR
00040ba664e039e1,Love you Tamim Iqbal. You are the proud of our team.,tamim,FAVOR
720a06a3803bf595,I love my canty and tamim vay tove you so mas,tamim,FAVOR
59603e4a3b8a18be,tamim. just brilliant. wonderful. we are proud of you tamim.,tamim,FAVOR
8c7afdcf1e980362,Tamim is tha great cricketer of tha world.love you tamim,tamim,FAVOR
bae013cc0c47dbd2,LOVE YOU TAMIM VAI.You are the best.,tamim,FAVOR
3fd93cdfa5313ee9,Your the great man in Bangladesh I love you tamim,tamim,FAVOR
94a637d96a9b6aaf,love u tamim & videos tar jonno love u,tamim,FAVOR
05f5d70617c8620a,"আমি ভালবাসি আমার তামিম ভাইকে ও আমার বাংলাদেশের ক্রিকেট টিমকে, আই লাভ বাংলাদেশ ক্রিকেট টিম",tamim,FAVOR
f43f09994cee53dd,Love you tamim bhai you are the best man in bamgladesh team respect for you asha korseapne goldethek hoia gaben💌👍we love you tamimrespect for you 👏👏👏👏👏,tamim,FAVOR
2fefca469b934f82,Tamim you played a ball like a king,tamim,FAVOR
008cccf918c06af2,Love u uu tamim vai.... really really love uuuu,tamim,FAVOR
6e8230faa523744c,love u tamim vai & musfiqur & mithun all player love u,tamim,FAVOR
5301dbe6eaaa8a90,I love u tamim bai. Realy love u,tamim,FAVOR
c5ecce24ac9db42c,i love you tamim bay i realy love tamim vay very very lave you i micu bangladash criket time your very love you,tamim,FAVOR
9a6b8dd61a7f20ae,love you tamim and all criketar in Bangladesh,tamim,FAVOR
0737cbd8682e28d0,salut you and love you tamim bhai,tamim,FAVOR
5025d6adac36f849,I love tamim bai u are the best.,tamim,FAVOR
850d41a17a2053c9,Love you tamim vi & very very thangs,tamim,FAVOR
3878912233941539,Love you tamim boss you is the great,tamim,FAVOR
f75d3bac0db7fd5e,love you tamim bahi amar name tamim,tamim,FAVOR
152e423015bbcf01,তামিম ইকবাল বাংলাদেশের ক্রিকেটের কলংক! Hypocrisy at it's best!!!!,tamim,FAVOR
ebf16b593869b2a7,Totally wrong শিরোনামঃ তামিমের অবসর মেনে নিয়েছে বোর্ড????????? what kind of journalism is it????,tamim,AGAINST
143114ba944390cd,"ভালো মানুষের সত্রু বেশি,,,আলহামদুলিল্লাহ,, তামিম ভালো মনের মানুষ,, জা দিয়েছে দেশকে তার চেয়ে অনেক বেশি পেয়ে গেলো,",tamim,FAVOR
38b3dfccafab721b,Keu gele kopal chaprai Keu gele dhol chaprai Manush nijei nijer storuly likhe history hoi... karo kono contribution nai... only self contribution... Great cricketer and personality; Tamim Iqbal will be remain in people's heart for long time...,tamim,FAVOR
54447b8f1150ccc4,What breakup 😂 He is a crazy fan of Tamim iqbal As he retired this fan went crazy I know bengali a bit tho I m sylheti,tamim,AGAINST
243b850bd117d0eb,"নাসির আমিই তোমাকে আর জাতিকে সঠিক নিউজ দিচ্ছি, সেটা হলো... নাসির তুমি বাংলাদেশের যতবড় সুপারস্টার হওনা কেন, তোমার সদ্য বিবাহিত স্ত্রী তামিমার গর্বের প্রথম সন্তানের জনক হলো রাকিব হাসান। নাসির তুমি তামিমার সাথে যুগের পর যুগ একসাথে থাকার পরও তোমার সে অপূর্ণতা থেকেই যাবে।",tamim,FAVOR
22839c71ce4867a2,"নাসিরের জার্সি নাম্বার ৬৯ রহস্য। নাসিরের বর্তমান বয়স ২৯, তামিমার বয়স ২২, তামিমা অন্য জায়গায় সংসার করেছে ১২, একটা সন্তান আছে বয়স ৮ । সর্বমোট ( ২৯+২২+১২+৮ = ৭১) তামিমার মোট ৩ জন জামাই , অন্য ২জন জামাইকে বাদ দিলে থাকে একমাত্র নাসির যাহা ( ৭১-২ =৬৯ ) ইহা নাসিরের জার্সি নাম্বার প্রকাশ করে।",tamim,AGAINST
5d442b04c66aa90a,নাসির এবং তামিমা কে বলতেছি তোমাদের জীবনে তোমরা কখনো সুখী হতে পারবেনা কারণ দোষ করলে তোমরা করতেছ একজন মাসুম বাচ্চার দোষ নাই সুতরাং একজন মা তার সন্তানের দিকে দেখে অনেক কিছু সহ্য করে আর তোদের এই সংসার বেশিদিন টিকবে না এটাই কামনা করি আর কিছু বলব না,tamim,AGAINST
f5be2d288844cd90,নাসির এবং তামিমার দেখছি লজ্জা শরম কিছুই নেই এতবড় একটা জঘন্য কাজ করার পরেও মিডিয়ার সামনে এসে কথা বলছে ছি,tamim,AGAINST
bf1de3efec920d0e,ওতো দালাল এটা বলার কি আমার সব ছেয়ে পছন্দের খেলোয়াড় ছিলেন তামিম এখন ওরে আমি ঘৃণা করি আমার কাছে দেশ আগে তারপর ক্রিকেট,tamim,AGAINST
3c539694a1a4d237,আমাদের তামিম ভাই তো অনেক ভালো তাই না তাহলে আপনারাই কমেন্টগুলো দেখেন মানুষগুলো কি ঠিক বলে না ভুল বলে,tamim,FAVOR
65d84abeefaead0a,সবার আগে দেশের সম্মান এরপর খেলা যেখানে দেশের সম্মান নাই সেখানে কোন খেলা হবে না তামিম ইকবালকে সবার সামনে এসে তার ভুল স্বীকার করে ক্ষমা চাইতে হবে তামিম ইকবালকে ।ভারতের দালাল তামিম ইকবাল,tamim,AGAINST
f5fd86e06e226cd1,Tamim 🇧🇩 🇧🇩 Iqbal All Indian people Full support to the Tamim 🇧🇩🇧🇩🇧🇩 Iqbal Speech Thank you Tamim 🇧🇩 Iqbal 🙏🙏🙏🙏🇮🇳🇮🇳🇮🇳🇮🇳 Jai Modi baba 🇮🇳🇮🇳💪💪 Jay BCCI 🇮🇳🇮🇳💪🇮🇳💪 Jay Tamim 🇧🇩Iqbal 🇮🇳🙏🙏,tamim,FAVOR
f432dfa4b1288353,কথায় আছে না রসুনের ঘোড়া সব এক জায়গাতেই থাকে তামিম কি একটাও ভুল কথা বলেনি সেটা কি তুলে ধরছে ক্রিকেটাররা আগে দেশ তারপরে ক্রিকেট,tamim,AGAINST
64298f08f6569261,তামিমের উচিত দালালি বাদ দিয়ে জাতির কাছে ক্ষমা চাওয়া....,tamim,AGAINST
a92b85cf8779d7ac,তামিম সহ যারা তামিমের পক্ষ নিয়ে কথা বলছে তাদেরকে জুতার মালা পড়ানো হোক কারণ মোস্তাফিজ ইস্যুতে যেখানে বিভিন্ন দেশের খেলোয়াড়রা মুস্তাফিজের পক্ষ নিয়ে প্রতিবাদ করেছে সেইখানে এই ভারতীয় দালালরা চুপচাপ ঘরে বসে সব দেখছে আর এখন যখন ভারতীয় দালাল বলে আখ্যা দেয়া হইছে এখন শরীরে লাগছে,tamim,AGAINST
8d92b4a1e4ed5703,"যারা তামিমকে সমর্থক করে তারাও নিসন্দেহে দালাল, অতীত নিয়ে সারাজীবন পড়ে থাকতে হলে মনে রাখিস ইবলিস শয়তান সে-ও অতীতে আল্লাহর ইবাদত করেছে",tamim,AGAINST
690b8c1c50f09b5f,"তামিম একজন চোর, সব ক্রিকেটার বাদ দিয়ে নতুন ক্রিকেটার খোজা হউক?",tamim,AGAINST
de2291f551ed5dfb,Mashrafee bhaier Kotha 100% Right. Bangladesh Cricket Team er dorkar ekhon Ekshate ek hoye egiye Jawa..Tobe Tamim Bhai chara koto ta Possible Allah Valo Jane..Good luck Bangladesh Team & Best Wish for World Cup,tamim,FAVOR
d4b295da37df25fd,I love you Mashrafi and Tamim Iqbal Khan,tamim,FAVOR
3cbf40ca451c7555,অনেক তো খেলা দেখলাম তামিম ছাড়া। 171 রানেই 10 টা পরে যায় তারপর ও কি শিক্ষা হয়নি। আসল কথা হলো যারাই দেশের ভালো চাইবে তারা হয় চুপ করে থাকবে নয়তো দেশ ছেড়ে চলে যেতে হবে এটাই বাংলাদেশের নিয়ম😢😔,tamim,FAVOR
032adc595f3a2881,তামিম ইমোশোনাল । জারা বি এন পি করে তারা বাদ।,tamim,AGAINST
3861105b417af8a8,"তামিম অনেকবার বিশ্বকাপ খেলার সুযোগ পেয়েছে। আমি যেটা মনে করি তামিম এর অনেক বয়স হয়েছে, এখন অন্য কাঊকে খেলার সুযোগ করে দিক। অন্য দেশে খেলোয়াড়দের একটা বয়স সীমা রয়েছে, সে বয়স পার হওয়ার পর তারা অবসর নেয়। তার উদাহরণ রোনালদো। ফিটনেস ভালো হওয়ার সত্বেও তাকে তার অবস্থান ছেড়ে দিতে হয়েছে। অন্য কেউ তার পজিশনে খেলার সুযোগ পাবে। আলহামদুলিল্লাহ বাংলাদেশ এমন একটা দেশ খেলোয়াড়দের গাড় ধাক্কা দিয়াও সরানো যায় না। অন্য কাউকে সুযোগ দিবে নাহ, যাদের আবেগ বেশি তাদের কে বলবো, বিষয়টা আবেগ দিয়ে দেখবেন না, আল্লাহ আপনাকে বুদ্ধি দিয়েছে বিবেক দিয়ে বিচার করবেন।",tamim,FAVOR
935e463bfd6e5d17,যে মানুষের নামে বদনাম রটাতে পারে সে যে কতো ভালো বোঝাই যায়😂 মুখের ভাষা কি জঘন্য ছি তামিম,tamim,FAVOR
02252a6f0cba0ae0,তামিম আর সাথীর নাটক ছাড়া আমি দেখতাম না কিন্তু তামিমের মুখের ভাষা এত খারাপ সাথী ছাড়া তোমার নাটক কেউ এত পছন্দ করতো না😂😂😂,tamim,AGAINST
305e3311cb320c10,তামিম যখন বিয়ে করছে তখন সাথীর পাত্তাও ছিল না তা।সাথী আইছে কয়দিন হল? খারাপকে খারাপ বলছে তাতে আপনাদের এত জ্বলতেছে কেন?,tamim,AGAINST
0bd3bba48210dce7,আগে আপনারা নিজে ভালো হন তারপর অন্যের বদনাম কইরেন।।। আপনাদের চরিত্র কতটুকু ঠিক তামিম ভাই আর সামিয়াকে বলছি,tamim,FAVOR
506935201e8b83fa,"অবশেষে তামিম ও সামিরার ফাঁদে পড়ে গিয়ে, অডিও হয়ে গেল। তামিম কারো খারাপ মন্তব্য কখনোই করে না, হোক সে ভালো আর মন্দ। কিন্তু সামিরা ফাঁসিয়ে দিল 😂😂😂",tamim,FAVOR
455f023b3bcdd8d2,তামিম ভাই কে অনেক ভালো লাগতো কিন্তু সে ও কারো বদনাম করতে পারে এইভাবে ভাবি নাই,tamim,FAVOR
05d5eacf2800682a,"এত সাহসী তো, তখন প্রতিবাদ না করে, সাথীর সাথে কেনো এত কাজ করেছো?? তামিম নামের মানুষ গুলোই মনে হয় গুটিবাজ,, কেউ বলে ভুইলা যায়েন না, আমারে মনে রাখবেন,, আবার কেউ সামনে বিড়াল হয়ে থাকে,, পিছনে ঘেউ ঘেউ করে।",tamim,AGAINST
d8e2a0aff37376b6,একটা মেয়ের পিছনে সব গুলা মানুষ কেমনে লাগছে তামিম ভাইয়ার সাথী আপুর নাটক আমার কাছে অনেক ভালো লাগতো এখন একদম মন উঠে গেছে আচ্ছা সাথী আপু যদি এতো খারাপ হয় তাহলে সাথীর সাথে কাজ কেন করছেন বুঝলাম না একটা মেয়ের পিছনে সব গুলা কেমনে লাগছে আরোহী মিম সাথী কে জুতা দিয়ে মারছে তিথি ওর নামে অনেক কথা বলছে এখন তামিম ভাই ও আল্লাহ মেয়েটা কে আপনি বাচান 😢,tamim,FAVOR
23cedea59ad04051,Oto prof paor por o hoy nai tai sathi balo tamim koto balo manosh se kano mitte bol be man lam thiti bol kintu samaiya appi bol bolben kno tini artik sajib er bagni hoye ar Arohi k kno sobai troll korse se toh tar mukh chup reke selo kintu sathi tar upor je bodnam choria se bole Arohi sathi kota bolse ar tamim bhai ageo famous sathi r fram kaoyr lagbe na Arohi toh sathi che popular amr mone hoy bangladeshi manosh er tabis korse tai sathi k support korsi 4 jon manosh ki bol bolbe😡🙂‍↔️😠,tamim,FAVOR
6ee36ba835c2312f,"তামিম খন্দকার তুই ভাই মন থেকে বের হয়ে গেলি তোরে আগে ভালো লাগতো,🤧",tamim,FAVOR
974e417facd2b47f,"তামিম ভাইকে ভালো মনে করতাম বাট আজকে দেখলাম ছি তামিম,,,একটা কথা সবার মনে রাখা দরকার মা বোন সবার আছে এদের আইনের আওতায় আনা দরকার",tamim,FAVOR
2c647e7a506c8de9,তামিম ভাইকে আগে অনেক ভালো মনে করতাম কিন্তু আপনি এতো ভালো হলে সাথির সাথে এতো নাটক করছেন কেন?,tamim,FAVOR
8a39de6f3430e1ba,Kichu manush bole tamim bhai er naki jole.. Era tamim bhai ke chenei na... Old prank king maneei tamim bhai... Tamim bhai chara ekhono prank er king er ekta series ke series mone hoi na.. Tamim bhai er keno jolbe...,tamim,FAVOR
06763c04be00a458,মিথ্যা বাদি তামিম।নাটক করছো যে তখন এই কথা মনে ছিল না।,tamim,AGAINST
de87a02a38a14923,"তামিমের ভাষা খারাপ,, বয়কট তামিম,, সাথী অলওয়েজ বেস্ট ❤❤❤",tamim,AGAINST
cc2b21ce7b13790b,"Ami bujhina j kharap tar sathe eto gulo natok. Hae manush er sathe na mishe, na kotha bole to bujha jaay na se kmn. Kintu bujhar por o kaj kora even korlo keno. Jkhn kharap bujhse aro onek aage. Tamim k to amar onnek vallage bisher kore Sathy r sathei",tamim,AGAINST
a0edadbea986cc0b,"jara boltase je Tamim tahole Sathir sathe kaj kan kore? Tader jonno boli ektu abeg na dekheye bebek diye vebe deikhen toh amader ashe pashe emon kichu lok thake jader amara pochondo kori na tader kharap diker karone kintu tader sathe baddho hoye cholte hoy, kotha bolte hoy r prefesional khetre toh ei somossata beshi hoy je kharap mentalitir tar sathe kaj korte hoy...",tamim,AGAINST
80b9d98f9fcc9eed,আপনার তামিম ভাই আপনাকেও ভালো জানতাম আপনার নাটক দেখতাম কিন্তু আপনি আর ভাবতে পারি না আপনিও কারো বদনাম করবেন,tamim,FAVOR
775ca6356ed0b782,ভাই আপনার একটা টিম খোলেন আমরা সে নাটক দেখব তামিম ভাই আপনাকে অনেক ভালো লাগে আপু আপনাকে অনেক ভালো লাগে আপনাদের নাটক দেখতে চাই আমরা,tamim,FAVOR
513ddf18c7523ecd,"আমি মনে করি তামিম আপনি যদি এতোই ভালো হতেন তাহলে একটা মেয়ের নামে এমন কথা বলতে পারতেন না, তা আবার একসাথে কাজ করেছেন, খারাপ হলেও বলা উচিত নয় 😢",tamim,FAVOR
1072cf6f3390770a,তামিম তুই ফালতু না সাথীর নামে বদনাম করস সাথী আপু অনেক ভালো ❤❤❤,tamim,FAVOR
d868eda540a48403,তামিম ইকবাল তুমি ক্রিকেট খেলার জগতে আমার প্রিয়ো খেলোয়ার। দোয়া রহিল তুমি ভালো ভাবে ফিরে আশবে ইনশাআল্লাহ।তুমি আমাদের সেরা ওপেনার সেরাই থাকবে।,tamim,FAVOR
0de483fbe17d4c2f,"Tamim Is My Boss, তামিম এবার World Cup এ Man of the tournament হবে",tamim,FAVOR
9a540a20727deb52,Tamim is the best player for the Bangladesh cricket team. Love you boss u r great person❤❤❤,tamim,FAVOR
f7af70920124e082,লিটন যখন বাদ তামিমকে অনুরোধ করে নেওয়া দরকার,tamim,AGAINST
397c0439d40cc5ba,তামিম কে ভালো মনে করতাম। এই সময়ে এধরনের ইন্টারভিউ কখনো ভালো উদ্দেশ্য হতে পারে না,tamim,FAVOR
570f2088f3d307ad,"Khali Natok Natok, Tumio Tamim toto valo na? Karon tumake ato recust koreche T20 khelar Jonno Tumio khelo ney",tamim,FAVOR
f2439e40a967c326,One of the most amazing knocks and best comeback stories. Tamim and Imrul will forever be in history,tamim,FAVOR
710430035b664b40,Tamim & Imrul are the best opener ever in test cricket of Bangladesh. So i hope they will back soon specially in test cricket.,tamim,FAVOR
bf930561dd876402,Tamim Vai all time love you ❤..Sarajibon apni Amar emotion Amar idol hole thakben❤,tamim,FAVOR
5aa75194fcff156a,Unbelievable game played by Tamim Iqbal 🏏and imrul🏏 . What a great partnership it was!! Really outstanding 💥,tamim,FAVOR
080f8b456f8b35bf,The finest batsman Bangladesh have ever produced the legend Mr. Tamim Iqbal Khan.,tamim,FAVOR
635393f1b6230ecf,প্রত্যেকটা শট দেখার মত। মন ছুয়ে যায়। তামিম ভাইয়ের টি২০ থেকে অবসর নেওয়া উচিত হয় নাই। তাকে তিন ফরম্যাটেই খেলা উচিৎ।,tamim,AGAINST
15cbe905bfc14604,তামিমরা কখনো বয়সের কাছে হার মানে না ❤❤ love you Boss,tamim,FAVOR
76e7abbc819b8b92,Undoubtedly Tamim Iqbal Khan is one of te gretest openers in history of Bangladesh cricket and he played a brilliant inning but also not to forget Imrul's innings,tamim,FAVOR
8118376014513aa6,1. Tamim Iqbal is the best opener of Bangladesh Cricket 2. He is an inspiration and example to all modern batters of Bangladesh 3. He was the first in Bangladesh Cricket to show attacking batting 4. Newcomers must follow him to the last,tamim,FAVOR
bf3b04db7d6fd5ea,Tamim Iqbal my most favorite opener love from Pakistan ❤,tamim,FAVOR
2a717f1115e3c24e,Best test Aggressive innngs by an Bangladeshi batter. What a player Tamim iqbal,tamim,FAVOR
de8565c7ccd99a49,"i am astonishing how the Pakistan players congratulate Tamim Iqbal,,, really Pakistan players are great",tamim,FAVOR
bf19976a5d34033c,তামিমকে আবার বাংলাদেশের অধিনায়ক হিসেবে দেখতে চাই।,tamim,FAVOR
aea6cc02c423bedc,This one is for Tamim Iqbal’s haters how tamim Iqbal’s was,tamim,AGAINST
31753a5fc14cae30,আমি জোরালো আবেদন জানাচ্ছি তামিম কে দলে ফেরানোর জন্য আরো আবেদন জান্নাচ্ছি যারা তামিম কে বাদ দিয়েছে তাদের যেনো আইনের আহতায় আনা হয়,tamim,AGAINST
245ba0a4ae0d9074,"অনেক অনেক শুভেচ্ছা ও ধন্যবাদ, তামিমকে দলে চাই।। ইনশাআল্লাহ",tamim,AGAINST
8d65fa5c1daee80c,দারুণ কাজ শুনে খুশি হলাম। ধন্যবাদ জানাই আপনাকে। বিশ্ব কাপে তামিম কে চাই,tamim,AGAINST
0d894d77c66d6663,তামিম ইকবাল কে বিশ্বকাপে দেখতে চাই❤❤❤হাতুরে যদি ভালো কোচ তাহলে তার দেশে চান্স পায় না কেন 🤔🤔,tamim,FAVOR
e94f29253e6e0a01,আমি বাদে হিসাব করেন। অসুস্থ তামিমকে প্রয়োজন নাই।,tamim,AGAINST
4371a4665f296d3e,"আমরা বাংলার মানুষ, তামিম ইকবাল ভাইকে দেখতে চাই, বিশ্বকাপে, এবং বাংলাদেশ কিছু একটা করুক ভালো কিছু",tamim,FAVOR
cf1ec4c042ba17d8,আমরা কি বলবো ভালো মানুষের সব জায়গাই কষ্ট কারণ টা জানতে চাই বাংলাদেশের কি অবস্থা তামিম ভাইয়ের পক্ষে আঠারো কোটি মানুষ,tamim,FAVOR
07ba4a0224f2cb69,সুপ্রিম কোর্ট কে সাধুবাদ জানাই সাথে তামিম কে বিশ্ব কাপে চাই,tamim,AGAINST
8aef8a7ba543b187,তামিম দলে নেই তাই কখনও টিভির পর্দায় ও যায়নি বস তুমি সেরা তুমি একজন বেস্ট পেলয়ার,tamim,FAVOR
497e742febf37e68,❤❤❤ আমার কাছে তামিম ইকবাল একজন ভদ্র ভালো খেলোয়াড় ধন্যবাদ তামিম ভাই আপনাকে 😢😢😢 এমন জীবন করিবে গঠন মরিলে হাসিবে তুমি কাদীবে ভুবন😢😢😢❤❤❤,tamim,FAVOR
78a9353dca5801de,Bangladesh Cricket-e amader shobar priyo durdanto dashing opener TAMIM IQBAL bhai-er onuposthiti ha re ha re ter pabe 2023 T20 world cup-ei. Miss you a lot we all cricket fan of Bangladesh to our legend TAMIM IQBAL Bhai in 2023 T20 world cup.,tamim,FAVOR
477e8e6f3cc216ed,ধন্যবাদ তামিম ভাই! এদেশের ক্রিকেট প্রেমি মানুষ যুগ যুগ ধরে মনে রাখবে আপনাকে। ভালো থাকবেন। আপনি এবং আপনার পরিবারের প্রতি ভালোবাসা অবিরাম 😢🙏❤️👍,tamim,FAVOR
e2dfdc6abfb9793f,আর তো দেখত পাবনা তামিম ভাইয়া কে আল্লাহ তুমি অনাকে ভালো রাখবে আমিন 😂😂😂😂😂😂😂😂😂😂😂,tamim,FAVOR
124e7fecadbcd874,ভালো থেকো ওপেনার তামিম ভাই ও পনচোপানডোপের বাকি সদস্য। ভালো থেকো টিম টায়গার। আমি নাইম সেখের মত আরেক নাঈম শেখ।যুক্ত ছিলাম সৌদি আরব থেকে।,tamim,FAVOR
6c37abe6ad3b0fcf,I love you Tamim vai!!! I will always miss my favourite cricketer Tamim vai!!!,tamim,FAVOR
c1cc3ecd41e1ba60,খান সাহেব একটু ভেবে দেখুন। দেশের কোটি কোটি ক্রিকেট ভক্ত আগামী টি-টোয়েন্টি বিশ্বকাপে আপনাকে দেখতে চায় 💖 আর এভাবে মধ্যরাতের স্টাটাসের মাধ্যমে নয় হাজার হাজার মানুষের উপস্থিতিতে মাথা উঁচু করে টি-টোয়েন্টির ২২ গজকে বিদায় জানাবেন এটাই আমাদের প্রত্যাশা। বাংলাদেশ ক্রিকেটের এই উথ্থানের পেছনে আপনার অবদান অনস্বীকার্য। love you Tamim Iqbal 💖💙,tamim,FAVOR
2b20eee28b40f40e,"এখনও সময় আছে, তামিমকে টি-২০ তে ফিরিয়ে আনা হউক এবং অধিনায়কত্ব দেওয়া হউক।",tamim,FAVOR
c94d159859bab896,তামিম টি-২০ ভালো খেলে না ৭৮ ম্যাচ এ ১৭৫৮ রান গড় ২৪ স্টাইকরেট ১১৪ এমন খেলার চেয়ে না খেলা ই ভালো,tamim,FAVOR
d32f3d952d78fbeb,ভালো করসে তামিম টি-২০ ম্যাচ খেলে না অবসর নেওয়া উচিত আর তার টি-২০ তে পরিসংখ্যান দেখেন সে টি-২০ তে ভালো খেলোয়াড় না,tamim,FAVOR
accc8af8825495e3,বাংলা কতা বলতে সমস্যা হয় নাকি...না লজ্জা করে? তামিম ভাইর কাছে প্রশ্ন? অকারনে ইংরেজিতে কতা বলে বাংলা ভাষার অপমান না করা টা ভালো,tamim,FAVOR
4c3a8129b497e46e,"তামিমের লাস্ট কথাটা হার্ট টাচিং,আপনারা আমাকে মনে রাইখেন ভুলে যাইয়েন না😢 কতটা কষ্ট পাইলে এমন কথা বলতে পারে,রেসপেক্ট আরও বেড়ে গেল ❤ইউ ব্রাদার যেখানে থাকেন ভালো থাকেন ❤❤❤❤",tamim,FAVOR
2516426c4747d25b,Tamim k bad diye akdom thik koreni.,tamim,AGAINST
d055f039bb8ad537,tamim vai r masrafi vai 2jon k awesome lage amr amr priyo player der modde ai 2jon best but aikhane ami masrafi vai k somorthon korbo becuse i love argentina,tamim,FAVOR
4b73dbb732570c49,I m Brazil supporter tamim vai thanks you Brazil tem support to like,tamim,FAVOR
314a5fe1d7ba2dc3,"If they get india to tour then it opens up something even more valuable for their cricketers. Participation in IPL. And that will make their board and players very well off financially . Simple. Tamim Iqbal is no ones fool. And he knows what's good for Bangladesh Cricket. You play the IPL your cricketers get exposure to the worlds best batters , bowlers and even coaches ( Ricky Ponting, Kumar Sangakkara, Mathew Hayden, Stephen Fleming , Justin Langer, Mahela Jayawardene , Andy Flower , Daniel Vettori , Lasith Malinga ) all in one place . Thats invaluable for your crickets development.",tamim,FAVOR
244fd21010fab714,"Jali na teri bhi Jali na 🤣🤣🤣🤣🤣🤣🤣 Moving an entire World Cup—or even a handful of matches—out of India or any other country just a month beforehand is absolutely not a joke. Such a decision involves enormous financial implications, complex security arrangements, stadium readiness, logistics, broadcasting contracts, and the handling of already sold tickets, including refunds and international travel disruptions. These are massive, interlinked operations that cannot be undone overnight. This is the ICC World Cup, not a casual gali‑nukkar cricket tournament. Decisions at this level demand serious responsibility, long‑term planning, and careful judgment. Every choice affects multiple cricket boards, hundreds of players and staff, millions of fans, and global stakeholders. Tamim Iqbal understands this reality because he is an international cricketer who has been part of such large tournaments. Criticising the ICC, BCB, BCCI from the outside is easy—but managing a global event of this scale is not. Those involved in decision‑making carry obligations that go far beyond public opinion or emotional reactions.",tamim,FAVOR
47dd9d9276b70300,"Tamim Was Right, Tamim Is Right, Tamim Will be Right....",tamim,FAVOR
3d9f9d199ee1861a,"At first, Decide karlo Tamim Awami League ka support hea or BNP ka?",tamim,FAVOR
0f99903359031120,তামিম ভাইয়ার সাথে সাথী আপুর বিয়ে হলে ভালো হতো,tamim,FAVOR
6d900aaf69e001a0,"শুভেচ্ছা তামিম ভাইয়ের জন্য 🥰 প্রেঙ্ক কিং সকল সদস্যদের দেখতে পাইলাম কিন্তু সাগর,রিয়া ও শান্তকে দেখলে আরো ভালো লাগতো🥰🖤",tamim,FAVOR
176e0524551d8d3a,তামিম ভাই অনেক কেয়ারিং অনেক যত্ন করে সবাইকে খাওয়াচ্ছে।আশা করি ওরা অনেক ভালো থাকবে,tamim,FAVOR
72ce466fd492b987,My favourite bangla player Tamim...his style🔥 love from india 🇮🇳,tamim,FAVOR
d973a781efe8700c,All time my favorite player tamim bhai love from India🇮🇳🇮🇳🇮🇳 love long life,tamim,FAVOR
3cc12a348053fbea,"Who else wanted to see Rangpur in the final to see AB bat in the grand final? But Tamim Just played the innings of the tournament, one of the best innings ever played in a t20 league final. Wow!! Huge respect from India.",tamim,FAVOR
5f1d6f3b344c31ce,What A Legend! at Strike rate 231 today Tamim broke the record of Chris Gayle (211). Well done Tiger 🇧🇩🏆🐯,tamim,FAVOR
9a80cddd5486fbfc,Tamim 141 (61).. other batsmens 47 (58).....what a great test knock....by Anamul and Kayes...,tamim,FAVOR
163c61bf16ef0395,"বাংলাদেশের ক্রিকেটে একজন সেরা ব্যাটসম্যান হচ্ছে তামিম ইকবাল,,তার কোন তুলনা হয় না,, তার ব্যাটিক হচ্ছে অতুলনীয়",tamim,FAVOR
c704cc19433ed714,Ami sey ekta match chilo dekhle mon juray love both tamim n comilla Victoria,tamim,FAVOR
c6b8617983b274db,২০২৪ এ এসে দেখলাম।নিঃসন্দেহে BPL এ এই ম্যাচ ইতিহাসের সবচেয়ে সেরা ম্যাচ হয়ে থাকবে..!! যার একমাএ মালিক তামিম ইকবাল খান..!!❤️‍🩹,tamim,FAVOR
df0529d271c33bd5,Keep it up tamim love 4rm pakistan and you also representing our beloved Peshawar zalmi😙😘😚😚we need u alots love you,tamim,FAVOR
590dfa6b3342f187,Nice innings from tamim love from India.🇮🇳🇮🇳🇮🇳 love Bangladeshi cricket,tamim,FAVOR
cdf1cbbe7654fc52,Ahhhhhhh TAMIM iqbal you or incredible we love you and wana bating same like for PESHAWER ZALMI TEAM ❤❤❤❤❤❤❤❤❤❤❤❤❤❤❤❤❤,tamim,FAVOR
8e9575c0fa61bbb2,Love from India! 🇮🇳 What a player Tamim Iqbal!!,tamim,FAVOR
aba722c585649f25,My favourite Bangladeshi Player tamim🖤🔥 Love frome 🇫🇴🇫🇴🇫🇴,tamim,FAVOR
b2c78c6e385d421c,Iam a big fan of tamim bhai... He is no. 1 batsman. All among left handed batsmen... Love from pakistan😘,tamim,FAVOR
261f489bf87ce806,"Dear Bangladeshi brothers! MashALLAH! Tamim Iqbal was simply magnificent. What a pure class. I still remember his one handed batting. He is a true hero and one of my favourite players. Congratulations brothers on successful end of an amazing season. It was a great season and pleasure to watch. Please do support and pray for PSL. PSL is as much yours as ours so is BPL as ours, as it is yours. Hope to see both of our leagues flourish. Love you all my brothers and sisters. Love from Indian Occupied Kashmir❤❤❤❤",tamim,FAVOR
c842ac011001ea09,I am from India but i love watching tamim's destructive hard hitting.. One man army... Hope some one pick him for IPL..,tamim,FAVOR
61b7f4bff8b7f7c0,- কিছু মানুষের আত্বসম্মানবোধ পাহাড় সমান তারা বরং চলে যাবে তবুও কারো সামনে মাথা নত করে বাঁচবে না। এ হিসেবে আমি তামিমের অবসরের সিদ্ধান্ত কে স্বাগত জানাই। হয়তো এটা তার আবেগী সিদ্ধান্ত কিন্তু নিজের আত্বসম্মান নিয়ে বেঁচে থাকার সৎ সাহসও সবার হয়না আপনাকে অনেক ভালোবাসি তামিম ইকবাল ❤️😢,tamim,FAVOR
cbf27ee281fa4fa1,তামিমের বিদায়ের পর কিছু কিছু সাংবাদিক দের ঈদের আনন্দ হচ্ছে এর পিছনে আপনাদের কিছু সাংবাদিকদের দায় আছে,tamim,AGAINST
6c9eb1d8e3d0bb60,Very sad! Bangladesh Team will lost a big player! We as a supporter miss you Tamim so sooo much! May Allah bless you!,tamim,FAVOR
6d758c673f28e4e8,তামিমকে যেবাদ দিবে হাতু তা আগেই আবাস দিয়েছিল হাতুড়ি বলছিলেন তিনে যে খেলে তাকে ওপেনিংও খেলতে হতে পারে।,tamim,AGAINST
28349efd911ce566,তামিম ব্যাক্তিগত ভাবে আমার প্রিয় একজন মানুষ এবং খেলোয়াড়। উনার কান্না জড়িত বিদায় সত্যি খুব কষ্ট পেয়েছি।😢 কিছু করার নাই দেশের স্বার্থে খেলার স্বার্থে এটাই মনে হয় অনেক ভালো করেছেন তামিম। ভালো থাকবেন দোয়া রইলো আপনার আপনার জন্য। ❤❤❤,tamim,FAVOR
dd80d270c155c0a6,that was a superb innings. tamim classic batting.,tamim,FAVOR
6029436a9e3fe2d0,TAMIM IQBAL. One of the living legend of world cricket. ❤❤❤❤❤❤,tamim,FAVOR
72e46ff0c1d5ea31,Tamim best plewer of Bangladesh. 158 is his best. I love Tamim Iqbal. Tamim Iqbal this match hero.,tamim,FAVOR
ddc37662a1e0d7c6,Tamim is the best opening batsman in the world.....we R proud for tamim iqbal.💖💖💖,tamim,FAVOR
15266a6df13510a5,তামিম তামিমেই তার কোনো তুলনা হয় না এজন্যই দেশ সেরা ওপেনার অভিনন্দন লিজেন্ড,tamim,FAVOR
24dbccddcb223e68,এখন তামিম ভক্তদের প্রশংসার শেষ নেই কিন্তু খারাপ খেললে বা ফরম হারালেই কেউ পাশে থাকতে থাকে না।এই হইল বাংলাদেশ।,tamim,AGAINST
152eb802f291219c,Tamim iqbal is the best batsman in the history of Bd cricket,tamim,FAVOR
6a14fa1c97988509,Tamim amar favarit fallar love u tamim boss😍😍😍,tamim,FAVOR
daf98bb23518cfdc,tamim Vai love you evry time evry game.💓💓💓,tamim,FAVOR
07922d8baddadbfa,চলুন আজকে আমরা শিখি কিভাবে ডেসিমাল এর সাথে হেক্সাডেসিমাল ও ডেসিমাল এর সাথে অক্টাল যোগ করতে হয়। ডেসিমাল+হেক্সাডেসিমাল: 289+4=292 (Team's run) ডেসিমাল+অক্টাল: 156+4=158 (Tamim's run) অসংখ ধন্যবাদ থার্ড আম্পায়ার ব্রো কে আমাদেরকে নতুন সংখ্যাপদ্ধতির যোগ শিখানোর জন্য। উই লাভ ইউ ব্রো।😪😪😪,tamim,AGAINST
9762452a17aa5b86,Tamim is the best player of bangladesh.,tamim,FAVOR
b4d3eb98ad232b65,তামিম এটাকিং আগের মতো খেললেই ভালো পারে,tamim,FAVOR
3a01d360c2c478a9,মন থেকে তামিম এর খেলা ভাল লাগে কার কার সাড়া দাও ??,tamim,FAVOR
e95422b230c9793d,Apnara Jai i bolen nh kn..Zimbabwe er proti amra kritoggo.. cz tamim er career ta agamil 3-4 bosorer jnno kre dilo Zimbabwe Bangladesh vs Zimbabwe Super#elClassico😂😂,tamim,FAVOR
3eb5b985c7c4faba,"Kal jara tamim vai bura hoiya geche,odi te test Khele, tamim er shikar r ki baki ache, aisob bolche tara koi? Ai jonnoi boli,agee cricket khela ta bujhen, r then nijer desher legend player deer chinun..tar por comment korun..",tamim,FAVOR
d099daf807b17d5d,সঠিক জবাব৷ এমন জবাব দেওয়া উচিত ছিলো৷ ধন্যবাদ তামিম ভাই💓💓,tamim,AGAINST
fc038a8003689d1c,"If a coach wants to, he can experiment with the best player of his team, in this case, Tamim's behavior is really worrying. Not that Tamim has done much better than the openers of other teams.",tamim,FAVOR
e4189e7594d54ecf,তামিম ওপেনিংয়ে গত ১৬-১৭ বছর ধরেই সেরা..এবং সে সবসময় ওপেনিংয়েই সেরা... নাম্বার 4 এ তাকে খেলানোর চিন্তা করা বোকামি আর পাগলামি ছাড়া কিছুইনা 😁 তামিম বাংলার ড্যাশিং ওপেনার.. ❤️ 28 ❤️🥀,tamim,FAVOR
651404c094e20063,তামিম তিন ফরমেটে ভালো খেলে তামিমকে তামিমের মত খেলতে দেওয়া উচিত এমন একটা ব্যাটসম্যান বাংলাদেশ আবার কবে জন্ম হবে জানা নেই তামিম ভালো খেলে তামিমকে তিন ফরমেটে রাখা উচিত,tamim,FAVOR
f596d1dc9823e4f4,তামিম জবাব টা ভালো দিয়েছে। তবে টি টুয়েন্টি তে তামিম এর খুব দরকার 🏏💥,tamim,FAVOR
160e799c8ad13fab,"আমি কোচের সাথে একমত? তামিম যদি নাম্বার চারে ব্যাটিং করে তাহলে সে প্রচুর রান করতে পারবে?? আমি একটা উদাহরন দেই? আমি তামিম ভক্ত তামিম কিন্তু বাংলাদেশের মাঝে সবচেয়ে বেশি ডাকের মালিক!! এর কারন। হলো নতুন বল আর ওপেনিং খেলা! তামিম যদি ৪ ব্যাটিং করে তাহলে ব্যাটিং করাটা খুব সহজ হবে এবং রান করতে পারবে!! তার আগে ভালো একজন ওপেনার বের। করে আনতে হবে জয়,বিজয় এবং শান্তকে কিছু ম্যাচ সুযোগ দিতে হবে",tamim,FAVOR
a2ddcb7a39770791,"আমরা বাঙালিরা হুজুগে মাতাল। টানা 6 টেস্ট ম্যাচ তামিম খেলে নাই। ওখানে পাঁচজন ওপেনার খেলানো লাগছে আমাদের। আর তামিম ইকবাল 20 বছর ধরে ওপেনিংয়ে ভালো খেলে আসছে।৪,৫,৬ অনেক বিকল্প ব্যাটসম্যান আছে।",tamim,FAVOR
d83165425c147de5,I think it is you tamim and its your stupid thought. Which cause a lots of disaster in opening so far. When you say you think you play quite well since last 17 years... Bro it was a great joke.,tamim,FAVOR
1a41ea00c7d4de8f,১০০% সিওর বোর্ডের মাধ্যমে ঝামেলা হয়েছে এজন্য তামিমের অবসর দোয়া করি ভালো থেকো সুস্থ থেকো,tamim,FAVOR
15d26e27c4ecf681,ভাঙা আঙুল নিয়ে হয়তো ক্রিজে এসে ব্যাট করার এমন সাহস দেখাবে না দেশের হয়ে আর কেউ🙂 সমালোচনাকে ছাপিয়ে উচিত ছিলো পারফর্ম করে সমালোচনার জবাব দেওয়া। তামিম থাকতে চেয়েছিলো তাকে সমালোচনা থাকতে দেয়নি 💔 বিশ্বকাপে মিস করব আপনাকে।😢😢😢,tamim,AGAINST
9f5ddb7e5c3ee567,তোমাদের নিউজের কারণে তামিমের এই অবস্থা ৭১ টিভি অনেক বাজে একটা টিভি এদের নিউজের কোন আগামাথা থাকে না তোমাদের জন্য অনেক মানুষের ক্যারিয়ার শেষ হয়ে যায় 😥😥😥,tamim,AGAINST
daee8036ceb5a5d3,কেন ভাই তামিম নাই তো কি হইছে পাপন আর হাতুরা কে বিশ্বকাপে নামিয়ে দিবেন ওরা তো ভালো খেলেছে।,tamim,FAVOR
8257984e1d2ad322,"বাংলাদেশে ক্রিকেটের দূর দিন যাবেনা, যতদিন সঠিক পরিচালনা কমিটি না থাকবে, যারা জীবনে ক্রিকেট খেলে নাই তাদেরকে যদি ক্রিকেট বোর্ডের বড় কর্তা বানানো হয়, তাহলে তাদের কাছে থেকে ভালো কিছু আশা করা বোকামীর সামীল, শুভ কামনা রহিল তামিম ইকবালের জন্য😢",tamim,FAVOR
791eb264e2107f36,Welcome Tamim boss in Cricket. Thanks PM Sheikh Hasina. ❤❤❤❤❤👍👍👍👍👍👍👍👍👍👍👍👍👍,tamim,FAVOR
9da477219d619172,Fearless Brother I request you from Bangladesh Cricket Press You come back from this hard decision because Bangladesh Cricket will become helpless without Tamim Iqbal,tamim,NEUTRAL
59c3e94c93ff2b14,We will miss you tamim in the world cup,tamim,NEUTRAL
ff0a71126e5620ba,"Finally some expert who got a bit knowledge about bangla cricket and maybe follow them. I have been following this team closely for a good while and I kinda feel they gonna shock a lot many people and I see a possible chance of that 4 spot fuss, it's just that they will probably miss Tamim and Ebadot a lot which could make this team really dangerous. Anyway still Dark Horse of mine in this edition of wc.",tamim,NEUTRAL
e54bca842ac8c9c0,Vai.. Apni ki kisu bujen nah tamim akta abal,tamim,NEUTRAL
f75d671200ba91f4,💯 they needed tamim iqbal. His impact could’ve been different in the tournament.,tamim,NEUTRAL
b6eef6d73e1ab24e,Ejaz main sirf Babar Azam ke liye gaya tha Eden Gardens usdin..and yes Tamim Iqbal ki kami mehsus hui WC me..as a big fan of him i missed him at the Eden Gardens.. (7:05 that guy wearing specs is me..)😊,tamim,NEUTRAL
e7f613e5f8653bbd,I too like Tamim Iqbal.. He is a good person but politics destroyed everything.,tamim,NEUTRAL
df66314cfb13970f,So if tamim was there they wud win wc😂😂😂,tamim,NEUTRAL
d302cf66f07a8305,Tamim Ho yea samim ho... Bangladesh ko to haarna hi tha.... 😂😂😂😂😂,tamim,NEUTRAL
60d0cfe12fba89a3,তামিম ভাই বিদায় নিলে আমি নিজে শেষ করে ফেলমু,tamim,NEUTRAL
8f299cc6efb069b2,Sathi chhara ekta natok o hit dite na para tamim r aker por ak hit deoa sathi. Jolbe to nishchoi. Tai sathi k niye ato ovijog.😂,tamim,NEUTRAL
8a058c219fdfbee2,সবাই যেহেতু বলছে কিছুতো সমস্যা আছে। কিন্তু তামিম তোমি কি বুঝতে পারছো সামিয়া তোমাকে দিয়ে সিকারক্তি নিয়ে তোমার কথা প্রচার করেছে।ও কিন্তু জানতো এটা মিডিয়ায় দিবে তাই নিজে কম কথা বলেছে।,tamim,NEUTRAL
e2e1eff45fb54155,কথা টা কিন্তু সত্যি কারণ তামিম ভাইয়া কোনো দিন কারো বদনাম করে না ✅✅✅,tamim,NEUTRAL
1d032bab0cc92aad,তুমি কেমনে জানো তামিম ভাই কোনদিন মিথ্যা বলে না? মানে যা মন চায় তাই বলো না?,tamim,NEUTRAL
81ab15ef62fa831b,"একটু আগে মিরাজের ইন্টারভিউ দেখে ভাবলাম সব মিথ্যা,, এখন তামিমের ভয়েসকল শুনে সব সত্য মনে হচ্ছে। হয় ওরা পাগল না হয় আমাদেরকেই পাগল বানাইতেছে😑",tamim,NEUTRAL
2da0ed5c7f1d7442,"সাজানো একটা অডিও রেকর্ড করে শাভা,তামিম,থিতি, আর অনন্যরা মিলে ষড়যন্ত্র করতেছে এটা বুঝতে বাকি নেই।আর আগে ও শোভা এক ইন্টারভিউও মাঝখানে ওনার নানার কল আসছে বলে যে রেকর্ড টা সাজায়েছিলো।ওরা সজিব আর সাথিকে একসাথে এখানে দেখছে শুনছে,ওখানে দেখছিলো শুনছে।সব আরেক জনের কাছে শুনছে কিন্তুু নিজেরা নিজেদের চোখে কখনো দেখে নাই।এসব দেখে বুঝা যায় ওরা সাথি আর সজীবের উপর হিংসা আর ষড়যন্ত্র করতো এসব বলে বেড়াচ্ছে।",tamim,NEUTRAL
925db2e2570af427,তামিম মনে হয় সাথির সাথে প্রেম করতে গিয়ে সফল হয় নাই তাই এসব বলে 🤣🤣🤣🤣। তবে আসল সত্যি মিথ্যা কি সেটা আমি জানিনা।।,tamim,NEUTRAL
e0d20fb608d99fd3,তামিম ভাইয়াকে অধিনায়ক হিসেবে দেখতে পাবনা কিন্তু ওপেনার হিসেবে বিশ্বকাপে অবশ্যই চাই। তামিম ভাইয়ের কোনো বিকল্প নেই।,tamim,NEUTRAL
1521068041b4fa52,সুপারস্টার তামিম ইকবাল খান!! জেন্টেলমেন্ট!! বিশ্বকাপে ক্যাপ্টিন হিসেবে চাই!! মন মাতানো পারফর্ম বিশ্বকাপে করবেন ইনশাআল্লাহ!!,tamim,NEUTRAL
9d9e250b238ec7ca,তবে যাই হোক অধিনায়কত্ব ছেড়ে দেওয়ার ফলে তামিম তার ব্যাটিংয়ের দিকে পূর্ণ মনোযোগ দিতে পারবে। এবং আশা করি ফুল ফিট হয়ে বিশ্বকাপ দলে জায়গা নিশ্চিত করবেন এবং বাংলাদেশের বেটার দের প্রতিনিধিত্ব করবেন ইনশাআল্লাহ।,tamim,NEUTRAL
fed99ebb4ad7083e,জেন্টেলম্যান তামিম ভাই 😊 আশাকরি ফিট হয়ে ফিরে ব্যাটে সেটার জবাব দিবেন ইনশাআল্লাহ! 🌸,tamim,NEUTRAL
cdd851a78acd8747,"তামিম ইকবাল ফুল ফিট হয়ে বিশ্বকাপ দলে জায়গা নিশ্চিত করবেন, ইনশা আল্লাহ 😍কে কে তামিম ইকবাল কে বিশ্বকাপ দলে চান??? 🥰",tamim,NEUTRAL
e1999a8aa3cfac62,their is no alternative of tamim till now.,tamim,NEUTRAL
1611487add985c98,Hathuru thakle Tamim team e back kora 00%...,tamim,NEUTRAL
bc050c56bd8b6fad,Tamim is also a child minded person. He have to improve his mentality. Nonsense.,tamim,NEUTRAL
408739ddd0b1b250,তামিম ভাই কেন অধিনায়কত্ব ছাড়লেন সেটা আমি বলছি সে আসলে অধিনায়কত্ব পারে না তাই বলে,tamim,NEUTRAL
e9fd093736b7b567,"আপনি কী পাগল?? তামিম কথাগুলো কীভাবে বলছে আর আপনি কী বলছেন ?? Please vai, Try to be a good reporter",tamim,NEUTRAL
29ad438c058def64,তামিমের রাগ বেশি এটা সে না করে তখন মিডিয়ার সামনে মুখ খুলতে হত।,tamim,NEUTRAL
e7b1e3dfd2697d11,ক্রিকেটের মধ্যে যদি নাটক রিলিজ করা যেত তাহলে তামিম কিন্তু ওয়ার্ড প্রাপ্ত ছিল 😅,tamim,NEUTRAL
7377b9ee11bf47a9,One of the fantastic innings from Tamim!,tamim,NEUTRAL
8ed2d84b10a8cc40,"Tamim Iqbal , most popular idol player in Bangladesh. আস্থা ও নির্ভরতার প্রতীক তামিম ইকবাল। Assalamualaikum.",tamim,NEUTRAL
00b93937f744526a,Thanks you bcb. We see boom boom Tamim Iqbal khan.,tamim,NEUTRAL
7ed366f3b4692601,"No other batsman in the history of Bangladesh cricket had ever shown such authority & dominance in playing 'Dancing Down the Wicket' slogs... ❤ I must also say he is one of the best on playing this particular shot across the cricketing world! Though he often makes blunder on playing it.. but still he is much skillful on that I meant. Anyway, Junaid Khan will surely want to forget this entire tour of BD for being hammered by Tamim Iqbal in every matches including the ODI's as well 😂",tamim,NEUTRAL
1b1fa7a9c0d1fbbf,This Tamim is something else & The opening partnership (312) is also terrific,tamim,NEUTRAL
40fc992f497c8a00,"I can still remember this scintillating double ton of Tamim in Khulna Venue. We want you again, we want this venue again as well.",tamim,NEUTRAL
5dcfdce812b41d00,Good memories ❤.... thanks bcb for uploading this iconic innings from tamim Iqbal......and it is a bit emotional for me to watch this because I was there in the stadium when he hits his 200 mark.....So emotional ❤❤,tamim,NEUTRAL
fcf9746a5c362450,"It was a magical knock from tamim,....2015...somoy ki vabe chole jai bujai jai na....",tamim,NEUTRAL
da975299f56a8b90,Tamim and Imrul 300+ runs parternship is just awesome..,tamim,NEUTRAL
5a74ed99b5ac5ec6,what a sportsmanship 💜pakistani senior players are congratulating tamim for his double hundred after his wicket.. this is what cricket is 🫶👏,tamim,NEUTRAL
635243b61b0b30f1,❤❤tamim Iqbal is a good performar❤❤❤al time,tamim,NEUTRAL
57f97c036ade3f08,"Tamim, she is also champion player of Bangladesh cricket team.",tamim,NEUTRAL
ef2173780b2bbf1c,I want to see Tamim and Imrul again in the oppening.,tamim,NEUTRAL
35f9a6634deaa510,When Tamim get down the wicket bowler heart beat is dubble picked 😅,tamim,NEUTRAL
609fcdd58e34e77d,"BCB just posted Tamim's innings as they realized that Tamim is going to back in the team,,,,,wah!!",tamim,NEUTRAL
5bff08f49d6cf536,"Anyone May, 2026? Tamim is now BCB President",tamim,NEUTRAL
88a9048f6173f554,Shak8b 3 e khelle Tamim er problem kemne hoilo 2019 e to Mashrafee captain chilo? Ar Tamim to opener,tamim,NEUTRAL
4c90f998cd145faf,আয়ারল্যান্ডের সাথে বল করতে না দেয়াটা খুবই অবাক লেগেছিল। চাচার জন্যই মনে হয় তামিম অহংকারী হয়ে যায়,tamim,NEUTRAL
469ea784605e397a,"সারা বাংলাদেশে এক যোগে আন্দোলন এর ডাক দেওয়া হক, তামিম কে বিশ্ব কাপ দলে চাই,",tamim,NEUTRAL
db52bef4a186ba1d,তামিম ইকবালকে অবশ্যই ওয়ার্ল্ডকাপে দেখতে চাই বাট এটাই তামিমের জন্য শেষ ওয়ার্ল্ড কাপ,tamim,NEUTRAL
66ba9fa71e2a57ab,তামিম কে এই বিশ্ব কাপে চাই। আন্দোলনের ডাক দিন আমরা আছি আপনার সাথে।,tamim,NEUTRAL
952782479e31bc96,তোমার সমস্যা কী ওদের পরিবার যদি বাংলাদেশ ক্রিকেট বোর্ডে উন্নতি করে। আলহামদুলিল্লাহ তামিম ভাই বোর্ডে আসাতে আমরা অনেক গুলা ম্যাচ ভাই ম্যাচ জিতেছি,tamim,NEUTRAL
74ee7e45582a2bf0,তিন দিনের বৈরাগী হয়ে ভাতকে বলে অন্ন। যাদেরকে নেয়া হয়েছে তাঁরা দক্ষ হাতে পরিচালনা করতে পারলে তোমার সমস্যা কোথায় ? তামিম ইকবালের মত একজন প্রতিভাবান খেলোয়াড় হয়ে দেখাও দেখি। যতসব আজাইরা ফেদলা পারবে আর আমাদের মত অলস ব্যক্তিরা এগুলো দেখি আর নিজের টাকা খরচ করে কমেন্টস্ করি।,tamim,NEUTRAL
632cc8fdee7cbb33,Amar kotha aktai o kriya upodesta thakte ki orjon silo ar Tamim er jibone je orjon ar tokhon kar Bangladesh team ar ekhonkar Bangladesh er modder parthokko dekha jasse so soto vai tui chup thak.,tamim,NEUTRAL
867371d6bd2171de,ক্রিকেট বোর্ডটা ধ্বংস করে ফেলছিলো তামিম এসে ক্রিকেটের উন্নত হচ্ছে সেইটা দেখে সবার চুলকাচ্ছে,tamim,NEUTRAL
b3a46ba55c57dc1d,"তামিম যদি সত্য হয় তা হলে জনসংমুখে উত্তর দাও,",tamim,NEUTRAL
391d24c48d45ea19,তামিমের পরিবার ক্রিকেট কে যা দিয়েছে তোর চৌদ্দ গুষ্টি কোন দিন তা দিতে পারবে না!,tamim,NEUTRAL
6275834d68be16b0,এখন আর খেলা দেখি না।বোর্ড লুটপাট করে খাবে নেশাখুর তামিম,tamim,NEUTRAL
4f92f746179cbcb1,দালাল তামিম ইকবাল মুক্ত ক্রিকেট বোর্ড চাই,tamim,NEUTRAL
c7243fcf1027f2e6,Bulbul. Tamim. Hole. Sor. Batpar. Ra. Sori karte parbena Tai. Tader. Problems,tamim,NEUTRAL
2e31dbf006e672e2,তামিম কিছু করতে না পারলে নিজ দায়িত্ব সরে দাড়াবেন আমার বিশ্বাস captain হিসেবেও অনেক ভালো ছিল,tamim,FAVOR
aaec3fa66e967c44,আপনি সারাবছর কি কামড়াই ছিলেন?? তামিম ইকবাল তো যা করার করছে।,tamim,NEUTRAL
ca8c770532851ea1,তামিম একটা ধান্দাবাজ বিম্বের সাথে যোগ দিয়ে ভোটটা দল করে নিচ্ছে,tamim,NEUTRAL
79812106ab004777,তামিমকে খুব ভালো মনে করছিলাম সে ব বুলবুল ভাইকেও অসম্মান করেছে 0:46,tamim,FAVOR
8a54ece84fc075f1,“ক্যাপ্টেন্স কার্ড দেওয়ার মানে বুঝলাম না” — বুলবুল ভাইয়ের এই বক্তব্যের সঙ্গে আপনি একমত? নাকি তামিম ঠিক ছিল? 👇🏏,tamim,NEUTRAL
2038332a684495cf,there was a guy with the girl who showed him middle finger. My my friend was there at that time. he saw.Tamim was angry at the guy.,tamim,NEUTRAL
42ecc3d8996bc011,নিশ্চই কোনো ঝামেলা আছে ওখানে। নইলে অহেতুক এমন আচরণ তামিম কখনোই করবে না,tamim,NEUTRAL
812e753e45927ab2,"মেয়েটা ""তামিম ভাইয়া"" বলার সময় আরেকটা ছেলে তামিমকে গালি/খোচা মারা কিছু বলতেসিল। ভিডিওতেই শোনা যাচ্ছে। আর তামিম ""তামিম ভাইয়া"" এর জবাবে কথাগুলা বলে নাই। যাদের চোখ,কান কাজ করে তাদের বোঝার কথা।",tamim,NEUTRAL
59c847a8979a71be,"She said ""Tamim Bhaiya"" So he will not react this to her...There's something else...",tamim,NEUTRAL
8f3d6d19ff12b39b,Tamim Didn't give gali to the girl who was asking Autograph. He said to another person who saying bad things.About him.Didn't anyone saw that he was looking at another side.And the girl was asking for autograph was at another side. Think 1000 times before saying anything about anyone.,tamim,NEUTRAL
540e95e5bf0a4144,out howar por i dnt think hashi mukhe kotha bola or autograph deoar mood thake... r ek hath e tali baje na... so ofcourse crowd theke kixu bola hoise... Tamim iqbal Bangladesh Cricket Team k onek kixu dise... so i think we should respect him... Haters will always Hate.. :),tamim,NEUTRAL
48a84a5fa8bf23e6,"Even if that wasn't the case, I'm sure something was bothering Tamim. Tamim won't react like this for no reason. He is a very nice person and of course batsman.",tamim,NEUTRAL
1de23f4b9cc3d547,"Dragon Ball FAN Saiyan Tamim takay porjonto nai,se kivabe middle finger dekhlo? Se dak shune takaei gali dilo....konovabei vedio te middle finger dekhse tai gali dise setar chinho nai",tamim,NEUTRAL
59dc19f998a3c07e,দালাল তামিম। বিসিবি দখল করছে।অযোগ্য ব্যক্তি আজ ক্রিকেট বোর্ডে এইদিন দেখতে হল?,tamim,NEUTRAL
0e83b8f95933987c,"তামিমকে বাদ দেওয়া ভাল হয় নাই, সে দেশের জন্য সর্ব উচ্চ দিয়ে খেলতে চেষ্টা করে,",tamim,NEUTRAL
e9624e3f178c8b45,"আমরা চাই, তামিম ইকবাল আবার দেশের হয়ে খেলুক ❣️",tamim,NEUTRAL
7eefa62503784b7d,আমরা চাই তামিম ইকবাল আবার দলে ফিরে আসুক,tamim,NEUTRAL
7c5cafe29c136032,তামিম ইকবাল কে দলে দেখতে চাই এশিয়া কাপে,tamim,NEUTRAL
026298f91dca6e8e,তামিমের ফিরে আসা উচিত দেশের কথা ভেবে,tamim,NEUTRAL
c5bb94c1f43bf334,অবশ্যই তামিম ভাইকে আবারও টি-টোয়েন্টি ক্রিকেটে দেখতে চাই,tamim,NEUTRAL
540729828d03bfa6,দেশের কথা ভেবে হলেও তামিম কে দলে ফেলা উচিত,tamim,NEUTRAL
e694d58ecc1ea773,আমি ও আমরা চাই তামিম কে দলে আশার জন্য দল কে শক্তিশালী করার জন্য,tamim,NEUTRAL
5d66ea1c7151497a,তামিম ইকবাল ভাইকে দেখতে চাই এশিয়া কাপে,tamim,NEUTRAL
576f58af1a3b3f40,অবশ্য তামিম এর শত গুলি মেনে নেওয়া উচিত পাপন সাহেব আপনি কললৌ,tamim,NEUTRAL
c62351b1dd560efd,তামিম ছারা দল শুন তাই তামিম কে দলে চাই,tamim,NEUTRAL
0c3d4afc36c08cfd,"অবশ্যই তামিম ইকবাল কে T20 তে দেখতে চাই, এবং এশিয়া কাপেই দরকার।",tamim,NEUTRAL
71426b3e671330c1,Tamim k chai asia cup & would cup,tamim,NEUTRAL
6f0e4dd9f9ec64e5,Yes We will Be Hope Tamim will Come To This World Cup By Hook Or By Cook.,tamim,NEUTRAL
c3182cc894f0ee2b,আমিও চাই তামিম ভাই অভিমান ভেংগে আবার ফিরে আসুক টি-টোয়েন্টিতে,tamim,NEUTRAL
0de0727aed97ce2a,তামিমের সর্ত মেনে নেওয়া বিসিবি? আর দেশের জন্য এশিয়া কাপে ফিরে আসা দরকার?,tamim,NEUTRAL
661188e690141538,Because tomar moto openar Ami bangladesh team a ar dakhini l love you tamim,tamim,FAVOR
e96481fdc52e858d,তামিম কে একাদশে সুযোগ করে দেওয়া হোক।,tamim,NEUTRAL
c71fb18dbd0188a2,তামিম ইকবাল যা বলেছে তা সত্যিই একটা খেলোয়াড়ের পক্ষে বিরক্তিকর কথা।।,tamim,NEUTRAL
60f7ae54bb7eccbb,তামিম ভাই যদি আমাদের টি-টোয়েন্টি এশিয়া কাপে যদি ফিরে কথাই নাই আমাদের টিম খুব স্ট্রং হয়ে যাবে,tamim,NEUTRAL
8b95cbd50ca12130,তামিম ইকবাল থাকলে দেশের ক্রিকেট অনেক ভালো হবে,tamim,FAVOR
24c5618d55c6222f,"তামিমকে আবার টি-টোয়েন্টি ফরমেটে দেখতে চাই,,, স্টোক্রেট নিয়ে যায় না কথা বলে তারা কি দেখে না বর্তমানে প্লেয়াররা কতটা বাজে পারফরম্যান্স করে,,,",tamim,AGAINST
bd21b26b749a7fd0,তামিমের উচিত অবসর ভেঙে এশিয়া কাপে ফিরে আসা।আসলে অনেক খুশী হোতাম!,tamim,AGAINST
88f4af6b73555327,আপনি যদি সত্য নিউজ প্রচার করেন তাহলে দেশের মানুষ এক বাক্যে বলবে তামিম টি টুয়েন্টি খেলুক।,tamim,NEUTRAL
856d7e6db295e702,তামিম যদি ২০ বল এ ১০ রান করে তা ও তামিম এর খেলা দেখতেই ভালো লাগে তামিম এর মত ওপেনার আর বাংলাদেশ এ পাবে না কোন দিন ও তামিম ফিরে আসলে খুব খুশি হবো,tamim,FAVOR
566c541a4fd31108,তামিমের মতো বিশ্বে আর কোনো অপেনার ব‍্যাটার নাই তাই আমি মনে করি তামিম কে নিয়ে কোনো প্রসনো করা উচিত নয়,tamim,NEUTRAL
95a85bd0a66a63da,বুলবুল সবার মন জয় করেছে। তামিম বুঝে গেছি সে বুলবুলের সাথে পারবে না। তাই নানা নাটক করছে।,tamim,NEUTRAL
0c47311b4376952d,তামিমের ভক্ত ছিলাম এই তামিম কে নিয়ে ইশরাক রাজনীতি শুরু করছে তামিম ও মনে হয় সায় দিচ্ছে যারা রাজনীতি করবে তাদের ক্রিকেট এ আসার প্রয়োজন নাই।,tamim,NEUTRAL
303a6a4eabb63d95,তামিমের ভক্ত ছিলাম কিন্তু এখন ঘৃণা করি তাকে,tamim,AGAINST
1724c802b03cbbce,"এখানে তামিমের কিছু নেই, তামিম শুধু চাই কোনরকম বিশৃঙ্খলা না হোক। আর তাকে সামনে রেখে অন্যরা এ কাজ ঘটিয়েছে।",tamim,NEUTRAL
1a99ad2d4ddce255,​ @familybigcity তাও তোমাদের তামিম বাবার থেকে ভালো,tamim,FAVOR
17d656905b5c2755,তামিম এর প্রতি অন্যরকম একটা ভালোবাসা ছিল কিন্তু ক্ষমতার লোভে যা করতে চাচ্ছে তা মুটেও কাম্য নয়।,tamim,FAVOR
7a239d6613ea8ea3,বি এন পি মুক্ত তামিম মুক্ত বিসিবি চাই,tamim,NEUTRAL
ff9f1a94909a9774,Tamim holo bnp er lok o desher cricket er kisu korte parve na o subidabadi lok.,tamim,AGAINST
af2a433592c760e8,তামিমকে বোর্ডে চায় না। বুলবুল ভাই সভাপতি হলে ভালো হবে,tamim,FAVOR
781c0bd6891717a4,তামিম ক্রিকেটের ইশরাক। সে ইমোশনাল ফুল এই জন্য দেশের কথা চিন্তা না করে বিশ্বকাপের সময় অবসর নিয়েছিলো। বুলবুল ভাই সেরা,tamim,NEUTRAL
4949149997df666c,এখানে তামিম ইকবালের নাম দিয়ে নিউজ করার কারণ না বুঝতে পারা আমার অবুঝ মন!! 🤭🤭🤭,tamim,NEUTRAL
feb7d67d78b9b27b,এক দফা এক দাবি বুলবুলকে প্রেসিডেন্ট চাই তামিম প্রেসিডেন্ট হলে দেশের ক্রিকেট আরো পিছিয়ে যাবে,tamim,NEUTRAL
9c8ac66e68cc9daa,তামিম ভাই একসময় পপুলার ক্রিকেটার ছিল কিন্তু দিন যত যাচ্ছে ততো পছতেছে।,tamim,NEUTRAL
0899d8d62bbf7ed7,আগে আমার খুব পছন্দের প্লেয়ার ছিল এখন সবচেয়ে গৃনিত আমার কাছে নির্লজ্জ একজন মানুষ তামিম ইকবাল,tamim,NEUTRAL
77befc738eafddea,"তামিম ভাইরে চাই, বোর্ড প্রেসিডেন্ট হিসেবে যোগ্য ইতিহাসের পাতায় লেখা হয়ে থাকবে প্রেসিডেন্ট হয় যদি মাঠে খেলা খেলাই",tamim,NEUTRAL
65a9dc011e57afe9,নিজে নিজে মেয়র হয়ে যাওয়া ইশরাক যখন দেখলাম তামিমের সাথে আর বললো বিসিবি ঘেরাও করবে তখনই বুঝেছিলাম কোনো ঘাপলা আছে এখন সেটা ধীরে ধীরে প্রকাশ পাচ্ছে এবং প্রকাশ পাচ্ছে তামিমের ব্যাক্তিত্ব একজন ক্রিকেটার হিসেবে যতোটা ভালো একজন মানুষ হিসেবে ততোটা নয় তামিম।,tamim,FAVOR
a3eb9fd0f5afd07c,তামিমের বক্তা আমি আমার বাতি দিয়েছিলাম এখন আমাকে ঘৃণা করে দুজন একসাথে মিলে কি ভাত,tamim,AGAINST
bdd30b3fada40427,"তামিম বিসিবির প্রেসিডেন্ট হলে বাংলাদেশের ক্রিকেট ধ্বংস হয়ে যাবে। তামিম মুক্ত বিসিবি চায়, ক্রিকেট আমাদের আবেগের যায়গা এখানে রাজনীতি চায় না।",tamim,NEUTRAL
9ff782d72751f955,ইসরাক বিসিবিতে কি করে আমার প্রশ্ন। তাও আবার তামিমকে সাথে নিয়া,tamim,NEUTRAL
87564cc4873a49fd,তামিমের ভক্ত ছিলাম কিন্তু তার কর্মকাণ্ডে খুবই খারাপ। এই বুলবুলকে সাপোর্ট করতেছি,tamim,AGAINST
37ca8b05665c9d30,তামিম কে আস্তাকুঁড়ে নিক্ষেপ করবে জনগণ। কারণ বুলবুলের উপর সবাই আস্থা রেখেছে। তামিম যদি আরও আগে যখন নান্নু বাশার রা ছিলো সেই সময় যদি নির্বাচন করতো তাহলে সারাদেশের মানুষ সমর্থন জানাতো। আর বর্তমানে বুলবুলের বিরুদ্ধে যেই দাঁড়াবে তাকে ঘৃনা ভরে নিক্ষেপ করবে আস্থাকুড়ে।,tamim,FAVOR
ea7a493fad1cb727,বুলবুল ভাইকে চাই।তামিমের মতো দালালকে চাই না,tamim,NEUTRAL
5beb482e95b6e145,এই তামিম ইকবাল যদি বিসিবির প্রেসিডেন্ট হয় তাহলে দেশের ক্রিয়া অঙ্গন নষ্ট হয়ে যাবে,tamim,NEUTRAL
086bdb3f4f824e11,"এগুলো বিএনপির কাজ তা আমরা বুঝি, কিন্তু তামিম কিভাবে তাদের পাল্লায় পড়লো আমার মাথায় ধরে না, তামিম কে এখন সবাই ঘৃণা করবে এটাই সাভাবিক, এতোদিন হয়তো সে ভালো ক্রিকেটারদের সাথে ছিলো তাই ভালো ছিলো, এখন সে খারাপের সঙ্গে পেয়েছে খারাপ হয়ে গেছে, এতে বিএনপির দোষ নেই কারণ বিএনপির চরিত্রই এমন, কিন্তু তামিম কিভাবে এমন পরিবর্তন হতে পারে,",tamim,AGAINST
4de9223c8ef84068,তামিমের বড় ভুল হয়েছে বিএনপি থেকে নির্বাচনে যাওয়া এমন সিদ্ধান্ত তার ভবিষ্যতের জন্য অনেক খারাপ কিছু হয়ে দাঁড়াতে পারে 😢😢😢,tamim,AGAINST
6edf8b33097e86d4,"তামিম কে মনে করছিলাম ভালো,,,, এখন দেখি সব চেয়ে বড় বদমাইশ",tamim,FAVOR
aaecd8c220811bfd,তামিম যে অসুস্থতা থেকে ফেরত এসেছে তার উচিত ছিল এসব ঝামেলায় না গিয়ে নিরব থাকা,tamim,NEUTRAL
a18740c2eee22b49,বাংলাদেশের ক্রিকেট খারাপ অবস্তার জন্য দায়ি তামিম ইকবাল,tamim,AGAINST
705553626688178b,আকরাম গং মুক্ত বিসিবি চাই। বাটি তামিম মুক্ত বিসিবি চাই।,tamim,NEUTRAL
7f30fec03434f1d4,তদন্ত করেন ভালো করে তামিম এটার সাথে জড়িত থাকতে পারে কারন তার মাঝে অতিরিক্ত লোভ চলে আসছে,tamim,FAVOR
733466eb856feb72,তামিম মুক্ত বিসিবি চাই।তামিম মরতে গিয়ে ও বেছে গেছে কোটি মানুষের দোয়া আল্লাহ হয়তো কারো হাতের উছিলায় তাকে ফিরিয়ে দিয়ে ছে কিন্তু আজ মনে হচ্ছে আল্লাহ তামিম কে নিয়ে নিলেই ভালো হতো।কোটি মানুষ কষ্ট একবারেই টেতো বার বার নয়।😢😢😢,tamim,FAVOR
234066159c2fe22d,তামিম হটাও বাংলাদেশ ক্রিকেট বাঁচাও ক্রিকেট বাংলাদেশীদের আবেগ এর জায়গা আসন্ন জাতীয় নিবার্চনকে মাথায় রেখে BNP এর উচিত তামিম এর জন্য কোনো নোংরামি না করা না হলে আসল জায়গায় ধরা খাবেন,tamim,NEUTRAL
051867c1e72b8af9,তামিমের অসহায়ত্ব দেখে হাসবো না কাঁদবো.... পচে যাওয়া বিএনপি কে ধরতে হলো তামিম কে।,tamim,NEUTRAL
258cdfb8a32fa721,"তামিমের বিরুদ্ধে মিথ্যা অভিযোগের মামলা করা হোক,সভাপতি হওয়ার নেশায় যা তা করতেছে!",tamim,NEUTRAL
4c2278fd25872318,Tamim Iqbal is Devil 😡. He wants only power not Bangladesh cricket development.,tamim,NEUTRAL
87415590b4d87d23,তামিম এমন বোকামি করে জাতির কাছে পঁচে গেলো,tamim,NEUTRAL
757d47289d05a8dd,"আমি সাধারন মানুষ,ক্রিকেট কে ভালোবাসি। আমিনুলকে ৫০ বছর এর জন্য চাই।কোথায় আমিনুল আর কোথায় তামিম? ক্রিকেটকে রাজনৈতিক মুক্ত রাখুন।",tamim,FAVOR
8bafa1bbab509b62,যদিও আমি বি এন পি কে খুব একটা পছন্দ করি না। কিন্তুু তামিম কে আমি একজন খেলোয়াড় হিসাবে সব সময় সমর্থন করি। দোয়া রইলো তামিম ভাই এর জন্য।❤,tamim,FAVOR
58402b4207de7232,তামিমের উচিত বুলবুলকে সম্মান জানিয়ে প্রার্থীতা ছেড়ে দেওয়া।,tamim,NEUTRAL
62739cac5c1850f3,আমিনুল ইসলাম বুলবুল ভাইকে সভাপতি হিসেবে দেখতে চাই তামিম ইকবাল ভাইয়ের সামনে তার অনেক সময় আছে,tamim,NEUTRAL
05cd96dc695ece36,Natok baj tamim akn bnp😅😅 bulbuo bhai will be best inshallah,tamim,FAVOR
fdb82da64cbe7038,"তামিম সভাপতি পদে নির্বাচন করার জন্য এত তাল বাহানা করে খেলা ছেড়েছে। তামিম খুব ভালো অভিনেতা, অভিনয়ের কাছে শেখ হাসিনা ফেল।",tamim,FAVOR
ca959e5db324c210,Aminul experience best but tamim good. So why not choice Aminul...❤❤❤,tamim,FAVOR
01b42a72688bff97,বাংলাদেশে পুরনো অভিজ্ঞতা বলতে কিছু নাই তামিম ইকবাল বেস্ট বর্তমান জেনারেশন ওরা ১৯০০ সালের ক্রিকেট নিয়ে পড়ে আছে,tamim,NEUTRAL
7f0100a1e799b852,তামিম হু??? বুলবুল হ্যাজ লট অফ experience. Even Mashrafee has a lot potential,tamim,NEUTRAL
dd268d2f223f85f7,দুজনই যোগ্য... তবে আপাতত আমিনুল স্যার থাকাই ভালো হবে... উনার পরবর্তী তামিম ভাই হলে ভালো হবে... আপাতত খেলার মতো উনি ভাইস ক্যাপ্টেন থাকুক... তারপর ক্যাপ্টেন,tamim,FAVOR
020c311f312d7cb8,Aminul Islam jitbo.... Tamim re dile Politics hoibo,tamim,NEUTRAL
af67179419055873,I think aminul islam perfect for next bcb President. Tamim has enough time to be president future. Now at this moment aminul is more enthusiastic than Tamim.,tamim,NEUTRAL
f62067987aaffdb3,যোগ্য দুজনেই!!! সংবাদ প্রচার বুলবুল এর কাছে তামিম কি? তামিম কে এত উচু করার জন্য কতটাকা নিয়েছো?,tamim,AGAINST
eafce170c40c7edd,I'm stand with Aminul Vai. এটলিসট তামিমের সাথে নয়...,tamim,NEUTRAL
17613a24833f0df4,তামিম কে নির্বাচিত করার অনুরুধ যানাই। তামিমের ক্রিকেট প্রেম অবস্যই দেশের ক্রিকেট এ ভালো কিছু আসবে ইনশা আল্লাহ। অবস্য আমিনুল ভাই ও খারাপ না তবে নতুন প্রজন্মের সপ্ন নতুন হবে অবস্যই।,tamim,FAVOR
c5388df655819871,আমার মনে হয় খুব ভালো একটা সিদ্ধান্ত নিয়েছেন তামিম ভাই,tamim,FAVOR
749d0e733c85dcb4,তামিম ভাই কে বিসিবির সভাপতি পদে পদে চাই। ধন্যবাদ,tamim,AGAINST
c2386f8c01a87010,তামিম ভাই আসলে খুব ভালো হবে ইনশাআল্লাহ।,tamim,FAVOR
4650008ccd005e4f,তামিম ইকদলকে চাইনা বুলবুল ভাই ঠিক আছে,tamim,NEUTRAL
11ecc452229b7752,তামিম ইকবাল ক্রিকেট বোর্ড এলে ধ্বংস হয়ে যাবে বাংলাদেশ টিম,tamim,NEUTRAL
b475e39d953afc4c,তামিম ইকবাল এতো অল্প বয়সে সভাপতি না হলেও ভালো হবে! আর মাহবুব আনাম কি নিয়ে কিছু ই বলার নেই...... আমাদের দুর্ভাগ্য যে আমরা আমিনুল ইসলাম বুলবুল এর মতো লোককে পেয়ে ও তাকে রাখতে চাচ্ছি না......!,tamim,FAVOR
ddad23abfebeff18,তামিম আসলে অবশ্যই সেটা বাংলাদেশ ক্রিকেটের জন্য ভালো হবে ।,tamim,FAVOR
66cc3aa1480439f9,তামিম এইখন বিসিবির বস হলে দল্টা আবার পিছিয়ে যাবে কারন তামিম এখনো খেলে তার পছন্দের একটা গ্রুপ তৈরি হয়ে যাবে আবার জারা পছন্দ না তাদের কেরিয়ার সেস হয়ে যাবে তামিমের আরও 4 বছর পরে বিসিবির প্রেসিডেন্ট হলে ভালো হবে,tamim,FAVOR
6de3c27c5a051dc0,"যারা রাজনীতির সঙ্গে জড়িত তাদের এই বিসিবি বোর্ডে না আসাই ভালো, তামিম ইকবাল বিএনপির রাজনীতি করে",tamim,FAVOR
d39460a752a9e9ef,তামিম ছিল কোটার পেলোয়ার। তার ভাই চাচা সবাই আছে তামিম এখানেই যাবে। আজ না হয় কাল। তামিমের চাল বোঝা খুব কঠিন 😊😊😊,tamim,NEUTRAL
b2bfb3c62b1352b3,"তামিম ইকবালের নাম দিয়ে,এসব চোর,বাটপার বিসিবিতে ডুকবে,তারপর চুরি করবে, এরা ১৫ বছর চুরি বাটপারি করতে পারে নাই...!",tamim,NEUTRAL
5ca2b53b95ee9195,Bangladeshi media kotota kharap oite pare tar akta proman. Balo manush ke bad banaitase ar tamim k hero banaitese j joy sha shate kota bole tamim BCB-er 50 koti bachatase. Ami 1000% sure j bulbul bhai k aro bad banaibe media in future. Allah Bangladesh k eishob dalal media takeh bachak. Manush re brainwash diya tamim ja o kortese akdin bejjoti hoiya desh taki bagte oibo inshallah.,tamim,AGAINST
400193d4d91202cd,এসব দালালি সাংবাদিক এরা নাদ দিবে না। বুলবুল দেশের সম্মানের জন্য যা প্রয়োজন ছিল তা করেছে যা দালাল তামিম চামচা করতে পারবে না,tamim,AGAINST
6997e5c4b1ed57ad,"না রে ভাই, এই মিডিয়া এক পক্ষের পা চাটা হয়ে যায়, এখন যেইটা তামিমের আছে। একটা ঘটনা ঢাকতে এই এদের কিছু মিডিয়া দিয়ে ভুয়া খবর ছড়াচ্ছে। এই ভুয়া খবরে বিভ্রান্ত হইয়েন নায়",tamim,NEUTRAL
7b7f93662b9c1def,বুলবুল স্যার সত্যিকারের দেশপ্রেমিক... তিনি ফালতু তামিমের মতো ভারতের সোনা চাটেন না,tamim,NEUTRAL
c228b09cb790de29,"@MarufAhmedsajol হ তোর তামিম আব্বাই মানুষ ,বাকি সব বট! 😪",tamim,NEUTRAL
d7dc89d226a4340d,Tamim is the real Dalal we all know,tamim,NEUTRAL
e72c0123a113b3f1,আমিনুল ইসলাম বুলবুল সঠিক ছিল ইন্ডিয়ার সাথে আপোষ করেনি.... তামিম ইন্ডিয়ার হাতে পায়ে ধরে চলছে,tamim,NEUTRAL
f62d7e916ba955e8,দালাল মিডিয়া দালাল বোর্ড বয়কট করি।তোগো কথা কেউ বিশ্বাস করে না।।।। তামিম ইকবাল খাঁ তোর পতন খুব খারাপ হবে। ইনশাআল্লাহ আল্লাহ ছাড় দেন কিন্তু ছেড়ে দে না,tamim,AGAINST
37402c9840d6c559,Jodi amn kore thaka tahola daye ki tamim na bulbul?,tamim,NEUTRAL
3ccd00ad25f740e5,Uff onek kharap obostha nah apnader India er player er cheye hazar gun bhalo ase. Ar Tamim koi gali dilo oita mather baire theke audience ra dise,tamim,NEUTRAL
ae8e23849934c0b0,নেইমার জুনিয়র এবং তামিম দুজনেই প্রিয় ❣️আহ হা!!,tamim,NEUTRAL
6dd2abeefd32f35e,Amio Tamim iqbal ar onek boro fan and Ami Cristiano Ronaldo ar fan!,tamim,NEUTRAL
d715f46dffd78d41,আমি কি আর এমনি এমনি বলি একাত্তর টিভির খেলাযোগ টিমটা এখন পচে গেছে! একটা পোলা তামিম কে নেইমারের সাইন করা জার্সি এনে দিছে এটাই ৫ সেকেন্ডে বলা যেতো। কিন্তু তার কাছে বলতেছে কেমন করবে ব্রাজিল? ও বলবে কি করে? ও কি মাঠে খেলে নাকি ও কোন ফুটবল বিশেষজ্ঞ? লেইম একাত্তর খেলাযোগ,tamim,NEUTRAL
444e1f64be593045,Nonsense. Tamim k chinei to na nymer. Stupid er mto news koren. 😡,tamim,NEUTRAL
edd8bb75f5c02e12,এখানে আফার সমথর্ন গোষ্ঠী এসে আবালের মতো কিছু লেখতাছে আরে তামিম বাংলাদেশের গর্ব তাই খারাপ কমেন্ট বিরত থাক,tamim,NEUTRAL
8cca72e581a96d47,"Ji brazil er brainless fan Tamim iqbal,pendu fan,r tamim er moto big player er penaldo ke niye logic dekhle mone hoi je play baby pass korse,je konodin football tao dekhe ni,big player theke big logic expect kori,but he is a childish football fan",tamim,NEUTRAL
3e49db743409d442,tamim nijei to daye... oboshor e jawa uchit,tamim,NEUTRAL
30de5b05366a59df,এই তিন ম্যাচে তামিম কত রান করেছে? তিন ম্যাচে তাঁর ভুমিকা কি? ও লাস্ট দশ ম্যাচে মোট কত রান করেছে?,tamim,NEUTRAL
dcbbd65cf9525952,"এবাবে বিদায় নেওয়া টা ঠিক হয় নাই, তামিম মাঠ থেকে বিদায় নিলে সবাই ওনেক খুশি হতো, কারন মাঠ থেকে বাংলাদেশে খেলোয়ারা বিদায় নিতে পারে না, তার জন্য বলছি ১ টি T20 ম্যাচ",tamim,NEUTRAL
896a9cdc661b7f57,আগে জানতাম তামিমের একজন চাচা ছিল আকরাম খান এখন দেখতেছি চাচার অভাব নাই😂,tamim,NEUTRAL
85572a87308438ed,"Tamim played 4 World Cup , he has done lots of bullshit",tamim,NEUTRAL
d554c2adb4d3387e,"ভিডিওটি শুনে বলুন, তামিম ইকবাল ইস্যুতে নাজমুল হাসান পাপনের প্রতিক্রিয়া কি ‘পেশাদার’ হয়েছে?",tamim,NEUTRAL
664bcbb440cfb5d5,Tamim vai is the best opening player Bangladesh team,tamim,FAVOR
31190fa1bfbf1ffc,Always love and respect for tamim iqbal,tamim,FAVOR
d8199e91dddbf958,না।কিন্তু টিম ম‍্যানেজমেন্টের উচিত ছিল তামিম কে এই সিরিজে অবসরে রাখা।,tamim,AGAINST
d33a26d66ed9533e,"তামিম কে কোন খেলোয়াড় মনে করি না আজকাল কারন সে তার সোনালী দিন শেষ করেছে, অবসর নেওয়া উওম বিশ্বকাপের আগেই",tamim,AGAINST
d82f143f0fc29b4b,"Tamim should get rested for rest of the series for Bangladesh, please 🙏",tamim,NEUTRAL
51c50176b57bda29,তামিম ইনশাআল্লাহ সামনের সবগুলো ম্যাচ ভালো করবে,tamim,FAVOR
2b13f10d7a56f958,তামিম দিনে দিনে বাচ্চা খেলোয়াড মনে হয় জীবনের প্রথম ম্যাচ খেলেছে। অভিজ্ঞ একটা খেলোয়াড় নাম মাএ থাকার চেয়ে বিশ্বকাপের আগে অবসর নেওয়া ভালো,tamim,FAVOR
dcbf30a88e1be890,Tamim is the best opener of Bangladesh,tamim,FAVOR
77bd10fd360b3c96,It should be captain Tamim Iqbal calls how fit he is so Caption can decided if he isn’t fit he shouldn’t play give to chance some else’s,tamim,NEUTRAL
6cf46683dc8a19b0,Papon k dosh dia luv nai ar tamim press conference jodi boley oni fit na taholey eta to opponent team er advantage.,tamim,NEUTRAL
d226544de46a05d8,Noman bhai Tamim-ke apnader support dewa uchit... Onek cricketer er career era nosto koreche... Hathu Abr ses puran khela suru koreche... Amader captain ke amader support korte hobe... Otherwise Tamim-er career o nosto kore felbe...,tamim,FAVOR
aabff5563838d67f,Vaie Tamim nakhelle captenci harate pare taie poro fit naholeo onde khela khelbe ..,tamim,NEUTRAL
707f4f3296d12859,Bhai appreciated for nice analysis. We have lost our interest to see future BD match. Tamim was the best player,tamim,FAVOR
615d6decb62bf13d,"This is very bad decision if Tamim Iqbal is not feel fit. He shouldn’t be play is very bad decision and very bad leadership decision. It’s very very disappointing from the captain of Tamim Iqbal we love the Bangladesh cricket, so please don’t disappointed as best of luck for the next match.",tamim,FAVOR
03f4ffc4ba75db4d,অবশ্যই অপেশাদার আচারন। তামিম বাংলাদেশের ১ নং ব্যাটার। তাকে তার মত সিদ্ধান্ত নিতে দেওয়া উচিত। তামিম রানে ফিরলে সব ঠিক হয়ে যাবে।,tamim,NEUTRAL
df8e9a6b534ddc4b,I think Tamim will loss his captaincy......,tamim,NEUTRAL
2b7f02e1de46afc0,Are vai tamim zaita bolse seta kubi karap akta kota... Ke ki react korlo ta aikane issue na,tamim,NEUTRAL
816bd9db27d28c6f,"এই ম্যাচে শুধু তামিম ইকবালের দোষ দেওয়া ঠিক হবে না, এখানে বাংলাদেশের ব্যাটিং টপ অর্ডার, মেডিল অর্ডার, লো অর্ডার , সবাই খারাপ পারফরমেন্স করেছে, আজকে বাংলাদেশের যে খেলা দেখেয়েছে😏 সেটা খুব প্রশংসা জনক👌 😠",tamim,AGAINST
9c0ddfba9fe5fbf3,Ai akta match diye sobar khela bichar koren kn... Tamim er last 50 ta match dakhen... Ar onnoder 50 ta match dakhen...,tamim,NEUTRAL
2fe1e86d9d7a0fee,Tamim ভাই কে এতো অবহেলা করাটা কী উচিত হচ্ছে ওটা বলেন যে মানুষ টা ভাঙ্গা হাত নিয়ে খেলেছিলো এক সময় তিনি একা ওপেনিংয়ে রান করতেন শুধু এই বাংলাদেশের জন্য.... Sorry Tamim bhai....😥😥😥,tamim,NEUTRAL
e3fde50f52a613ed,"Mitchell Starc in a press conference before BGT 2023 said ,"" If I waited to become fully fit and play for my country I could have managed to play one fourth of the test matches I've played so far"" . From that point of view I support Tamim 's statement fully...",tamim,NEUTRAL
2e9a7f637db1715a,১ হাতে ব্যান্ডেজ থাকাবস্থায় কি কেউ ফিট থাকতে পারে..... তখনতো তামিম ঠিকই ব্যাটিং করছিল..... সেটা ১টা বল হক আর ৩০০টা বল হক,tamim,NEUTRAL
8f3e2b703953fb7f,Tamim er Fitness sobsomoy e kharap thake.. Or bisoyta besi sensitive! Pithe betha thakey unar,tamim,AGAINST
9cc3beab3173116c,ভাই আমার মতে তামিমের অবসরে চলে যাওয়া উচিত,tamim,AGAINST
49c11c2aee8ea9b3,I think tamim is pulling off the team both with batting and captaincy One out of five match's performance shouldn’t be the key for the entrance in team,tamim,NEUTRAL
36d4292bb825149a,Tamim k baad deya ochit. Ekmot hole like din.,tamim,NEUTRAL
a1405aecf56d677e,তামিম ফর্মে ফিরবে তার খেলায় তো সে লক্ষণ নেই,tamim,NEUTRAL
d644b5e612220513,তামিম ভাই খারাপ করছে বুঝলাম কিন্তু ভালোটা করলো কে?,tamim,FAVOR
a901a03f8819ee76,আমরা বাঙ্গালীরা সুখের ভাগ নিই দুঃখের না। একজন প্লেয়ার অফফর্মে থাকলে তার মনের অবস্থা এমনিতেই ভালো থাকেনা সেজন্য অন্যদের সাফোর্ট দরকার হয়।। তামিম ফর্মে থাকলে এসব কথা কেউ বলতনা। পাপনের পেশাদারিত্ব নাই।,tamim,FAVOR
c44d824367d6ed8a,পাপন যা করেছেন আমি সহমত প্রকাশ করছি। কারন তামিম ফর্মে নেই। তার ফিটনেস কেমন আছে এটা কি ইন্টারন্যাশনাল ম্যাচে খেলে পরিক্ষা করতে হবে?,tamim,NEUTRAL
77c9dfe08560259a,যেহেতু তামিমের ফর্ম ভালো নেই Fapon হয়তো চেয়েছে naim sekh কে এক্সপেরিমেন্ট করতে,tamim,FAVOR
2fef3a7d96466938,sob e thik ace vi but amr mote tamim k akhon bad deya ucit jodiyo se amader onk diyece kintu take dekhe mone hoy tar age already 45 .. tar soriri vasay ta sposto. tar jaygay new kauke ontorvokto kora ucit akhon thekei.. r ha ar ak ta kotha tamim er T20 theke obosor niyata deser jonne hotasar. se amader hotas korece tar ucit ODI theke biday niya r T20 te oboshor venge fera asa…❤❤❤,tamim,AGAINST
e2829802699f9416,তামিম বলেন বা অনেক খেলয়ার আচে এদের জতো সুজগ দেওয়া হয় তারপর ও ওনারা বুজেনা একটু সময় নিয়া বেটিং করলেই কিন্তু পারে,tamim,NEUTRAL
1ad7db144aa27e4d,সম্পূর্ণটাই তামিমের নাটক। তামিম জানে আফগানিস্তানের বিপক্ষে অবস্থা খারাপ হয়ে যাবে তার। তামিম ইকবালের মাঝে কোন দেশ প্রেম নাই সেই একটা স্বার্থপর। তা না হলে সে কিভাবে দলকে বিপদে ফেলে সে নিজে চিন্তা করতে পারে।,tamim,AGAINST
c6070a2e7fcc87dc,তামিম বাংলাদেশ কে ভালোবাসেন।ক্রিকেটের মির্জাপর দের অবশ্যই বিচারের মুখোমুখি করতে হবে ???,tamim,FAVOR
29458cca126c1584,এখনও সময় আছে তামিম ইকবাল ভাই কে দলে চাই 😔😔😔💚,tamim,NEUTRAL
1a03fb92b5977dd8,যদি রাত পোহাইলে শোনা যেতো তামিম ইকবাল দলে আছে। তাহলে আমি সহ পুরো দেশ কাপ পাওয়ার মতো আনন্দিত হতো,tamim,NEUTRAL
6078bbe8f5a7ba26,এ অন্যায় মেনে নেওয়া যায়না... তামিমের প্রতি যে অন্যায় করা হয়েছে এর কঠিন বিচারের দাবি জানাচ্ছি...,tamim,NEUTRAL
0b8b6126cc17dfa4,"তামিম সাহেব আপনি বিসিবির মুখোশ উন্মোচন করেছেন আপনাকে ধন্যবাদ, তবে আরো বিস্তারিত বলা দরকার ছিল,",tamim,AGAINST
48d5fc865922e6ab,"ইমরুলকে যেভাবে তামিম সরাইছে,,,সেইভাবে তামিমকেও সরানো হইছে???",tamim,NEUTRAL
37b553a5a5fc6859,তামিমের বিকল্প নেই। সারাজীবন মনে রাখব আপনাকে খান সাহেব।,tamim,NEUTRAL
481be414b597f76d,খেলার মধ্যে দূষিত রাজনীতি চলছে এবারের বিশ্বকাপ দেখার ইচ্ছা আগ্রহ কোনোটাই নাই। তামিম ভাই আপনার জন্য দোয়া করি ভালো কাজ করেন ভালো কাজের সঙ্গে থাকেন দূষিতদের সঙ্গ ছাড়েন ভক্ত শুভাকাঙক্ষীদের কাছে নিজের পরিচয় তুলে ধরুন,tamim,FAVOR
c9334ef1d9560087,আমরা তামিম ইকবাল ভাইকে বিশ্বকাপ দেখতে চাই,tamim,NEUTRAL
6696761b0a5e43ab,তামিম ইকবাল ভাইকে আমরা সেরা একাদশে দেখতে চাই এরা কোথায় এখানে,tamim,FAVOR
79a6516db0cce004,"Natokbaj Tamim. Shey ego dekhay khelenay. Tar jodi desher jonno khelar iccha thakto, eshob baad diye batting ei monojog dito",tamim,NEUTRAL
110948a7990be3ab,আমি শিউর যে তামিম ভাইকে ফোন দিয়েছে সে নিশ্চিত মাল খেয়ে ফোন দিয়েছে ..,tamim,NEUTRAL
cc17d3e7101568c1,I am from Pakistan tamim iqbal is my favorite hero and my heart,tamim,FAVOR
409e15c328b0438c,Zaryab Khan im Indian but tamim iqbal Khan is great man,tamim,FAVOR
e00791e2a846660b,Thanks bro..Tamim iqbal also my heart also love Babar Azam.,tamim,FAVOR
97a378927360ef60,তামিম ভাই এর ব্যাটিং কার কার ভালো লাগে লাইক here,tamim,FAVOR
3d97f9ed9cd206b3,"তামিম ফিরে এসেছে,,, এর চেয়ে খুশির খবর আর কি হতে পারে... তামিম অবসর নিয়ে নিছে খবরটা শুনে চোখে টলটলে পানি চলে আসছিল...",tamim,AGAINST
cc70cf06cfa78be3,ধন‍্যবাদ প্রধানমন্ত্রী ধন‍্যবাদ মাসরাফি ভাই শুভ কামনা তামিম ভাই আপনাকে আগামীতে ভালো করার প্রতাশা,tamim,FAVOR
e9a44c2a76c496ac,"Only Love u Tamim❤️❤️ Still now,শুধু তামিম এর জন্য খেলা দেখি।",tamim,FAVOR
d66f575ddf10cc17,"এত আবেগ ভালো না আমার মনে হয় তখন তামিমের অবসর বা অধিনায়কত্ব ছারা ঠিক হয়নি, 🤔 রাগ এবং ঝড় দুটি একই রকম থেমে যাওয়ার পরে বোঝা যায় ঠিক কতটা খতি হয়েছে 🤔",tamim,FAVOR
94b0d1905f8b8088,"সেই বিশ্বকাপ জয়ী ক্রিকেটাররা কি পাচ্ছে পরিমাণ মতো সুবিধা কিংবা সন্মান? তানজিম তামিম এতো ভালো ব্যাটার, কিন্তু তিনি কি জাতীয় দলে কখনও সুজুক পাবেন? ইমন এতো ভালো প্লেয়ার, সে কি সেই সন্মানটা পায়? আকবর, অসাধারণ একটি প্লেয়ার, তিনি কি পায় সেই সন্মান?",tamim,FAVOR
580ca458bdef5905,আলহামদুলিল্লাহ। তামিমমের মতো কোনদিন একটিও খেলোয়ার আসবে না। তামিমের কারনে বাংলাদেশকে ভারত ও অন্য দেশগুলে ভয় পেত।তামিম ইনশাআল্লাহ আরো ভালো করবে।,tamim,FAVOR
2a59c78c69fa391a,যে যাবার সে যাবে ঝামেলার কিছু নাই তামিমের চেয়ে ভালো ভালো প্লেয়ার এখন বাংলাদেশের সাইট বেঞ্চে বসে থাকে,tamim,FAVOR
b7ed0a5faf9c4dbb,"তামিম খেলতে পারে না,আবার টিমে রাজনীতি করে।আজ কে তামিমের কারণে আফগানিস্তান এর সাথে ওয়ানডে সিরিজ হারলো।দলে ফিরে তামিম কিছুই করতে পারবে না,শুধু দলে রাজনীতি ভালো করতে পারবে।",tamim,FAVOR
8054f814267beefb,কাউকে দেখিনি তামিমের জন্য সাপোর্ট করেছে এক মাত্র নুমান ভাই সাপোর্ট করেচেন ধন্যবাদ কলিজার মিডিয়া ভাইকে ❤️❤️❤️,tamim,AGAINST
34f72f2917dbb07e,"জ্বী অবশ্যই ।। আরেকটা কথা, তামিমের অবসর ইস্যুতে আপনাদের বিশেষ করে আপনি রিয়াসাদ ভাই, যে ভূমিকা পালন করেছেন সত্যিই প্রসংশনীয়।। 🥰 একজন খোদে ক্রিকেট ফ্যান হিসেবে আপনাকে লক্ষ্য সেলুট👍🥰 আপনার প্রতি ভালোবাসা আরো বেড়ে গেল🥰।।",tamim,FAVOR
aadab61e2521c065,"Aro onek agei Mashrafi k mentor hiseben caiben eta tamim bolechilen jodi tamim captain thaken.... So, ei retirement er decision na nile tini masfrafi k ante parten na....",tamim,AGAINST
64005fbc8ad30776,সম্মানের সহিত বলছি এটা মোটেও ভালো হবে না। তামিম ব্যাক করেও ভুল করেছে। দল এক সুতোয় গাথা না হলে ভালো করতে পারবে না।,tamim,FAVOR
6556cef8eb7bbc86,that's why I love Tamim iqbal Khan. best cricketer in Bangladesh ❤,tamim,FAVOR
33d86e5f124ca4c6,"তামিম ইকবাল বাংলাদেশের ক্রিকেট এর প্রান,তামিম কেবাদ দিয়ে ওয়ার্ল্ডকাপ এ ভালো কিছু আসা করা বোকামি, মাননীয় প্রধানমন্ত্রীর হস্তক্ষেপ কামনা করছি",tamim,FAVOR
f7fab8c61070d3dc,বাংলাদেশ ক্রিকেট বোর্ড কি দেশের এবং দলের প্লেয়ারদের নিঃস্বার্থ ভাবে চিন্তা চিন্তা করে?যেখানে প্রধানমন্ত্রী ও দেশের ১৮কোটি জনগণ বলেছে তামিমকে দলে চাই সেখানে এর বাহিরে সিদ্ধান্ত কোনভাবেই দেশের পক্ষে যায় না।এই সিদ্ধান্ত কে ভালোবেসে দেশের জনগণ তাদের সমর্থন করতে প্রস্তুত থাকবে?,tamim,FAVOR
b0de87a050f69dc6,Please Add Tamim. We love him and we need him for this tournament.,tamim,FAVOR
1d84621fa96f006d,তামিম না খেলতে পারলে প্রধামন্ত্রি দায়ি করা হবে। কারন তার কথায় তামিম ফিরেছে। যদি বাদই দেওয়া হবে তাহলে ফিরিয়ে এনে অপমান করলেন কেন। জাতি জানতে চাই।,tamim,AGAINST
e4a599451fee9a3e,"ভালো রান করার প্রতিস্রুতি দিয়ে নয়,দেশের স্বার্থে তামিম কে দলে চাই, চট্টগ্রামের দর্শকরাই কি শুধু চায় তামিম দলে আসুক?খুব কষ্ট পেলাম সংবাদ এই ভাষাটি ব্যবহার করার জন্য",tamim,FAVOR
b0f13ab646d239b1,"দাত থাকতে দাতের জত্ন নিস রে ভাই। তামিম কে। ছারিস না,,, তামিম কে তোরা আবার ফিরিয়ে আন রে ভাই 😰😰😰😰😰😰ভালো খেলুক খারাপ খেলুক তামিম কে দরকার কারন ওপেনিং সবাই করতে পারে না,,,তামিম কে খুবি দরকার দলে,,,,",tamim,FAVOR
349ffb8db1b3dfe0,"মাননীয় প্রধানমন্ত্রী, হাফফিট তামিম ইকবাল যদি ফুলফিট অনেকের চেয়ে ভালো হয়, তাহলে আমরা হাফফিট তামিমকেই দলে চাই। ইংল্যান্ড দলের প্রয়োজনে যদি অবসরপ্রাপ্ত বেন স্টোককে ফেরানো হয়, তাহলে বাংলাদেশের প্রয়োজনে তামিমকে দলে নিতে আপনার সদয় সুদৃষ্টি কামনা করছি।",tamim,FAVOR
44ffee3bced35854,তামিম যদি খারাপ খেলে তাও আমরা তামিমকে দলে চাই তামিম ছাড়া বিশ্বকাপ খেলা দেখা আমাদের জন্য তার সাথে বেয়মানি করা হবে যার জন্য বাংলাদেশ আজ বিশ্বকাপ খেলতেছে,tamim,AGAINST
064e858e9131804e,তামিমের ব্যাপারে পাপন প্রধানমন্ত্রীর কাছে ভুল উপস্থাপন করেছে,tamim,AGAINST
aa6f42cf18b9fd35,ভালো বাসার আরেক নাম তামিম ইকবাল খান।,tamim,FAVOR
57113f55fd95b7e4,একজন বরো মনের ও গুনি মানুষ তামিম ইকবাল খান তার কাছে সব সময় আমরা ভালো কিছু আসাকরি,tamim,FAVOR
d1418a8ece1a8473,তামিম ইকবাল দেশের জন্য এতকিছু করার পর আপনারা তাকে ভুলে গেছেন! ঠিক তেমনি তানজিম আপনাদের বিশ্বকাপ এনে দিলেও তাকে ভুলে যাবেন। এটাই আপনাদের নেচার,tamim,AGAINST
b4bbb9d30243fd98,"তামিমকে মানুষ ঘৃণা করে, বুলবুলকে পছন্দ করে",tamim,AGAINST
3d39d26d8f60b4de,"""ময়লা যতই নাড়াতে থাকবে,সেখান থেকে ততই দুর্গন্ধ ছড়াবে।"" মিড়িয়া সেটাই বারবার করতে চাইছে, তামিম ভাই বুদ্ধিমানের মতো সেটা এড়িয়ে গেছেন। ভালো লাগছে ভাইয়া❤️❤️❤️",tamim,FAVOR
9b1622315f8df409,Tamim is a great player . Chittagong is our heart 💖💖,tamim,FAVOR
475d665b678b4c82,তামিমের কথা বলার ধরন খুবই ভালো লাগলো নিরহংকার সোজা স্বীকারোক্তি,tamim,FAVOR
918169de64c37985,Tamim is great. because সে নিজেকে বড় মনে করে না।,tamim,FAVOR
72549ea839393ba8,"তামিম ইকবাল ওনেক ভদ্র, খুবই ভালো লাগে তাকে",tamim,FAVOR
7329836f35e1d929,তামিমের মতন ভদ্র খেলোয়াড় মনে হয়না। বাংলাদেশ ক্রিকেটে আরেকটা আছে। তামিমের আর আমি একসাথে বড় হয়েছি। কারণ তামিম অনেক মজার মানুষ। বন্ধু হিসেবে নয় একজন সাপোর্টার হিসেবে বলছি কথাটা ধন্যবাদ ।,tamim,AGAINST
fd195dffda2d7cc3,ম্যাশের পর অধিনায়ক হিসেবে Maturity ও কথা বলার ধরনের দিক থেকে তামিম-ই সবচেয়ে বেশি ভালো। আর বাংলাদেশের সাংবাদিকদের কাজ হলো শুধু খুটিয়ে খুটিয়ে Controversy তৈরির চেষ্টা করা।,tamim,FAVOR
4c8a6d74a8e767f2,আমার জানা মতে তামিম ভাই অনেক ধার্মিক বাট সালাম দেওয়ার ধরনটা ভালো লাগলো না,tamim,FAVOR
77b205b36097b714,"চলমান টুর্নামেন্টে খেলা চলা কালিন খেলোয়াড়দের অন্য বিষয় নিয়ে চাপ দিলে খেলার ফলাফল ভালো হয় না, যেমন তামিম আজ খেললো",tamim,FAVOR
252eea8d0814bf1d,বিশ্বকাপের তামিম ইকবালের সাথে সুজন ভাই বসত তাহলে ভালো হতো,tamim,FAVOR
ff1192f774213c69,তারা এগুলো কোরেছে ভালো ভালো ক্রিকেটার দের সাথে আর আমাদের মন ভাঙ্গা হচ্ছে আমরা ভক্ত হিসেবে কি করবো এখন দীর্ঘ অপেক্ষা একমাত্র বসে থাকি তামিম ইকবালের খেলা দেখার জন্য তাহলে এটা কি আমাদের অপরাধ যেকোনো মূল্যে তামিম ইকবালকে দলে ফেরানো হোক এটা আমাদের প্রাণের দাবী,tamim,FAVOR
ef610c2a28e03f62,অনেকেই খেলতে না পারার কারনে কষ্ট পাচ্ছে কিন্তু তামিম খেলতেই চাচ্ছে না কিছু তো একটা আছে সাংবাদিক ভাইদের দায়িত্ব দিলাম খুঁজে বের করেন কারন,tamim,AGAINST
3bf1934338675724,তামিম জানে খেলায় আর ভালো করতে পারবে না সে ।সেই জন্য খেলবে না ।।যা খেলেছে আগে ওইগুলোই থাকুক।।,tamim,FAVOR
3dd67fe60be0fd4d,"আমাদের নতুনদের নিয়ে ভাবতে হবে। তামিম তো অনেক বছর সার্ভিস দিলো, আর কতো? ওর টি-টোয়েন্টি স্ট্রাইকরেট বেশি ভালো না।",tamim,FAVOR
3640bdf9a49f1e8a,"আরে ভাই এত জোর যবর দস্তির কি আছে তামিম খেলবে না ঠিক আছে, আর ওনার স্ট্রাইক রেট ও ততো ভাল না",tamim,FAVOR
e02c4a8a5bc03cc9,"Dhonnobad tamim iqbal Nijer Somman bisorjon na Diyar jonno, jara teeth thakte Teeth er dam dei nah,Apnar siddhanto ke sadhubad janaiee..<3 Ashraful r apnar jonno shuvo kamona roilo..",tamim,AGAINST
57fb967c73d8cfdd,"আপনারা সাংবাদিকরা কি করেন পাপন সাহেব কে কেনো এই প্রশ্ন করেন না, তামিম খেলবে না এ কথা পাপন সাহেব কেনো বললো,তামিম কেনো বললো না,পাপন সাহেব কি এসব প্রচার করার কাজে নেমে পড়েছে কে খেলবে খেলবে না,উচিত তামিমের বলা কিন্তু সভাপতি যখন বলে সাংবাদিকদের তখন সে প্লেয়ারা কখনো খেলবে না,হাজার ইচ্ছা থাকা সত্তেও",tamim,AGAINST
01d14cf19cb8ec8c,"মন না মান 😀😀 আর বড় কথা এটা না সবথেকে ভালো লাগবে তামিম যদি ক্রিকেট খেলা ছেড়ে দেয়,কারণ ও t20 খেলে টেস্ট ম্যাচের মত",tamim,FAVOR
d07a15c9318f40ec,তামিম কিসের এতো ভালো খেলোয়াড় যে তাকে খেলার জন্য অনুরোধ করতে হবে। বাংলাদেশে ভালো খেলোয়াড়ের অভাব পড়েছে?? শালা পাগল বাংলাদেশ ক্রিকেট বোর্ড,tamim,FAVOR
697bef84fee62097,"এতে আর বোঝার কি আছো বাংলাদেশের সেরা 20টি ব্যাটসম্যান তামিম ইকবাল ভাই, তাকে 20টি ওয়াল্ড কাপ নেয়নি, এখন খেলে কি হবে।",tamim,FAVOR
23608747a44e7854,হ্যাঁ ভাই তামিম ই আমাদের প্রথম পছন্দ। বার বার চেঞ্জ করে লাভ নাই। আর নাইম শেখদের মতো টেস্ট প্লেয়ারও দরকার নাই। তারা ব্যার্থ হলেও তাদের ব্যাটিং স্টাইল বেশ ভালো তারাই ওপেন করুক,tamim,FAVOR
0eaaa475feb2e9b0,I love u Shaikh Tamim Al Adnani,tamim,FAVOR
cc886f8b47487200,"শায়খ তামিম আল আদনানী! আপনাকে আল্লাহর জন্য ভালোবাসি, আল্লাহ আপনার মাধ্যমে আমাকে উপকৃত করছেন, আলহামদুলিল্লাহ!",tamim,FAVOR
38195cc08a777839,প্রিয় শাইখ তামিম আল-আদনানি (হাফিজাহুল্লাহ) আল্লাহর জন্যই আপনাকে ভালোবাসি ! আপনার নাসিহা গুলো শুনে থাকি।,tamim,FAVOR
5cdd27137afd4e99,প্রিয় শাইখ তামিম আল-আদনানি (হাফিজাহুল্লাহ) কথা অনেক ভালো লাগে,tamim,FAVOR
c000be95e03688dd,PROUD OF u Brother 🙏 Tomar BanaNO lyrics gula Amr Choke Ekta Movie r Soman ... @TAMIM vai UR a Legend,tamim,FAVOR
80d852bc01ab2883,"Loved the lyrics & flow, Somrat & Tamim bro. But gosh the beat is smooth af! 🔥",tamim,FAVOR
3d50fd24f05bc6b1,Tamim boro tomar gan shara dinta shoni love 💕 song mone laiga ja 😢😢😢,tamim,FAVOR
2f34f6f012ba243d,এসব ভুল হচ্ছে তামিমের বিসিবির কোন ভুল নেই বিসিবি যা বলছে মনের কথা ভেবেই বলছে দর্শকদের কথা ভেবেই বলছে তামিমকে দাওয়াত দিয়ে নিয়ে এসে কথা বলা গুলোর উচিত ছিল না,tamim,AGAINST
a819e58de53eddca,"আজকের ঘটনা বাংলাদেশের ক্রিকেট ইতিহাসে একটা লজ্জাজনক অধ্যায় হয়ে থাকবে। বিসিবি কমিটি যেভাবে এনএসসি ভেঙে দিল, সেটা স্পষ্ট করে দেয়—এখানে খেলার চেয়ে ক্ষমতা আর সিন্ডিকেটই বড় হয়ে গেছে। বাংলাদেশের ক্রিকেট আজ পুরোপুরি একটা নিয়ন্ত্রিত খেলায় পরিণত হয়েছে, যেখানে সিদ্ধান্ত হয় বন্ধ দরজার আড়ালে, কিছু প্রভাবশালী গোষ্ঠীর ইশারায়। যারা পরিবর্তন আনতে চায়, তাদের কাজ করতে দেওয়া হয় না। বর্তমান সভাপতি আমিনুল ইসলামও তার ব্যতিক্রম নন—তাকে শুরু থেকেই নানা দিক থেকে চাপে রাখা হচ্ছে, যেন তিনি স্বাধীনভাবে কাজই করতে না পারেন। অন্যদিকে, তামিম ইকবালকে ঘিরে যে ক্ষমতা দখলের রাজনীতি চলছে, সেটাও এখন আর গোপন কিছু না। ব্যক্তিগত প্রভাব আর লবিং দিয়ে যদি ক্রিকেট চালানো হয়, তাহলে এই সিস্টেমের ভবিষ্যৎ খুবই অন্ধকার। খেলোয়াড়দের পারফরম্যান্স, দলের ভবিষ্যৎ—এসব এখন দ্বিতীয় বিষয়। প্রথম বিষয় হয়ে দাঁড়িয়েছে কে কতটা নিয়ন্ত্রণ নিতে পারবে। এই পরিস্থিতিতে একজন সাধারণ সমর্থক হিসেবে নিজেকে প্রতারিত মনে হওয়াটা স্বাভাবিক। তাই আজ থেকে আমি বাংলাদেশ ক্রিকেট বয়কট করলাম। এই ক্রিকেট আমার না—এটা সিন্ডিকেটের ক্রিকেট।",tamim,AGAINST
4b175a5f02b74daa,তামিম ধ্বংসের দ্বারপ্রান্তে। কারণ ইশরাক নামের বিএনপি এখন মানুষ ঘৃণা করে,tamim,AGAINST
5dc9ddfeffec094b,"তামিম ইকবাল একজন অসাধারণ মানুষ কিন্তু ভুল একটা রাজনৈতিক দলের সাথে জড়িয়েছে যারা ভারতের র' এর সাথে হাত মিলিয়ে দেশকে আবার স্বৈরাচার গণহত্যাকারী খুনি হাসিনার আমলে ফিরিয়ে নেয়ার প্রয়াসে ব্যস্ত। তাঁর উচিত স্বতন্ত্রভাবে নির্বাচন করা। তবে বুলবুল ভাইও ভাল মানুষ ও দেশপ্রেমিক। লাখ টাকার চাকরী ও সম্মান ফেলে অস্ট্রেলিয়া থেকে দেশের টানে চলে এসেছে। তাঁর পরিবারও অস্ট্রেলিয়ায় থাকেন। বুলবুল ভাই বাংলাদেশের ক্রিকেটের জন্যে ইতিমধ্যেই ফলপ্রদ কাজ করা শুরু করে দিয়েছেন, হাত গুটিয়ে বসে থাকেননি। তাঁর পরিকল্পনামাফিক কাজগুলো এগিয়ে নেয়ার জন্যে তাঁকে বাংলাদেশের খুবই দরকার। আমি মনে করি বিসিবি'র প্রেসিডেন্ট পদের জন্যে বুলবুল ভাইই একমাত্র যোগ্য, তামিম ইকবাল নয়। তবে তারা দুজনই অসাধারণ ভাল মানুষ। ধন্যবাদ।",tamim,AGAINST
27194d6c0ce25bbf,"তামিম ভাই ছিল বাংলাদেশের মানুষের ভালোবাসা,, দিনে দিনে জোকারে পরিণত হচ্ছে 😂😂😂😂😂",tamim,FAVOR
447e8631d7f6532d,"বুলবুল অনেক যোগ্য , ক্রিকেটের উন্নতির জন্য দরকার । এক পরিবারের সবাই আর কত। তামিম, থামলে ভালো হয়।",tamim,FAVOR
420d77a298c18ac9,তামিম ইকবাল কে এতদিন ভালো মনে করতাম,tamim,FAVOR
63502d07f07dfd6b,"তামিম সুবিধাবাদি, আওয়ামী লীগ এর আমলেও ভালো ছিলো এখনও। এর কোন নিতি নাই। লোভি একটা মানুষ, আরে ভালো কিছু কারার থাকলে কোন দল করা লাগে?",tamim,FAVOR
02e9f1b3cc755ae6,আমি নিশ্চিত তামিম এই নির্বাচনে বিজয়ী হতেন কিন্তু তিনি নিজের দলীয় তকমাটা গায়ে লাগালেন এর কারণে কি হবে জানিনা উনি দলে যোগ দেবেন ঠিক আছে কিন্তু একটু কৌশলে এড়িয়ে যেতেন এরকম সংবাদ সম্মেলনে রাজনৈতিক নেতা না রাখতেন এতেই বোঝা যায় যে উনি রাজনৈতিক এজেন্ডা বাস্তবায়ন করতে বাধ্য বিজ বিজয়ী হলে,tamim,AGAINST
b6a3a706ac86fc33,তামিম আপনি না তুই কাজটি ভালো করছিস না,tamim,FAVOR
cf0d648f53353c74,তামিম ফেৎনা বাজ খুব ভালো জানতাম তারে,tamim,FAVOR
77758e058a1d1a3d,তামিম ইকবাল তার ব্যক্তিগতভাবে প্রতিবাদ জানাতে পারতো কিন্তু একটি চাঁদাবাজ রাজনৈতিক দলকে এভাবে আনা উচিত নয়😢😢😢😢😢,tamim,AGAINST
03f50fccbfb62aaf,"বিসিবিতে সব ধরনের রাজনৈতিক দল বা গ্রুপিং থেকে বিরত থাকতে হবে | ভেবেছিলাম তামিম হয়তো কোন নির্দিষ্ট দলের হয়ে কাজ করবে না, কিন্তু এখন দেখছি সে বিএনপির হয়ে কাজ করছে | অতএব তামিমের পরিবর্তে বুলবুল ভাই হলেই ভালো হয় |",tamim,FAVOR
2f91f45836212155,তামিম ইকবালকে আজীবন নিশিব্ধ করা উচিৎ বিসিবি থেকে। কিছুদিন আগে তামিম কান্নাকাটি করেছে আমাকে কেউ ভুলে যাইয়েন না। এখন হিম্মত দেখিয়ে বিসিবির সভাপতি হতে চায়।,tamim,AGAINST
76fd88184fb6eb6c,তামিম ভাই ভালো বাসার জায়গা টা হারাবেন না আশা করি 😅 ইশরাক ভাই এখন ঘেরাও করা টেন্ডার নিছেন নাকি,tamim,FAVOR
8cd8022671e9e47f,If they are giving instructions through office order they are doing it right. Nobody does unfair things by issuing office order as evidence. Tamim is a greedy SoB.,tamim,FAVOR
d4c6d96d81646539,তামিমকে ভাল মনে করছিলাম সেও ক্ষমতালোভী হয়ে যাচ্ছে। তামিম আমাদের সবার প্রিয় তাই তাকে বলবো পাপন কুলাঙ্গারের সময় কোথায় ছিলেন ভাই?,tamim,FAVOR
9905c27aba060456,আমার অনুরোধ তামিমের গাঁয় না লাগাটাই স্বাভাবিক। উনি বি.এন.পি দ্বারা প্রভাবিত হচ্ছেন বলে আমার অনুমান। ইশরাক যার পেছনে থাকবে তার ব্যর্থ হওয়ার জন্য আর কিছু দরকার নাই।,tamim,AGAINST
71ad533c2d514c2a,"তামিম ইকবাল ভাই আপনার জন্য দোয়া ও ভালোবাসা ছিল থাকবে সব সময় এবং আপনার অনুপস্থিতিতে চলমান বিশ্ব কাপ খেলায় কোনো আনন্দই পাবে না ক্রিকেট প্রেমিরা,,,,,, আপনাকে এভাবে অপমান জনকভাবে বাদ দেওয়ার বিষয় টি সত্যিই মেনে নেওয়া যায় না, আপনার কোনো চিন্তা নাই আপনি বিশ্ব কাপে না থাকলেও আপনার প্রতি ক্রিকেট প্রেমিকদের ভালোবাসা কমেনি এবং কমবেও না,, তো আসলে আপনাকে কতটা মিস করতেছি এবং বক্তরা কতটা মিস করতেছে তা বলে বোঝানো যাবে না,,,,,অবশেষে একটা কথা বলবো ভাইয়া ভালো থাকেন সুস্থ থাকেন সবসময় দোয়া ও শুভকামনা রইল সবসময় ভাই,,,, মিস ইউ ভাই 😢😢😢😢😢😢😢😢😢😢😢😢😢",tamim,FAVOR
86d7c1274a4251c5,"Tamim vai,I Love YOU so much vai❤❤❤❤",tamim,FAVOR
4c3be788d84ecfea,ব্যবহারে বংশের পরিচয়। love u Tamim vai,tamim,FAVOR
b4732a09021beb5d,তামিম ভাইয়ে কথা শুনে চোখে পানি ধরে রাখতে পারলাম না । আর একটা কথা লক্ষ্য করে দেখুন আপনারা তামিম ভাই বলছিল একটা কথা আপনারা আমাকে ভূলে যাবেন না সেই কথা দিয়ে তামিম ভাইকে আমি বলছি তামিম ভাই যতদিন থাকবে আমিও ততদিন সাপোর্ট করবো বাংলাদেশ ক্রিকেট দলকে। তামিম ইকবাল ভাই হলো ক্রিকেট লিজেন্ড ❤❤❤❤,tamim,FAVOR
7a0464707000739b,খুবই খারাপ লাগলো তামিম ভাইয়ের কথাগুলো শুনে।,tamim,AGAINST
651d75b14f87eee9,"মাননীয় প্রধানমন্ত্রী শেখ হাসিনা আপনার সুদৃষ্টি কামনা করি। বিশ্বকাপের মত ম্যাচ তামিম ছাড়া কখনো সম্ভব না এশিয়াকাপে তা আমরা দেখেছি,,,,,, খেলার মধ্যে এই সকল নোংরামি করা মানুষদের বাংলাদেশ ক্রিকেট দল থেকে বাদ দেওয়ার ব্যবস্থা করেন। 🙏",tamim,AGAINST
5b31b7eafb29a598,"তামিম কে বাদ দিয়ে ভালো হয়ছে, ভরসা হারায় ফেলছি, এখন টিভির সামনে যাওয়া লাগবেনা, পড়া লেখায় মনোযোগ দিতে পারবো,এশিয়াকাপে এইস এস সি এক্সামের মাঝে মঝে দেখতে গেলাম কিন্ত হতাশা, এখন হতাশা নেই,,, অযোগ্য খেলোয়াড়দের ধন্যবাদ নিম্ন মনমানসিকতার জন্যে",tamim,FAVOR
4cbb412f9645937d,"তামিম ভাই.. আপনি সব সময় ই সম্মানিত হয়ে থাকবেন.. আপনি খেলবেন না তাতে খারাপ লাগসে আমাদের বাট আপনি নোংরামির সাথে না থাকার সিদ্ধান্ত টা ভালো নিছেন.. আপনি দেশ সেরা opener হয়ে কোনো নিচে খেলবেন! স্যালুট ভাই আপনাকে ❤ আর থু থু ওই বাটপারদের উপর, যারা এরকম একটা নাটক বানাইছে🤮🤮🤮🤮",tamim,FAVOR
b2f44f92673aa4c0,আমার একটাই কথা আমাদের সমস্যাই তো ওপেনার নিয়ে? তামিম ছাড়া ওপেনার ভালো কে আছে।,tamim,FAVOR
d11238f8493bc6ad,"তামিম ইকবাল খানকে চাই ই, আর সব বাদ।",tamim,AGAINST
7d95e8fad85bbfef,"বিসিবি তে কি চলছে তামিমের ফম ভালো কেন এমন,নতুন দিয়ে খেলালেন এশিয়া কাপ লাভ কি হলো,বিশ্বকাপ বাংলাদেশ কে ছোট করবেন না pls.",tamim,FAVOR
87d26cece4a8e0a7,"আলহামদুলিল্লাহ! তামিম ভাইয়ের সুস্থ হয়ে ফিরে আসা সত্যিই একটি দারুণ খুশির খবর। মহান আল্লাহর কাছে শুকুরিয়া আদায় করার মাধ্যমে আমরা তাঁর অসীম দয়া এবং রহমতের প্রতি কৃতজ্ঞতা প্রকাশ করি। আল্লাহ তামিম ভাইকে দীর্ঘ জীবন এবং সুস্থতা দান করুন, যাতে তিনি আরও ভালোভাবে সমাজের জন্য কাজ করতে পারেন। আমিন।",tamim,FAVOR
085bf35ae49eb6f6,"আলহামদুলিল্লাহ,, কোটি কোটি মানুষের ভালবাসায় আল্লাহ তাআলা তাকে আবার নতুন জীবন দিয়েছেন,, দোয়া করি আল্লাহ যেন তামিম ইকবালকে স্বাভাবিকভাবে জীবন যাপন করার তৌফিক দান করে ❤",tamim,FAVOR
a3aa152aba097c0d,আলহামদুলিল্লাহ দোয়া এবং শুভকামনা রইল। তামিম ইকবাল ভাইয়ের আমাদের বাংলাদেশের খুবই প্রয়োজন অনেক। তিনি একজন ভালো মনের মানুষ।,tamim,FAVOR
ae98b1219a3e76a7,আললাহ্ কাছে দোয়া রহিলো তামিম ইকবাল ভালো হয়ে ওঠুক,tamim,FAVOR
ef63ba4f4a4f57aa,আলহামদুলিল্লাহ তামিম ইকবাল ভাই সুস্থ আছেন শুনে ভালো লাগলো দোয়া করি আল্লাহ তায়ালা যেন তারাতাড়ি পরিপূর্ণ সুস্থ করে দেন আমিন 🤲🤲,tamim,FAVOR
9476dfdbe271cd51,Love you Tamim Vai....Apni Abar amader maje fera ashben.InshaAllah,tamim,FAVOR
729caa9d12e57d79,কোন দল নিয়ে বলছি নাহ। এই হাসপাতাল টা খুব ভালো। যদিও এই হাসপাতালটা শেখ হাসিনার মায়ের নামে। তাই কোন জায়গায় এই হাসপাতাল এর নাম বলা হয় নাহ। কিন্তু তাদের সেবা অনেক ভালো। আমার মা খুব অসুস্থ হয়েছিলো। তামিম ভাইয়ের মতো একবারে মুমূর্ষু অবস্থা হয়েছিলো। তাদের সেবায় আমার মা সুস্থ হয়েছে। আল্লাহ রহমতে।আমি এই হাসপাতালের জন্য দোয়া করি মন থেকে ও এর ডাক্তার দের জন্য।,tamim,FAVOR
cc67b97d06bb6588,"আলহুমদুলিল্লাহ আমাদের দেশের ডাক্তার রা ভালো কিন্তু কেন জানি ভালো ট্রিটমেন্ট দিতে পারেন না । ২০১৭ সালে ভুল টেস্ট এবং সার্জারি করার জন্য আমার অনেক সাফার করতে হয়েছে । এই সরকারের কাছে অনুরোধ আমাদের স্বাস্থ্য সেবার মান, স্পেশালিস্ট ডাক্তার , টেস্ট এর মান যেন উন্নত করেন, আর যে কোনো রোগী যেন দ্রুত চিকিৎসা পান । তামিম সেলিব্রিটি বলে এত দ্রুত ও ভালো ট্রিটমেন্ট পেয়েছেন, এই জায়গায় যদি কোন গরিব মানুষ হতো তাহলে হয়ত তার গুরুত্বটা এত বেশি পেতো না।",tamim,FAVOR
215907d47670f3a8,যে এ্যামবুলেস ড্রাইভার তামিমকে কোনও কিছুর অপেক্ষা না করে হসপিটালে নিয়ে আসল তাকে কি ভুলে গেল।।।,tamim,AGAINST
51f1f99b5b6a169e,"উনি সঠিক পথে আছেন , উনি যেটা সত্য বিসিবি বোর্ড এর জন্য যেটা ভালো হবে সেটাই করে যাচ্ছেন। তামিম ইকবালের চামচামি উনি করেনা। যুক্তিগত কথা বলেছেন উনার মত শক্ত লোক থাকা দরকার উনি উনার জায়গায় খুব স্ট্রেইট্ আছেন।",tamim,FAVOR
6811cf6d48e179db,তামিম যদি বলে ভারতে গিয়ে খেলা উচিৎ তাহলে তাকে দালাল বলা ভুল ছিল নাহ,tamim,AGAINST
c6af99fae321f5e0,'look at this'... that's ian bishap commentry of tamim's great six...❤ i memorise that commentry in tv...❤,tamim,FAVOR
9fc3c942c614914f,"If there is one innings that Tamim Iqbal will be known for the rest of his life, it will be this. A 17 year old taking on the world class Zaheer Khan, smashing him for 4's and 6's in a World Cup.",tamim,FAVOR
c8948f88d8853bcd,"Tamim has more great innings too, that 100 at Lord's is one of them.",tamim,FAVOR
99b1c6286602c5f1,"সময়...সময় সব বদলে দেয়,বদলে দেয় মানুষকে মানুষের ভালোবাসা।কিন্তু প্রকৃত ভালোবাসা কি কখনো পরিবর্তিত হয়? একটা সময় ছিল তামিম কে সব বোলার রা ভয় পেত,বাংলাদেশের অন্যতম ওপেনার সে ছিল।তখন সবাই বলত"" তামিম সেরা,ও জোস,ও একই একশো"" কিন্তু এখন...এটি সত্যি উনি আগের মত ফর্ম এ নেই,বয়স হয়েছে,কিন্তু এককালের সেরা ব্যাটসম্যান কে এই ভাবে সমালোচনা করা কি ঠিক?! এই মানুষ গুলো এখন বলছে তোমার মেয়াদ শেষ,উনার ফিটনেস নাই,বাহ,একটা লোক তার সারাটা জীবন ক্রিকেট এ উৎসর্গ করেছেন,দিন শেষে দেশের মানুষের কাছ থেকে এই বিদ্রুপ গুলো উপহার পাচ্ছে😊। আপনারা বুজবেন না উনার ভিতরে কি পরিমান কষ্ট। যখন সময় এর নির্মম পরিহাসের কারণে আপনাকে কেউ একজন রিপ্লেস করবে তখন হয়তো আপনরা সেইটা উপলব্ধি করতে পারবেন। সব কিছুই replaceable...একজন এর জন্যে যত কিছুই করেন না কেনো আপনার থেকে বেটার কেউ পেলে সে আপনার নামে সমালোচনা করতেও দ্বিধা বোধ করবে না😊 বৃষ্টি থেমে গেলে ছাতা টা কে ও বোজা মনে হয়। কেন ভাই আপনারা এত নেগেটিভ কথা বলছেন,উনি senstitive,আর এইকারনে ডিসিশন টা নিয়েছেন।হয়তো ডিসিশান টা ভালো,but এইভাবে ডিসিশন টা না নিলেও হত। তামিম ইকবাল বাংলাদেশের ইতিহাসের একজন অসাধারন ক্রিকেটার হিসেবে চিরকাল স্মরনীয় থাকবে।",tamim,FAVOR
bab207f4c1cefa41,Bharat er Cricket Fan apnake Bhalobase Tamim Daa🇮🇳❤🇧🇩....... Apnar pase achi..... Subeccha roilo apnar poroborti kaler jiboner......,tamim,FAVOR
fe8aab533b647acb,"emotional hoye gelam khub besi.. valobasha thaklo tamim dar jonney, love ❤ from 🇮🇳india",tamim,FAVOR
a402fc4a9a2b877a,সামনে বিশ্বকাপ আপনার দিকে তাকিয়ে ছিল বাংলাদেশের কোটি কোটি ক্রিকেট সমর্থকেরা | যে বিশ্বকাপে আপনি আমাদের সুন্দর কিছু উপহার দিবেন | এরকম সময়ে অবসরের ঘোষণা দিয়ে আপনি কোটি কোটি ক্রিকেট সমর্থকদের মন ভেঙ্গে দিয়েছেন | চিরচেনা সবুজ জার্সি টায় আপনাকে অনেক মিস করবো🥺😔 কিংবদন্তি Tamim Iqbal স্যার😞😢,tamim,AGAINST
abf5659d002efc03,"Best Player in Bangladesh, We love you Tamim, You are such a re-presenter of our country. We never forget your achievement. Love Bangladeshi Cricket. Proud of you.",tamim,FAVOR
3124a2ddbc627193,"এ বিদায় মেনে নেওয়ার নয় 😢😢 ★বাংলাদেশ ক্রিকেট দলের বহু ম্যাচ জয়ের পিছনে তোমার অসংখ্য অবদান রয়েছে (তামিম ইকবাল) ভাইয়া, যা বাংলার মানুষ কখনো ভুলবেনা। ★(তামিম ইকবাল) তুমি বাংলাদেশের অন্যতম সেরা একজন খেলোয়াড়, এটাই সত্যি। (তামিম ইকবাল)ভাইয়া- তোমার প্রতি আমার পক্ষ থেকে রইলো গভীর শ্রদ্ধা, কৃতজ্ঞতা ও অপরিসীম ভালোবাসা ❤️❤️❤️ >> বিঃদ্রঃ- বাংলাদেশের ক্রিকেট বোর্ড ও বোর্ডের ব্যবস্থাপনা ও সংশ্লিষ্ট কর্তৃপক্ষকে- ধিক্কার ও ঘৃণা জানাই। কারণ, বাংলাদেশের ক্রিকেটটাকে ধ্বংস করে দিচ্ছ- ক্রিকেট বোর্ডের হাইব্রিড সভাপতি, নান্নু ফান্নু ও একদল আগাছা পরগাছা ভাইরাস জাতীয় কর্তৃপক্ষ। এটাই সত্য ও বাস্তব.........",tamim,FAVOR
a6a9a4da10b7ebe6,Tamim is The Legend of Bangladesh Cricket ❤️❤️❤️❤️❤️,tamim,FAVOR
62041797d776549b,"তামিমের ব্যাটিং মিস করব। ইদানিং তার সময়টাও ভালো যাচ্ছে। আপনার জন্য শুভ কামনা। আশা রাখি, অভিমান ভুলে ফিরে আসবেন।",tamim,FAVOR
a7b9badcc3e00833,"আমরা একজন ভালো মানুষ এবং ক্রিকেটারকে মিস করবো। শুভকামনা রইলো তামিম, ভালো থাকবেন",tamim,FAVOR
a8635dfc7dcd86f6,Tamim ভাইয়ের মতো ওপেনারের বাংলাদেশে জন্ম নিতে এক যুগ পার হয়ে যাবে।। I love Tamim ❤❤❤❤❤❤ দেখি কে কে Tamim ভাইয়ের ভক্ত❤❤❤❤❤❤❤❤❤❤❤,tamim,FAVOR
dde5542bfd7f18a3,He is a great gentleman cricketer of Bangladesh . I miss you boss Tamim very much 😭😔😭,tamim,FAVOR
67cbc4d8d34c7f38,"Love from India one of the destructive batsman of his era, love Tamim Iqbal bhai",tamim,FAVOR
0f5080b04e237b04,Tamim vai love you Apnare kub miss kormu,tamim,FAVOR
af104d6600fa5eba,Miss you Tamim. Love for you will be for forever,tamim,FAVOR
a93257adacac7e5c,"Tamim bhai,r jonno Bangladesh cricket team support kori aaj teke shesh",tamim,FAVOR
3c72e0fca7c91464,We was love u..we all love u now...and we will love u....tamim vai.,tamim,FAVOR
e9d8db1d519b4538,"ভেবেছিলাম বাংলাদেশের জার্সি গায়ে তামিম ইকবাল আরও খেলবেন কিন্তু উনি ওনার সিদ্ধান্ত নিয়ে গেছেন, যাইহোক সবশেষে বলবো তামিম ইকবালর যেন আগামী দিনগুলি ভালো কাটে, একজন যাবে একজন আসবে এটাই ক্রিকেটের সিস্টেম, উনি বাংলাদেশ ক্রিকেটকে যা কিছু দিয়েছেন তা ভুলার মত নয়,,, এবার ফরএভার বাংলার হিট ম্যান তামিম ইকবাল 👍❤️🥺",tamim,FAVOR
b5f8cb88c17760b3,আমাদের বিশ্বকাপ জেতার স্বপ্নটা যেন শেষ ই করে দিলো বিসিবি আর কোচ....we love you man...best of luck for your better future❤️ The best batter and opener of Bangladesh cricket of all time ❤️Tamim Iqbal❤️,tamim,FAVOR
cdae3a0df7c2b3f8,World cup er por obosor nile valo hoto.. Tamim cara banglar cricket shikor hin bikkher moto miss u Tamim,tamim,FAVOR
3a803fca8a3d7cec,আমি বাংলাদেশের একজন নাগরিক । কিন্তু আমি মনে করি এই দেশ টা স্বাধীন নাহলেই ভালো হতো।একটা ভালো নম্র ভদ্র প্লেয়ার কে এই ভাবে কষ্ট দেওয়ার কোনো মানে হয় না। আমাদের ক্রিকেট কাউন্সিলর এই খারাপ। Sorry tamim Iqbal.,tamim,FAVOR
a1069ba2221d7fbf,I agree with Tamim iqbal. Last 1/2 year he is not in form of cicket that's why ithink this is the perfect time to him retire from international cricket. Saluate to Tamim from my heart.,tamim,AGAINST
9eaa8fea740ab3e4,যেদিন তামিম ভাই ভালো খেলছে সেই দিন ই বাংলাদেশ জিতেছে বেশি।,tamim,FAVOR
06942354079cf30d,Sorry & great thanks to Tamim Iqbal Khan for his decision but keep it in your mind to leave a place for junior is great scarifies to all the way.,tamim,FAVOR
b93b99e42f935909,আমার ভালোবাসার জায়গা হল প্রিয় তামিম ভাই। আমার বিশ্বাস তামিম অবশ্যই ফিরে আসবে যদি মাননীয় প্রধানমন্ত্রী ফিরিয়ে আনেন। এখানে আর কারো নাক গলাতে হবে না। তামিম অবশ্যই অবশ্যই কোথাও না কোথাও থেকে অবিরাম কষ্ট পেয়েছে। তা না হলে এমন সিদ্ধান্ত তামিম নিত না। কারণ আমার মন বলছে তাকে কোথাও না কোথাও থেকে বাধ্য করেছে। শুভকামনা তামিম তোমাকে । এষ্টোরিয়া নিউইয়র্ক প্রবাসী।,tamim,FAVOR
46c3500447f07251,"যদিও বিষয়টা কষ্টের৷,, কিন্তুু এই মুহুর্তে তামিমের কাছ থেকে এটা আশা করা যায় না,,,খেলায় সমালোচনা হয়,,,তাই বলে এর উওর এভাবে দেওয়া ঠিক হয় নাই বস,,,মিস করবো 😢😢😢😢",tamim,AGAINST
1e5dfafc449115e2,তামিম ইকবাল কে আমার লাগবে। world cup 2023 এর অধিনায়ক হিসেবেই দেখতে চাই। আমার খবরটা খাঁন সাহেবের কাছে যেন পৌছে যায়।সে যেন অবসর ভেঙ্গে দেন।,tamim,AGAINST
8aa5cec243788c4c,"থাক ভাল হয়েছে এখন নতুনদের দিয়ে চেষ্টা করা উচিত আমি ফিল করি কয়েক বছর যাবৎ আমি ভালো খেলা হচ্ছে না অবসর নেওয়া উচিত ছিল এখন খেলাধুলা আপডেট হইছে পুরনো খেলা এখন আর চলে না অন্যান্য দেশে যেভাবে খেলা তামিম ইদানিং কেমন খেলতে পারতেছে না নতুনরা অনেক ভালো খেলতাছে ইদানিং তাদেরকে সুযোগ দেওয়া দরকার। আমি এমন বলতেছি না তামিল ভালো খেলে না তামিম আমাদের গর্ব আমরা চাই না সে অসম্মানিত হোক প্রতিটা খেলায় উনার বেটে রান উঠতেছে না, কিভাবে দেওয়াটা উচিত হয় নাই তামিম ভাইয়ের জন্য সম্মান ও ভালোবাসা রইলো নতুনরা দেশের জন্য এখন কিছু করতে পারবে। ভালবাসি বাংলাদেশ ক্রিকেটকে🎉❤",tamim,FAVOR
89b3d8db8e9801ba,"Tamim aur 2,4 saal khel sakta tha, Bangladesh ke one of best batsman mei ek the woh.",tamim,FAVOR
fa6821f6f18a29b3,"কি বলব এমন বিদায়,আমাদেরকে অনেক ব্যাথিত করবে,,আমরা তামিম ভাইর মতো একজন ভালো এবং দক্ষ প্লেয়ারকে হারানোটা কতটা বেদনাদায়ক,হৃদয়কে ক্ষত করে দিলো।চোখে সত্যি জ্বল এসে গেছে, হৃদয়বিদারক খুবি।😭😢❤️❤️",tamim,FAVOR
d8238c97b4dcd0d6,"I agree with Mr Papon for his viewpoints; he asked the right question in the press briefing, and no journalist could answer that. Mr Papon asked: ""Do you support playing when the player himself identifies him as unfit?"" Let's respect Tamim's request and let him live with his emotional decision. Tamim is not only unprofessional but also an emotional person who has no good planning for the BD Cricket Team (he put himself in danger playing while in his own injury). So bad, Tamim, you tried to ruin our Asia Cup and WC 2023. I hope people will also think about the nation rather than the individual. For his last two decisions, Tamim should be banned from any cricket activities nationally and internationally.",tamim,FAVOR
6cbd444261226b04,"Mr Papon is a nice person; still, he allows Tamim to come back; if any player would do this in any other country, then that respective board do not even mention that player's name. I agree with Mr Papon for his viewpoints; he asked the right question in the press briefing, and no journalist could answer that. Mr Papon asked: ""Do you support playing when the player himself identifies him as unfit?"" Let's respect Tamim's request and let him live with his emotional decision. Tamim is not only unprofessional but also an emotional person who has no good planning for the BD Cricket Team (he put himself in danger playing while in his injury). So bad, Tamim, you tried to ruin our Asia Cup and WC 2023. I hope people will also think about the nation rather than the individual. For his last two decisions, Tamim should be banned from any cricket activities nationally and internationally.",tamim,FAVOR
8bd9adbb540c7a87,Love my bengali brothers love Tamim from Pakistan,tamim,FAVOR
616dc741a66383c8,"I’m truly inspired by Tamim’s final words to his fans. Let’s all stand by them. There’s nothing greater than Bangladesh, and no individual superstar—our only superstar is the Bangladesh Cricket Team. Supporting the team during tough times is what earns us the right to celebrate their victories.",tamim,FAVOR
5485e203abfb2950,টানা দ্বিতীয়বারের মতো চ্যাম্পিয়ন হলো ফরচুন বরিশাল খুব ভালো ক্যাপ্টেন্সে করেছে তামিম ভাই তার হাত ধরে বরিশালের লঞ্চে বিপিএল এর চ্যাম্পিয়ন্স ট্রফি শুভকামনা রইল সবার জন্য 😊😊😊😊,tamim,FAVOR
e400cc005c1575b3,15:30 what a speech! The Kings 👑 speech by Tamim Iqbal 🇧🇩,tamim,FAVOR
4280fc2c53060d43,Tamim Iqbal is One of the greatest openers of all time 🇧🇩👑😃,tamim,FAVOR
3b0894baae294577,"আমি চিটাগাং সাপোর্টার,হেরেছে তাই কষ্টও খুব পেয়েছি 🥺,কিন্তু একদিক থেকে মনকে বুঝাচ্ছি যে আমার চট্টগ্রামের সুর্য সন্তান খান সাহেবের হাত ধরেই তো ট্রপি টা পেয়েছে বরিশাল 🥺,খান সাহেবের এত সুন্দর বিদায় দেখে হারের কষ্টের মধ্যেও একটু সুখ অনুভব করার চেষ্টা করতেছি 🥺,কারণ খান সাহেব আমার প্রিয় ক্রিকেটার🥺. Love you Tamim Iqbal khan🥺❤️🥰.",tamim,FAVOR
2ae3d4c22473ef43,Love and respect to Tamim Iqbal Khan,tamim,FAVOR
896a823f432cbd66,Tamim Iqbal is an iconic player❤. A big Salut for him. We love him very much. We never forget him for contribution of our country,tamim,FAVOR
9720e4202432de3d,তামিমের ভাইকে অনেক ধন্যবাদ আমাদের কে এতো লম্বা সময় ধরে ভালো কিছু দিয়েছে,tamim,FAVOR
c78c4e3f2073a204,"Tamim Iqbal is the only icon star superstar among the cricketers of Bangladesh, I always love him🥺❤️.we love you tamim🥺❤️❤️❤️❤️",tamim,FAVOR
72496d50c93289a9,"Congratulations to Tamim Iqbal khan. Really, you are great. We People grateful to you.",tamim,FAVOR
b647f79865d4be01,আমার প্রিয় খেলোয়াড় তামিম ভাই অনেক মিস করবো উনার খেলা বিসিবিকে ধন্যবাদ তামিম ভাই এরকম একটা অনুষ্ঠান করে বিদায় দাওয়াতে,tamim,AGAINST
18ce8affd83906ba,Tamim is a emotion. Lots of love💖💖💖💖💖,tamim,FAVOR
6e928e474ef40e5a,Without any doubt we will miss u and love u Tamim Iqbal vhai❤❤❤❤,tamim,FAVOR
dd18dbe840b87b5b,"Heavy Heart 😢to see you off from Bangladesh 🇧🇩 Cricket 🏏 Happy Retirement, Mr. Tamim Iqbal Khan 28 🏆🥇",tamim,AGAINST
f9d24af5f06b2519,The last speech from Tamim Iqbal 🫡. We will love you man .,tamim,FAVOR
8594017be1ee425d,Really Tamim My Favourite Player. এবং সে ব্যাটিং করে তখন আমার অসাধারণ অনুভূতি হয়। ইভেন ফরচুন বরিশাল সার্পোট করছি শুধু তামিমের জন্য। বাংলাদেশের সর্বকালের সেরা ওপেনার।,tamim,FAVOR
a9471ff7710c72d9,ছোটবেলা থেকে যার জন্য খেলা শুরুর আগে টিভি সামনে বসে থাকতাম....এখন সেই আগের অনুভূতি নিয়ে খেলা দেখা হয় না। আপনার জন্য ক্রিকেটকে এত ভালোবাসি। আপনি থাকবেন আজীবন হৃদয়ে.... লাভ ইউ হিরো তামিম ইকবাল ভাই❤️,tamim,FAVOR
8f9d41c7f69305a4,Tamim is our hero & same Asif our also hero🎉🎉🎉,tamim,FAVOR
cfd2705af86bf477,তামিম ইকবাল মানে ভালো মানুষ কলিজা ওয়ালা খান।,tamim,FAVOR
956cb0681155b721,Love u Tamim Iqbal... Very emotion moment...❤,tamim,FAVOR
cfcc7b06267e0d0c,"Aristocrat mentality, boss Tamim,, we will miss you",tamim,FAVOR
31b6b4661c3e081c,Love you Tamim for your last words,tamim,FAVOR
6c6223f5630b3cc3,"যে দিন থেকে খেলা বুজি সে দিন থেকে আজ পযন্ত.. তামিম জত খোন ক্রিস এ থাকতো খেলা থেকে এক মিনিট এর জন্য ও উঠে যেতাম না এই ভেবে যদি তামিম একটা চার ছয় মারে মিস করবো 😢আজ ভাবতে অবাক লাগে তাকে লাল সবুজ এর জার্সি তে দেখতে পাবো না,, আপনি আমার দেখা বাংলাদেশের সেরা দের সেরা🫡🫡 খুব মিস করবো আপনাকে",tamim,FAVOR
5e2ced0fa8073beb,"Please follow his last massage. • No Tamimian, • NoShakibian, • No Mashrafian . No one said this before. love you tamim .",tamim,FAVOR
a9a18d47d6e46953,আমি তামিম এর যে কত বড় ফ্যান তা লিখে বুঝানো যাবে না তাই লিকলাম ও না। I love you tamim iqbal khan also kolija wala khan 😢😢😢😢😢,tamim,FAVOR
5d6e0e166cf5711b,Who made this? Tamim ke Bangladeshi Jersey te represent kora uchit chilo. Faltu hoyeche,tamim,AGAINST
e00289fab97ff454,সন্মানের সাথে আরো কিছুদিন আগে প্রিয় তামিমের অবসর নেওয়া উচিত ছিলো।,tamim,AGAINST
852f693352e2d23d,One and only Tamim Iqbal khan ♥️♥️♥️♥️♥️♥️♥️♥️♥️♥️♥️♥️♥️♥️♥️♥️♥️ Love you boss,tamim,FAVOR
3a85961c9716cd8a,My favorite player tamim. I love you,tamim,FAVOR
dc2466ff2e6b615c,Tamim is the best batsman. I love you Tamim,tamim,FAVOR
ad72449411b2116e,"I'm an Indian, but always support Bangladesh cricket' don't know why I can't able to miss even single match, if tomorrow Bangladesh going to play match that moment is a Eid special moment for me,, that much crazy ness for Bangladeshi cricket,, and when Tamim entered the ground with broken hand, what I say it was like a most ever emotional and proud moment for me as an bangali,,, love you Bangladesh cricket'dilsee,, 💔💖",tamim,FAVOR
9db0a9d322c7ad9d,Love you Boss♥ TAMIM Love you Boss♥ mushi,tamim,FAVOR
e69e9303a5dd8ec7,this is my favorite bangladesh cricketer ever. I really love this man as a gentlemen. Good luck for your cricket life tamim. Very respect from Sri Lanka 🇱🇰,tamim,FAVOR
c0b3e998cf8f2d16,Very good person Tamim lots of love from India.,tamim,FAVOR
153ab02d9ba934e0,Tamim is the most loved and respected Bangladeshi player of this era in India. He is such a nice and soft-spoken guy yet so resolute and skillful as a batsman. I can instantly remember two incidents when he showed remarkable maturity and mental strength. 1. He kept his cool and tried to calm everyone down when things turned ugly and almost everyone's spirit of the game was hijacked by a sudden surge of adrenaline during that BanVsSri match. 2. He came out to bat even with a broken wrist when his team needed him. LoveFromIndia,tamim,FAVOR
9350a4d2c640c513,4:21 I just had a feeling that he would say MS Dhoni!! 😊 Go great Dhoni! Lots of love Tamim!!,tamim,FAVOR
e31b954a4b739287,"Great to see Indian fans in the comment loving our Tamim Iqbal. Lots of love from Bangladesh. I believe that some of our players were quite disrespectful in this gentleman's game. But players like Tamim are individuals who respect and admire this game. I have no hate for India. Actually, after Bangladesh India is my favorite team ❤️",tamim,FAVOR
a5a91345ae780ff9,"তামিম ইকবাল ভাইয়া, আপনাকে খুব ভালোবাসি হুজুর হয়ে, আমার সবচাইতে পছন্দের খেলোয়াড় আপনি,, সত্যিই বাঙালি হয়ে আমরা খুবই গর্ববোধ করি আপনাকে পেয়ে,, ❤❤থ্যাংক ইউ ভেরি মাচ💖💖.....!!",tamim,FAVOR
44e082b9a6fe8449,@bannukarumanchi3559 Tamim has 14000 international runs & you're saying he's not a legend! 😂😂,tamim,FAVOR
571cb6accda83c79,"@bannukarumanchi3559 Tamim have 14000+ run in cricket. Of course, He is a legend",tamim,FAVOR
66d09daa39993c8e,ThanQ tamim... Mera pura bharosa tha ki... Tumhara ek answer to msd hoga.... Bass... Me sare question ko forward kia.... Akhir me msd ka name aaya... Love u tamim bhai,tamim,FAVOR
af1c26d18e2d1c68,"So kool tamim..you won my heart when you came up to batting with a broken wrist..salute to you man..love from india..if possible come to mumbai,i would love to treat you with our “biryani”..jai hind joy bangla...🙏🏻🙏🏻🙏🏻🙏🏻",tamim,FAVOR
44d6413b4b744b6c,"I am a big fan of Tamim Iqbal, I really missed you in Asia cup, and missing you Zimbabwe series also, I hope you will come back very soon in the field,lot of love from epar Bangla, India",tamim,FAVOR
579d31d9bb1a0143,"Tamim already Ruled out from Asia cup'18 . Bangladesh could be fell into much trouble.but, one thing i would like to say, the courage you showed cricket lovers all around the planet ,was magnificent. World will remember you with G. smith. trillion and trillion bunches of love and respect. #Tamim",tamim,FAVOR
ce73f4ca4530100e,"@abryan8117 there is actor name srishant or something... he will fit easily... or that kapoor, that kabir sing guy will also fit for the role of tamim... but not the macho man salman khan! And my fav actor from india as always shahrukh. <3",tamim,AGAINST
4b961e30d9bf0921,If someone can fit for tamim role it's Shakti kapoor 😂,tamim,AGAINST
4303e59f7845ae8e,"Tamim is nice guy, love from India 🙂",tamim,FAVOR
9dd6516ea817088f,Tamim is best opener in the world,tamim,FAVOR
5e34ee1da433022d,"Tamim is the best player in Bangladeshi cricket team . BTW, His answer was also cool . Love and respect from Bangladesh 🇧🇩🇧🇩",tamim,FAVOR
0fe452141bb103e6,#Tamim is great... love u brother u r such an inspiration.... 😍👌 Plz make an episode with #Mashrafee vai ❤ Its a request 🙏,tamim,FAVOR
4025032bd3f950f1,"Tamim has changed...happily, for the better. He’s a quality bat, and as seen here, he’s always a very calm, sensible guy, never getting too excited or brag. Best of luck to him in his life and career.",tamim,FAVOR
93d65e031ae0848d,Tamim Iqbal Khan is a living legend... Salute you brother I love you for the sake of Allah... All the best for 2019 World Cup... Love & respect from our hearts...,tamim,FAVOR
a02003a57f4f8d5f,lot of love and respect to Indian supporters who are loving Tamim and others. We also love Indian cricket so much...hope this bonding will stronger.,tamim,FAVOR
653233f6f027b11f,Proud of u bangladesh ## Tamim love u lots,tamim,FAVOR
d98c413e597a02a0,Tamim I like your batting approach love to see u love u from india,tamim,FAVOR
0a8707169229cf76,@geekyprogrammer4831 i said age if arijit is older than tamim then tamim looks like arijit unless arijit looks like tamim (sry for bad english),tamim,AGAINST
60c14076d13ca64f,"tamim love from india bro,best player in bangladesh",tamim,FAVOR
1ba2dda1f02233b5,"Calm,composed and a humble person.. really proud to have someone like a Tamim Iqbal setting the benchmark for younger Bangladeshi batsmen along with batting his remarkable attitude is also something to be learnt",tamim,FAVOR
5903f797f5d5892b,Love u tamim and also your all attitude very mutch💕💕,tamim,FAVOR
270eb79409d4fb5f,Not only Tamim fan also cricket fan cricket lover...,tamim,FAVOR
ee97d6ddb423b859,আবেগ দিয়ে খেলা হয়না তামিম ইকবাল দেশ সেরা ওপেনার সন্ধেহ নেই কিন্তু বাস্তবতা মেনে নিতে হবে। যারা দেশের জন্য খেলতে যাচেছ সবার তাদের পাশে থাকা উচিত শুভকামনা বাংলাদেশ দলের জন্য ❤❤❤❤,tamim,FAVOR
74b7e8c5f18a5efe,তামিম বিএনপি করে সেজন্য তামিমকে বাদ দেয়া হলো,tamim,AGAINST
9224b7b9f09ae15e,abal tui khela bujos ki??? tamim best cricket Bangladesh team,tamim,FAVOR
48c9c867d92f6892,love u tamim i hope u will give us a lot of great memory,tamim,FAVOR
a117fd24768d41a1,"Tamim Iqbal, when in form, is an absolute BEAST!! Gotta love him, what a player <3",tamim,FAVOR
cd1e3f4b74cdedb6,Well played Tamim Iqbal.... Love from Pakistan 🇵🇰💕,tamim,FAVOR
ffaa5bb703aec467,Yes bro I also miss tamim Iqbal in t20 world cup 2021 love from bangladesh,tamim,FAVOR
570a1ee62902c0f8,"Tamim Iqbal the best opener after saeed anwer, love from Pakistan ❤",tamim,FAVOR
f6cef129382e6ed0,পতিব্রতা নারী নাকি আপনি? তামিমের সবই ভাল্লাগে?,tamim,FAVOR
663a0edfcb62bbb9,King is always king 👑👑 tamim Iqbal khan ❤❤,tamim,FAVOR
f26ab5b1fa721b5d,Salute for Tamim Iqbal. Love from India.,tamim,FAVOR
c79c9e7fb7c39e54,তামিম ভাই তোমাকে সৌদি আরবের প্রবাসির পক্ষ থেকে আন্তরিক ভালো বাসা সালাম এবং দোয়া রইলো।,tamim,FAVOR
43eedb24ca883e34,আজ ভালো করছে বলে শুরু হয়ে গেছে তামিম বন্দনা। আবার কাল খারাফ খেললে এরাই নেগেটিভ নিউজ করে বেড়াবে। জাতি হিসেবে আমরা খুবই এ্যামাচিউরড।,tamim,FAVOR
c7b3fd3920da6f12,আজ পরযন্ত এতো ভালো ব্যাটার বাংলাদেশে আসেনি। তামিম ইকবাল বাংলাদেশের সর্ব কালের সেরা।,tamim,FAVOR
20ca45f6e4a926d4,Very nice video Amir tamim vai Best love you boos,tamim,FAVOR
442adfa1e659c904,চাচা আকরাম খান খুব সুন্দর কথা বলছেন যে এগুলো মানায়না আসলেই এগুলা মূর্খ মানুষদের কাজ আপনারা একটা জিনিস লক্ষ্য করেন তামিম সর্বকালের সেরা এবং বর্তমানের সেরা তাহলে আপনারাই নির্বাচিত করেন উনি কি চাচার জোরে খেলেন না তার ক্যারিয়ার পজিশনে বুঝে খেলেন.. কোনটা !! ❤️❤️Love you Tamim Iqbal boos❤️❤️👈,tamim,FAVOR
a537465d88fb4c6e,Tamim hocce one of the best Opener For Bangladesh Cricket history... 🥰🥰,tamim,FAVOR
0a8c4c7743c746a8,তামিমের চাচাকে যার জড়িয়ে সমালোচনা করে তারা সত্যিই ক্রিকেট বুঝেনা নয়তো হিংসে করেই এসব বলে।,tamim,AGAINST
dab71ea5f6fbfee3,একটা সময় তামিম চাচা কোটায় থেলেছেন এটা সত্য তামিমের এমন পরিসংখ্যান এটা ক্যারিয়ারের মাঝে তৈরি হয়েছে শুরুতে একদম বাজে খেলেছে,tamim,AGAINST
529e761ed9be85f6,আন্তর্জাতিক মানের যত গুলা ম্যাচ জয়ি সব গুলাতেই তামিম এর অবদান যেই ম্যাচেই খারাপ করেছে সেই ম্যাচই হারছে তাহলে তামীম ইজ দ্যা সুপার পাওয়ার 💪💪❤️❤️❤️❤️,tamim,AGAINST
76265d90a7a85deb,এটা কেউ চিন্তা না করলে ও খেলাযোগের ফাহিম রহমান ভাই সবার আগে বলেছিলেন যে তামিম ভাইয়ের অবসর একমাএ প্রধানমন্ত্রী ভাঙ্গাতে পারে 😊❤. তাই ফাহিম ভাইকে অসংখ্য ধন্যবাদ 😊❤💝,tamim,AGAINST
a9941da7670d476c,আলহামদুলিল্লাহ আলহামদুলিল্লাহ। তামিমের অবসরের সিদ্ধান্ত শুনে আমার কাছে মনে হয়েছে তামিম আত্মহত্যা করেছে। ধন্যবাদ ম্যাশতামিম 🖤,tamim,AGAINST
6164aff11cf02a2d,"তামিমের অবসরের সংবাদ শুনে যতটা খারাপ লেগেছিল, আজ ফিরে আসাতে অধিক ভালো লাগছে ❤❤❤❤❤।",tamim,AGAINST
1ee52353b54d2fae,ধন্যবাদ মাননীয় প্রধানমন্ত্রী.. তামিম ইকবাল এর মতো player k অবসর থেকে ফিরিয়ে আনার জন্য.. এগিয়ে যাক বাংলাদেশ এগিয়ে যাক Cricket.. Besr of luck All player..❤❤❤,tamim,AGAINST
0d484f111edb0cbc,"তামিমের কথায় কি বোর্ড চলবে নাকি। তামিমের উচিত অবসরে যাওয়া। তামিম ড্রামা চলতেছে। একবার অবসর নেয়,আবার পরে নিজে থেকেই অবসর ভাঙ্গে",tamim,AGAINST
48a16caae07587d5,"এবং সিরামকে কেনও আবার কোচ করা হলো এটা বাংলাদেশের ক্রিকেট বোর্ড ষড়যন্ত্র,যেখানে এশিয়া কাপে তামিম বাঙ্গা হাতে খেলে সে কিনা সামান্য ফিট আছে কিনা তা নিয়ে বাংলাদেশ থেকে বাদ দেন কেনও?",tamim,AGAINST
7daba2591f5b1afb,"তামিম ঠিকই বলেছে তামিম নিজে যতক্ষণ না বলছে ততক্ষণ তা বলার দরকার কি ৬ মাসের আগেই বিসিবি সভাপতি তাঁকে অবসরে পাঠিয়ে দিয়েছেন সে কি কখনো বলেছেন যে আমি অবসর নিলাম""",tamim,AGAINST
4ca473ca1f69cfa8,তামিমের চোখের পানি সব কিছু বলে দেই কেন সে অবসর নিয়েছে😭,tamim,AGAINST
5fddcfa31fcf328f,তামিমের অবসর মোটেও মেনে নেয়ার না। এখনো দেশকে অনেক কিছু দেয়ার ছিল বলে আমার বিশ্বাস।,tamim,AGAINST
50dd500e3f08929a,আসলে তামিমের সাথে যা করা হয়েছে ওইটা আসলেই খারাপ হইছে,tamim,AGAINST
f505eb550a61f540,তামিমের উচিত ছিলো আরও ২ বছর আগেই অবসর নেওয়া তাহলে তার বিদায় রাজর্ষীক হতো।,tamim,AGAINST
08aa84909067d53e,"No way , Haturi tar tar failure tamim er upor dite chaisilo hoitoba, Papon Nannu k shorai na shudu player shorai dei , corruption is everwhere in bangladesh",tamim,AGAINST
4ce97ddedf652717,"আমরা বাংগালী জাতি এমন,তামিম জখন খারাপ খেলে তখন আমরা ওনেক কিছু মন্তব্যে করি, এখন নেই আমরা আবেগ দেখাইছি এখন, আমরা ওনেক আবেগী জাতি, কখনো আবেগ দিয়ে সব কিছু হয়না,",tamim,AGAINST
2091f861d10c61a1,Tamim tamim na kore Tamim er recent performance dekhen Board tamim ke retire korate chaynay. Tamim nij theke bujhe backup opener trial deyate parto. Oi shomoy practice kore form e ashte parto. Real match kokhono practice korar jayga na. Afghanistan ashar por koyta practice session e tamim asche? Je practice ei ashtesena take keno match khelte hobe jokhon shey injury te ase Tamim er retire korar pichone tamim er ego dayi,tamim,AGAINST
55efa383bb6036f4,এই শালার কথা শুনে মনে হয় তামিম যাওয়াতে ও বেশি খুশি তামিমের সাথে এতদিন খেলার পরও তামিমের জন্য খারাপ লাগা জিনিসটা তার ভিতর কাজ করে নাই! খুবই দুঃখজনক আমি হতাশ 🥹🥹,tamim,AGAINST
29c202e6d7d077dc,তামিমের অবসরে কোচ হাথুরুসিংহে খুশি হয়েছেন বলে কি মনে হয় আপনার?,tamim,AGAINST
bfc7f6ab6452e343,"এটা দুঃখজনক, বিশ্বকাপের বাকি মাত্র ৩ মাস,,,এমন সময় ২-১জন মানুষের করণে ২০কোটি মানুষের হৃদয় ভেঙে অবসরে যাওয়া তামিম ইকবাল ভাইয়ের মটেও ঠিক হয়নি। তামিম ভাই আপনি আপনার অভিমান ভেঙে আবার ফিরে আসুন। আবার ২২গজে আপনাকে দেখতে চাই 😢😢",tamim,AGAINST
f5e20b8940a5bceb,শুধু হাতুরি কে দোষ না বোডের কর্মকর্তা কি ভাবে বলে তামিম ১৫ দিনের মধ্যে অবসরে যাবে এ নিয়ে কিছু বলেন ভাইয়া,tamim,AGAINST
b8e2447bee34725c,রিপোর্টার তাহমিদ অমিত একাত্তর নিউজে বললো বিসিবির একজন তাহমিদ অমিতকে চ্যালেঞ্জ করেছিলো আগামী ১৫ দিনের মধ্যে তামিম অবসর নিবে।।।।এইটা নিয়ে একটা ভিডিও চাই,tamim,AGAINST
83a92c6720220d73,তামিম এর অবসর আপনার কাছে কি তো কোন যুক্তিসঙ্গত কারণ আছে থাকলে আমাকে বলবেন প্লিজ।নাকি আমাদের ট্রল তাকে বাধ্য করছে এমন অবসরের ঘোষণা দিতে??,tamim,AGAINST
3928fa8317ac8ec3,"নোমান ভাই আপনাকে জানাই আসসালামু আলাইকুম ও মোবারকবাদ। নোমান ভাই আমি একজন বাংলাদেশের নাগরিক হিসেবে আপনার মাধ্যমে আমাদের দেশের আইকনদের কিছু কথা বলতে চাই। আমি প্রথমত বলতে চাই আমাদের বাংলাদেশ শুধু তাদের কথায় প্রাধান্য দেওয়া হয়। যারা এদেশের আইকন এবং টাকাওয়ালাদের। আর সরকারি চাকরিজীবীদের। আমি একজন এদেশের নাগরিক হিসেবে জানতে চাই বাংলাদেশ নাকি আদিও তাদের হাতের ছেলে খেলা। তারা যা বলবে যা করবে সেটাই সঠিক আমরা কি এদেশে কিছুই বলতে পারিনা। আপনি হয়তো বা বলতে পারে আমি কেন এ কথা বলছি। আমি এই জন্যই বলছি বাংলাদেশ টা বাংলাদেশে নাই এটা ছেলে খালে পরিণত হয়েছে। আমি কোথায় বলতে চাই। আমাদের দেশের দেশ সেরা ওপেনার এবং বাংলাদেশ জাতীয় দলের ওয়ানডে ক্যাপ্টেন তামিম ইকবাল ভাই। আপনি কেন অবসর নিয়েছিলেন। এবং অবসর নিতে একদিন না হতেই কেন আবার ফিরে আসলেন। আপনি একজন বাংলাদেশের জাতীয় ক্রিকেট দলের ওয়ানডে ক্যাপ্টেন। আপনার মন চাইলেই তো আপনি সিরিজ চলার মাঝখানে অবসর নিতে পারেন না। আপনার ফিটনেস এর ঘাটতি আছে। তো আপনি কেন খেলবেন। আপনি পুরোপুরি ফিট হবেন তারপরে খেলবেন। আজকে দল খারাপ খেলেছেন এজন্য আপনাকে দোষী করছি। কারণ আপনি দলের ক্যাপ্টেন। দিন শেষে আপনাকে জবাবটা দিতে হবে ম্যানেজমেন্ট এর কাছে। কোচিং স্টাফ ম্যানেজমেন্ট সাথে বাকবিতর্ক তাই জড়িয়ে আপনি কোন কিছু না ভেবে কারোর কোন কথা না সুনে অবসর নিয়ে নিলেন। আবার এক দিন না যেতেই অবসর উঠিয়ে নিলেন। আপনি অবসার উঠিয়ে নিলেন কার কথায় মাননীয় প্রধানমন্ত্রী কথাই। আপনি কি, আপনি বলেছেন মাননীয় প্রধানমন্ত্রী আবার আপনাকে খেলতে বলেছেন। আপনি বললেন মাননীয় প্রধানমন্ত্রী আমাকে খেলতে বলেছেন তো আমি খেলব। আমি তার কথার বাধ্য হতে পারি না। আমি একজন দর্শক হিসেবে আপনার কাছে জানতে চাই। আপনি যেহেতু তার কথার অবাধ্য হননা তাহলে আপনি আগে মাননীয় প্রধানমন্ত্রীর সঙ্গে কথা বলেই অবসর নিতেন কেন আপনি মাননীয় প্রধানমন্ত্রীর সঙ্গে কথা বলেন নাই। এ দেশটা আপনাদের আবেগ বুদ্ধ না। আপনাদের যা মন চায় তাই করবেন। এ দেশটা 18 কোটি মানুষের দেশ।18 কোটি দর্শকদের ক্রিয়া অঙ্গনের দেশ। আমাদের টাকায় আজকে আপনারা জাতীয় দলের খেলেন এবং উপার্জন। আমরা আমাদের ক্রীড়াঙ্গনের সম্পদ নষ্ট করতে চাইনা। আপনি জানেন না আপনার মনগড়া সিদ্ধান্তর জন্য দলের কত বড় ক্ষতি হয়েছে। আমি আপনাকে কখনো ছোট করে দেখছি না। আপনি আমাদের আইডল বাংলাদেশ ক্রিকেট টিমের তরুণ ক্রিকেটারদের আদর্শ। তার মানে এই নয় যে আপনারা ক্রীড়াবিদ যেটা মনে চায় সেটা করবেন। আপনারা সাধারণ মানুষের এবং লাখো কোটি ভক্তদের হতাশ করবেন না। আপনাদের মন গড়া ভুলভাল সিদ্ধান্ত নিয়ে। ভালো থাকেন সুস্থ থাকেন আপনার কাছে আমাদের একটাই চাওয়া আপনি আমাদের সেই প্রিয় তামিম হয়ে ফিরে আসেন। আসসালামু আলাইকুম তামিম ভাই।",tamim,AGAINST
25b2b79ba295eef5,Soumya Sarkar ke world cup a nitaie Tamim ke bad disa.,tamim,AGAINST
b0d2c9c82f6bed45,Pls don't try to be double standard.Just answer whether it is good or bad about tamim's retirement.,tamim,AGAINST
7323d194c0b81580,আমি মনে করি তামিম সঠিক সিদ্ধান্ত নিয়েছে তার অবসর নিযা আরো আগে উচিত ছিল। এত মায়া কান্না করার কোন দরকার নাই। শরীর ফিট না থাকলে ম্যাচ খেলার কী দরকার,tamim,AGAINST
bced77be4d6b834e,@jubairislam4032 লিটনের রান আর তামিমের রান প্রায় সমান।কিন্তু লিটনের স্ট্রাইক রেট ৯৪+। লিটনের ৩ টা ডাক কে বাদ দলে তার বাকি ইনিংস গুলার এভারেজ ৩৮.,tamim,AGAINST
149a8bd3f84f6bb2,"আপনিতো সুক্ষভাবে পর্যালোচনা করেন,যত কিছুই হোক তামিমের এভাবে অবসর নেয়াকি ঠিক হয়েছে? এটা আপনার কাছে প্রশ্ন?",tamim,AGAINST
0219f6ba0c7ebeff,তামিমকে ইচ্ছে করে বাদ দেওয়া হইয়েছে বাংলাদেশের খেলাই দেখব না আর,tamim,AGAINST
1d86a1567f15e1f7,"তামিমের পারফর্ম কিছুটা খারাপ গেলেও, তার ক্যাপ্টেন্সি ছিলো অসাধারণ 😢😢😢😢😢",tamim,AGAINST
2980cef1d6db429d,"একটা সময় তামিম ইকবাল মানেই ছিল বাংলাদেশের ভরসার প্রদীপ।কিন্তু আজ সে অবহেলিত।দুঃখজনক হলেও এটাই বাস্তবতা পৃথিবী অতীত খুব সহজেই ভুলে যায়।দুঃখীত হবেন না তামিম ভাই ""সিংহ বনের রাজা,কিন্তু সিংহ যখন বৃদ্ধ হয়ে যায় শিয়াল এসেও ধমকায়""।বিদায় বস ❤️❤️",tamim,AGAINST
7eb7caa491b08fd4,তামিমের বিদায়ে বাংলাদেশ দলের উপর একটা বড় খারাপ প্রভাব পরবে😢😢😢,tamim,AGAINST
b77e37ce3ea9b01d,মনের অন্তরস্থল থেকে অত্যন্ত ধন্যবাদ মাননীয় প্রধানমন্ত্রীকে তামিম আবার মাঠে ফিরে আসুক আমরা চাই এইবারে বিশ্বকাপ তামিম এর মাধ্যমে জিতবো ইনশাআল্লাহ,tamim,AGAINST
6a45ccb0ff54061f,Tamim k team theke bad dewa .. Hok amader cahida 🎉❤,tamim,AGAINST
5ec98ee77828d2fe,"তামিম আপনার আজ কোথায় থাকার কথা ছিল, কিন্তু আজ কোথায়? এটা আপনার ভুলে জন্য।",tamim,AGAINST
a8656217a4c1a59a,Kono solid batsman ace ai squad e? Player gular skill er jothesto ghatti ace…Oneday Test khelte hole jitte hole ovoshoi skill full player lagbe…ai lagle bari boundary type er player bad dite hobe… Tamim ki bollo na bollo setate jay ashe na … Amdr skilled player proyojon,tamim,AGAINST
ae78f83436ec38dc,তামিম সংবাদ সম্মেলন না করে থাকতে পারে না। 😂😂😂 আমাকে কেউ ভুলে যায়েন না 😂😂😂,tamim,AGAINST
7e8d8ecf7ac01e61,তামিম কে দেখলেই মেজাজ টা খারাপ হয়ে যায় 🤬🤬🤬,tamim,AGAINST
f2e09e8ee1c94b6b,"ষড়যন্ত্র করে তামিম কে ২০ ওভারের ম্যাচ থেকে বাদ দিয়েছে বিসিবি😡, কিন্তু মজার বিষয় হলো ২/৩ বছর ধরে তামিমের বিকল্প খুজে পায়নি। উদাহরণ হলো ত্রিদেশীয় সিরিজে ৪ ম্যাচে নতুন নতুন ওপেনার জুটি😂😂🤭",tamim,AGAINST
692d063b18174856,"এখনকার ওপেনাররা ব্যর্থ,তামিম কি খুব সফল ছিলেন??",tamim,AGAINST
4653e858bf6bcdc1,তামিম ভাই আপনাকে আমি পছন্দ করিতাম!! তবে বিএনপি এক নেতাকে নিয়ে সংবাদ সম্মেলন করার পরে আপনাকে বাহ বাহ না দিয়ে ধিক্কার জানাচ্ছি!! আমার আইকন মানুষ এত দিন ভুল ছিলো😅😅,tamim,AGAINST
f597c7c25c6ea524,তামিম যদি আনফিট হন তাহলে তাকে বাদ দেন।আনফিট হলে ওপেনিং খেলতে পারবে না আর অন্য জায়গায় খেলতে পারবে এটা কেমন ব্যবহার?,tamim,AGAINST
8a8f12aab36b79dd,"তামিম বলেছেন,সাংবাদিকরা বলে দেয় বা অন্য কেউ,,,,আর সাংবাদিকরা বলেছে পাপনকে,,বোর্ড বলতে দেয় না,, সব পেচ সাংবাদিকরা লাগাইছে🤭🤭🤭🤗🤗🤗",tamim,AGAINST
5dbd3862134976d2,"অনেক বেশি মিস করতেছি তামিম ইকবাল কে, তামিম ইকবাল ই বেষ্ট ছিলো ক্যাপ্টেন হিসেবে ওয়ার্ল্ড কাপের জন্য, ধন্যবাদ নোমান ভাই আপনাকে সাহস করে সত্য কথাগুলো তুলে ধরার জন্য।",tamim,AGAINST
b41b909aa83cd26b,তামিম অধিনায়ক থাকলে বাংলাদেশের অবস্থা এতো খারাপ হতো না।,tamim,AGAINST
30651b47789b3281,তামিমকে ভুলে যাওয়া মানে আপনি ক্রিকেট বুজেন না। বাংলাদেশের খেলা দলটা সম্পর্কে আপনারা জানার ভুল আছে।,tamim,AGAINST
52d1ef58a8a57d8c,"তামিম সৎ ছিলেন বলেই কাউকে ভাড়া করে ওর পক্ষে সাফাই গাইবার প্রয়োজন হয়নি,আজ সবাই তার অনুভূতিগুলো মনে করছে, তার অনুপস্থিতিও সেভাবেই অনুভব হচ্ছে।আর বাজে লোকটাতো একটার পর একটা বাজে উদাহরণ তৈরি করেই যাচ্ছেন। এখন টাকা দিয়েও উনার পক্ষে কথা বলার লোক পাবেন কিনা কে জানে,হয়ত পাবেন চাটুকারের তো অভাব নাই💔💔",tamim,AGAINST
27e0235fa12949b0,"Our batsman r not good enough, i doubt we could win with Tamim. May b would have lost less bad. Our batsman lack in ability, temperament & application. Bowlers are less accurate. You need to work hard unless you r exceptionally talented or gifted person.",tamim,AGAINST
86f24ed862c774d0,আপনার বলে দিয়েছেন। তামিমের অধিনায়কত্ব ছাড়াই বড়ো ভুল ছিল। একটা প্রশ্ন নাফিস ইকবালকে বাদ দিলো কেন?,tamim,AGAINST
93726a2d3557da56,Yasir ke captain na deye tamim ke captain deya uchit. Na hole maybe auto বাদ,tamim,AGAINST
98c239deaea7fd4a,তামিমের অবস্থা খুবই খারাপ হবে যদি খমতা শেষ হয়।,tamim,AGAINST
195e88b512414b01,তামিম ভাই উনাকে স্টুপিড বলে নাই যে সাংবাদিক সিডন্স কে কোশ্চেন করেছে তাকে বলেছে স্টুপিড!!🙄,tamim,AGAINST
87fa7698136617f6,"Tamim er kotha tai stupid 😑 beyaddop ekta shara jibon open korte hobe kno? Tar Retirement er por je opening a khelte ashbe takeo tho ready kora lagbe ekn thekei, shob sheshe bolbo team management er decision k respect na korle dol thekei bad dewa uchit, vab dekhe mone hoi Sehwag and Sachin Tendulkar er cheyeo boro kew 😡",tamim,AGAINST
a9ff20dc82bc121a,🤔আপনি বুঝতে ভুল করেছেন তামিম ভাই উনাকে স্টুপিড বলে নাই যে সাংবাদিক সিডন্স কে কোশ্চেন করেছে তাকে বলেছে স্টুপিড!!🙄,tamim,AGAINST
946cf168ccf9b7b7,সাংবাদিকদের বলি! দলের প্রয়োজনে তামিম ৪ এ খেলবে! আর ওপেনিং কি সাংবাদিকের বাপ খেলবে??,tamim,AGAINST
6f1f58a83a349cf2,তামিম খারাপ কিছু বলছে বলে মনে হয় না।এটা কেমন প্রশ্ন!,tamim,AGAINST
e6ec1ec28723c965,তামিম ইকবাল কি এত খারাপ ব্যাটার নাকি যে ৪ নাম্বারে খেলবে???? সে খেলবে ১ নাম্বারে😑,tamim,AGAINST
bd34346098f0f114,"Welcome back, Tamim. We need you on our national team. I hope in the near future you don't have to regret your retirement withdrawal decision.",tamim,AGAINST
b2014b7e53323088,আমি বলে রাখলাম আবার কিছু দিন পর আপনারাই চাইবেন তামিম অবসর নেক। কারণ সে জাতীয় টিমের বুঝা হয়ে যাবে,tamim,AGAINST
c22b1ac0f962e850,বিশ্ব কাপের পরে তামিম ইকবালের অবসর নেওয়া উচিত কে কে চান।,tamim,AGAINST
6ec687d3f311cf7d,তাকে ক্যাপ্টেন থেকে বাদ দেওয়া হোক। আবেগ দিয়ে চলে না। তামিম আসলেই ফর্মে নেই।,tamim,AGAINST
f0cf9166619ed61b,"বিশ্বকাপ দলে নেই তামিম, অবসর নিচ্ছেন ভক্তরা....!",tamim,AGAINST
d53e4b24c30a6e3a,আর বাংলাদেশ কে সাপোর্ট করবোনা জেখানে আমার প্রিয় ক্রিকেটার তামিম ইকবাল নেই খুব ইমোশনাল হয়ে গেলাম বসে কথা গুলা শুনে জাইহক বিসিবি ভুলে গেলে কি হয়ছে আমরা দেশে মানুষ তো আর ভুলিনাই আপনাকে বস কষ্ট টা এই জায়গায় জে এবার আমি বাংলাদেশী হয়েও বাংলাদেশ কে সাপোর্ট করবোনা না😢😢😢😢😔😔😔😔😔😔 😒😒,tamim,AGAINST
2aeba51382f8447f,কালবেলা সংবাদ মাধ্যম কে বলবো প্রধানমন্ত্রী কে আপনারা এই ছোট্ট একটা প্রশ্ন করতে পারবেন বোর্ডের কোন কর্মকর্তা কি খেলার ১০/১৫ দিন আগে বলতে পারে তোমাকে ওই ম্যাচে খেলাবো না বা খেললেও মিডল বা লোওয়ার অর্ডারে খেলতে হবে?তাহলে প্রধানমন্ত্রী যে তামিমকে অবসর ভাংতে অনুরোধ করেছিলো আর তার কথা তামিম রেখে যে অপমানটা হলো সেটার দায়ভার কি প্রধানমন্ত্রী নিবেন নাকি সেই বোর্ড কর্তাকে ডেকে জিজ্ঞেস করবেন সে কি প্রধানমন্ত্রীর থেকেও বেশি পাওয়ারফুল মনে করে কিনা।এই ছোট্ট একটা ব্যাপার নিয়ে মাননীয় প্রধানমন্ত্রীর বুঝা উচিত সে যাদের যেখানে দায়িত্ব দিয়ে বসিয়েছে তাদের কাছে প্রধানমন্ত্রীর আহবানের কোন মূল্য নেই।এই ধরনের লোকজনের কারনে মাননীয় প্রধানমন্ত্রীর পদে পদে দেশ চালাতে বাধা হচ্ছে,tamim,AGAINST
7df68d00d6cff429,কেন তামিম এই কথা বলছে???? কারণ তামীম দুর্নীতিগ্রস্ত নয় আর দুর্নীতির আপস করার মত নয়.... অন্যায়ের প্রতিবাদী চরিত্র হল তামীম..... তামীমকে যথেষ্ট অপমান করা হয়েছে..... স্যালুট জানাই তামীম ভাইকে.....,tamim,AGAINST
336cef3d65a98b4e,"তামিম যদি খেলার ব্যাপারে সিরিয়াস হয়, তাহলে তার উচিত বাংলাদেশ দলের হয়ে খেলা। আর যদি খেলতে না চাই, তাহলে বারবার ১ টা বিষয় নিয়ে জল ঘোলা না করে সরাসরি অবসর নিয়ে ফেলা উচিত।",tamim,AGAINST
e1aaedd8e52ec0ce,Unsubscribed..... তামিম ইকবাল একজন প্রতিবাদী চরিত্র বাংলাদেশ ক্রিকেটে❤,tamim,AGAINST
a5dda7e35ed4e6ba,তারেক বাজারে খারাপ কথাবার্তা বলে নাই তামিম বেলের আরো সংযত হয়ে আমলীগের দোষের বলাটা এটা আরো কিছু কথা বলা উচিত ছিল তাম্র ইকবালের ছবি শেখ হাসিনার লগে কয়েক হাজার আছে এটা তো মহাভারতে অশুদ্ধ হয়ে যান হয়ে যেতাম বলছে তার আঘাতে মিথ্যা কথা,tamim,AGAINST
28dc4b79de178862,আমি মনে করি তামিম এখন জাতীয় দল থেকে অবসরে আছে এখন তার যে দলে খুশি সেই দলেই করতে পারে,tamim,AGAINST
d9fe01ab3df570ca,তামিম ভাই জিন্দাবাদ তামিম ভাইকে বিজিবি সভাপতি দেখতে চাই ইনশাআল্লাহ সামনে বিএনপিতে মন্ত্রী হবেন আলহামদুলিল্লাহ,tamim,AGAINST
278b69e204e1dab7,"তামিম শুধু খেলা নিয়ে কথা বলেছে।সেই চট্টগ্রামের তাই চট্টগ্রামের মানুকে খেলা নিয়ে কিছু বলেছে, এইখানে রাজনৈতিক কোন কিছুই বলেনি, ধন্যবাদ তামিম",tamim,AGAINST
b369af305507f0c9,সবাই দালাল বলে কিন্তু তামিম খারাপ টা করলো কি এটাই তো বুঝি না,tamim,AGAINST
cdd035cf712a0827,"আকরাম, আর তামিম কে বাদ দেওয়া হক, তিনটা ম্যাচে কিছুই করতে পারে নি, আর মনে হয় পারবেই না,",tamim,AGAINST
4eebd6ecf40849a5,১০ ইতিহাস এখন বলে কি লাভ বর্তমান ফর্মে কারণে সভাপতি সহ সবাই দেশের স্বার্থে এই সিদ্ধান্ত।তামিম সাব কে ধন্যবাদ নিজের স্বার্থ না দেশকে প্রধান্য দিয়েছেন,tamim,AGAINST
a9e0a7a1c783367e,"স্যার ডন তামিম ইক বাল এর এভারেষ্ট লীগে এভারেজ,স্টাইকরেট কতো- যেসব অন্ধভক্তরা তামিম কে টি টোয়েন্টি বিশ্বকাপ থেকে বাদ দেওয়ায় হতাশ হয়েছিলেন,তারা উত্তর টি বলে যাবেন😜",tamim,AGAINST
f4ff7f484e8d8100,তামিমের উচিত এখন অবসর নেওয়া ভাঙ্গা হাত নিয়ে আর কতদিন দেশের হাল ধরবে এখন সময় হয়েছে তামিমের অবসর নেওয়া,tamim,AGAINST
72316914ffa502f5,যত বড়ই কর্মকর্তা হউক না কেনো সে অবশ্যই মাননীয় প্রধানমন্ত্রীর চেয়ে ক্ষমতাবান নন। যেখানে তিনি বলেছেন তামিম ওয়ার্ডকাপ খেলবা তারপরও তামিমকে বাদ দেয়া হলো। সেই কর্মকর্তা অনেক ক্ষমতার অধিকারী বলে মনে হচ্ছে।,tamim,AGAINST
20b1cc94f5712e61,সাংবাদিকরা আরও বেশি খারাপ তামিমকে বলার সুযোগ দেন তার আগেই মন্তব্য করার কী দরকার,tamim,AGAINST
22dc7048b17a67ac,মাশা আল্লাহ অনেক দিন পরে অনেক গোপন ত্তত্য বেরিয়ে আসল বাংলাদের ক্রিকেট দলে এতো দূর্নীতি নোংরামি পৃথিবীর আর কোনো দলে নেই 😂😂 ধন্যবাদ তামিম ইকবাল 💙💖👍,tamim,AGAINST
a3a67e2fa2c7619e,তামিম ভাই কে পরিকল্পিত ভাবে বাদ দিয়া হয়েছে😢! এর বিচার চাই আমরা😢,tamim,AGAINST
2f9a042a2933f9e0,"ওরা তামিমকে শুধু বাদ দেয়নি, তাকে বাদ দিয়ে প্রধান মন্ত্রীর নির্দেশ অমান্য করেছে।",tamim,AGAINST
d95b57e1a5ab4703,তামিম ইকবালের অবদান আছে বাংলাদেশ ক্রিকেট দলকে সাপোর্ট দেওয়ার জন্য। আমরা কখনো তাকে ভুলবোনা,tamim,AGAINST
f6a5ae1c043611fc,"তামিম ইকবাল বিশ্বকাপে নেই তাতে কি,আমাদের হৃদয়ে থাকবে আজীবন। মীর জাফরকেও আমরা ভুলবো না।",tamim,AGAINST
242b7d111ca281dc,তামিম ইকবাল আমাদের মাঝে কত খেলা উপহার দিয়েছেন.... ভুলব না কোন দিন.... ❤️,tamim,AGAINST
b90b3011ca4dac93,তামিমের একটাই দোষ টেস্ট খেলে ওয়ানডের মতো আর ওয়ানডে খেলে টেস্টের মতো। আর টি টোয়েন্টি খেলে হাদা রামের মতো।,tamim,AGAINST
0a9cc9c9a28d0697,তামিম যে রহিতের ক্যাচ মিস করছে তার কি হবে।একটুতে এতো দোষ খোজেন কেন?,tamim,AGAINST
9c174c3e35fe3d50,তামিম ভাই আপনি ভুলে যেয়েন না যে আপনিও অনেক ভুল করেন 😠😠😠,tamim,AGAINST
f92132c5f7ea1e19,ভারতীয় হয়েও বলছি তামিম ইকবালের সাথে যেটা হয়েছে সেটা খুব খারাপ হয়েছে । তামিম যদি সব ম্যাচ না খেলতে পারে তারপর ও তামিম এর অভিজ্ঞতা বাংলাদেশের অনেক কাজে দিবে । কিন্তু একটা কথা না বলে পারছি না বাংলাদেশ বোর্ড কখনো তাদের আইকন প্লেয়ার দের যোগ্য সন্মান দিতে জানে না ।,tamim,AGAINST
b27e8980b9b95c06,না তামিম তো ঠিকই বলেছে বাংলাদেশের টিকেট এখন অনেক দূর এগিয়ে গেছে আরো যাবে এই বিবেচনা করে এই বিবেচনা করে সিদ্ধান্ত নেওয়ার দায়িত্ব উচিত ধন্যবাদ ধন্যবাদ তামিম ভাই,tamim,AGAINST
3c0eaa123a7b3c44,"দালাল কে দালাল বলেছে এতে দোষের কিছু নাই, দালাল তামিম আবার খেলোয়ারদের নিয়ে রাজনীতি শুরু করছে। এই দালালের দৃষ্টান্তমূলক শাস্তি চাই।",tamim,AGAINST
b41b77e347222560,ভাই কথা তো খুব সুন্দর বলতে পারেন আইসিসি ব্যাপারে কোন অভিজ্ঞতা আছে আপনার আগেই অভিজ্ঞতাটা নেন বাজারো গাড়ি আর একজনার বউ ভাগায় নিয়ে আসে কোটি কোটি টাকার মালিক এটা কি বাংলাদেশের লোকে দেয় আগে ইতিহাস পড়েন তামিম খারাপ কিছুই বলে নাই সিদ্ধান্ত নেবে ক্রিকেট বোর্ড এখানে রাজনীতি কেন আসবে সরকার কেন আসবে,tamim,AGAINST
604d9df2e5d34c82,তামিমের মত ওপেনার তৈরি করে তামিম কে বাদ দিলে কিছু বলতাম না। পাপন ক্রিকেটটাকে শেষ করে দিলো। প্রধানমন্ত্রীর হস্তক্ষেপ কামনা করছি।,tamim,AGAINST
c95a523bb79a6878,"তামিম ইকবাল লের ভুল সিদ্ধান্ত, কেননা যেকোন খেলা শুরু করার আগে তার টি-টোয়েন্টি ফরম্যাটে আরও ম্যাচ বাদ পড়ে যাবে , বাদপড়া মেচ কেমন করে সে শুরু করবে তখন। যখনই শুরু করবে তখনই তার আগে অনেকগুলো খেলা থাকবে না",tamim,AGAINST
14bbba020f242e1a,Oi bolod paponer ki dus torai to bolcili tamim k captain teke bad deya hok.,tamim,AGAINST
33c9331dccee14cc,"আমি মনে করি তামিম ভাই সঠিক সিদ্ধান্ত নিয়েছে,, পাপন দা তুমি এখন কথা বলছো , 5 মিনিট পর তোমার মুখ থেকে কথা না ও বের হতে পারে,, তা হলে কেনো তামিম কে দলে রাখতে হবে ,, তামিম নিযেই বলেছেন পিট নেই তামিম,, সব দোষ উপর লেবেলের,,মিস ইউ তামিম ভাই 😢😢",tamim,AGAINST
8f5e23d15c967abb,তামিমের অবসর নিয়ে এত আলোচনা করার প্রয়োজন আছে।,tamim,AGAINST
e87eb4ee88b06e8d,আপনি চলে যাচ্ছেন না কেন?? আপনি চলে গেলে সব ঠিক হয়ে যাবে... খুব খারাপ কিছু না হলে মানুষ এভাবে কেঁদে বিদায় নেয় না... তামিম ইকবাল একজন প্রফেশনাল প্লেয়ার.. হুটহাট সিদ্ধান্ত নেয়ার মত বাচ্চা ছেলে না...,tamim,AGAINST
a7afc205df4a95d3,"Welcome back Tamim, u still have a lot to pay for ur team and Bangladesh, it's too early for ur retirement",tamim,AGAINST
22f8f2c872aba0a1,"Wohi sanjha raha hai ye banda jo tumko achha lage jrurnahi har banda wohi baat kre,, Kkr apna sara fan base khatam nahi krega 1 player k liye,, fans se hi team ki kmayi hoti hai,, bcci ko alag rakho fans naraz ho rahe the usko bahar krna hi tha chahe koi bhi team hoti,, and kal ko babar ko bbl se bahar kr diya jayega to PCB Australia jana band kr dega?? Club cricket and international cricket ko mix nahi kiya ja sakta,, india ne bangladesh jana band nahi kiya tha, ab ye bevkoofi ka result yahi hogi india apna tour bhi cancel krega uska nuksan alag hoga bangladesh cricket ko, and 31 ka Worldcup india bangladesh k sath host krne wala hai, ye log wo bhi brbad krenge,, Tamim Iqbal indian Agent hai😂",tamim,AGAINST
b36478e37a816760,তামিম ইকবাল ভাই বাংলাদেশের সেরা ওপেনার ব্যাটসম্যান। সাংবাদিক ভাইদের বলছি উনাকে নিয়া বাজে মন্তব্য করা বন্ধ করেন,tamim,AGAINST
a6a75b7bd23cb041,তামিম তুমি যদি বাপের বেটা হয়ে থাকো না বলে দাও তোমার সম্মান আরও অনেক ভারবে দলের অবস্থা খুবই খারাপ। এই মুহূর্তে গেলেও কিছুই হবেনা। তুমি পরিস্কার থাউকো এদের শিক্ষা দিতেই হবে।,tamim,AGAINST
047a77bab8180d28,"তামিম অবশ্যই রাগ অভিমান করেই বাদ দিয়েছে টি২০,তামিমকে এই সময়ে খুবই দরকার!",tamim,AGAINST
5734db3673418985,"তামিম এখানে বলেছেন টি-টোয়েন্টিতে খেলার বিষয়টি ভেবে দেখবেন। আর এটিও ব্যাখ্যা করে তিনি ইনজুরির কারনে ৩টি সিরিজ মিস করেছেন। খেলাযোগে বলেছেন, বিপিএলে নিজের পারফরম্যান্স বিচার করে সিদ্ধান্ত নিবেন তিনি টি-টোয়েন্টিতে খেলা চালিয়ে যাবেন কি না। তাহলে প্রশ্নটা হচ্ছে, এতো বড় একটা বিষয়ে সিদ্ধান্তের ব্যাপারে সভাপতি কেন সারাসরি আলাপ করলেন না? আর রাস্তাঘাটে বসেই কেন এতো বড় একটা বিষয়ে কথা বলতে হবে? দেশের ক্রিকেটের স্বার্থে কিছু টি-টোয়েন্টি সিরিজে বিশ্রাম দিয়ে হলেও কি তামিমকে ২০২২ বিশ্বকাপ পর্যন্ত দলে রাখা যেতো না! প্রত্যেকটা সিনিয়র ক্রিকেটার বোর্ডের সাথে ভুলবোঝাবুঝি করে ক্রিকেট থেকে সরে দাড়াচ্ছেন। সভাপতির কি কিছুই করার নাই। নাকি তিনিই আড়ালে থেকে কলকাঠি নাড়ছেন। আবার মিডিয়ায় এসে সাধু সাজছেন।",tamim,AGAINST
c2f001ef17832bf5,২ টাকার সাংবাদিক তামিম টুয়েন্টি উপযুক্ত না। শুধু রান বেশি করলে হয় না স্ট্রাইকরেট ও বেশি করতে হবে।,tamim,AGAINST
3aa78cc13bc29400,তামিম তুলনা শুধু তামিমই! আসলে তামিম খারাপ খেলে সেটা না বাট তামিমের কাছে মানুষ প্রত্যাশা বেশি করে!কারন তামিম প্রথম যেরকম খেলতো সে হিসেবে মানুষ প্রত্যাশা করতেই পারে!,tamim,AGAINST
65293abc264cd962,অসংখ্য ধন্যবাদ যমুনা টেলিভিশন কে সত্যিটা তুলে ধরার জন্য তামিমের বিকল্প কারো কে তৈরি করে তারপর তামিমকে অবসর দেয়া উচিত,tamim,AGAINST
572c3a7168bc9a90,আপনাদের মতো মানুষরা তামিম খারাপ খেললেই সমলচনা করেন বাদ করার জন্য 😡🤬আর এখন খেলবে না তাও সমস্যা 😵ওনার ইচ্ছা খেলবে না খেলবে না 🙏,tamim,AGAINST
42689df2b55622d5,"সত্য কথা বলতে আমাদের সিনিয়র খেলোয়াররা এখনো পেশাদারিত্ব সম্পর্কে যথেষ্ট সচেতন না,যেমন তামিম ইকবালের উচিত তিনি কি অবসর নিয়েছেন নাকি খেলবেন এই দুইটার মাঝখানে অবস্থান নেয়ার কোন সুযোগ তার নেই সে অথচ তিনি দুই বছর ধরে এ বিষয়টা ঝুলিয়ে রেখেছে এ সমস্ত কর্মকান্ডের কারণেই তাদেরকে অসম্মানজনক বিদায় নিতে হচ্ছে",tamim,AGAINST
3828406c9b8841bd,Tamim jodi 1 ta match khelte chay tahole 1 ta matchi kheluk tobe ei bisshowcuper por retire koruk.,tamim,AGAINST
331eacdff4910d05,তামিমকে বাদ দেওয়া হোক। রান করতে পারে না তাকে নেওয়া হয় কেন?,tamim,AGAINST
b48f4d44f7c41ac2,ওপেনাররা বাজে খেললে তামিমই বেশি খুশি হবে...বুঝায় যাচ্ছে তামিম নিজে সরে যাওয়ার আগেই সরিয়ে দেওয়ার সিদ্ধান্ত হয়েছিলো..,tamim,AGAINST
1ad5f4633ca4eec6,Baler tamim dol er amn somoi pashe nai... I hate this player,tamim,AGAINST
10814fd0901916a4,তামিমের বিকল্প নেই বুঝলাম। কিন্তু তামিম যখন অবসরে যাবে তখন কি হবে?,tamim,AGAINST
ab28267b19f8fc0a,এইবারের বিশ্বকাপে ও যদি তামিম ছাড়া বাংলাদেশের দল খেলতে যায় তাহলে এবারোও আগের বছরের মতো খারাপ অবস্থা হবে ।,tamim,AGAINST
2b3f68d8da57ff2d,"তামিম বাজে একটা প্লেয়ার, সে বাংলাদেশ দলকে ঝুঁকির মধ্যে ফেলেছে, সে জানে তার গুরুত্ব অনেক কিছু, তারপরেও সে না খালার সিদ্ধান্ত কেমন ভাবে নিতে পারে?",tamim,AGAINST
bd241802131bda55,তামিমের অবসর গ্রহন করা দরকার আমি চ্যালেঞ্জ করেছি তামিম আগামি ১০০ ম্যচ এও ১০০ করতে পারবে না দুই টেস্ট এ চার ইনিংস হইছে....,tamim,AGAINST
fd91443c5e05247d,তামিমকে সব দল থেকে বাদ দেওয়া উচিত কারণ এই শালাই দলে খেলতে চায় না এবং কি বিশ্বকাপেও খেলে না একে কেন মাঝে মাঝে তুলে নেওয়া হয়,tamim,AGAINST
fafc3d687a46c84b,কিছু আবাল মার্কা পাবলিকই তামিমকে খারাপ বলবে যারা খেলা বোঝেনা।,tamim,AGAINST
2f5a81bf910e184d,তামিম এইখানে দুর্নীতি করে না এটা আমার বিশ্বাস হয়না। সমস্যার ভিত্তিতে দুর্নীতি হয়েছে মানে গাড়ি তো তিনি কিনছে সেই দুর্নীতি ও তিনি করেছে,tamim,AGAINST
9370a51d4fbed03d,"বাস গুলি কিনতে মনে হয় টাকা লাগে নাই, আর যদিও লাগে টাকা দিয়েছে তামিমের বাপের পকেট থেকে। তাই তামিমের এত গুনো গান। সাংবাদিক কোনদিন গাড়িতে চরে নাই, কোন আক্কেলে বলে এই বাসে ভ্রমন আরামদায়ক।",tamim,AGAINST
5b5187d5e4c0aaaa,তামিমার মুখে সংবাদিক ভাই কামড় মারছে😃😃 কি যে লাল হয়ে গেছে 😂,tamim,AGAINST
509880d7b181c491,"এখনো তামিম ভুল করেছে, কোনো চিঠি ছাড়াই হাভাতের মতো গিয়ে স্বভাপতির চেয়ারে বসেছে। কোনো সমালোচনা তো করলেন না? তামিম একটা অবৈধ বোর্ড পরিচালক। আর আপনি সাংবাদিক ইতিহাসে কলংকিত সাংবাদিক, সেটাও মনে রাখবেন",tamim,AGAINST
0c9a1a9ed97e3e9f,আপনারা তামিম কে সমালোচনার কারনেই তামিম অভিমান করেছে আপনারা তামিম কে বাজে বাজে মন্তব্য করেছেন এবার সে খেলবে না এবার আপনারা ওপেনিং কইরেন বিশ্বকাপে,tamim,AGAINST
6ec3c687b3fd5d7c,Vai aponather sambabadik ra besi matamat korece tamim ke nie jemon tahmid.,tamim,AGAINST
fb315ebf5882ba84,"আমি দিক্কার জানাই তাদের,,,,,যারা সমালোচনা করেছিল যে, হঠাৎ তামিম বিশ্বকাপে কিভাবে খেলবে, কে বাদ পরবে..!! তামিম যেন অতি তুচ্ছ,,,, তামিম খেলবেনা তাতে আমি মনে কষ্ট পেলেও,,আমি তামিমের পক্ষে,,,,, He is best... ♥♥♥",tamim,AGAINST
edd80091b8b10ee4,আপনার সাংবাদিকরা ই সমালোচনা করে তামিমের টি টোয়িন্টি খেলা শেষ।,tamim,AGAINST
5a4ec92b55e081ac,"এই গেমটা অনেক আগে থেকেই চলছিলো, সেটা তামিম বুঝতে পেরেছে বিধায় লাইভে এসে কর্তাদেরকে পরিস্কার করে দিলেন যেন কর্তাদের মনের আশা পূর্ণ হয়,আর কর্তারা সেটাকে কি সুন্দর তামিমের অভিমানি কথার সাথে সাথে তাকে টি ২০ থেকে বাদ দিয়ে দিলো আর হলুদ মিডিয়া সেটাকে বাস্তবায়ন করার জন্য আরো উঠে পড়ে লেগেছে। কিভাবে তাকে দলে আনা যায় সেই চেষ্টা কারো মধ্যে নেই ক্রিকেটে বোর্ড টা একটা নাটকের মধ্যে দিয়ে যাচ্ছে।",tamim,AGAINST
3ef2eee0f7514983,"তামিমের বিশ্বকাপে থাকা নিয়ে যমুনা টেলিভিশন এত বাজে রিপোর্ট করেছিল, আমার মনে হয় তামিম সেটা মেনে নিতে পারেনি তাই তার এমন সিদ্ধান্ত, এখন যমুনা টেলিভিশন সুর পাল্টাচ্ছে।",tamim,AGAINST
780894c969bd8d17,"খেলা যারা কিছুই বুঝেন না তারাই চাইবে তামিম না খেলুক,, খেলা না বুঝা লোক গুলো বেশি সমালোচনা করে",tamim,AGAINST
78f31b33d01bdf63,"তামিমকে টি-টোয়েন্টি বিশ্বকাপে ওপেনিং দেখতে চাই, এবং সৌম্য সরকার লিটন দাসকে বাদ দিয়ে,, ইমরুল কায়েস কে দলে দেখতে চাই",tamim,AGAINST
4bf22344bb774280,কেন কিছুদিন আগে তো আপনারাই তামিম কেন খেলবে এটা নিয়ে নিউজ করছেন। কাজের নিউজ না করে আজে বাজে বিষয় নিয়ে নিউজ করলে টিআরপি বাড়বে তাইতো😨,tamim,AGAINST
272aa3be0e62078d,সৌম্য সরকারকে বাদ দিয়ে তামিমকে রাখা উচিত ছিল,tamim,AGAINST
eeb10b38e7436e57,"আমি মনে করি জে তামিম ছারা বাংলাদেশ কোব খারাপ করবে,,, তামিম কে দলে রাকা দরকা,দরকা,দরকা,,,,,",tamim,AGAINST
665b369d6a853375,Masrafi faltu kaj korse i hate masrafi .I love tamim,tamim,AGAINST
afa9ffe237d03e8f,আমরা বাঙালি ভুলে যাই এ তামিম ইকবালি এরম একটা সময় হয়েছে যে কোন অনেক ম্যাচ আছে সে রানকরতে পারেনা দুই তিন শূন্য শূন্য শূন্য করতে পারে না কিন্তু তার চাচা আকরামের সাপোর্টে সে দলে ছিল সেটা আমরা বাঙালি অল্পতেই ভুলে যাই আরে তা নিয়ে বলে এখন এত সিনার হয়েও তার আগ্রাসে উগ্র খারাপ আচরণ দিন দিন মানুষকে হতাশ করছে,tamim,AGAINST
7bb315577828376f,Tamim Jodi nurvas hoy ..junior Ra ki vabe sahos pabe khelbe ato alochona somalochona Hobe .desher cricketer Jonno...desher sangbadik Der ban kora hok.,tamim,AGAINST
49cd150406c8d099,"ফিরে আসুক তামিম 😢😢😢 আর জার্সি গায়ে তামিমকে মাঠে দেখবো না, এটা আমরা কেউ মানতে পারছি না। আমাদের ভুল অবশ্যই আছে, কিন্তু সত্যিই আমড়া এটা মানতে পারি না যে, কয়েকজনের কারণে পুরো বাংলাদেশকে এভাবে কাদাবে এভাবে আমাদের ছেড়ে চলে যাবে। ফিরে এসো তামিম 😢 সিধান্ত পরিবর্তন করুন",tamim,AGAINST
ec6055e9f55d1151,"Not only Tamim Ikbal, but also Towziddin Ahmad sir, Shoel Taz, Tarana Halim, Bir Uttam Rafique Sir and others, leaving salt water from eyes, have been bound to quit service. Generally, the percentage of honest government officers are very negligible in Bangladesh. These negligible honest officers can't apply honest experiences and policy by being afraid of grafters utterly corrupted officials and hence they are not getting promoted as they do not give bribes to the promotion-related selection committee. For this why, has Bangladesh been liberated from another cruel corrupted Pakistan? From Bangladesh.",tamim,AGAINST
0d43f365b4c13c80,আপনাদের কি উচিত না তামিম ইকবালকে অবসর ভেঙে খেলায় আসার জন্য কোনো কথা বলা? এই ধরনের কথা বলতে তো দেখলাম না? আপনারা মানে সাংবাদিক না সাংঘাতিকরা যত নষ্টের গোরা।,tamim,AGAINST
03e92408251f9ed7,Kotho tamim asa Japan korbe thate ato imotion dekanor ki ace?,tamim,AGAINST
da2f4a633ccb5d3b,"আমি জানি না কোন ভাষায় কিংবা শব্দে প্রকাশ করলে আমার মনোভাব সঠিকভাবে বুঝা যাবে| আমি কাউকে দোষ দিচ্ছি না কিংবা ছোট করছিনা,আমার শুধু কয়েকটি প্রশ্ন আমাদের পিএম এর কাছে, এক তামিমকে তো আপনি ফিরিয়ে আনলেন কিন্তু কত তামিম যে মনের কষ্ট , দুঃখ, হতাশা নিয়ে, একটা অনিশ্চিত দিশা নিয়ে দিনের পর দিন ক্রিকেট খেলে যাচ্ছে তার খবর কতটুকু রাখেন আমি যানি না? কালকের ঘটনার পর ড্রেসেংরুমের পরিবেশ কেমন হবে তা কি আপনি ভেবেছেন? কোচদের সাথে তার যে একটা দূরত্ব, সেটা যে আরো বেশি ঘোলাটে করে দিয়েছেন তা কি আপনি জানেন? সিলেকশন প্যানেলের সাথে তার যে বিচ্ছিরি রকমের অর্ন্তদ্বন্দ্ব তৈরি হবে তা কি আপনি ভেবেছেন?.......",tamim,AGAINST
d7385a30d770003e,বিশ্বকাপ শেষে তামিমের অবসর নেওয়া উচিত ছিল,tamim,AGAINST
ce7b0318205d0898,"এত কিছু দিয়ে কিছুই পেলেন নাহ। শেষমেশ সমালোচনা, কান্না আর কস্ট নিয়ে বিদায় নিতে হল। সমালোচকদের হিসাব করলে এখন থেকে বাংলাদেশ এশিয়া কাপ, ওয়ার্ল্ডকাপ সব জিতে যাবে। এতদিন তামিম ভাই ছিলো বলে পারে নাই।😒",tamim,AGAINST
3a2ea7d36d266377,ক্যাপ্টেন তামিমের সমালোচনা ঠিক কোন কারণে হচ্ছে বলে আপনি মনে করেন?,tamim,AGAINST
0f9eae286eac6c1a,আাজাইড়া কেপটেন তামিম! আপনি তামিমের চামচামি বাদ দেন!,tamim,AGAINST
286606c5fa18ddcc,"সাংবাদিক সাহেব, দালালকে দালাল বললে সমস্যাটা কোথায়???? সত্য কথা তিতা হয়। মানুষ বোঝে সব কিছু। এসব পেঁচালো প্রশ্ন করে সত্যকে এখন আর ঢেকে রাখা যাবে না। নাজমুল তামিমকে ""ভারতের দালাল"" বলেছে - এটাই তো সমস্যা? তাহলে এটার কারেকশন হচ্ছে ""ভারতের দালাল"" এই কথাটা থেকে ""ভারত"" শব্দটা কেটে দিলে, থাকলো শুধু ""দালাল""। তামিম হচ্ছে একজন দালাল। কারণ তামিম আজকে দালালি করতেছে না, আওয়ামীলীগের সময়েও সে দালালি করেছে ।",tamim,AGAINST
